{"type":"Topology","arcs":[[[102536,14855],[-14,-58],[-37,-82],[-11,8],[24,119],[38,13]],[[103421,16676],[0,-52],[-82,-111],[-26,-10],[-13,59],[68,104],[53,10]],[[102056,17308],[67,127],[29,29],[26,59]],[[102178,17523],[24,-21],[82,13],[65,-48],[17,-38],[4,-50]],[[102370,17379],[7,-33],[42,-10],[20,16],[28,-26],[-13,-76],[9,-27],[-22,-78],[-60,-146],[-50,97],[-14,58],[-32,20],[27,-136],[-10,-16],[31,-90],[8,-69],[-25,-35],[30,-34],[29,-57],[9,-63],[42,-96],[38,51],[15,121],[24,43],[18,-26],[1,-86],[-46,-158],[9,-78],[35,67],[8,-61],[24,-12],[-17,-91],[11,-58],[40,128],[16,-69],[44,-36],[27,4],[6,84],[-23,56],[29,26],[-34,93],[10,40],[44,-64],[5,53],[20,31],[-18,64],[46,91],[-30,46],[-1,102],[31,38],[21,138],[25,16],[-4,50],[12,57],[38,68],[18,4],[12,89],[35,56],[-1,50],[44,138],[30,46],[30,-7],[44,60],[27,0],[24,67],[21,2],[12,-52],[45,-20],[20,38],[28,-1],[19,51],[54,45],[-2,38],[38,115],[12,65],[18,26],[38,-8],[32,-75],[17,-71],[20,-4],[0,-59],[-78,-9],[-40,-64],[9,-23],[-35,-53],[20,-65],[-31,-93],[-77,-114],[-11,-126],[11,-49],[-40,-92],[0,-41],[-40,-33],[-25,-43],[-4,-76],[-39,-54],[-10,-81],[21,-30],[-43,-70],[29,-2],[-10,-113],[-24,-40],[-54,-40],[-30,-51],[6,-21],[73,39],[-54,-90],[25,-16],[32,-47],[26,41],[16,-65],[0,-47],[-17,-80],[-33,-113],[35,31],[20,88],[12,6],[2,-107],[-50,-68],[24,-52],[23,72],[36,-10],[9,-60],[53,123],[99,121],[43,26],[7,30],[46,30],[11,59],[50,163],[9,13],[9,175],[38,183],[15,129],[29,-9],[24,-61],[-3,-43],[58,-13],[-3,-73],[19,-32],[-11,-50],[12,-21],[-25,-75],[31,-49],[28,34],[12,-43],[-8,-58],[6,-88],[-30,-143],[18,-45],[33,14],[13,-33],[-4,-72],[-77,-88],[27,-58],[22,-22],[-51,-77],[-17,-50],[-25,-156],[1,-22],[-40,-83],[6,-30],[-76,-20],[33,-65],[-26,-20],[-26,-106],[6,-97],[-26,-30],[17,-43],[-37,-116],[-52,-45],[39,-49],[49,-2],[-9,-69],[-53,27],[29,-65],[-23,-102],[0,-175],[-28,-126],[-18,-48],[-10,-79],[12,-82],[-16,-74],[-35,-49],[-1,-37],[-35,-5],[-30,-30],[-16,-116],[-23,-59],[-8,-69],[-17,-35],[-39,-28],[-16,10],[-41,-30],[-52,16],[-5,30],[-46,112],[2,60],[-26,36],[-15,46],[-21,-74],[-25,-40],[-14,68],[-29,19],[-16,52],[-23,-92],[-37,-68],[-27,-66],[-23,-18],[-55,-112],[-38,-16],[-30,5],[-9,48],[-33,16],[-8,69],[-22,63],[-1,115],[39,87],[-25,80],[-39,20],[13,118],[23,49],[38,113],[-17,31],[33,57],[14,-23],[30,26],[33,55],[-18,17],[-26,-31],[-22,72],[-31,-59],[-28,15],[18,118],[-37,34],[52,107],[48,83],[-35,31],[52,83],[51,21],[-18,27],[-38,6],[23,96],[-32,32],[-12,89],[-36,-80],[-23,-91],[1,-54],[-26,-57],[-51,11],[-4,-62],[-28,-5],[-15,-111],[-31,-44],[-38,-6],[-32,-86],[-1,-39],[-46,-108],[-22,-3],[-16,-85],[-38,-85],[-48,-27],[1,-61],[-30,-31],[-41,-11],[-20,-65],[-48,-24],[-42,-7],[-38,55],[-68,-6],[16,54],[-12,61],[1,74],[22,86],[-18,42],[22,62],[9,70],[26,103],[29,49],[-5,20],[26,55],[3,39],[27,80],[13,76],[4,73],[19,42],[2,51],[28,69],[1,45],[39,14],[-25,73],[12,89],[-12,47],[40,1],[20,-29],[57,-10],[-23,72],[53,67],[-5,62],[-34,-67],[-4,71],[-15,26],[32,36],[101,68],[-88,28],[-27,21],[-27,46],[35,149],[-7,49],[18,141],[-16,97],[-26,7],[-17,41],[15,23],[-23,70],[18,46],[-30,24],[13,66],[-13,43],[-9,86],[-48,29],[15,86],[-30,53],[-22,-63],[-39,52],[18,56],[-22,59],[5,77]],[[102056,17308],[-19,-28],[-7,-66],[9,-50],[-40,13],[-30,28],[-25,82],[-39,16],[16,-70],[-16,-166],[-57,-165],[-16,-83],[-16,-4],[-13,-53],[-44,0],[18,-77],[-8,-55],[-44,-105],[-58,-208],[-55,-88],[11,-39],[50,-83],[-61,-107],[-25,80],[-18,-72],[-20,-35],[-13,-58],[-17,13],[-27,-59],[-35,-48],[-27,81],[17,39],[31,18],[8,53],[39,64],[92,324],[-9,41],[-30,-64],[-10,-62],[-41,-116],[-5,-32],[-36,-100],[-80,-134],[-64,-24],[-3,62],[-35,-65],[-49,-46],[-20,46],[-31,-36],[-29,123],[-14,-4],[-21,-67],[-26,-39],[-13,-57],[-37,-51],[-27,-93],[-42,-57],[-14,17],[-34,-108],[-26,-27],[-22,-66],[20,-12],[35,-60],[-7,-39],[-65,-59],[9,102],[-20,-17],[-12,55],[-36,-27],[-13,-58],[58,-16],[-2,-132],[24,-59],[-8,-38],[-30,-28],[-7,-53],[-63,-16],[-3,-84],[-25,37],[13,40],[-31,71],[-10,-35],[21,-27],[4,-72],[-16,-52],[-3,-70],[-46,-80],[11,-43],[-36,-36],[-26,-46],[-57,-12],[-40,-27],[-8,-46],[-49,9],[-68,-9],[-19,64],[19,81],[-54,-38],[-25,21],[-18,-49],[-18,44],[-77,-112],[-30,-3],[-41,-51],[-21,48],[-19,-32],[-76,4],[-30,-20],[-25,37],[-51,38],[-54,19],[-38,39],[-3,47],[-20,87],[17,46],[-1,61],[77,105],[37,88],[24,31],[53,10],[40,78],[36,-24],[35,11],[42,-41],[24,54],[83,28],[80,70],[25,-29],[19,50],[26,109],[31,9],[30,84],[29,-9],[23,45],[33,26],[12,70],[19,3],[-1,52],[31,243],[-10,32],[27,60],[62,73],[26,66],[31,38],[31,2],[48,49],[23,-10],[20,26],[32,-4],[19,27],[83,15],[6,53],[30,-17],[69,81],[23,11],[-13,75],[-17,33],[7,34],[33,43],[123,117],[5,50],[-71,-47],[-34,-34],[-58,-35],[-10,-26],[-126,-101],[-6,40],[-51,-46],[-67,-6]],[[100872,16495],[34,125],[33,16],[26,79],[82,49],[42,-10],[28,63],[5,73],[22,22],[-27,157],[0,188],[120,0],[5,132],[39,49],[-28,61],[-3,33],[17,50],[71,129],[-31,50],[10,44],[-10,42],[-40,1],[-14,76],[17,22]],[[101270,17946],[52,31],[29,65],[39,4],[26,52],[-35,48],[17,41],[45,9],[56,-26],[22,45],[79,-45],[9,37],[34,-4],[27,-76],[-2,-50],[24,-43],[-15,-29],[105,-169],[39,-12],[40,34],[31,-29],[34,-11],[84,49],[23,-63],[57,-41],[3,-99],[31,-58],[17,-53],[37,-30]],[[101939,17043],[-12,-65],[-24,5],[11,56],[25,4]],[[101386,15811],[-55,-134],[-12,10],[38,85],[29,39]],[[101181,15848],[-7,-43],[-42,-21],[22,66],[27,-2]],[[101695,16287],[23,-73],[-18,-41],[-27,22],[22,92]],[[101224,15601],[-42,-87],[-17,84],[8,18],[51,-15]],[[101942,16591],[-3,-59],[-39,-114],[-32,15],[52,96],[22,62]],[[101884,16920],[23,-34],[-1,-50],[-22,-14],[-38,-59],[16,140],[22,17]],[[101947,17213],[32,-34],[10,-45],[-8,-36],[-58,-19],[3,99],[21,35]],[[101975,15995],[-7,-41],[4,-66],[-44,-47],[-34,26],[2,42],[24,31],[10,68],[45,-13]],[[102054,16788],[-1,-39],[20,-84],[-29,-115],[13,-32],[-17,-52],[34,-96],[-21,-116],[-25,-3],[-2,50],[18,53],[-22,38],[-1,61],[11,30],[-11,45],[19,74],[-4,64],[20,30],[-15,37],[13,55]],[[102001,16742],[-6,-95],[6,-33],[-21,-98],[2,-39],[-21,-52],[-10,-95],[-21,-100],[-41,-115],[-10,-79],[-17,-62],[-20,-34],[-68,5],[-34,18],[1,51],[29,39],[2,29],[59,65],[1,17],[50,169],[25,48],[9,61],[36,27],[14,155],[21,51],[14,67]],[[100872,16495],[-8,66],[24,48],[20,76],[21,23],[18,57],[9,68],[28,39],[21,66],[17,14],[17,59],[-17,15],[-34,-80],[-10,-43],[-41,-77],[-6,-76],[-47,-74],[-32,-78],[-13,-134],[-32,-2],[-16,52],[9,114],[-19,6],[-47,-21],[-31,23],[-12,44],[-33,-34],[-23,2],[-46,65],[-41,-17],[-27,48],[40,78],[-21,30],[-38,2],[16,-46],[-32,-17],[-4,42],[-33,-13],[24,-90],[-60,-139],[21,-30],[33,48],[26,-10],[-1,-58],[-38,-41],[30,-34],[18,-56],[-25,-45],[23,-60],[-8,-89],[-24,4],[0,-59],[-43,-10],[-9,-19],[-96,-12],[-23,-66],[-8,-79],[-40,5],[26,52],[-26,91],[-20,5],[22,103],[15,34],[-32,92],[-36,-47],[15,-51],[-17,-34],[-63,32],[5,-78],[-77,-78],[13,67],[-21,55],[44,160],[-28,-27],[-28,-97],[-3,-115],[-18,-25],[-49,41],[-39,-16],[-21,27],[85,85],[-15,20],[24,59],[28,29],[-2,50],[-41,13],[-26,-67],[-18,-16],[-46,4],[-37,-23],[-12,-61],[-33,-27],[-70,-3],[-6,-34],[-32,-11],[-48,-45],[-48,48],[-11,95],[57,18],[149,67],[103,86],[50,63],[113,84],[62,78],[48,17],[-2,55],[-33,-46],[-21,-1],[-79,-89],[-89,-55],[-16,37],[-30,18],[-36,61],[9,64],[34,70],[76,79],[-12,70],[29,17],[-17,161],[9,49],[33,53],[6,33],[-21,44],[19,40],[46,38],[-22,39],[-19,-48],[-21,3],[-24,-41],[13,-64],[-21,-72],[-15,-7],[-16,-77],[13,-43],[-22,-55],[-58,-50],[-102,-20],[1,-47],[-46,-55],[-7,-56],[-79,-30],[6,62],[-17,43],[16,58],[-16,33],[-15,122],[-30,170],[-8,-60],[20,-77],[21,-151],[0,-34],[-38,-53],[11,-19],[6,-117],[-6,-52],[-79,-40],[3,-44],[-41,-5],[-49,-24],[-20,31],[11,38],[0,157],[-26,-25],[7,-86],[-6,-106],[-67,-66],[-137,23],[-20,22],[5,145],[15,50],[-36,11],[8,-61],[3,-141],[-21,-19],[-61,13],[-44,-14],[-37,20],[13,-86],[-56,-21],[-50,52],[-12,-14],[41,-62],[-21,-41],[-83,-66],[-15,40],[-28,-34],[-21,32],[-90,46],[-17,30],[-77,50],[-74,-53],[-46,-8],[-26,11],[-43,65],[30,13],[-8,99],[-30,12],[11,-64],[-42,-56],[-24,-10],[-34,23],[-21,-30],[-30,0],[-28,-25],[-19,9],[3,102],[35,115],[29,164],[-22,0],[-21,-40],[6,-50],[-26,-118],[-55,-62],[-34,29],[-60,-27],[-24,24],[-29,-17],[-77,22],[-22,-53],[-83,12],[-48,39],[-21,63],[-38,-5],[-1,-62],[-24,-28],[-54,20],[-25,42],[-42,25],[-25,40],[14,51],[-36,56],[-17,-111],[-38,-27],[-10,51],[-23,0],[-73,35],[-25,-54],[-32,72],[-27,-6],[-15,-43],[-41,10],[-43,-23],[-28,-41],[-18,41],[-30,-9],[-27,17],[-71,-70],[48,159],[16,111],[-25,38],[-26,-97],[-26,-11],[3,-98],[-30,-55],[-17,-64],[-25,-28],[-30,44],[-94,-6],[-47,-31],[-59,-71],[-46,32],[-18,-57],[-20,23],[-44,-25],[-74,-24],[-55,19],[-53,-4],[-23,-30],[-44,-1],[-13,-23],[-43,14],[-21,-34],[-36,-10],[-63,13],[-30,21],[-47,-56],[-11,58],[-39,11],[-15,-31],[-26,98],[-31,33],[-37,-21],[-8,121]],[[95916,16693],[32,109],[37,-12],[59,79],[25,20],[0,61],[55,36],[36,-4],[27,-33],[41,7],[29,72],[25,20],[-10,36],[18,38],[-2,35],[74,25],[5,22],[145,-41],[8,24],[-11,61],[25,38],[39,23],[14,38],[43,-3],[8,-46],[44,-27],[26,84],[138,59],[21,66],[-20,49],[38,5],[26,-53],[47,38],[28,59],[78,38],[-33,23],[10,79],[1,79],[-25,8],[-7,52],[70,61],[2,30],[32,11],[17,-47],[54,-29],[44,32],[36,-5],[-4,54],[18,47],[32,18],[0,54],[47,-3],[-8,102],[34,-33],[46,-1],[29,-34],[30,103],[-4,57],[59,-10]],[[97544,18264],[73,7],[43,-8],[42,38],[87,5],[35,65],[43,9],[16,57],[40,7],[28,41],[-3,97],[19,60],[19,22],[37,-24],[47,-54],[66,113],[50,18],[69,73],[-20,65],[67,63],[34,46],[33,-55],[-6,-44],[-75,-140],[-1,-61],[29,17],[65,98],[21,16],[23,-20],[-35,-45],[30,-91],[60,18],[106,15],[15,-33],[7,-90],[-15,-41],[29,-39],[37,4],[31,33],[22,47],[31,-9],[35,-48],[26,5],[81,97],[8,51],[51,-52],[61,68],[3,64],[59,114],[36,6],[-10,72],[13,43],[66,96],[14,47],[74,-7],[17,-23],[31,6],[44,-17],[15,-24],[58,-4],[41,-24],[24,34],[15,54],[43,-37],[61,30],[34,43],[52,1],[3,-41],[21,-60],[1,-53],[38,-3],[5,-73],[53,-22],[15,-29],[11,-134],[15,-13],[51,11],[17,-76],[-25,-30],[-8,-87],[24,-59],[-6,-35],[12,-106],[59,-16],[36,-49],[30,0],[35,73],[157,1],[0,87],[62,-43],[40,-4],[56,18],[37,33],[20,-1],[9,-68],[35,-22],[21,21],[21,-21],[17,41],[19,-35],[28,-6],[16,47],[26,4]],[[100646,18389],[20,-56],[16,-93],[39,78],[22,-30],[39,91],[13,63],[31,-53],[19,-61],[55,-15],[31,-70],[-16,-75],[67,-6],[3,29],[-16,69],[22,66],[81,-2],[36,-59],[-3,-145],[24,-14],[50,34],[23,-36],[0,-54],[16,-20],[-3,-58],[40,1],[15,-27]],[[98205,16588],[-14,-66],[-27,33],[41,33]],[[100559,16431],[-1,-49],[-17,-34],[-30,16],[4,52],[44,15]],[[99940,15684],[26,-121],[-49,4],[-3,30],[-80,5],[78,68],[28,14]],[[99967,17013],[2,-29],[-27,-37],[-25,-64],[-102,-39],[-20,37],[33,60],[44,23],[15,-9],[80,58]],[[99871,16807],[17,-33],[-17,-69],[2,-35],[41,-61],[1,-59],[-13,-34],[-70,40],[-29,-8],[-56,15],[-67,62],[-1,68],[70,24],[32,35],[46,-5],[44,60]],[[98151,19125],[-7,-48],[-69,-19],[-26,9],[-76,-25],[-27,-40],[-104,47],[-35,-69],[22,-65],[24,-2],[47,42],[24,-30],[-16,-44],[51,-7],[20,-37],[-23,-41],[-27,-90],[-43,-59],[-4,-39],[-42,-58],[-81,-51],[-36,13],[-58,62],[-24,4],[-38,-72],[-33,-42],[-24,-62],[-59,-45],[2,-37],[47,1],[8,-57]],[[95916,16693],[-8,99],[18,91],[-10,89],[-30,58],[5,127],[-42,56],[-12,65],[-38,48],[-6,29],[20,67],[96,66],[14,65],[34,53],[12,46],[67,93],[141,168],[92,77],[33,9],[17,51],[23,24],[20,67],[47,46],[15,41],[62,96],[15,43],[80,93],[60,100],[2,88],[16,33],[61,63],[64,47],[57,24],[94,80],[10,44],[-1,65],[-20,60],[-20,22],[-49,-53],[-35,29],[20,44],[-16,40],[-28,-23],[-30,32],[-70,4],[-48,27],[-42,4],[-18,-32],[-57,-40],[-19,4],[-166,-64],[-29,25],[-51,-8],[-10,30],[-76,-32],[-196,-139],[-20,11],[23,72],[19,25],[-5,55],[23,66],[21,13],[35,91],[80,104],[75,69],[34,18],[44,49],[60,92],[16,-27],[-69,-132],[-1,-80],[15,-32],[63,-45],[-14,-76],[27,-10],[31,51],[15,78],[35,-93],[42,-22],[81,-4],[68,229],[-23,39],[-13,80],[37,128],[5,54],[20,22],[20,71],[10,73],[25,28],[35,110],[21,44],[18,129],[21,54]],[[96858,20268],[65,10],[19,44],[27,-85],[62,-49],[23,-47],[60,18],[32,-30],[91,-48],[9,-74],[51,4],[28,-101],[-6,-53],[-65,-123],[-24,-62],[30,-128],[49,-41],[70,25],[121,-63],[17,-52],[-8,-35],[49,-4],[11,-32],[44,-64],[127,-68],[67,-14],[34,-53],[46,-13],[78,-68],[106,32],[56,-3],[24,34]],[[98882,22179],[27,-80],[21,10],[39,-17],[11,-129],[-22,-66],[-5,-109],[-13,-49],[-36,37],[-22,-67],[-17,-6],[-42,-137],[-45,-69],[-66,-18],[-18,-66],[-39,14],[-8,-28],[2,-177],[-10,-92],[7,-31],[31,-32],[74,-41],[81,-11],[67,13]],[[98899,21028],[8,-29],[79,8],[42,-23],[20,-40],[4,-51],[-44,-35],[-29,-69],[14,-62],[-37,-77],[-2,-46],[31,-41],[-13,-55],[-47,-74],[-41,-52],[-56,-87],[-24,-17],[0,-47],[-40,-59],[-64,13],[-20,-44],[2,-57],[-27,-29],[-23,19],[-66,-73],[-12,17],[-50,-44],[12,58],[-60,-6],[-6,71],[-35,22],[-64,-38],[-17,47],[-61,-88],[-42,-7],[-54,-52],[-16,-95],[3,-25],[-29,-91],[-6,-56],[4,-73],[-78,-50],[-20,-82],[12,-48],[42,-18],[14,-96],[20,-35],[-76,-47],[17,-30],[60,21],[26,-16],[-9,-50],[-29,-36],[39,-29]],[[96858,20268],[-9,73],[15,108],[36,30],[20,106],[34,100],[-9,43],[26,18],[2,45],[52,52],[14,-14],[5,-104],[-36,-115],[16,-27],[31,6],[89,43],[31,-23],[86,-7],[21,-68],[5,-49],[86,-126],[94,-43],[50,-5],[50,49],[-10,35],[-66,-35],[-111,51],[-13,68],[-55,70],[5,61],[-37,44],[5,51],[-11,53],[25,62],[59,-26],[16,-37],[25,-9],[32,25],[19,42],[51,-36],[27,-6],[10,43],[-43,4],[-35,63],[-56,-55],[-41,3],[-45,48],[3,55],[40,-1],[40,-18],[52,17],[7,49],[53,84],[-17,20],[-64,-70],[-55,3],[-120,74],[-46,-13],[-58,150],[12,107]],[[97165,21336],[64,8],[39,42],[7,-48],[37,-52],[39,11],[61,66],[35,-53],[25,-75],[104,-15],[59,34],[29,4],[5,49],[96,13],[-22,-73],[41,-2],[52,60],[78,-17],[44,18],[38,43],[57,47],[45,63],[27,18],[3,52],[-38,10],[4,55],[-42,13],[-39,-37],[-8,102],[25,54],[2,42],[-66,52],[0,35],[-30,29],[9,53],[-28,48],[-26,-12],[-10,64],[-30,14],[-31,44],[1,52],[50,38],[12,54],[-56,35],[-20,92],[52,-8],[39,31],[25,-5],[10,71],[-28,-14],[-4,67],[-58,2],[-5,33],[23,62],[42,-6],[25,26],[54,6],[40,-14],[13,62],[-12,66],[56,17],[28,109],[37,22],[11,70],[-55,130],[39,56],[50,53],[126,47],[77,63],[2,55],[-35,21],[42,82],[21,110],[-11,45],[27,59],[62,66],[11,34],[-19,39],[18,25],[29,-79],[39,-68],[-10,-44],[9,-73],[31,-59],[30,10],[8,-55],[41,-56],[29,10],[19,56],[29,38],[44,9],[52,-25],[22,43],[44,32]],[[98926,23587],[42,-28],[18,23],[30,-5],[35,-47],[-56,-97],[-29,-71],[-52,-73],[-9,-86],[-13,-50],[-3,-100],[28,58],[26,-19],[-23,-225],[-21,-27],[-7,-90],[-59,-80],[-13,-45],[-80,-54],[-18,-48],[41,-12],[60,16],[32,-47],[22,-95],[-19,-79],[-21,-150],[-34,-137],[14,-26],[30,103],[35,83]],[[98885,22676],[-18,-79],[-22,-45],[-30,-1],[-3,53],[25,-3],[48,75]],[[98899,21028],[26,43],[-20,32],[5,47],[54,8],[55,92],[21,8],[45,55],[9,-14],[103,111],[208,-90],[246,-97],[28,-25],[63,44],[13,-16],[22,89],[33,11],[142,100],[258,-161],[28,-12],[-18,-47],[9,-32],[-58,-114],[-37,0],[-22,-41],[-15,-66],[-19,-38],[-36,-16],[-10,-78],[23,-58],[-5,-41],[-21,-33],[49,-83],[44,56],[31,66],[8,111],[22,50],[57,53],[1,81],[28,-1],[17,58],[23,-29],[43,0],[53,82],[92,1],[47,-74],[31,16],[34,-15]],[[100609,21061],[-28,-43],[-26,-72],[-32,-43],[0,-51],[32,23],[25,-32],[-1,-56],[13,-50],[4,-86],[25,-14],[73,88],[-20,10],[-31,-40],[-27,76],[7,94],[36,62]],[[100659,20927],[46,-3],[-9,-49],[27,-9],[48,94],[31,14],[6,43],[138,-21],[80,-70],[364,-240],[16,-37],[64,21],[38,-41],[34,-111],[-19,-40],[64,-17],[68,-47],[23,-34],[68,36]],[[101746,20416],[31,-22],[38,-66],[50,-44],[-69,-43],[-64,-104],[-18,-41],[19,-39],[27,-12],[-3,-59],[-61,-48],[-50,-55],[-58,1],[-53,41],[-25,32],[-62,24],[-104,25],[-36,-26],[-19,-60],[-45,-55],[2,-64],[-40,-15],[53,-91],[-68,-80],[63,-80],[12,-39],[-11,-45],[-81,-9],[-31,-13],[-14,-45],[-27,-144],[-31,-66],[-55,-17],[-10,-151],[-66,-36],[-24,-66],[-40,-56],[-52,-119],[-25,-19],[-38,12],[-22,-31],[3,-55],[-20,-38],[-55,-58],[-27,10],[-19,-91],[25,-70]],[[101746,20416],[-6,90],[-39,98],[-16,59],[9,46],[-38,46],[35,102],[29,38],[26,8],[33,50],[31,-53],[10,-45],[33,-23],[37,33],[51,-32],[63,23],[36,30],[28,-18],[59,10],[29,-20],[66,5],[41,15],[16,75],[22,36],[47,40],[15,59],[58,18],[1,71],[36,32],[40,-46],[39,-21],[66,70],[55,-56],[38,46]],[[102696,21202],[27,-2],[19,-58],[23,-7],[-14,-63],[-31,-20],[-5,-48],[-46,-44],[8,-112],[-21,-6],[-9,-50],[-45,-38],[14,-79],[1,-102],[-14,-32],[-54,-19],[-41,5],[-50,-17],[-40,7],[-27,-14],[-58,2],[-18,-31],[109,0],[-15,-71],[-56,-13],[-33,-28],[-35,2],[-18,41],[-24,-48],[37,-15],[25,-37],[57,-27],[2,-26],[-56,-53],[-104,-7],[-34,-35],[21,-54],[-7,-30],[-46,-41],[31,-35],[-69,-38],[-51,4],[-8,-23],[-44,-19],[-32,21],[-29,-51],[-11,-43],[-25,-20],[-9,-43],[18,-26],[27,10],[24,51],[41,32],[55,18],[25,38],[47,7],[24,-14],[-30,-98],[52,-17],[-6,35],[-28,30],[43,95],[37,44],[38,-2],[33,-29],[17,18],[50,-56],[-16,-33],[-42,-23],[-45,-45],[9,-37],[29,-22],[-39,-52],[-32,-19],[-35,40],[-82,-12],[7,-29],[46,15],[40,-57],[-9,-45],[-43,0],[-21,-21],[-14,-51],[35,-11],[19,36],[34,16],[-15,-64],[46,-30],[25,-42],[45,16],[-12,49],[-28,-21],[-65,28],[28,75],[42,46],[21,59],[21,-5],[-17,-62],[48,-21],[50,50],[46,-12],[-8,-62],[43,-26],[-40,-55],[12,-37],[41,27],[78,98],[30,-7],[0,-53],[-40,-34],[-5,-33],[-44,-32],[-36,6],[-51,-53],[-43,12],[-10,-60],[-45,-44],[-54,-8],[-14,13],[-38,-29],[-23,-66],[17,-23],[20,52],[23,21],[27,-34],[29,22],[23,-33],[15,47],[87,-28],[2,-27],[-50,-5],[-2,-55],[40,36],[-6,-93],[-42,-36],[-113,-44],[-41,-49],[-7,-35],[-70,-46],[-23,-65],[-47,-11],[-25,9],[-29,39],[-53,-94],[-46,-29],[41,-56],[6,-47],[41,105],[41,57],[46,-29],[35,2],[28,26],[39,62],[127,136],[34,-21],[-35,-90],[4,-26],[-63,-101],[24,-69],[32,18],[-18,69],[42,23],[7,51],[40,64],[4,73],[55,67],[35,73],[62,49],[25,-23],[-28,-35],[24,-29],[-4,-59],[-42,-64],[-31,-67],[-31,-17],[-7,-44],[59,51],[29,53],[19,-27],[45,142],[35,14],[-28,-80],[21,-60],[-8,-51],[21,-7],[5,54],[42,12],[8,85],[20,75],[19,15],[23,77],[-17,17],[-2,49],[38,103],[20,16],[44,-17],[54,15],[39,-53],[17,-109],[19,-1],[6,-72],[37,-16],[15,39],[11,74],[31,28],[3,34],[36,30],[-5,49],[15,39],[38,11],[30,57],[-7,42],[30,42],[30,-58],[19,20],[27,-49],[-18,-38],[29,-22],[22,-54],[-5,-80],[-20,-18],[22,-76],[-41,-30],[-14,-75],[-26,-86],[13,-52],[-13,-52],[-36,-86],[-43,-47],[-25,11],[-12,-41],[-28,-9],[0,-50],[-20,-34],[-68,45],[-2,37],[-47,0],[-21,35],[-49,-77],[-18,-135],[-15,-45],[17,-43],[-23,-37],[-23,26],[-50,-25],[-5,-21],[-49,-66],[-55,-29],[-42,-90],[-58,-62],[-30,2],[-14,-24],[-34,-7],[-42,78],[-66,19],[-49,-37],[-32,41],[-10,35],[-37,20],[-32,35],[-28,-16],[10,-63],[-11,-44],[7,-90],[33,-76],[4,-49],[-16,-42],[1,-44],[75,-10],[17,-21],[52,23],[63,-7],[78,7],[25,-47],[-29,-47],[-75,-54],[-47,-5],[-31,-22],[-85,20],[-24,35],[-18,-23],[19,-45],[84,-15],[44,-27],[73,50],[35,2],[57,42],[39,51],[7,-111],[-34,-144],[-19,-9],[-7,-75],[-23,-55],[-33,-1],[-71,-29],[-20,30]],[[102477,19747],[-19,-52],[-31,25],[50,27]],[[102755,18286],[-11,-69],[-33,11],[44,58]],[[102496,20266],[-29,-44],[-17,43],[46,1]],[[102448,20325],[-38,-11],[-38,-37],[-29,44],[45,35],[60,-31]],[[102513,19369],[-43,-76],[-43,-25],[0,55],[29,2],[57,44]],[[102503,20123],[-41,-91],[-26,-20],[-35,26],[90,82],[12,3]],[[102532,19917],[5,-71],[-52,-42],[-42,20],[15,48],[74,45]],[[102573,20073],[-34,-71],[-21,-7],[-43,-82],[-13,38],[-27,17],[89,104],[49,1]],[[102702,18191],[1,-48],[-29,-12],[28,-104],[-31,-20],[6,-112],[-81,-40],[-62,12],[-25,48],[-79,-19],[-49,14],[-67,-19],[-44,56],[-11,91],[-19,48],[-30,37],[0,101],[40,-7],[25,-34],[16,-59],[29,-29],[82,43],[32,-9],[4,-47],[32,-35],[36,-1],[75,57],[46,48],[21,-5],[23,63],[31,-18]],[[98882,22179],[39,133],[38,101],[75,140],[-2,34],[32,61],[9,61],[46,65],[16,41],[23,11],[83,129],[27,-21],[33,68],[35,-14],[-12,66],[10,67],[56,98],[19,94],[29,36],[65,128],[31,90],[49,46],[29,54],[57,-94],[-14,-48],[37,-49],[8,-55],[-41,-31],[8,-50],[-40,-163],[-21,-39],[-16,-74],[30,6],[25,109],[25,15],[20,61],[46,20],[37,50],[9,-84],[-25,-50],[44,3],[23,78],[-5,26],[63,35],[59,-60],[20,-59],[-1,-56],[46,-77],[31,16],[38,-100],[12,41],[26,-11],[32,52],[7,62],[104,-16],[51,54],[42,58],[24,-36],[38,-90],[-13,-57],[-28,-61],[-59,-11],[-20,-47],[-53,-68],[-32,-14],[-48,-100],[-31,26],[-12,-45],[-65,-38],[-34,-32],[-47,-17],[-60,-101],[-31,-29],[-26,7],[-24,-41],[-53,44],[16,-72],[-31,-37],[-58,-17],[18,-78],[-39,-42],[-11,-36],[-50,-59],[-26,-47],[17,-55],[23,65],[79,134],[42,51],[53,33],[49,-62],[40,63],[63,-15],[10,-45],[-45,-54],[8,-34],[-48,-65],[22,-39],[33,-23],[22,66],[35,-3],[10,-30],[-23,-95],[-41,-10],[-22,-29],[-23,16],[-10,-47],[-38,-58],[-56,-16],[-19,-26],[-50,-26],[-21,-66],[-60,-139],[60,13],[13,42],[22,17],[56,119],[24,-4],[30,25],[24,-11],[13,51],[42,-34],[39,22],[9,46],[50,-40],[55,-122],[-25,-39],[46,-17],[36,43],[25,-19],[-38,-46],[31,-57],[16,-70],[52,80],[26,89],[21,13],[30,69],[28,2],[-6,-50],[-32,-144],[1,-92],[22,-16],[9,105],[18,56],[36,15],[-1,40],[38,-16],[13,102],[28,36],[54,1],[23,-61],[-40,-46],[-1,-82],[71,90],[20,-45],[-33,-42],[-56,-133],[-7,-43],[23,-38],[31,43],[6,71],[55,6],[9,-90],[-55,-62],[14,-60],[27,13],[11,56],[25,-7],[31,99],[1,59],[-35,125],[11,44],[-21,36],[6,37],[-23,35],[-8,76],[44,33],[57,-16],[-22,-75],[33,0],[-8,53],[46,40],[37,-1],[-13,-64],[21,-2],[25,-96],[-16,-35],[1,-59],[-31,-49],[7,-28],[-44,-129],[-29,56],[-2,-93],[-20,-63],[12,-65],[-12,-50],[13,-94],[-8,-34],[-44,-62],[-32,-26]],[[100659,20927],[-34,-29],[-18,8],[0,57],[18,56],[37,-4],[51,80],[18,8],[24,52],[35,13],[62,62],[28,-7],[11,32],[-9,94],[-28,59],[16,41],[36,-94],[21,-11],[33,-127],[-58,-127],[25,-34],[8,61],[45,57],[14,87],[25,35],[33,-22],[8,-60],[43,42],[-2,43],[22,79],[-35,9],[-14,44],[20,72],[37,72],[8,-50],[-7,-100],[11,-86],[-2,-68],[35,-37],[30,36],[-6,90],[11,64],[37,-6],[4,-59],[24,8],[-3,76],[56,36],[30,64],[4,85],[46,96],[56,149],[19,18],[11,51],[37,9],[22,36],[51,-29],[-13,-44],[-23,-11],[-26,-53],[-6,-67],[-38,-94],[12,-18],[39,70],[42,14],[-8,-73],[16,-38],[-6,-65],[-32,-55],[7,-116],[11,-47],[1,-121],[32,66],[45,42],[-18,29],[-4,54],[12,91],[54,91],[72,52],[4,-91],[32,-22],[42,-3],[-8,-72],[10,-16],[39,119],[43,-78],[10,113],[-6,24],[30,63],[37,23],[41,-10],[7,45],[68,-19],[16,-28],[-48,-57],[10,-20],[74,68],[30,-9],[65,-54],[35,-64],[92,-36],[50,-33],[81,-79],[-28,-31],[7,-61],[82,-28],[23,-34],[37,-20],[6,-36],[41,-17]],[[101021,21417],[-35,-36],[-4,53],[39,-17]],[[100929,21939],[-24,-77],[-13,35],[37,42]],[[101017,21991],[-14,-69],[-20,23],[18,51],[16,-5]],[[100833,21575],[15,-36],[-15,-49],[-19,-2],[2,73],[17,14]],[[101194,21747],[-29,-56],[-15,53],[44,3]],[[100959,21706],[-15,-101],[-22,21],[3,72],[34,8]],[[100058,22279],[-21,-96],[-25,34],[6,43],[40,19]],[[101225,22348],[17,-109],[-37,47],[-8,38],[28,24]],[[100884,21893],[12,-27],[-27,-42],[-26,20],[2,64],[39,-15]],[[101231,21589],[17,-78],[-56,27],[0,51],[39,0]],[[101451,21906],[3,-24],[-41,-102],[-26,-9],[34,107],[30,28]],[[100114,23866],[23,-29],[15,-59],[-68,2],[-45,42],[35,50],[40,-6]],[[100051,22078],[18,-120],[-29,-49],[-56,23],[57,86],[10,60]],[[101701,22311],[9,-54],[-5,-56],[-24,-84],[21,-75],[-38,-13],[4,47],[-21,62],[36,92],[-11,77],[29,4]],[[100318,21943],[-5,-39],[-101,-68],[-7,-26],[-60,-23],[34,64],[20,14],[0,64],[18,19],[29,-14],[72,9]],[[100771,21422],[28,-57],[10,-75],[-32,-74],[-32,-38],[-15,11],[11,76],[-9,51],[18,15],[21,91]],[[101310,22313],[12,-27],[-21,-73],[26,-27],[-7,-63],[-73,36],[-2,79],[10,71],[27,-20],[28,24]],[[100292,22104],[-3,-26],[-44,-31],[-46,-4],[-84,-30],[10,57],[-5,60],[21,40],[40,25],[1,-79],[72,-44],[38,32]],[[100166,21999],[9,-68],[14,-34],[-63,-73],[-15,-32],[-26,104],[17,105],[64,-2]],[[101348,21812],[18,-37],[3,-61],[-36,-2],[1,-100],[-12,-46],[-24,-21],[-43,21],[-16,97],[35,66],[43,13],[4,63],[27,7]],[[101500,22243],[-7,-66],[19,-26],[-30,-63],[15,-34],[-41,-62],[-53,-48],[-71,-5],[-13,-27],[-49,-8],[5,-64],[-18,-59],[-27,29],[-25,-19],[-62,-17],[-41,12],[45,88],[-28,94],[-42,93],[14,39],[40,-34],[32,-6],[40,54],[-3,-134],[41,-43],[97,120],[9,98],[40,42],[22,-20],[23,32],[68,34]],[[102026,22509],[50,-128],[23,-82],[41,-1],[10,-56],[-84,-15],[-6,-32],[-48,0],[7,-48],[-71,-16],[-28,-31],[-42,7],[-11,-42],[-33,-11],[-27,-51],[-35,39],[15,36],[-16,34],[16,63],[-14,144],[53,0],[-25,51],[57,104],[22,-32],[31,-1],[46,76],[55,6],[14,-14]],[[97165,21336],[22,122],[-11,69],[19,78],[32,54],[25,65],[43,57],[50,88],[47,52],[36,62],[48,12],[63,-73],[16,-81],[75,25],[16,-51],[49,-73],[31,-1],[26,-39],[22,17],[-13,60],[-50,15],[-34,50],[-35,115],[-17,-55],[-31,-30],[-8,46],[-79,191],[-9,153],[-7,22],[18,97],[8,79],[28,51],[10,70],[47,58],[-1,54],[15,36],[-9,42],[42,27],[10,46],[31,-47],[11,-94],[92,21],[7,58],[-81,41],[16,33],[-61,25],[-19,52],[48,56],[6,53],[29,48],[-19,41],[45,123],[27,96],[14,75],[35,95],[26,113],[47,72],[-8,45],[8,67],[20,48],[34,149],[3,38],[32,142],[-9,42],[23,97],[50,165],[4,58],[77,135],[24,22],[-10,112],[25,73],[64,55],[18,-29],[65,-29],[53,-11],[32,21],[22,82],[-60,-13],[-69,-54],[-24,34],[8,80],[-32,-25],[-6,88],[-55,75],[-40,-15],[-7,51],[62,58],[11,-27],[33,-5],[40,35],[43,-2],[24,24],[-4,44],[60,-16],[17,39],[52,32],[43,58],[5,41],[32,68],[54,84],[13,83],[-6,46],[31,31],[-36,25],[-5,70],[-13,46],[-31,0],[4,57],[-13,84],[44,-3],[-2,-43],[25,-55],[18,0],[52,44],[19,51],[-2,40],[-57,5],[86,91],[23,47],[-3,57],[25,44],[44,17],[27,49],[-24,124],[38,85],[-26,61],[20,46],[40,31],[-7,35],[28,38],[19,53],[-6,27],[70,84],[125,108],[38,10],[33,45],[27,12],[38,-19],[109,126],[83,56],[87,102],[49,33],[58,19],[39,31],[67,78],[34,74],[73,50],[24,36],[50,-77],[-20,-24],[0,-54],[-20,-67],[32,-75],[-29,-26],[2,-41],[47,10],[60,-26],[81,18],[25,-34],[34,-7],[8,52],[-35,-3],[1,70],[-33,35],[-30,67],[52,-4],[14,57],[52,34],[28,-56],[-1,-33],[51,20],[27,54],[45,18],[72,4],[25,-48],[25,-12],[-4,-81],[-23,12],[-10,-54],[4,-117],[-34,39],[-48,-39],[66,-56],[-3,-94],[-26,-153],[-42,-39],[-32,68],[-27,-17],[22,-56],[2,-57],[-29,-25],[-32,-77],[-42,3],[-33,31],[-85,16],[-8,48],[-66,14],[-75,-28],[-8,-22],[-61,42],[-24,-33],[-28,4],[-29,35],[-12,57],[-28,-28],[-38,22],[-36,-131],[59,-54],[30,-15],[-2,-83],[-30,-22],[35,-46],[-27,-30],[16,-75],[33,-39],[-11,-38],[48,-67],[12,33],[-12,51],[15,54],[25,-22],[54,75],[40,14],[31,-40],[54,9],[14,-27],[42,-15],[18,-48],[-49,-58],[35,-36],[11,-65],[-25,-67],[15,-39],[-67,-140],[-3,-34],[-31,-26],[-6,-83],[-30,-45],[34,-18],[-9,-114],[-22,-1],[-29,64],[-17,-66],[-2,-51],[42,14],[-31,-70],[-37,35],[-23,-58],[-41,-34],[1,-27],[-37,-139],[-46,-53],[7,-51],[-48,-52],[-21,-64],[-22,5],[6,151],[-30,-104],[-25,47],[-2,49],[21,158],[-6,43],[22,84],[-5,77],[-38,-24],[-38,-61],[21,-42],[19,-168],[-26,-75],[7,-49],[-14,-55],[10,-128],[45,-14],[30,-32],[-24,-105],[-45,-35],[-23,-34],[-40,4],[-3,-95],[-22,-6],[5,-95],[-25,-64],[-49,13],[4,-42],[26,-26],[-42,-54],[-20,-93],[-42,-71],[-38,-46],[-14,-82],[-26,-18],[-16,39],[-39,5],[52,-107],[1,-46],[-43,-94],[-1,-50],[-33,-70],[-26,-114],[-108,-247],[-18,-6],[-41,32],[-33,3],[-23,-32],[-38,14]],[[100474,27811],[-4,-52],[20,-57],[-40,-39],[-12,54],[36,94]],[[98378,25576],[13,-35],[-7,-41],[-52,-52],[-31,58],[30,67],[47,3]],[[100327,25980],[17,-72],[-51,-73],[-8,-37],[16,-85],[-31,15],[-36,41],[-10,147],[27,3],[41,51],[35,10]],[[100646,28857],[3,-29],[-18,-79],[-21,-36],[-17,-111],[-34,-64],[-1,-36],[-36,-36],[-15,28],[-31,2],[-8,53],[12,52],[23,33],[11,81],[36,-4],[52,85],[17,44],[27,17]],[[100417,25460],[20,-37],[-42,-67],[8,-47],[-31,-8],[-15,-82],[-40,-26],[-20,-36],[-34,56],[-35,-10],[-32,34],[29,60],[-9,104],[46,12],[-6,-53],[87,50],[4,35],[55,26],[15,-11]],[[94030,40356],[20,15]],[[94050,40371],[1,0],[1,2],[-22,-17]],[[93965,39971],[-29,-52],[-17,30],[46,22]],[[99908,33529],[7,-70],[-36,10],[29,60]],[[94234,39941],[-10,-47],[-48,21],[-1,27],[59,-1]],[[93732,40010],[14,-39],[-25,-23],[-31,23],[42,39]],[[94209,40451],[0,-66],[-35,14],[4,56],[31,-4]],[[98729,33989],[-8,-39],[-68,2],[-2,22],[78,15]],[[99341,33922],[-20,-102],[-27,-8],[28,100],[19,10]],[[99405,33799],[-36,-43],[-21,47],[26,15],[31,-19]],[[98616,34006],[-36,-33],[-34,5],[-4,40],[74,-12]],[[93582,40030],[-17,-65],[-72,9],[11,38],[31,-8],[47,26]],[[99224,33460],[-20,-50],[-31,28],[-5,40],[56,-18]],[[99907,30348],[-9,-41],[-55,-25],[-29,46],[12,32],[81,-12]],[[93896,39896],[-1,-40],[-81,6],[-13,32],[31,31],[64,-29]],[[100285,29570],[2,-33],[-24,-36],[-43,-9],[-14,71],[29,25],[50,-18]],[[99715,33022],[-8,-25],[-96,29],[-33,34],[11,33],[31,0],[31,-28],[20,-45],[44,2]],[[100102,33055],[7,-77],[-37,-13],[-82,76],[27,44],[61,-33],[24,3]],[[100135,30411],[5,-82],[-47,16],[-30,34],[12,48],[60,-16]],[[94106,40039],[15,-69],[-36,-39],[-41,-69],[-45,11],[-12,41],[30,12],[89,113]],[[100052,30353],[15,-59],[-58,-11],[-16,39],[-41,-14],[-25,45],[40,45],[50,-37],[35,-8]],[[100031,30955],[-18,-86],[-24,-29],[-31,47],[-40,39],[8,59],[48,-2],[57,-28]],[[100054,31647],[17,-52],[-29,-117],[-41,9],[5,50],[-33,33],[-2,52],[83,25]],[[98565,33552],[-37,-52],[7,-37],[-22,-47],[-43,-1],[-44,24],[1,36],[46,101],[92,-24]],[[98833,33838],[-64,-102],[-41,-15],[-29,-30],[-77,57],[19,22],[-29,39],[14,57],[36,13],[69,-42],[48,20],[54,-19]],[[93998,39814],[-19,-77],[67,-41],[3,-59],[-30,-16],[-46,38],[-30,-2],[-34,-41],[-15,62],[-38,16],[0,127],[92,-16],[24,-24],[26,33]],[[100053,31866],[39,-49],[-12,-124],[-57,-32],[-59,-17],[-16,16],[-19,76],[32,111],[34,-6],[33,40],[25,-15]],[[94219,39792],[-13,-62],[21,-19],[39,62],[30,-36],[-78,-111],[-41,-27],[-99,-3],[4,102],[-12,67],[5,38],[46,42],[98,-53]],[[100069,32935],[-19,-42],[-38,-29],[25,-79],[36,-29],[-10,-36],[-48,40],[-19,-26],[-51,35],[-24,-7],[-53,42],[-28,0],[-21,31],[-3,96],[44,36],[42,-9],[24,24],[75,-55],[68,8]],[[93683,40128],[263,173]],[[93946,40301],[39,-47],[-50,-162],[8,-62],[-69,-19],[-59,20],[-37,28],[-82,39],[-13,30]],[[92938,41056],[11,-26]],[[92949,41030],[-35,-65]],[[92914,40965],[-48,-33]],[[92866,40932],[1,-117]],[[92867,40815],[-43,-68],[-41,11],[-38,51],[-40,14],[-45,-12]],[[92660,40811],[-31,4]],[[92629,40815],[-2,0],[-2,0],[-2,0]],[[92623,40815],[-72,10],[-1,74],[15,117],[87,160]],[[92652,41176],[20,-42],[33,39],[50,-19],[23,-32],[29,35]],[[92807,41157],[49,-50],[82,-11],[0,-40]],[[94088,39556],[-158,-92],[-70,-116],[-107,-519],[-71,-220],[-213,-478],[-103,-153],[-68,-20],[-71,-177],[17,-89],[-194,-150],[-77,29],[-50,-94],[-484,-257],[43,-255],[398,195],[490,141],[28,-104],[3,-339],[-11,-28],[212,-102],[312,-339],[-18,-617],[124,-193],[380,54],[190,-89],[86,-36],[58,-8],[-52,-203],[43,-15],[69,-7],[63,20],[62,32],[332,-237],[26,-83],[24,9],[-64,-694],[-171,-125],[-57,-37],[-18,-59],[10,-59],[-54,-23],[15,-42],[177,-144],[32,-37]],[[95171,33796],[-54,13],[-46,-62],[-94,-26],[43,-47],[17,-56],[-31,-70],[-29,-29],[-3,-68],[12,-31],[-35,-76],[11,-74],[44,-76],[-7,-36],[-56,-50],[-4,-49],[36,-70],[58,13],[30,-167],[-55,48],[-68,19],[-44,-56],[-58,-32],[-23,-38],[-65,-72],[-33,18],[-31,-61],[1,-76],[58,-12],[51,24],[69,48],[18,-8],[0,-86],[46,-5],[99,9],[49,67],[-5,31],[28,55],[32,31],[28,56],[8,47],[39,48],[-4,50],[30,44],[28,-2],[18,-50],[47,6],[21,44],[-87,29],[-13,28],[-44,7],[8,37],[83,43],[58,-78],[36,-12],[43,30],[16,32],[65,-32],[74,17],[35,52],[32,14],[49,54]],[[95702,33203],[78,-78],[665,529],[36,113],[38,298],[34,-7],[65,14],[55,47],[63,18],[575,378],[876,-54],[57,81]],[[98244,34542],[43,-144],[89,-129],[35,9],[51,-42],[-39,-17],[-29,20],[-31,-78],[20,-103],[81,-116],[61,-16],[-6,-64],[-48,-51],[-26,-89],[28,-12],[14,-40],[-80,-72],[-50,-15],[-35,-59],[-53,-27],[-28,-37],[-86,-44],[-36,-42],[20,-44],[-2,-62],[91,14],[26,-89],[-23,-60],[42,-81],[-15,-175],[-61,-37],[-10,-48],[103,52],[-11,55],[75,104],[23,-3],[76,95],[33,74],[-54,7],[33,61],[-14,59],[7,56],[30,1],[59,31],[-5,87],[79,97],[1,37],[45,46],[54,3],[27,-45],[35,-14],[28,74],[25,14],[36,-24],[27,-43],[50,47],[26,64],[28,-35],[15,-59],[40,-52],[17,39],[-15,62],[29,49],[49,-31],[18,52],[33,-8],[49,38],[48,-22],[21,-65],[-15,-84],[-86,-3],[-48,-46],[-38,-2],[-2,-48],[-89,-14],[-57,42],[-24,-28],[112,-48],[14,-36],[49,-9],[54,-44],[7,-28],[146,-20],[32,43],[58,-3],[57,-75],[-19,-32],[59,-52],[45,1],[-1,35],[26,41],[25,-15],[10,-44],[48,-14],[30,15],[46,-27],[27,13],[46,-152],[-31,-63],[-50,31],[2,59],[-17,32],[-25,-27],[-37,5],[-28,43],[-49,25],[-74,-2],[-32,-16],[11,-39],[58,-13],[60,-94],[50,-9],[63,-60],[37,-11],[13,-48],[-4,-72],[40,-28],[37,-48],[-61,-37],[16,-39],[69,64],[96,-72],[2,-93],[38,20],[33,-28],[-39,-39],[-52,-19],[-7,-39],[47,-5],[40,-69],[-21,-61],[14,-55],[34,-15],[2,112],[31,-9],[17,-34],[-5,-75],[-41,-13],[-14,-25],[-6,-91],[46,12],[-12,-65],[23,-61],[-55,-77],[-39,-32],[-41,-15],[-24,-98],[-33,-56],[3,-25],[-50,-37],[-52,-5],[-59,52],[1,-53],[-17,-49],[58,17],[28,-29],[47,19],[5,30],[58,2],[43,-59],[-27,-14],[-34,34],[-37,-35],[73,-54],[-24,-50],[51,-50],[23,-60],[-9,-51],[40,-15],[-8,-137],[-31,11],[-29,-18],[-32,31],[-27,-68],[-45,16],[-37,-26],[8,-60],[62,8],[-16,-37],[-50,23],[-38,-38],[-31,55],[-40,22],[-23,-10],[-44,24],[-51,46],[0,-51],[61,-42],[3,-60],[62,4],[34,-66],[57,-78],[22,-74],[41,-38],[43,45],[62,-29],[19,24],[57,0],[25,-47],[-13,-37],[16,-51],[-2,-108],[-46,-25],[-43,26],[-22,-28],[-25,34],[-30,4],[-54,50],[1,38],[-31,14],[-41,-23],[-61,50],[-5,-33],[54,-43],[44,-13],[18,-32],[-8,-40],[-103,-43],[43,-35],[15,38],[47,24],[12,48],[44,-5],[60,-39],[2,-71],[-25,-40],[-79,40],[-31,-4],[-29,-44],[-47,12],[-19,36],[-48,-20],[-97,-65],[-78,3],[13,-29],[56,14],[51,-14],[22,40],[26,-1],[35,-31],[45,18],[68,-94],[25,-10],[40,24],[49,-17],[11,20],[54,6],[28,-53],[38,11],[91,-137],[29,22],[55,-37],[-23,-59],[22,-38],[-16,-43],[17,-40],[-5,-62],[-41,-26],[-11,36],[-58,-1],[-20,55],[-18,-13],[-42,16],[6,-60],[-64,-22],[90,-22],[-5,-24],[-56,5],[-67,43],[-31,0],[-44,53],[-77,43],[-48,43],[-152,84],[-8,-30],[49,-16],[33,-46],[61,-13],[65,-39],[56,-50],[-25,-46],[59,-6],[35,-43],[35,-18],[40,0],[9,-39],[45,-52],[50,-20],[-15,-109],[44,16],[16,-47],[51,-4],[47,-45],[-23,-57],[-53,12],[-76,-10],[8,-41],[67,-34],[-26,-38],[-1,-71],[25,-11],[-9,-46],[7,-49],[-11,-37],[-29,10],[-59,-8],[14,-45],[-11,-71],[-29,-52],[-39,7],[-21,-44],[-46,5],[-24,-22],[-28,52],[-27,17],[-20,-22],[88,-112],[3,-63],[-34,-62],[-71,-86],[-22,-5],[-79,-96],[-14,-36],[-39,-11],[-71,-115],[-25,3],[2,-56],[-40,-36],[-27,4],[-34,-27],[-62,17],[9,-72],[-81,-58],[-43,0],[-21,-51],[-49,-75],[-57,-32],[-22,-46],[-53,-47],[-105,-24],[-16,-42],[14,-47],[-16,-72],[-56,-57],[-13,-56],[-22,-31],[-44,-5],[14,-99],[-46,-70],[-14,39],[-56,7],[-18,39],[-27,-47],[13,-94],[-14,-40],[-50,-23],[-61,-9],[-67,6]],[[98498,27179],[1,489],[3,183],[-3,956],[-248,-2],[-367,-1],[-391,-3],[-420,2],[-363,1],[-473,-2],[-1370,1],[-282,-2],[-405,2],[-402,-3],[-281,2],[-514,-3],[-415,4],[-399,0],[-404,-1],[-447,2],[-361,-1],[-315,2],[-13,95],[-34,69],[6,70],[18,14],[59,-21],[55,-53],[28,-43],[50,25],[-29,85],[-31,26],[21,82],[-32,177],[7,33],[-19,58],[-24,32],[-3,78],[-32,44],[7,25],[-37,52],[45,18],[-3,56],[-71,18],[-38,-43],[-87,66],[-37,41],[-57,18],[-27,79],[14,38],[-30,62],[-45,50],[-8,80],[11,90],[18,18],[30,128],[36,51],[43,24],[51,55],[16,-20],[25,43],[59,34],[24,-6],[68,24],[65,-4],[140,48],[135,7],[45,-16],[36,41],[38,16],[-21,46],[-47,47],[-24,54],[-78,21],[-29,35],[-30,64],[-49,30],[2,53],[24,10],[-5,84],[18,48],[-67,-12],[-22,-72],[-69,-35],[-3,-80],[-50,11],[-64,-43],[-41,41],[-22,2],[-57,-49],[3,-46],[-22,-25],[-53,-16],[-29,32],[-35,4],[-30,-37],[-32,23],[-56,-11],[-12,-44],[26,-42],[-2,-34],[-31,-37],[1,-92],[-20,-46],[18,-57],[-20,-53],[-27,32],[-19,-62],[48,-84],[3,-41],[27,-104],[2,-66],[17,-94],[16,-40],[6,-73],[-34,-75],[-34,-15],[-5,-86],[8,-46],[-49,-56],[-31,-18],[-16,-35],[34,-51],[-7,-77],[16,-31],[11,-116],[47,-86],[-20,-34],[-39,-5],[-50,-30],[9,-51],[-7,-65],[-47,-6],[14,-112],[54,-130],[-4,-37],[-50,-9],[-80,74],[3,-178],[-14,-28],[15,-41],[5,-62],[-15,-9],[1,-106],[16,-57],[42,-70],[-2,-115],[31,-45],[-32,-120],[-37,-107],[-26,18],[-43,-22],[-32,34],[-13,-70],[-27,-67],[-59,-60],[-55,-83],[-50,145],[-32,4],[3,109],[-38,93],[-28,0],[-36,78],[-2,74],[-35,16],[-39,-24],[-45,69],[-43,-42],[-90,42],[10,-119],[-17,-58],[-32,6],[-34,42],[-14,52],[-59,55],[-26,-21],[-13,-45],[-30,7],[-64,44],[-28,31],[21,40],[-2,90],[-47,-25],[-36,27],[-29,45],[14,63],[-55,46],[-27,-22],[7,-54],[-23,-77],[-21,19],[-9,96],[-26,27],[-15,47],[5,67],[23,3],[22,75],[-19,69],[-48,11],[1,42],[-18,49],[-35,20],[-47,109],[7,145],[-11,23]],[[88648,29119],[-2,-34],[-34,-76],[-21,-89],[-59,-12],[-26,23],[-31,-156],[-25,20],[-11,54],[11,36],[-14,42],[34,38],[3,72],[-44,64],[-61,-52],[-27,53],[-42,4],[-53,30],[-41,-17],[-24,-96],[-25,43],[-42,24],[-18,-121],[-31,-5],[-23,70],[-40,16],[-19,34],[-36,-20],[1,48],[21,47],[1,105],[-24,93],[-35,41],[-13,40],[-25,20],[-20,-51],[-37,58],[-11,64],[-37,47],[-13,99],[-61,-67],[17,-67],[-2,-51],[15,-97],[27,-121],[-6,-44],[-44,-35],[-28,-2],[-32,29],[-26,45],[27,39],[-39,101],[-39,20],[-20,50],[-35,50],[44,29],[-8,31],[-35,21],[27,36],[-41,66],[-11,57],[27,36],[36,12],[-5,48],[25,20],[38,-37],[20,-45],[31,19],[3,102],[-37,45],[17,49],[-38,98],[41,21],[-17,111],[6,115],[-11,52],[-77,177],[27,42],[34,87],[56,-103],[37,-114],[29,-2],[8,85],[-40,68],[-2,30],[-30,42],[2,47],[34,76],[-28,36],[1,55],[-24,64],[-3,51],[-27,33],[-43,96],[4,67],[36,14],[13,-40],[34,1],[41,-63],[36,14],[-24,39],[40,40],[-14,60],[-58,120],[-6,94],[-33,77],[-7,40],[-38,19],[-45,76],[-51,-16],[1,-57],[14,-62],[-31,-40],[0,-71],[-21,-28],[-83,-38],[-57,49],[-8,-64],[-21,-26],[2,-62],[-17,-40],[22,-36],[0,-55],[-24,-61],[0,-46],[22,-72],[-40,6],[-7,-76],[-39,0],[-31,27],[-34,5],[25,-66],[-2,-87],[9,-48],[-29,-20],[17,-64],[-33,0],[-18,99],[-18,7],[-23,97],[-35,51],[15,-120],[-27,-21],[32,-100],[-53,-3],[-27,108],[-31,60],[-7,63],[-34,-18],[-13,26],[-52,-43],[-7,58],[-32,21],[11,87],[-5,33],[17,53],[-8,87],[-23,20],[-96,-72],[1,-75],[-85,53],[-15,48],[-33,52],[-37,19],[-20,-25],[-29,58],[10,31],[-27,60],[27,87],[31,25],[36,-14],[32,34],[-41,23],[-29,-18],[-44,9],[-27,59],[16,19],[-30,104],[-12,85],[-2,123],[25,41],[46,-31],[53,55],[-18,42],[33,59],[66,-85],[75,-7],[23,-26],[23,-73],[63,84],[17,-65],[-26,-49],[0,-62],[32,-8],[67,33],[-7,83],[36,43],[-41,16],[-23,38],[10,45],[54,37],[-21,89],[2,90],[26,106],[-5,64],[-40,46],[-31,-8],[-10,41],[36,50],[1,56],[35,-23],[23,74],[65,51],[-39,26],[-13,64],[12,36],[-23,60],[-60,-33],[-1,57],[-40,118],[-37,29],[-44,-29],[-68,30],[-72,-20],[-45,76],[-34,-39],[-44,43],[12,70],[-47,32],[-49,54],[7,77],[-28,69],[19,44],[-43,66],[-37,7],[-49,28],[-13,45],[21,62],[-108,1],[41,63],[-53,43],[67,7],[53,80],[-43,38],[-41,15],[8,36],[-52,30],[-6,43],[21,103],[-48,24],[-30,-6],[-18,38],[19,30],[-45,67],[-29,4],[-73,62],[-41,72],[36,43],[-3,37],[38,88],[-52,56],[-5,62],[53,80],[42,-16],[27,28],[36,-7],[26,32],[0,52],[29,67],[-27,25],[-30,56],[-13,88],[19,33],[-5,93],[-84,89],[19,39],[8,63],[-60,136],[14,25],[35,0],[8,36],[49,-31],[21,21],[2,112],[27,40],[18,-96],[41,-13],[13,70],[36,-23],[22,12],[37,-24],[1,71],[32,37],[-14,70],[-37,30],[-13,41],[42,39],[28,-3],[45,-40],[94,-146],[29,-33],[25,19],[19,-61],[49,27],[20,71],[-37,24],[-21,41],[11,46],[-14,56],[58,7],[-5,69],[17,16],[53,-24],[43,42],[18,58],[-7,35],[62,37],[16,61],[-12,34],[-76,126],[-46,38],[-4,34],[-39,47],[-14,43],[5,47],[-44,25],[-28,94],[-33,36],[-6,42],[-22,22],[-27,101],[-49,51],[-18,51],[15,36],[-24,31]],[[86391,37190],[-28,24],[8,67],[-37,46],[8,38],[64,72],[102,2],[59,-36],[34,-47],[-23,-39],[7,-68],[44,-59]],[[86629,37190],[12,-44],[25,-11],[36,-67],[118,-172],[20,-75],[50,-70],[58,-58],[24,-56],[61,39],[74,-102],[74,-59],[87,-137],[15,55],[-28,57],[-37,32],[-12,53],[13,24],[68,-51],[25,69],[41,52],[-34,62],[-37,129],[-31,45],[10,72],[-38,89],[-33,39],[2,43],[-30,42]],[[87162,37190],[93,0],[45,-64],[25,21],[-65,126],[-18,-5],[-44,45],[-24,119],[26,17],[-25,58],[-40,14],[25,46],[0,41],[24,25],[-16,81],[14,78],[69,-16],[-20,48],[-93,129],[-44,94],[-6,56],[33,-11],[-21,90],[47,-8],[60,-95],[36,-36],[-5,-43],[37,-58],[50,-9],[23,24],[49,-101],[23,-9],[35,-112],[24,28],[34,-126],[26,-53],[29,-28],[21,-50],[55,-84],[39,-73],[21,-60],[25,-9],[27,-91]],[[87756,37189],[58,-57],[50,-18],[28,26],[66,-91],[27,-57],[48,36],[32,-31],[37,-3],[47,28],[43,-41],[45,6],[13,-54],[-22,-42],[24,-31],[-19,-73],[18,-54],[60,-77],[86,-190],[-8,-26],[35,-56],[49,66],[66,22],[36,-9],[15,-29],[42,18],[31,-20],[37,0],[31,54],[-7,101],[-38,50],[-23,50],[0,40],[36,42],[53,-21],[65,-64],[35,83],[25,-81],[16,57],[28,23],[68,-1],[9,91],[27,69],[7,79],[45,-15],[13,37],[-4,56],[48,23],[18,-45],[71,-63],[45,18],[66,-49],[15,-51],[36,-25],[29,-53],[-17,-52],[6,-42],[48,25],[37,-17],[43,-81],[-34,-72],[13,-39],[-23,-56],[8,-58],[55,-21],[51,1],[9,27],[67,-39],[27,20],[51,-43],[33,67],[-31,20],[24,48],[24,-30],[46,3],[-12,52],[-1,63],[75,-16],[29,8],[121,-104],[-8,-33],[30,-38],[43,3],[15,-27],[42,24],[14,-31],[-3,-65],[42,-49],[4,-25],[42,-19],[-8,-75],[31,-29],[38,-62],[22,17],[37,-13],[35,50],[73,-45],[95,80],[21,51],[57,-38],[25,-31],[36,-4],[-13,98],[-47,38],[-6,73],[-41,48],[1,25],[-102,119],[-40,28],[24,63],[37,-1],[64,45],[-12,85],[-25,43],[3,90],[30,148],[81,-15],[68,-91],[38,-28],[36,26],[31,48],[8,92],[12,41],[35,45],[-2,28]],[[90926,37190],[-55,23],[12,37],[46,36],[-20,55],[-39,20],[-5,82],[23,13],[6,57],[-19,36],[44,33],[-10,43],[38,12],[-26,77],[86,35],[44,5],[24,26],[11,89],[-47,34],[-53,-65],[-46,-18],[-36,30],[-52,17],[-67,68],[41,59],[66,41],[22,-14],[32,34],[-14,31],[-43,0],[0,34],[45,33],[26,-8],[57,22],[46,-16],[50,29],[88,32],[-10,50],[16,78],[-38,18],[-48,-38],[-66,21],[-34,48],[-38,-25],[-28,20],[-52,-20],[-61,28],[-41,-21],[-83,43],[-15,46],[-37,30],[6,45],[58,32],[41,44],[8,81],[22,23],[1,60],[-20,23],[23,65],[-24,28],[3,73],[14,48],[-56,15],[-26,-21],[-15,59],[33,22],[-3,132],[60,92],[-1,91],[-50,-33],[-27,7],[-43,52],[12,106],[-8,47],[-46,21],[-38,43],[24,71],[-29,34],[47,17],[20,24],[49,6],[20,-15],[54,56],[23,60],[38,-12],[44,47],[41,66],[69,-12],[20,-39],[52,117],[-62,29],[-29,-2],[-67,-39],[-30,17],[-39,-22],[-63,57],[9,44],[-57,30],[-50,-47],[-75,-23],[31,110],[-33,45],[-57,-22],[58,83],[-21,41],[-32,-1],[-54,-70],[-27,-66],[-23,-6],[-54,-52],[-21,41],[40,58],[-40,145],[37,52],[64,33],[102,77]],[[90569,40577],[140,-207],[310,-46],[126,0],[241,-297],[278,-68],[1580,165],[156,-5]],[[93400,40119],[44,0]],[[93444,40119],[74,8]],[[93518,40127],[22,-45],[41,8],[14,-37],[-147,-3],[-26,17],[-47,-3],[35,-57],[42,3],[6,-73],[-72,48],[-7,-59],[33,-2],[8,-36],[33,-12],[82,27],[33,-13],[44,22],[28,-13],[30,-55],[28,60],[41,22],[48,-28],[7,-65],[41,-28],[-6,-82],[17,-41],[-74,-19],[-74,12],[-14,-33],[13,-40],[33,3],[75,-69],[80,15],[31,33],[66,-11],[28,24],[78,-41]],[[94030,40356],[20,15]],[[93683,40128],[-34,77],[30,28],[62,-2],[18,45],[-31,10],[23,108],[28,53],[26,-20],[19,62],[23,-20],[28,-60],[-29,-12],[-7,-47],[35,5],[8,-39],[64,-15]],[[92949,41030],[74,-49],[-19,-25],[-60,-5],[-30,14]],[[92866,40932],[58,0],[73,-16],[10,-45],[144,11],[38,-38],[15,-47],[27,18],[12,-50],[-28,-25],[-113,52],[-16,-22],[55,-34],[9,-26],[-86,-42],[-68,29],[16,80],[-80,-5],[-65,43]],[[92660,40811],[-31,4]],[[92623,40815],[47,-49],[44,-82],[8,-74],[106,-31],[79,10],[66,-4],[24,-50],[88,39],[29,31],[141,-15],[-24,-47],[54,-27],[53,12],[111,77],[65,24],[21,-11],[-42,-65],[25,-20],[20,-48],[-27,-23],[-42,11],[-21,-52],[-25,-18],[27,-55],[45,60],[34,-47],[-40,-9],[28,-80],[-80,-34],[-50,-80],[13,-39]],[[90569,40577],[-13,34],[-44,16],[-1,92],[-26,21],[-38,-41],[-65,32],[-76,-31],[-4,65],[-62,89],[40,30],[12,82],[-34,50],[21,45],[-6,45],[-33,9],[-40,55],[29,45],[67,-48],[88,-17],[33,-27],[141,114],[-29,56],[-39,-8],[-16,75],[15,114],[-82,127],[-3,33],[-55,42],[30,131],[-30,12],[-47,-10],[-64,128],[54,123],[27,8],[-3,57],[77,33],[5,78],[-5,120],[34,32],[77,28],[60,34],[-13,57],[-46,1],[11,65],[-7,140],[32,10],[34,51],[-40,37],[2,205],[83,-29],[25,86],[39,94],[-17,61],[10,95],[40,72],[-5,53],[-45,52],[-35,8],[-41,-101],[3,-43],[-49,-40],[20,83],[-20,144],[17,56],[16,102],[37,14],[26,-19],[19,58],[51,13],[48,29],[-26,84],[16,68],[-60,47],[3,42],[-20,109],[29,118],[-17,70],[-8,88],[46,-10],[3,35],[36,39],[58,14],[6,39],[26,22],[29,61],[4,61],[-2,155],[-66,-23],[-18,-25],[10,-62],[-51,-106],[-38,-3],[-21,162],[-43,-93],[-27,6],[-9,45],[-32,37],[-42,-18],[-28,108],[4,131],[-40,-27],[-69,66],[-43,-58],[9,-75],[-54,15],[-24,92],[-29,23],[-46,221],[-7,92],[-33,21],[-17,120],[-26,44],[-1,45],[-27,93],[-57,16],[-25,47],[-39,22],[-39,0],[-30,-23],[-24,25],[-3,79],[12,89],[-6,73],[10,85],[57,61],[148,53],[35,57],[39,193],[14,125],[16,26],[47,-18],[24,34],[43,-44],[46,28],[-7,51],[18,97],[31,57],[27,-16],[46,17],[51,-43],[40,58],[5,49],[41,62],[-60,41],[12,81],[-11,84],[-58,27],[-46,-41],[-6,-48],[-26,-33],[-86,15],[-68,79],[-12,109],[9,104],[34,40],[3,34],[34,102],[74,-42],[40,-7],[47,70],[64,-38],[23,38],[49,-19],[47,38],[42,-29],[28,37],[40,15],[48,-4],[132,53],[18,72],[-69,190],[-52,58],[-48,-24],[-52,50],[0,34],[-35,23],[-18,-27],[-62,19],[-40,-104],[-27,6],[-32,-48],[-42,15],[-69,-29],[-22,10],[-23,-47],[-59,-9],[-1,-58],[-30,-18],[3,-39],[-29,-34],[-51,-30],[-24,33],[-24,86],[-26,-26],[-34,11],[-9,60],[12,114],[-8,51],[-63,54],[0,37],[-53,22],[-21,-35],[-33,33],[-91,12],[-62,-57],[-48,-1],[-35,49],[-41,7],[-21,72],[-23,30],[-92,19],[-30,-29],[-11,-46],[-65,-19],[-22,56],[-47,41],[55,13],[-9,67],[-26,16],[-3,82],[42,13],[9,81],[50,72],[112,-1],[16,-101],[46,6],[71,-37],[56,-69],[29,47],[31,-54],[13,-52],[85,69],[110,-16],[38,35],[-63,147],[-53,5],[-18,70],[-48,-14],[-39,43],[-47,-11],[-1,105],[21,123],[-57,45],[12,118],[27,51],[-33,64],[-32,85],[59,109],[-53,59],[32,146],[63,101],[37,16],[120,134],[-72,31],[-57,50],[-34,-52],[-47,-5],[-3,-56],[-66,-38],[-33,-60],[-43,44],[-19,-64],[-44,-34],[-57,55],[-40,84],[-2,51],[-47,28],[2,26],[-43,53],[-35,-18],[-27,44],[-55,12],[14,73],[69,-18],[-35,154],[10,57],[76,39],[76,85],[13,30],[-61,21],[13,99],[-28,64],[26,81],[-39,38],[55,76],[43,101],[68,-33],[29,68],[21,16],[17,64],[-44,-7],[2,69],[-36,18],[-46,-24],[-18,67],[-41,17],[-29,-27],[-39,-1],[-24,69],[-32,131],[-42,54],[33,13],[89,-43],[43,19],[48,-4],[29,23],[11,57],[-32,70],[120,-12],[47,32],[-11,140],[-113,12],[-55,-7],[-5,54],[-40,44],[-94,68],[-11,25],[24,43],[-1,47],[153,62],[19,33],[31,-19],[98,11],[19,22],[68,-22]],[[89794,51994],[47,-16],[19,-37],[61,-29],[15,-65],[-52,3],[-44,48],[-22,-3],[-60,59],[-84,13],[-47,-19],[-13,-26],[-58,-25],[11,-46],[76,46],[14,27],[86,10],[67,-78],[85,-56],[-27,-22],[-56,-94],[52,6],[79,92],[7,-45],[27,-32],[-17,-41],[16,-49],[-39,-17],[-66,-87],[-33,-20],[9,-63],[-16,-50],[-41,18],[-39,-38],[-25,22],[-36,-34],[73,-27],[19,35],[101,-20],[35,65],[-2,78],[62,43],[-6,-80],[8,-59],[-59,20],[9,-85],[57,-30],[-38,-100],[-23,-27],[-32,18],[-55,-17],[90,-45],[22,-88],[-8,-52],[-40,14],[-115,-120],[54,-15],[73,96],[26,-19],[32,29],[-6,68],[34,83],[40,39],[-17,87],[66,73],[27,-37],[42,-13],[65,-68],[5,-74],[-10,-30],[-54,4],[-62,-30],[-52,-51],[6,-29],[78,24],[79,-85],[21,8],[26,-58],[-27,-79],[-34,-43],[2,-71],[14,-38],[-18,-50],[36,-17],[32,162],[65,67],[38,-69],[-24,-46],[31,-50],[-24,-47],[-34,14],[-22,-34],[81,-18],[24,-26],[67,-32],[-12,-56],[-54,-70],[-39,5],[-73,-71],[-68,19],[3,69],[-39,42],[15,27],[-20,50],[49,10],[9,46],[-68,-47],[-64,10],[-3,-41],[24,-60],[83,-146],[70,-16],[34,17],[41,-24],[35,21],[78,2],[40,-60],[-49,-84],[-37,32],[-60,-7],[-21,-46],[-16,-77],[0,-65],[-14,-46],[-41,-58],[24,-11],[68,72],[15,174],[28,11],[69,-46],[64,24],[24,-39],[-10,-39],[30,-73],[103,-65],[32,-47],[17,-73],[-47,-58],[-12,-113],[-26,-52],[-44,-36],[-61,24],[-93,-1],[-36,9],[-65,-50],[3,-45],[72,42],[78,-25],[14,18],[55,-53],[127,19],[-6,-70],[58,29],[-24,-74],[1,-86],[-32,-116],[-73,-75],[38,-15],[33,21],[36,77],[8,59],[33,52],[-5,58],[28,8],[33,66],[34,-47],[57,14],[36,-22],[23,-65],[-18,-108],[7,-40],[-42,-74],[-44,-57],[17,-33],[56,46],[40,57],[26,83],[42,31],[59,-5],[6,-67],[-28,-30],[-43,-124],[33,12],[65,-16],[-29,-96],[-21,-123],[-29,-14],[-20,-51],[-83,-26],[-81,-86],[-71,14],[-121,-50],[-55,44],[-65,8],[-73,56],[-72,-23],[-39,-116],[30,3],[33,99],[73,-56],[-11,-67],[-2,-96],[24,7],[5,115],[41,28],[82,-23],[1,-36],[37,-43],[70,61],[75,23],[32,-22],[47,3],[30,21],[20,46],[60,39],[28,-27],[55,89],[111,-44],[59,-32],[15,-36],[108,-3],[9,-33],[-22,-34],[-64,-18],[-94,31],[-38,-35],[94,-23],[12,-48],[-60,-57],[-40,-71],[21,-36],[38,28],[15,52],[28,33],[66,23],[9,-52],[-9,-110],[23,-20],[-49,-42],[-27,-69],[-128,-27],[17,-51],[113,29],[25,-45],[28,82],[24,-29],[-42,-129],[36,13],[16,52],[28,9],[-3,66],[38,58],[73,13],[-6,-56],[34,-57],[24,0],[1,-66],[44,-2],[37,-24],[11,-88],[-26,-46],[3,-74],[-67,-79],[-59,17],[-47,-37],[5,-58],[53,35],[52,-19],[108,43],[35,-34],[-22,-158],[-37,-23],[-31,-42],[28,-57],[-72,-41],[-8,-28],[-53,-48],[-34,13],[-72,-52],[-4,-66],[-43,17],[-21,-57],[-77,-30],[-57,-5],[-38,20],[-14,-40],[-101,34],[-11,-26],[66,-25],[31,-27],[-2,-38],[-70,-95],[-23,-76],[-34,-44],[-52,-32],[-65,-76],[-22,-64],[-38,-19],[14,-43],[63,51],[20,58],[55,55],[42,21],[60,74],[20,51],[95,157],[20,-3],[151,44],[51,-51],[-26,-116],[-58,-71],[-15,-50],[24,-19],[37,74],[55,49],[12,90],[46,18],[16,-50],[28,-28],[25,64],[26,17],[36,62],[28,-23],[65,45],[42,49],[38,-39],[121,-1],[34,44],[39,-7],[49,-32],[-1,-59],[-41,-53],[-10,-47],[-38,-12],[-7,-47],[39,-125],[-17,-32],[21,-120],[-31,-45],[-51,8],[-27,-57],[4,-49],[-119,19],[-60,-10],[-25,-30],[-22,-95],[-32,-56],[23,-25],[24,57],[21,93],[35,23],[39,-25],[36,29],[50,-38],[42,17],[28,60],[32,-56],[65,-56],[-7,-62],[-31,23],[-14,-63],[-33,-62],[-46,-10],[-38,19],[-53,-1],[-38,18],[-110,-49],[-58,-14],[-125,10],[10,-49],[37,-4],[-43,-95],[-72,-46],[-52,-1],[-74,-102],[29,-19],[44,45],[3,-115],[-11,-23],[-55,-14],[-51,11],[-116,-75],[41,-22],[71,54],[104,-6],[52,23],[15,56],[-4,56],[29,81],[66,10],[40,29],[33,82],[26,28],[72,27],[61,8],[69,-15],[34,-28],[29,55],[50,-22],[22,-52],[22,19],[20,55],[22,-2],[15,59],[33,-35],[-22,-54],[39,-47],[28,25],[-21,88],[-2,47],[53,25],[58,-41],[-9,-54],[-80,-102],[72,-12],[106,9],[-48,-78],[51,-7],[-34,-46],[-6,-49],[35,-6],[13,50],[33,10],[33,-55],[-9,-58],[-50,-19],[-3,-40],[-72,-33],[-53,23],[-68,1],[-67,-33],[-43,-76],[-38,-8],[-4,-71],[74,54],[22,43],[87,33],[94,-40],[-6,-62],[18,-164],[-28,-35],[24,-24],[26,59],[-12,61],[17,72],[-5,52],[26,44],[33,-2],[26,-40],[-9,-58],[24,-54],[25,107],[27,2],[23,-47],[41,-32],[13,57],[31,22],[24,63],[71,-91],[13,-154],[28,5],[11,52],[41,33],[85,3],[8,-52],[-37,-62],[18,-15],[57,27],[29,-84],[-17,-42],[-11,-82],[-37,-22],[-14,-37],[-28,8],[-74,91],[-51,35],[-15,-80],[-39,18],[-21,44],[22,30],[-12,40],[-36,-44],[15,-70],[42,-63],[31,-15],[50,29],[23,-11],[30,-63],[-8,-65],[41,-10],[18,-63],[-12,-90],[70,-17],[14,-72],[-3,-62],[-29,-29],[-31,5],[-16,-35],[-58,28],[-52,-69],[-49,-24],[-4,-84],[-13,-41],[-47,-42],[-39,-3],[-32,46],[-49,12],[-40,-24],[5,-33],[-55,-125],[11,-27],[-42,-31],[-47,11],[-19,43],[-61,32],[-32,3],[-20,35],[-29,-9],[3,-50],[33,-16],[44,-63],[43,-7],[34,-35],[19,-44],[33,-6],[87,68],[55,-4],[58,77],[84,-48],[59,14],[54,-61],[56,-14],[77,-58],[28,-32],[-7,-34],[93,-31],[-11,-51],[-42,-9],[-48,19],[21,-77],[-23,-45],[27,-46],[6,-47],[-19,-43],[36,-31],[21,15],[48,-49],[5,-23],[-59,-44],[-36,14],[-5,97],[-35,27],[-29,-42],[-64,-14],[-52,5],[7,-52],[42,5],[79,-48],[29,-40],[18,-65],[32,-19],[51,61],[23,8],[1,-71],[22,-10],[20,60],[22,10],[80,105],[14,-38],[-24,-25],[-30,-89],[-43,-48],[59,-43],[31,-8],[43,48],[62,-13],[92,26],[35,-48],[54,0],[22,-36],[12,-65],[26,-36],[-19,-53],[-6,-82],[21,-22],[10,-51],[-32,-75],[21,-16],[33,-84],[-34,-12],[-42,74],[-50,-20],[-40,26],[-102,-87],[9,-44],[-11,-76],[-40,-13],[-22,-43],[-29,-17],[-10,-78],[-2,-133],[-63,-26],[-42,2],[-66,-35],[-57,9],[-41,40],[-26,6],[-17,-66],[25,-91],[-14,-54],[-2,-92],[39,42],[-12,47],[34,76],[137,-25],[31,-29],[22,-89],[-39,-46],[-32,-1],[-49,50],[-17,-65],[39,0],[5,-41],[52,8],[-1,-32],[75,-27],[36,-24],[-47,-76],[-45,6],[-24,27],[-46,-13],[-53,17],[-50,-11],[-32,38],[-48,-1],[-19,40],[41,27],[8,46],[-103,-57],[-112,73],[-27,3],[-39,40],[-46,0],[-99,36],[-68,40],[-30,34],[-146,24],[53,-52],[67,-16],[5,-31],[79,-41],[29,4],[34,-31],[59,-21],[36,10],[80,-67],[68,-104],[36,-9],[40,38],[38,3],[31,-25],[5,-58],[-68,8],[-47,24],[-32,-14],[-31,12],[-82,0],[-57,12],[-25,-51],[78,-20],[59,8],[85,-23],[108,-39],[34,37],[31,4],[127,-89],[7,47],[76,-30],[52,-72],[11,-37],[-33,-63],[-44,10],[-19,-47],[-90,-16],[-78,33],[-22,-23],[-63,36],[-3,34],[-90,59],[1,-97],[-67,20],[-23,-19],[8,-49],[50,-5],[35,12],[81,-36],[-10,-43],[-58,-20],[-44,2],[-56,42],[-86,-30],[32,-48],[54,-29]],[[92807,41157],[37,-17],[129,-27],[51,-42],[-41,-25],[-45,10]],[[94088,39556],[89,3],[48,-8],[14,-27],[-15,-150],[-53,-51],[-26,-47],[-39,19],[-106,-26],[-7,-49],[53,-5],[64,55],[75,-60],[62,60],[2,22],[46,85],[17,83],[34,45],[49,-62],[-34,-42],[-5,-57],[30,-71],[-18,-19],[27,-59],[1,-50],[-26,-50],[-36,-19],[-18,-47],[14,-45],[40,-30],[-33,-63],[-16,-66],[69,69],[21,72],[8,93],[34,99],[-6,14],[38,119],[-2,74],[48,78],[75,-96],[25,28],[38,4],[50,-18],[-7,-93],[-39,-15],[2,-33],[-37,-107],[23,-58],[-45,-16],[-60,8],[-24,-13],[-35,-89],[-17,-84],[33,15],[16,55],[21,16],[46,-10],[40,-45],[3,-78],[-27,-22],[-4,-135],[88,140],[45,-2],[-24,-59],[-10,-82],[-28,-51],[6,-55],[-30,-11],[-21,-72],[-66,-40],[8,-20],[-33,-58],[32,-72],[-20,-49],[-18,-91],[34,29],[43,90],[-18,71],[18,19],[-3,57],[28,9],[63,156],[42,-26],[-24,-87],[42,-75],[16,34],[-30,59],[9,73],[19,58],[36,-21],[1,-28],[47,-60],[6,-54],[-18,-47],[-43,-31],[-41,-49],[-34,25],[-54,-67],[-30,-90],[10,-78],[-28,-38],[10,-61],[-13,-54],[-20,-15],[-60,44],[-7,-99],[-77,-72],[3,-71],[-33,-46],[28,-19],[20,78],[64,82],[33,-49],[25,17],[-3,60],[56,45],[24,-40],[-36,-77],[-50,-57],[-26,0],[-25,-64],[-3,-48],[-40,-92],[-1,-32],[-44,-48],[-63,-42],[-50,-70],[-5,-85],[50,41],[38,95],[49,22],[71,83],[-19,43],[24,28],[12,54],[64,43],[26,-22],[27,29],[20,67],[101,161],[55,-1],[28,61],[40,19],[22,-34],[-85,-111],[24,-35],[-1,-113],[31,48],[-9,32],[37,87],[29,4],[39,64],[47,1],[-12,-47],[-36,-35],[8,-60],[-28,-88],[-17,-11],[-50,-134],[-43,-46],[-73,-43],[-11,-80],[-46,-27],[-3,-70],[16,-38],[72,124],[72,95],[68,74],[34,76],[1,67],[37,92],[30,-12],[-7,72],[104,19],[25,-17],[71,207],[58,32],[73,-79],[28,-46],[6,-51],[-21,-43],[-3,-82],[-17,-40],[-52,-11],[-28,-54],[-70,-43],[-59,-22],[-26,51],[-41,-149],[29,-21],[10,44],[58,35],[44,11],[54,-66],[26,3],[19,74],[89,27],[23,-10],[21,-73],[44,36],[-13,60],[9,106],[30,-4],[-7,-56],[30,-26],[28,39],[21,-17],[10,98],[32,46],[26,-92],[-17,-69],[14,-46],[29,48],[42,-17],[-2,-38],[-28,-81],[-42,-17],[-25,-156],[-47,-56],[-41,-31],[-31,-52],[-35,-10],[-25,-45],[-60,-23],[-23,-121],[-26,-23],[-16,-57],[-81,-50],[-25,-62],[0,-45],[60,-3],[-26,-95],[-24,-52],[-70,-93],[42,-15],[65,63],[11,23],[3,126],[28,155],[34,47],[61,48],[26,-5],[25,66],[28,27],[29,-5],[13,48],[50,46],[40,85],[21,5],[56,91],[35,83],[34,-64],[22,28],[28,85],[40,65],[33,78],[-7,37],[34,102],[34,42],[43,1],[21,-24],[35,28],[-9,39],[42,1],[7,-125],[-13,-89],[-34,-71],[-56,-13],[-31,-27],[-31,-96],[11,-18],[-38,-64],[-51,-47],[-52,-84],[10,-24],[51,81],[18,-30],[56,46],[29,50],[-9,83],[30,43],[57,33],[35,40],[42,-3],[14,-52],[-29,-49],[20,-27],[37,75],[-4,89],[17,52],[44,24],[34,-39],[-6,-64],[21,-18],[19,59],[18,-1],[-13,-93],[9,-71],[-20,-41],[-52,-63],[-19,-42],[12,-74],[67,-18],[15,-39],[51,-49],[-15,-61],[-22,-29],[-36,11],[1,-57],[-15,-20],[-51,-8],[7,-40],[78,-11],[6,94],[52,5],[17,-44],[-25,-98],[-25,-39],[12,-50],[56,-2],[24,-51],[62,60],[43,2],[-13,-73],[33,-8],[22,94],[46,6],[-7,-54],[17,-50],[26,2],[73,-35],[42,49],[22,-68],[-18,-24],[-4,-52],[79,34],[77,2],[-20,-62],[38,-40],[30,5],[9,48],[-33,56],[31,33],[65,28],[54,-19],[57,22],[32,44],[-19,40],[-2,148],[72,-72],[9,46],[36,30],[32,-7],[88,84],[34,14],[25,39],[47,-4],[-14,-127],[-35,-6],[-17,-36],[15,-53],[-16,-25],[17,-79],[57,61],[20,-47],[44,-37],[-11,84],[22,24],[24,-24],[4,-45],[-34,-25],[-1,-38],[-34,-25],[-87,2],[-40,-38],[-7,-36],[-84,-14],[-104,30],[10,-45],[131,-44],[14,23],[34,-11],[79,43],[22,-26],[38,17],[63,-23],[13,-76],[36,1],[12,-75],[37,-21],[34,-62],[11,-45],[41,-26],[41,-5],[100,92],[138,-17],[-24,-65],[38,-53],[18,-89],[29,50],[53,-42],[-6,-35],[-41,-67],[9,-109],[-34,-42],[-54,-17],[-143,1],[-55,-15],[-28,15],[-58,-14],[2,-46],[42,-8],[97,33],[10,-17],[64,27],[40,2],[59,-29],[21,-23],[-33,-39],[-43,21],[-72,1],[-17,-26],[30,-53],[-37,-44],[-42,-4],[-51,-95],[-46,3],[-35,-27],[-48,39],[-51,-3],[-28,15],[-27,-46],[-41,33],[13,50],[-93,-24],[-22,-37],[-38,11],[-72,-36],[-12,47],[-35,-32],[-27,-1],[-44,-30],[-44,-11],[-31,-78],[-38,-1],[-45,-66],[55,6],[42,32],[26,-11],[85,22],[-11,-29],[-73,-55],[-33,2],[-57,-36],[36,-66],[-29,-37],[-48,0],[-49,-17],[-50,4],[-26,-17],[-48,11],[-46,-64],[-58,-19],[-42,-1],[-24,-18],[-15,-49],[-36,-56],[-78,-49],[-60,-9],[-67,-35],[-38,39],[-50,0],[-47,-21],[-16,-25],[-81,-27],[-63,-38],[-28,-1],[-97,-39],[-89,-26],[-195,-151],[-92,3],[-26,26],[-92,-12],[3,-45],[76,-20],[1,-61],[75,31],[75,-11],[87,44],[100,68],[79,40],[80,28],[70,-2],[63,37],[92,37],[118,68],[19,38],[77,5],[17,31],[97,67],[33,53],[42,31],[87,17],[35,29],[33,57],[26,5],[10,-39],[-18,-59],[-43,-77],[3,-42],[-70,-54],[-31,-75],[-38,-46],[-25,-101],[-67,-57],[-24,9],[-69,-28],[-61,7],[-44,26],[-70,18],[-47,-9],[-60,15],[-77,-40],[46,-26],[59,-13],[-1,-30],[-52,-118],[-88,-57],[-55,20],[-105,-49],[-83,-66],[-70,-43],[-43,-39],[-12,-39],[-33,-25],[-46,-10],[-62,-66],[-98,-34],[-187,44],[-3,26],[-48,-14],[-19,20],[-54,-3],[-63,-41],[16,-36],[60,-13],[24,-54],[-40,-19],[-52,25],[-49,-4],[-19,-26]],[[95702,33203],[42,102],[43,49],[33,17],[9,68],[39,-10],[20,26],[9,86],[76,-41],[37,36],[44,-58],[83,41],[43,1],[7,39],[-15,44],[85,1],[-7,39],[6,83],[-27,38],[-17,75],[40,70],[47,25],[22,49],[44,34],[42,66],[28,6],[2,115],[13,35],[42,-9],[28,29],[125,37],[21,37],[51,11],[53,33],[25,63],[52,-12],[77,59],[65,-13],[36,58],[35,29],[38,-6],[46,28],[52,-2],[65,89],[61,21],[56,-38],[47,-1],[48,-41],[39,-16],[85,31],[67,-43],[32,3],[-3,72],[-75,42],[-72,3],[-36,-31],[-24,41],[-76,40],[-86,24],[-40,-9],[-34,12],[-23,-30],[-62,-33],[-24,-61],[-78,-10],[12,41],[-26,41],[-57,11],[-26,24],[35,171],[33,35],[77,-7],[60,19],[2,29],[87,48],[38,-36],[59,9],[31,32],[64,-26],[23,-28],[108,-17],[15,18],[29,-53],[55,54],[46,-6],[6,-41],[55,5],[32,16],[45,-1],[32,-18],[27,-67],[105,52],[53,-27],[24,6],[33,-36],[32,-63],[-36,-36],[38,-73],[14,-54],[56,-126]],[[93444,40119],[24,45],[26,3],[67,50],[49,-100],[-92,10]],[[94817,38735],[10,-63],[-28,3],[18,60]],[[96347,37719],[-22,-49],[-19,35],[41,14]],[[96743,37393],[-18,-55],[-26,19],[15,39],[29,-3]],[[92276,45981],[14,-76],[-33,2],[19,74]],[[96390,34247],[-5,-75],[-25,29],[30,46]],[[97788,35177],[-49,-22],[1,36],[48,-14]],[[93321,40623],[-18,-60],[-23,46],[41,14]],[[96973,36675],[-15,-36],[-45,38],[37,26],[23,-28]],[[93222,44127],[-22,-71],[-19,17],[16,56],[25,-2]],[[95031,38669],[-1,-55],[-44,29],[45,26]],[[92116,46651],[18,-33],[-17,-36],[-30,9],[-2,40],[31,20]],[[93988,40953],[-34,-36],[-37,1],[15,48],[56,-13]],[[97402,36979],[-14,-57],[-34,26],[48,31]],[[93960,41982],[-14,-47],[-43,27],[2,38],[55,-18]],[[93026,43568],[-38,-26],[-42,16],[4,36],[76,-26]],[[91656,47086],[-24,-77],[-28,5],[13,64],[39,8]],[[93716,40433],[-28,-54],[-24,59],[52,-5]],[[90796,49660],[1,-59],[-47,-3],[0,61],[46,1]],[[96591,37191],[2,-60],[-31,5],[-11,50],[40,5]],[[98322,35772],[4,-60],[-34,-19],[-20,32],[50,47]],[[94716,39001],[-7,-53],[-39,22],[22,46],[24,-15]],[[93693,42025],[33,-24],[-56,-47],[-5,65],[28,6]],[[98374,35730],[5,-70],[-21,-11],[-22,56],[38,25]],[[94927,38507],[21,-38],[-21,-47],[-34,33],[1,34],[33,18]],[[95884,38054],[15,-57],[-28,-11],[-36,42],[9,34],[40,-8]],[[93895,41187],[-35,-65],[-44,24],[60,49],[19,-8]],[[98444,35984],[-19,-55],[-29,31],[48,24]],[[92512,45739],[16,-54],[-11,-53],[-28,-18],[-6,70],[29,55]],[[96348,37275],[8,-50],[24,-49],[-48,3],[3,71],[13,25]],[[97468,35316],[-38,-48],[-42,8],[5,32],[75,8]],[[94742,39350],[48,-37],[-57,-59],[-10,57],[19,39]],[[93404,43362],[6,-48],[-23,-21],[-38,24],[3,51],[52,-6]],[[92639,44212],[-18,-72],[-46,20],[5,37],[59,15]],[[93707,42370],[6,-28],[-46,-47],[-26,64],[15,16],[51,-5]],[[93012,44659],[6,-97],[-50,35],[44,62]],[[93711,42216],[-18,-59],[-60,9],[14,36],[35,26],[29,-12]],[[97739,35413],[14,-29],[-51,-29],[-17,84],[54,-26]],[[93630,42511],[-21,-64],[-43,-8],[-10,49],[21,20],[53,3]],[[91836,47138],[33,-59],[-9,-42],[-51,4],[27,97]],[[93218,41633],[-6,-49],[-57,14],[5,44],[58,-9]],[[93388,44217],[15,-27],[-41,-68],[-31,37],[37,66],[20,-8]],[[98487,35795],[-13,-52],[-43,-6],[-26,32],[60,37],[22,-11]],[[93095,44415],[33,-62],[-15,-38],[-70,39],[10,36],[42,25]],[[93641,40607],[22,-61],[-61,-21],[-14,64],[14,26],[39,-8]],[[90100,51709],[30,-106],[-38,-33],[-38,42],[5,48],[41,49]],[[96554,37295],[-2,-33],[-32,-11],[-12,-45],[-41,-37],[24,97],[63,29]],[[96485,37334],[6,-35],[-23,-29],[-49,-10],[7,44],[59,30]],[[93868,42488],[12,-78],[-27,-51],[-21,2],[-17,50],[53,77]],[[95857,37596],[-31,-164],[-44,12],[32,66],[5,36],[38,50]],[[93616,40307],[19,-49],[-25,-18],[-58,30],[21,58],[43,-21]],[[93136,44686],[-4,-111],[-19,-8],[-45,56],[0,53],[68,10]],[[93619,40421],[3,-42],[47,-23],[-24,-53],[-58,39],[2,63],[30,16]],[[93289,44061],[0,-39],[44,-17],[10,-29],[-27,-48],[-40,30],[-11,56],[24,47]],[[98281,35205],[-34,-46],[19,-42],[-16,-46],[-52,59],[12,42],[71,33]],[[93502,41177],[30,-42],[6,-35],[-104,15],[7,59],[42,-16],[19,19]],[[93248,41238],[29,-34],[-25,-50],[-76,33],[-10,43],[82,8]],[[93142,45367],[13,-32],[-42,-72],[-61,11],[3,45],[65,26],[22,22]],[[93892,40656],[-25,-13],[-10,-41],[-36,2],[-19,28],[-53,-10],[-31,34],[81,14],[41,-21],[52,7]],[[92542,45616],[25,-76],[-59,-103],[-21,30],[-4,108],[28,-9],[31,50]],[[95075,38088],[-1,-45],[-31,-67],[-22,-1],[-34,-53],[-24,69],[42,61],[70,36]],[[93361,43582],[33,-52],[-8,-41],[-33,-57],[-40,28],[-11,52],[46,78],[13,-8]],[[93298,41803],[-52,-41],[41,-59],[-83,-13],[-27,29],[25,31],[20,54],[52,15],[24,-16]],[[93744,42378],[26,-50],[57,-45],[-10,-34],[-44,23],[-7,-44],[-75,37],[53,113]],[[93434,40767],[-13,-57],[-39,-8],[-112,20],[-9,29],[54,33],[28,-21],[25,21],[66,-17]],[[93709,41061],[-21,-14],[-52,-91],[-50,-14],[-53,38],[-11,56],[32,19],[25,-35],[34,2],[24,-28],[30,54],[42,13]],[[91965,47169],[19,-22],[-2,-76],[-38,23],[-41,-56],[-29,39],[26,77],[65,15]],[[91541,47125],[19,-27],[-14,-77],[14,-27],[-24,-46],[-49,8],[-16,33],[-4,60],[74,76]],[[92508,44224],[-26,-46],[2,-44],[-18,-36],[-49,-14],[-15,53],[54,105],[52,-18]],[[93415,41626],[18,-21],[-2,-60],[-116,29],[-33,-1],[-23,27],[35,36],[87,-16],[34,6]],[[94729,39550],[31,-132],[-23,-22],[-66,15],[-39,-13],[0,54],[19,44],[37,-14],[-6,51],[47,17]],[[94748,38268],[-19,-123],[4,-28],[-25,-107],[-41,-34],[-3,92],[17,30],[-10,38],[35,39],[0,35],[42,58]],[[95152,38305],[-39,-66],[-3,-51],[-53,-50],[-29,-65],[-32,18],[5,48],[30,61],[67,96],[54,9]],[[93061,41280],[-15,-28],[46,-76],[-153,18],[-38,17],[-17,42],[44,47],[48,-17],[21,-43],[24,44],[40,-4]],[[89801,52024],[-19,83],[50,88],[71,15]],[[89903,52210],[-52,-96],[33,-84],[63,-54],[-66,-4],[-80,52]],[[96651,37204],[20,-38],[-4,-45],[9,-127],[-5,-52],[-37,10],[-37,44],[6,125],[11,64],[37,19]],[[94953,38243],[9,-34],[-4,-92],[-15,-66],[-43,-25],[-23,-39],[-32,53],[27,80],[8,65],[48,59],[25,-1]],[[98315,36020],[-27,-69],[31,-36],[3,-71],[-44,-41],[-78,-2],[-10,67],[28,77],[-4,44],[76,43],[25,-12]],[[97025,34707],[-4,-35],[-33,-28],[-52,-65],[-123,-37],[-16,26],[6,55],[76,80],[58,27],[28,-29],[60,6]],[[93169,43791],[10,-65],[-9,-108],[-47,3],[-59,-21],[-45,70],[10,106],[22,51],[29,13],[65,-57],[24,8]],[[93838,41867],[2,-46],[31,-88],[-49,-28],[-16,-33],[-43,21],[-48,-10],[0,-68],[-35,-1],[-31,37],[0,73],[45,90],[40,25],[-4,65],[27,12],[81,-49]],[[93095,45099],[27,-101],[37,-24],[-20,-86],[4,-39],[-27,-94],[-76,8],[-69,91],[-24,72],[-32,-24],[-53,-9],[5,75],[29,41],[20,73],[35,11],[45,49],[30,-11],[34,-72],[35,40]],[[93389,41112],[17,-54],[40,-42],[-5,-30],[-35,-33],[34,-51],[-30,-27],[-39,23],[-22,-34],[-103,54],[-23,-7],[-60,21],[-26,30],[-44,10],[-17,80],[-64,51],[24,37],[26,-24],[101,11],[49,-49],[73,22],[15,-51],[49,66],[40,-3]],[[93160,44252],[15,-35],[-20,-83],[-44,-121],[57,-53],[34,-54],[-58,-50],[-58,54],[-106,3],[-55,14],[-47,73],[101,123],[40,68],[12,74],[37,33],[46,-36],[46,-10]],[[92931,44406],[79,-95],[-5,-113],[-96,-139],[-37,-2],[-20,-31],[-59,18],[-15,61],[-34,89],[-45,48],[1,59],[61,89],[27,-5],[21,-71],[30,27],[15,55],[35,31],[42,-21]],[[93544,41432],[25,-99],[-92,-9],[46,-54],[48,47],[74,1],[33,-42],[-2,-57],[67,30],[-12,-48],[-52,-14],[-87,33],[-31,-11],[-28,32],[-25,-19],[-66,11],[-39,18],[-52,-16],[-72,43],[-70,-4],[3,35],[-38,52],[122,-11],[35,-55],[68,23],[-37,49],[-46,-5],[-47,42],[-84,-20],[5,32],[33,24],[-8,90],[39,9],[56,-33],[61,-11],[53,-29],[51,-63],[31,-4],[38,33]],[[93508,42612],[17,-32],[-42,-83],[-27,-28],[43,-62],[1,-44],[-31,-42],[-73,-57],[-33,20],[48,40],[-33,39],[-42,-66],[29,-40],[-6,-59],[45,3],[85,-43],[12,-99],[-21,-42],[23,-85],[1,-66],[-34,-59],[6,-62],[-30,-78],[-16,28],[-34,-3],[-16,78],[-30,39],[-81,68],[-6,45],[-67,-7],[-48,-57],[-39,30],[42,36],[55,81],[-54,18],[21,34],[9,116],[27,90],[-16,52],[-7,76],[35,91],[45,0],[44,30],[-20,120],[26,-19],[52,62],[17,-73],[26,-16],[58,2],[39,24]],[[91751,13203],[-9,63]],[[91742,13266],[31,-2],[-22,-61]],[[91973,11938],[-70,418],[-17,10],[-44,104],[-7,99],[26,12],[8,98],[-24,150],[-38,25],[-39,244]],[[91768,13098],[0,3]],[[91768,13101],[-14,86]],[[91754,13187],[42,17],[-5,58],[94,30],[18,-31],[85,-44],[20,24],[-52,49],[-10,38],[72,31],[18,-6],[89,8],[78,18],[70,-20],[174,22],[78,20],[59,4],[11,-12],[81,-32],[95,-14],[20,-29],[-42,-64],[-59,-52],[-48,-81],[-42,-42],[-29,-2],[-29,-53],[-103,-11],[-27,-28],[-29,46],[-24,9],[-23,-138],[-39,-4],[39,-73],[-32,-47],[-32,23],[-10,-25],[-35,36],[-25,-15],[37,-53],[21,-1],[16,-96],[-73,-15],[-40,8],[-51,41],[-4,-21],[57,-79],[-24,-23],[-40,3],[39,-61],[-6,-75],[17,-35],[55,1],[23,-85],[-38,-126],[-57,0],[3,-78],[28,-21],[33,28],[22,-46],[-51,-69],[-70,-35],[-59,-2],[-67,-19]],[[91768,13101],[-16,4],[-31,-79],[-21,19],[-19,-32],[-33,-17],[-16,-45],[-64,-37],[-46,-38],[-41,-101],[-22,-14],[-18,-62],[-25,-11],[-24,-38],[-53,-26],[-2,-23],[-77,-5],[66,-41],[48,60],[40,20],[17,-52],[-31,-56],[-55,-44],[-25,-3],[-5,-47],[-23,-20],[-71,60],[-10,-8],[-53,50],[-46,13],[-39,52],[-19,-7],[-32,59],[-13,54]],[[91009,12686],[-17,5],[-24,162],[17,7],[14,81],[-8,57],[-46,-1],[-13,118],[-41,261]],[[90891,13376],[28,-29],[66,16],[29,66],[28,-84],[43,81],[7,31],[94,-17],[30,-19],[17,-75],[-1,-50],[21,-1],[13,-60],[36,-8],[33,15],[24,-34],[68,-2],[-1,48],[52,-31],[54,-16],[21,-41],[25,-12],[-1,-37],[19,-59],[21,121],[-12,32],[87,46],[50,9]],[[91751,13203],[3,-16]],[[91973,11938],[-71,15],[-26,-20],[-94,20],[-36,59],[-37,38],[-8,46],[-67,110],[-30,4],[-24,27],[43,26],[32,45],[26,-2],[35,47],[-4,97],[-44,-50],[-41,6],[-1,63],[21,64],[-11,54],[-39,5],[1,-54],[-42,4],[-3,48],[-31,-17],[-38,36],[-40,-14],[-10,37],[40,97],[50,50],[13,60],[45,62],[48,19],[24,74],[67,19],[34,86],[13,-1]],[[90998,12644],[12,35]],[[91010,12679],[-12,-35]],[[90890,13382],[-17,99],[18,45],[37,39]],[[90928,13565],[77,-45],[8,-40],[-17,-32],[-10,-68],[-23,-18],[-40,-4],[-33,24]],[[90890,13382],[1,-6]],[[91009,12686],[1,-7]],[[90998,12644],[-33,-24],[-69,14],[-37,21],[-69,88],[-31,13],[-6,75],[-50,74],[-29,10],[-25,32],[17,98],[37,-26],[28,23],[-38,42],[-3,63],[-36,-6],[-15,18],[-43,-13],[-31,32],[-27,-22],[-14,39],[-44,28],[-22,-62],[-55,-32],[-58,31],[-95,16],[-7,79],[41,51],[5,58],[-10,156],[64,143],[-22,50],[-12,108],[-26,-85],[-24,-41],[-73,78],[-2,28],[-31,12],[-53,-14],[-45,14],[-49,-28],[-46,-14],[-34,119],[1,137],[42,112],[102,165],[32,79],[25,86],[15,85],[72,153],[53,50],[37,55],[47,51],[29,59],[27,78],[13,-11],[-3,-319],[18,-70],[2,-86],[-39,-72],[-21,-70],[-30,-56],[-26,-73],[-3,-58],[2,-176],[28,34],[-22,39],[21,38],[24,-34],[26,18],[29,-14],[6,-37],[76,-131],[42,-84],[1,-115],[53,-50],[-25,-27],[-15,-60],[0,-63],[-41,-80],[67,17],[16,32],[26,-55],[-4,-113],[23,-40],[39,21],[37,-36],[38,55],[-6,53],[-56,39],[1,28],[58,82],[-38,15],[14,65],[73,-36],[-13,69],[56,-26],[73,-48]],[[90581,13805],[24,-45],[-28,-35],[4,80]],[[90573,13871],[61,-77],[60,-60],[-39,-34],[0,49],[-82,122]],[[88881,5517],[29,-38],[16,-54],[-16,-32],[-27,30],[-2,94]],[[88734,5204],[22,-32],[8,-124],[-25,-1],[-5,157]],[[88523,5109],[17,-38],[27,-9],[12,-59],[-25,-41],[-18,-77],[-25,-16],[-36,94],[47,41],[-13,32],[14,73]],[[88770,7116],[313,-626],[184,-381]],[[89267,6109],[-2,-49],[26,-32],[33,-134],[-28,-46],[-6,-65],[-40,-21],[-50,-85],[10,-32],[-65,-25],[-5,93],[-49,-63],[-4,-129],[-24,31],[0,86],[9,77],[-30,7],[-10,-101],[-17,35],[-47,184],[-22,-40],[24,-104],[-25,-154],[-15,-29],[-34,32],[-42,60],[12,147],[-27,-38],[-38,32],[-15,-12],[35,-71],[30,-96],[-2,-84],[-22,-59],[17,-42],[-22,-48],[20,-51],[-19,-35],[-25,22],[-17,-62],[-28,20],[-5,42],[-30,59],[-20,-83],[11,-19],[0,-60],[-12,-55],[-22,-26],[15,-54],[-31,6],[-43,35],[-22,35],[-11,105],[-24,45],[-23,-22],[-13,-92],[-28,-44],[-81,-45],[-34,-11],[-10,45],[2,112],[-52,19],[-9,38],[8,80]],[[88319,5338],[66,16],[133,108],[-45,299],[72,382],[22,106],[14,-1],[39,184],[47,201],[101,478]],[[88768,7111],[2,5]],[[88319,5338],[14,101],[5,112],[-16,63],[-19,-33],[-12,-116],[19,-66],[-4,-48],[-26,6],[-1,87],[-9,84],[9,67],[-8,71],[-19,56],[-6,95],[-32,-12],[-22,12],[-31,127],[-32,17],[-19,-50],[11,-79],[-51,34],[2,147],[-20,18],[0,-128],[52,-169],[-41,-23],[-27,-131],[-13,33],[5,101],[-17,43],[-43,-47],[7,80],[-16,55],[-17,-8],[-29,-68],[-16,122],[18,67],[-31,36],[-1,81],[-23,4],[11,61],[-6,79],[16,26],[1,53],[-19,95],[16,34],[1,44]],[[87880,6471],[181,221],[130,161],[457,207],[120,51]],[[88128,5823],[18,-33],[20,-91],[-9,-10],[-29,134]],[[88160,5886],[12,-33],[1,-72],[-39,57],[26,48]],[[88428,8199],[37,-55],[23,-90],[176,-348],[181,-369]],[[88845,7337],[-75,-221]],[[87880,6471],[-13,105],[-17,59],[2,37],[-19,48],[-23,21],[41,230],[28,47],[25,144],[-4,81],[19,104],[-6,45],[20,65],[52,90],[52,165],[35,56],[17,47],[36,9],[106,200],[11,34],[-20,52],[-23,-4],[-33,-46],[-31,25],[-54,-61],[-17,-48],[-25,-27],[-94,-187],[-36,-53],[-80,-188],[-10,82],[103,232],[40,50],[6,31],[91,161],[58,89],[39,4],[49,85],[76,92],[33,51],[22,-35],[9,-49],[-1,-161],[16,-16],[30,59],[38,3]],[[87660,7269],[-27,-138],[-34,24],[43,95],[18,19]],[[87809,7594],[4,-55],[-19,-70],[-39,-110],[-74,-186],[7,55],[-19,15],[57,141],[20,67],[63,143]],[[89743,6908],[2,-3],[-31,8],[2,-101],[20,17],[33,-24],[7,-53],[-16,-16],[-18,-82],[-33,-15],[-30,20],[-39,-79],[-46,-8],[37,-71],[1,-62],[-28,9],[-20,-16],[-15,-52],[-54,-47],[-42,-8],[-28,-27],[-31,-59],[66,-70],[8,-80],[-38,13],[-2,-61],[-21,-42],[-30,-2],[4,61],[-51,67],[-15,-33],[34,-47],[11,-49],[-21,-34],[10,-33],[-29,-48],[-31,115],[-2,38],[-40,75]],[[88845,7337],[179,308],[32,109],[106,-16],[137,229]],[[89299,7967],[106,-216],[-10,-99],[-12,-17],[200,-409],[160,-318]],[[89501,8321],[-202,-354]],[[88428,8199],[79,106],[23,107],[-31,45],[-31,-54],[-22,6],[-32,-27],[-37,-49],[-23,15],[-11,36],[20,70],[121,163],[151,153],[73,110],[134,146],[22,-2],[18,53],[86,82],[19,36],[60,75],[22,7],[75,80],[12,39],[26,11],[30,39]],[[89212,9446],[82,-309],[152,-575],[55,-241]],[[90332,8245],[13,-41],[-9,-103],[28,-42],[35,-137],[-11,-32],[-35,6],[-21,-22],[1,-49],[-19,-45],[-38,23],[-16,100],[11,72],[-44,94],[-64,5],[-10,-38],[6,-67],[-60,4],[-24,48],[-13,-33],[-25,-6],[12,-47],[0,-77],[-15,-122],[-35,-21],[10,-70],[16,-47],[80,7],[-3,-23],[-43,-11],[7,-32],[39,-5],[50,-34],[-1,-29],[-67,-1],[-39,21],[-31,-15],[-10,-38],[9,-38],[45,-51],[-2,-67],[49,-37],[4,-29],[-33,-20],[-52,8],[-36,56],[-15,-67],[-40,-25],[-3,-27],[-34,-48],[-4,-73],[-38,-53],[-12,-74],[-16,-13],[-53,9],[-33,19]],[[89501,8321],[286,496],[7,-12],[107,174]],[[89901,8979],[229,-387]],[[90130,8592],[202,-347]],[[90004,7056],[-2,-84],[-40,32],[-14,43],[56,9]],[[90155,9584],[54,-106],[-110,-180],[-198,-319]],[[89212,9446],[82,103],[14,1],[61,69],[104,71],[42,46],[47,13],[54,29],[35,33],[45,8],[53,35],[29,35],[73,41],[73,80],[18,46],[-6,63],[-68,56],[78,-17],[28,-15],[43,-48],[9,-65],[-31,-59],[-17,-158],[18,-91],[-31,-16],[-24,-49],[4,-63],[29,-21],[13,-54],[28,30],[0,77],[40,19],[71,-75],[29,14]],[[91014,10143],[13,-122],[19,-11],[3,-54],[45,-51],[-3,-58],[28,-35],[6,-136],[-19,-133],[14,-38],[3,-92]],[[91123,9413],[-37,2],[-18,-59],[8,-85],[-26,-13],[-46,-103],[-26,-6],[-26,-80],[-10,32],[-26,-18],[-28,37],[-84,-37],[-109,-120],[-50,-138],[-20,-83],[-34,-70],[-24,20],[-437,-100]],[[90155,9584],[22,89],[34,39],[15,96],[49,41],[51,28],[209,162],[22,-28],[15,27],[62,34],[7,64],[43,6],[21,-38],[24,47],[115,-13],[80,4],[40,48],[50,-47]],[[92561,9195],[5,-47],[-59,-23],[-30,15],[-34,-77],[-63,-44],[-30,-3],[-33,-53],[-20,26],[-30,-7],[-1,-85],[-10,-29],[-36,1],[-26,33],[-22,0],[-35,-65],[-98,-39],[-28,-32],[-5,-42],[-41,-39],[-36,27],[-9,-44],[-62,-6],[9,-33],[-69,23],[-25,81],[-11,-24],[17,-53],[39,-49],[-39,-83],[31,-35],[-1,-26],[-56,-17],[-13,41],[-33,12],[-76,-12],[-28,-58],[-41,109],[16,73],[-46,34],[-32,-30],[32,-52],[4,-45],[37,-42],[-18,-84],[-29,-46],[-34,79],[16,36],[-43,29],[-15,69],[10,98],[-25,17],[3,-177],[-24,-103],[-42,21],[-11,-36],[-34,-10],[6,44],[-56,70],[7,-79],[16,-27],[-26,-74],[-31,-32],[-42,-20],[-42,31],[-37,-18],[-22,12],[0,54],[-50,35],[-7,-37],[45,-47],[5,-88],[-38,-18],[-3,-63],[-105,140],[-22,74],[-27,0],[-35,46],[-1,58],[-67,48],[14,-106],[28,-46],[40,21],[33,-61],[15,-70],[-14,-31],[33,-81],[-18,-82],[47,-150],[-40,-99],[-40,-27],[4,71],[-37,-23],[-15,-97],[-25,-21],[16,96],[-88,-10],[-36,8],[-29,33],[-40,-23],[-21,40],[3,46],[-12,65],[-26,-5],[3,-65],[-31,16],[-25,-45],[-53,47],[-4,143],[30,74],[-28,58],[20,73],[-1,73],[-83,-6],[-51,-77],[-31,27],[0,1],[-1,0]],[[91123,9413],[-11,-44],[34,2],[13,-28],[29,19],[395,335],[9,13],[109,93],[72,88],[27,51],[64,38],[54,51]],[[91918,10031],[65,-73],[114,-153],[117,-149],[91,-128],[40,-21],[18,-43],[164,-211],[34,-58]],[[91869,8558],[4,-43],[-30,-15],[2,57],[24,1]],[[95135,6259],[-39,1],[-26,24],[152,7],[-18,-33],[-69,1]],[[91402,11359],[170,-741],[106,-174],[67,-119],[172,-294]],[[91917,10031],[1,0]],[[91014,10143],[9,45],[46,48],[55,8],[3,26],[-151,25],[-78,39],[-22,22],[-34,-15],[-33,24],[-35,-21],[-34,4],[-35,30],[-67,-4],[-75,-51],[-28,-80],[-36,39],[-2,38],[-26,41],[-36,16],[-25,-31],[-48,-13],[-25,15],[-8,51],[-42,25]],[[90287,10424],[-25,65],[14,153],[-24,149],[426,-14],[39,-147],[23,4],[54,58],[145,108],[112,218],[-32,153],[23,42],[66,173],[23,-9]],[[91131,11377],[21,-48],[56,-9],[27,-29],[22,62],[13,-46],[60,51],[46,-12],[26,13]],[[90287,10424],[-1,-29],[-47,-19],[-38,5],[-83,-31],[-4,-34],[-78,35],[-21,-56],[-26,24],[-40,-27],[-64,35],[-12,38],[-30,6],[-30,-17],[-46,41],[-108,-34],[-41,-31],[-34,-50],[-11,-58],[3,-86],[-28,1],[-43,-34],[-20,16],[17,46],[-33,24],[-17,33],[-41,27],[-109,-73],[-2,35],[16,76],[5,121],[14,53],[28,36],[75,70],[-1,50],[35,48],[12,-6],[90,91],[27,7],[15,46],[26,36],[3,46],[36,38],[21,4],[43,53],[71,132],[60,58],[4,48],[19,46],[-18,46],[19,43],[31,15],[29,43],[4,47],[26,32],[13,40],[33,32],[26,-16],[0,-36],[-34,-46],[-20,-58],[23,-35],[28,70],[24,33],[38,86],[-35,42]],[[90086,11602],[2,43],[22,72],[31,44],[74,183],[18,54],[121,-10],[5,50]],[[90359,12038],[20,29],[26,-30],[36,9],[74,-41],[23,-42],[32,-18],[-1,-77],[51,-54],[14,-65],[22,1],[35,-43],[36,-10],[38,-47],[11,-47],[23,-34],[14,53],[-15,53],[61,37],[60,-8],[115,9],[62,-51],[-12,-28],[-52,10],[11,-38],[39,-22],[-6,-27],[-37,-24],[23,-32],[42,35],[39,-43],[70,-8],[19,34],[60,-9],[-10,-35],[-68,-73],[-75,-13],[-8,-12]],[[92649,10332],[-386,-143],[-256,-94],[-12,-22],[-34,-1],[-44,-41]],[[91402,11359],[44,32],[55,18],[-31,77],[123,-11],[46,-35],[36,-4],[49,-24],[132,-12],[26,-15],[65,5],[-24,-41],[-23,-5],[-13,37],[-27,1],[40,-87],[29,23],[59,-23],[19,-37],[-10,-45],[-89,-79],[-47,14],[-25,-22],[-3,-57],[33,34],[16,-23],[32,14],[22,-53],[28,4],[-22,78],[29,46],[38,-20],[18,25],[78,-37],[-1,-51],[15,-28],[48,21],[-12,-133],[30,40],[70,69],[7,-18],[57,53],[-23,50],[-47,-63],[-5,50],[42,22],[43,2],[91,57],[26,42],[34,27]],[[92480,11277],[115,-646],[54,-299]],[[92156,11558],[-11,-31],[-42,-26],[-54,5],[35,54],[37,14],[35,-16]],[[92649,10332],[173,45],[156,159],[91,96],[-7,98],[167,165],[17,-43],[71,92],[-5,29],[106,98]],[[93418,11071],[20,-10]],[[93438,11061],[1,-1]],[[93439,11060],[35,-77],[2,-57],[37,-70],[24,-67],[40,-30],[73,-77],[7,-62],[-35,-89],[-48,-38],[-21,-29],[-84,-20],[-26,-15],[-22,-46],[-37,-10],[-21,-36],[21,-90],[33,-16],[74,-2],[58,17],[75,-10],[56,17],[13,-19],[68,24],[46,-40],[43,19],[77,-27],[27,-21],[-7,-49],[9,-39],[-3,-78],[-20,7],[-11,49],[-24,-47],[-30,-113],[-88,-78],[-39,30],[25,92],[6,58],[-55,-39],[0,-106],[-21,27],[8,53],[-37,-8],[-29,18],[-12,-23],[-27,22],[-54,1],[-39,-67],[-29,-74],[33,-13],[49,10],[-3,-35],[-38,-3],[-24,-44],[-50,-27],[-45,11],[-21,-49],[-31,35],[-53,15],[-21,-47],[-56,-6],[-52,68],[-26,-66],[33,-67],[-41,-11],[19,-82],[-46,10],[-33,-10],[-53,15],[-3,-28],[-50,29],[-5,-93],[-48,45],[30,-89],[-14,-31],[-40,47],[3,-62],[-17,-22],[-69,55],[12,-62],[-32,14],[-60,-4],[-16,-60],[50,-21],[20,-51],[-54,7],[-36,-32],[-71,2],[-41,-19],[-16,41]],[[92480,11277],[74,111],[66,65],[35,6],[22,51],[72,109],[32,81],[51,39],[45,-34],[-27,-45],[-6,-48],[20,-177],[-3,-21],[25,-99],[-13,-85],[-17,-61],[7,-46],[-22,-55],[13,-72],[13,5],[-6,74],[56,89],[45,-35],[-9,-55],[35,-31],[50,25],[25,-51],[45,27],[68,-19],[40,56],[28,-6],[-11,61],[22,31],[55,29],[47,-1],[25,-32],[36,-92]],[[94449,14921],[-123,-804],[-99,-653],[-79,-231],[-36,-121],[-23,-54],[-135,-406],[-84,-278],[75,-295]],[[93945,12079],[-20,-57],[-71,-55],[-15,-22],[-63,18],[6,-44],[-16,-37],[101,2],[17,42],[36,16],[21,-18]],[[93941,11924],[1,-20]],[[93942,11904],[-8,-34],[8,-48],[-10,-33],[-32,-8],[-45,14],[-9,-70],[-33,-8],[30,-51],[27,7],[13,42],[49,5],[36,46],[27,-36],[18,-71],[-22,-69],[-29,28],[-33,-45],[-28,-1],[-18,-31],[-73,-68],[-53,-90],[19,-80],[-26,-43],[-7,-7],[-2,-3],[-1,-2],[-6,2],[2,-7]],[[93736,11243],[-146,-194],[-44,-68],[-31,-26]],[[93515,10955],[-35,84],[-41,21]],[[93438,11061],[-9,76],[-16,23],[-31,116],[4,63],[-18,112],[-20,55],[0,96],[-11,62],[13,83],[-36,99],[-11,71],[5,155],[-26,93],[17,38],[44,42],[19,68],[21,119],[21,70],[43,95],[75,64],[41,49],[49,95],[1,42],[46,113],[57,103],[44,173],[50,67],[35,161],[-5,41],[46,109],[10,59],[-6,59],[-22,47],[30,79],[52,30],[26,45],[-1,41],[40,98],[29,134],[33,94],[32,47],[38,13],[32,34],[22,60],[50,68],[47,107],[7,96],[24,88],[48,114],[25,35],[47,-41]],[[93947,12070],[4,-18]],[[93951,12052],[-4,18]],[[93736,11243],[2,2],[0,1],[37,-32],[14,19],[38,-22],[14,32],[56,46],[79,113],[23,10],[44,-12],[62,-33],[23,-44],[21,-4],[5,-75],[-14,-51],[-33,-54],[-32,-27],[22,-30],[46,99],[35,-2],[16,55],[31,0],[2,69],[-39,47],[21,19],[17,96],[32,56],[52,34]],[[94310,11555],[293,-149],[65,-27],[168,-86]],[[94836,11293],[-31,-52],[-28,-18],[-26,23],[-29,-15],[-36,-93],[-31,-33],[-38,-13],[-31,-46],[-43,5],[-48,-38],[-30,8],[-91,-47],[-16,-31],[-51,-30],[-13,-49],[-59,-1],[3,38],[-30,57],[-35,-1],[-93,34],[14,73],[-37,17],[-5,-39],[-97,-66],[-41,-12],[-14,-31],[-64,-14],[-9,-25],[-88,-54],[-13,38],[21,31],[-24,32],[-51,-7],[-21,-26],[-44,-28],[-10,-66],[-24,-4],[-32,27],[-23,72],[-3,46]],[[94029,10699],[-37,-101],[-16,15],[8,78],[45,8]],[[93759,10792],[-2,-54],[-47,-36],[-11,76],[43,23],[17,-9]],[[94058,10871],[-8,-40],[-55,-15],[-25,-21],[-16,-77],[29,-22],[-14,-42],[-41,-63],[-25,-23],[-13,37],[34,35],[-37,39],[-35,1],[-22,24],[-31,100],[18,58],[66,41],[63,-11],[15,21],[35,3],[21,-38],[41,-7]],[[94310,11555],[35,89],[39,55],[92,105],[6,34],[55,78],[3,17],[67,79],[-40,-1],[-48,-30],[-42,-41],[-33,7],[-70,-66],[-11,-44],[-26,-30],[-70,-36],[-26,19],[1,48],[-23,40],[-36,-17],[-20,35],[19,52],[18,-3],[66,95],[24,48],[65,54],[108,126],[59,81],[55,107],[28,14],[43,149],[29,22],[55,5],[28,106],[-2,62],[-7,25],[16,21],[3,13],[-2,5],[2,40],[58,-135],[31,0],[-5,-59],[-57,-126],[-54,-80],[17,-34],[40,68],[36,25],[11,-60],[28,19],[-9,83],[40,112],[63,54],[61,-25],[36,-27],[-57,-73],[11,-22],[109,34],[28,-11],[5,-52],[18,-36],[4,-49],[34,52],[41,12],[28,-39],[-41,-150],[-28,-49],[16,-70],[-2,-62],[-38,-30],[-37,-1],[-16,-37],[20,-67],[66,-19],[64,34],[-7,-63],[40,-52],[14,-65],[-15,-25],[-23,39],[-41,-44],[-44,-13],[-14,-46],[-46,-39],[-27,10],[-18,-36],[16,-34],[-28,-21],[-51,0],[-20,-16],[-61,38],[-49,-33],[-17,-54],[8,-37],[31,0],[19,-47],[41,-21],[-7,-47],[-24,-44],[-63,-1],[-29,-26],[-33,-64],[-7,-64]],[[95337,12401],[-34,-66],[-58,-85],[-8,42],[10,50],[90,59]],[[95486,12148],[-44,-33],[6,-80],[-102,28],[31,32],[40,11],[15,35],[54,7]],[[94538,12529],[-28,56],[70,128],[34,45],[67,152]],[[94681,12910],[17,44],[32,7],[29,29],[8,-34],[-3,-65],[5,-21],[-12,-13],[-8,-21],[8,-68],[-36,-69],[-21,-12],[-22,37],[-68,-56],[-50,-111],[-22,-28]],[[93947,12070],[-2,9]],[[94449,14921],[29,4],[24,-70],[35,-8],[51,45],[30,50],[31,-42],[-17,-58],[-61,-111],[-12,-72],[-31,-51],[44,-32],[14,-47],[43,-41],[61,8],[42,-32],[16,-35],[-26,-146],[8,-43],[-4,-85],[-11,-50],[-22,-33],[7,-62],[-12,-30],[-46,-8],[-11,-71],[16,-27],[3,-58],[43,-10],[-69,-219],[-10,-81],[-19,-47],[-30,-139],[1,-64],[-27,-74],[-48,-86],[6,-71],[-30,-76],[-12,-62],[-23,-58],[-48,-46],[26,-16],[-9,-50],[6,-48],[36,68],[29,130],[50,60],[56,92],[39,-10],[-6,-47],[4,-86],[-25,-10],[-40,-71],[-37,-89],[-48,-66],[-53,-156],[-30,-54],[-39,-52],[-38,-30],[-85,-32],[-58,-45],[-45,-20],[-24,23],[-21,45],[-32,-34],[0,-63],[-35,-23],[-46,-104],[-8,-43]],[[93941,11924],[4,101],[68,78],[42,81],[48,20],[-7,-47],[122,98],[17,-39],[-21,-31],[-24,-78],[-32,-50],[-9,-154],[-66,-17],[-31,-47],[-53,20],[-30,-31],[-32,51],[5,25]],[[94538,12529],[-52,-60],[-96,-172],[-55,-44],[-13,15],[14,59],[71,97],[32,109],[26,57],[42,47],[46,102],[37,50],[18,57],[69,93],[4,-29]],[[94940,15474],[4,-44],[-11,-52],[-23,28],[30,68]],[[89138,10732],[-56,-11],[-39,-32],[-39,-48],[-71,-57],[-42,-16],[-18,-30],[-40,-27],[-20,-44],[-50,-35],[-61,-63],[-21,-64],[-72,-51],[-13,-60],[10,-30],[-51,-53],[-15,13],[-56,-46],[-20,-1],[-41,-34],[-39,-14],[-29,-67],[-45,36],[-20,-7],[-45,-82],[-8,-39],[-45,-52],[-34,-15],[-13,42],[-29,13],[-33,-17],[-33,26],[11,71],[-18,22],[-7,58],[-47,-30],[-1,-39],[-36,-10],[-4,-47],[-65,-16],[-14,-49],[16,-32],[-2,-40],[-75,-89],[-15,25],[-9,63],[-41,54],[-30,-21],[-27,12],[-22,-22],[43,-47],[28,52],[17,-118],[-81,-62],[-19,10],[-28,-58],[-63,-17],[11,-51],[-40,-24],[-10,-40]],[[87522,9422],[0,13]],[[87522,9435],[0,9]],[[87522,9444],[0,167]],[[87522,9611],[0,9]],[[87522,9620],[0,11]],[[87522,9631],[0,2]],[[87522,9633],[-1,247]],[[87521,9880],[284,194],[179,125],[49,30],[117,86],[234,156],[436,304],[275,203]],[[89095,10978],[43,-246]],[[87522,9422],[0,13]],[[87522,9444],[-24,111],[24,56]],[[87522,9620],[0,11]],[[87521,10133],[0,-253]],[[87522,9633],[-23,-23],[-13,71],[-45,-59],[-51,-3],[-16,-24],[3,-53],[-39,7],[-28,-18],[-12,-59],[-48,-14],[-60,-3],[-11,-57],[-34,8],[-24,-30],[-21,54],[-23,28],[-32,-24],[-1,-34],[-26,-27],[-8,43],[-20,15],[-12,79],[9,65],[33,-17],[24,42],[25,-7],[20,13],[1,5],[6,-3],[2,4],[-6,5],[-4,7],[6,3],[2,4],[-6,19],[-7,-1],[-3,30],[-9,22],[41,13],[24,-22],[15,81],[-5,61],[-30,15],[13,-91],[-16,-37],[-44,-19],[11,-28],[2,-14],[0,-11],[2,-4],[7,0],[2,-17],[-7,-2],[6,-11],[-8,-10],[-11,-7],[-32,11],[-34,-25],[2,40],[-29,18],[-38,58],[-63,-16],[-34,42],[5,-105],[-40,-12],[1,-55],[25,-54],[-2,-47],[-42,45],[-19,37],[-10,55],[-30,61],[-10,92],[-18,30],[-11,83],[-25,46],[-11,-41],[15,-70],[25,-42],[-15,-24],[-33,18],[-27,-17],[-34,57],[-38,15],[-16,-64],[5,-48],[-54,-75],[-35,49],[-34,111],[-29,37],[-13,78],[-43,94],[-1,82],[16,37],[7,75],[26,38],[15,103],[-24,71],[-41,65],[-9,96],[-25,72],[38,29],[25,37],[38,-10]],[[86397,10675],[217,-5],[348,-6]],[[86962,10664],[437,-11]],[[87399,10653],[121,-4],[-1,-320],[2,-196]],[[87247,8269],[-1,-78],[-33,7],[1,36],[33,35]],[[86958,9329],[2,-32],[-22,-135],[-15,-48],[-24,-32],[-31,127],[30,65],[48,60],[12,-5]],[[87001,9141],[-11,-18],[26,-98],[-25,-110],[-25,-30],[16,-59],[-39,-18],[-30,92],[20,17],[3,74],[16,33],[6,52],[43,65]],[[87150,8700],[23,-98],[-8,-45],[9,-50],[20,-30],[0,-106],[-30,12],[3,-85],[-48,8],[-18,-31],[-24,12],[-16,-59],[-32,-50],[-9,-40],[-21,-1],[-1,67],[15,20],[2,87],[27,97],[8,78],[28,80],[12,57],[21,43],[39,34]],[[86962,10664],[146,396],[139,381],[107,303],[51,34],[-29,29],[276,762],[173,475]],[[87825,13044],[43,117],[364,-168]],[[88232,12993],[-215,-613],[-24,11],[-38,-16],[-17,-72],[28,-61],[-23,-77],[-174,-490],[-222,-615],[-148,-407]],[[88832,12329],[-261,-435],[-200,-332],[-85,-136],[-60,-105],[-240,-399],[-295,-499],[-170,-290]],[[88232,12993],[3,0]],[[88235,12993],[511,-223]],[[88746,12770],[86,-441]],[[88832,12329],[70,-368],[70,-344]],[[88972,11617],[74,-372],[49,-267]],[[88972,11617],[222,136],[0,353],[26,33],[15,49]],[[89235,12188],[25,2],[43,17],[14,-5],[20,9],[9,-23],[37,12],[12,-14],[66,48],[61,57],[23,-64],[27,-40],[12,-49],[-3,-82],[32,-99],[46,-85],[19,-99],[26,-76],[23,-28],[15,-66],[-5,-50],[-20,-21],[-90,-191],[-5,-54],[-29,-65],[5,-41],[-35,-92],[-28,-37],[-30,-90],[-58,57],[-15,-14],[-40,21],[-51,-76],[-43,-13],[-25,-66],[0,-29],[-78,-80],[-57,-30]],[[90086,11602],[-34,62],[-13,50],[-59,23],[5,-81],[-17,-55],[-23,-19],[-42,-122],[-66,-75],[5,-59],[-34,-52],[-46,12],[36,75],[-3,35],[22,80],[18,36],[-26,73],[-22,29],[-76,147],[-28,113],[-55,97],[-36,88],[6,52],[-15,93],[-34,42],[-13,50],[-25,16],[-31,-52],[-38,-10],[-39,-52],[-24,10],[-34,-11],[-3,15],[-10,6],[-97,-30]],[[88746,12770],[346,18],[389,26]],[[89481,12814],[1,0]],[[89482,12814],[252,18]],[[89734,12832],[16,-27],[-7,-41],[16,-98],[34,55],[130,-6],[26,-37],[33,0],[114,34],[43,-21],[22,-43],[53,-38],[9,-52],[-16,-43],[29,-12],[29,44],[38,-12],[3,-28],[33,-19],[-3,47],[25,26],[60,-9],[76,-36],[23,-38],[47,-18],[38,13],[58,-51],[14,-75],[-36,-52],[-53,-13],[-97,-74],[-74,-6],[-26,9],[-24,-23],[-44,4],[-4,-37],[-27,-25],[25,-50],[42,-42]],[[88235,12993],[188,507],[124,316],[85,117],[253,333],[225,299],[243,328],[62,81]],[[89415,14974],[1,1],[6,9],[3,3],[0,1],[3,3]],[[89428,14991],[4,2],[4,8],[1,2],[1,-54],[21,-126],[-4,-46],[-82,-131],[-21,-110],[-17,-48],[-19,-10],[-17,-76],[41,-41],[6,-133],[19,1],[18,-101],[65,-42],[-26,-73],[-19,0],[-11,-82],[49,56],[38,-2],[43,-24],[41,18],[15,-82],[-1,-103],[-15,-51],[1,-82],[9,-59],[35,-116],[9,-74],[-45,-29],[28,-44],[26,17],[50,-96],[14,-105],[-5,-73],[7,-60],[-27,-57],[-55,2],[-25,-18],[-15,-13],[-6,-8],[-9,5],[-5,0],[-10,-13],[-12,-8],[-14,-17],[-1,-1],[-1,-3],[-2,-3],[-2,-8],[-11,-19],[2,-13],[-9,-22],[-8,-12]],[[89482,12814],[7,11],[9,18],[1,14],[-3,5],[11,17],[1,2],[1,5],[3,8],[5,-1],[7,5],[4,13],[13,9],[9,13],[11,-7],[6,4],[3,6],[17,1],[10,-7],[27,25],[45,-1],[17,38],[44,-15],[4,69],[15,34],[32,-34],[26,-92],[-20,-67],[-32,-11],[-21,-44]],[[89707,13167],[20,-66],[-19,-8],[-1,74]],[[89282,15847],[-10,-120],[10,-29],[-18,-79],[-50,3],[-53,-63],[-60,-136],[-78,-115],[-111,-146],[-29,-7],[-102,-107],[44,13],[39,-13],[16,-32],[113,60],[2,-57],[-18,-57],[90,-7],[3,39],[46,59],[29,-10],[53,41],[32,-28],[11,-57],[42,-6],[16,65],[71,13],[92,-12],[8,-20],[-21,-13],[-4,-5],[-11,-23],[-4,-4],[-3,-2],[-3,-6],[-1,-1],[-5,-4],[-3,-7]],[[87825,13044],[-363,-170],[-87,60],[17,70],[-33,23],[22,96],[37,-36],[35,52],[-10,46],[-64,74],[-29,-17],[-29,-39],[-56,38],[-38,38],[-19,38],[-34,8],[-49,-44],[-43,-54],[-26,-9],[-59,312],[22,-2],[40,70],[25,8],[20,53],[15,-15],[37,33],[43,-9],[101,61],[73,-20],[18,-84],[22,-6],[43,-126],[20,15],[-218,881],[-71,254]],[[87187,14643],[-61,213],[-78,259],[-95,327],[-91,302],[-32,115]],[[86830,15859],[171,85],[525,287],[280,153]],[[87806,16384],[65,-126],[358,-675],[48,-87],[232,126],[346,193],[331,183],[18,-89],[43,-49],[35,-13]],[[89282,15850],[9,-2]],[[89291,15848],[-9,2]],[[86397,10675],[-20,62],[17,58],[-2,63],[-46,157],[-20,95],[-15,-34],[-4,-57],[-21,-25],[-6,-51],[-64,73],[-34,-48],[-60,56],[-30,15],[-24,73],[0,44],[-25,115],[-18,-79],[-23,-1],[-31,60],[10,66],[-11,58],[-22,29],[-6,76],[51,97],[-48,107],[3,44],[36,43],[21,53],[-35,71]],[[85970,11895],[77,-2],[22,38],[32,83],[32,-25],[46,30],[45,-81],[18,-58],[23,11],[18,44],[9,82],[17,70],[202,560],[65,183],[68,205],[114,352],[172,499],[113,329]],[[87043,14215],[144,428]],[[85970,11895],[0,534],[-1,397],[-4,563],[-3,343]],[[85962,13732],[55,-24],[23,24],[306,151],[232,110],[465,222]],[[85962,13732],[-2,425],[-1,874],[50,-50],[11,9],[-2,13],[9,16],[1,9],[10,-3],[18,17],[0,16]],[[86056,15058],[-1,48]],[[86055,15106],[0,1]],[[86055,15107],[14,34],[27,109],[5,65],[-23,16],[0,770],[1,333]],[[86079,16434],[297,-233],[454,-342]],[[85983,15011],[48,23],[25,24]],[[86056,15058],[0,-15],[-18,-17],[-10,3],[-1,-10],[-18,-31],[-26,23]],[[86056,15058],[-1,48]],[[86055,15107],[-9,-15],[10,-34]],[[85983,15011],[-137,142],[-3,46],[-26,65],[-16,14],[-38,128],[-45,44],[-28,66],[-60,56],[-24,47],[-34,30],[-30,49],[17,11],[9,29],[-10,72],[-24,81],[-2,10],[-3,7],[-9,7],[2,8],[-6,20],[-7,5],[-2,26],[-8,17],[-43,77],[5,7],[-7,39],[-16,27],[21,13],[-4,24],[13,0],[9,11],[5,-5],[2,10],[-5,4],[-5,12],[8,20],[0,13],[0,6],[-28,156],[-18,41],[7,36],[4,2],[0,4],[-2,3],[-4,2],[-8,8],[-9,16],[-5,14],[0,27],[3,5],[1,5],[-1,6],[6,3],[1,11],[11,18],[-3,11],[-6,9],[0,5],[7,4],[4,3],[8,0],[0,6],[-5,12],[-4,25],[14,9],[6,13],[8,-6],[3,-1],[9,14],[4,22],[12,-2],[5,4],[-1,5],[-4,11],[0,4],[8,6],[1,3],[-2,4],[-4,4],[-1,7],[6,6],[-11,34],[-8,3],[0,7],[-2,17],[6,1],[8,7],[1,2],[0,2],[-1,21]],[[85498,16878],[242,-187],[250,-187],[89,-70]],[[84480,15685],[294,136],[272,218],[217,352],[1,664]],[[85264,17055],[233,-177]],[[85497,16878],[-2,-4],[4,-15],[-1,-5],[-9,-8],[-3,1],[-2,-1],[0,-3],[2,-17],[-1,-5],[1,-2],[8,-2],[11,-33],[-7,-7],[2,-7],[4,-4],[1,-5],[-8,-7],[0,-5],[4,-10],[0,-5],[-6,-4],[-10,2],[-5,-21],[-5,-1],[-4,-13],[-7,4],[-2,3],[-3,-2],[-14,-18],[-6,-3],[0,-10],[4,-10],[7,-23],[-6,1],[-12,-6],[-2,-5],[1,-4],[8,-18],[-10,-16],[-2,-13],[-6,-3],[1,-7],[-1,-6],[-3,-5],[1,-26],[5,-14],[6,-13],[6,-6],[10,-7],[0,-5],[-3,-1],[-2,-8],[-1,-12],[-3,0],[-2,-18],[19,-43],[4,-63],[8,-12],[8,-49],[1,-11],[6,-16],[1,-7],[-8,-35],[5,-14],[-2,-6],[-9,-11],[-14,0],[3,-23],[-30,-7],[10,-25],[18,-24],[1,-32],[31,-81],[20,-13],[1,-27],[12,-33],[8,-7],[3,-5],[3,-27],[23,-64],[-1,-48],[11,-23],[-8,-30],[-24,3],[-4,45],[-24,9],[-61,67],[-39,-3],[-20,21],[-64,2],[-34,-13],[-22,-37],[-6,-118],[-9,-38],[-45,-13],[-68,56],[-18,-3],[-57,-51],[-43,-5],[-7,-65],[-31,-41],[-41,-10],[-37,14],[-20,-18],[-29,13],[-42,-58],[-53,-18],[-51,-62],[-54,-29],[-26,39],[-49,44],[-30,44],[-55,40],[-11,67],[-5,93]],[[88303,17305],[-27,-88],[-66,-45],[-50,-15],[-85,-263],[-53,-174],[-88,-261],[-128,-75]],[[85498,16878],[-1,0]],[[85264,17055],[0,249]],[[85264,17304],[0,101],[305,1],[0,232],[203,1]],[[85772,17639],[406,0],[9,-5]],[[86187,17634],[-20,-51],[8,-50],[-2,-70],[59,-49],[53,-16],[88,-94],[89,-57],[29,34],[-1,46],[93,7],[49,-37],[49,14],[50,47],[0,43],[31,-5],[44,28],[12,35],[97,-120],[26,2],[4,45],[-23,22],[11,83],[21,65],[25,40],[80,47],[78,-27],[34,32]],[[87171,17648],[18,-52],[18,30],[54,29],[56,-5],[112,69],[58,53],[14,32],[51,20],[81,9],[-12,-109],[9,-34],[31,-35],[94,-42],[13,-28],[63,-17],[69,-37],[61,-100],[81,7],[35,-22],[56,-8],[46,11],[28,-30],[57,-28],[39,-56]],[[89346,15908],[-5,0],[-25,6],[-25,-66]],[[89282,15850],[0,-3]],[[88303,17305],[34,-45],[37,-95],[8,-77],[20,-99],[4,-115],[8,-40],[31,-65],[47,-72],[-50,-56],[10,-51],[37,-14],[29,97],[48,42],[42,-7],[42,13],[74,81],[74,119],[15,34],[41,8],[39,39],[64,83],[65,50],[17,-7],[72,36],[30,-2],[90,24],[20,-44],[-35,-22],[-71,-82],[13,-33],[36,15],[39,-15],[43,55],[104,20],[39,26],[47,-14],[24,-104],[-25,-41],[23,-81],[-1,-35],[33,-23],[2,65],[-20,-1],[-4,57],[36,13],[5,40],[44,-51],[7,-35],[26,-17],[0,-38],[-53,-55],[-42,-8],[-8,-35],[-62,-28],[16,-33],[-14,-49],[17,-18],[-14,-60],[-39,-93],[-38,10],[-35,-90],[19,-82],[-18,-19],[41,-126],[-33,-160],[-7,-87]],[[89517,17148],[-1,-85],[-33,-13],[-14,39],[11,66],[37,-7]],[[89801,17694],[31,-28],[-14,-80],[19,-92],[23,-14],[-26,-51],[-15,33],[-28,-49],[-31,-10],[-15,-39],[-30,-10],[-10,69],[10,44],[44,87],[6,105],[36,35]],[[89818,17311],[-4,-88],[-33,-106],[-52,-126],[-42,-75],[-42,-33],[-8,50],[-31,0],[-14,44],[41,23],[8,54],[-20,37],[-20,-5],[-22,30],[2,63],[66,125],[24,19],[70,-24],[8,-35],[30,-10],[39,57]],[[93121,15651],[-5,-56],[-28,30],[33,26]],[[93106,16245],[-12,-46],[-35,-76],[-15,-126],[-23,-60],[-35,4],[-26,52],[73,73],[-7,74],[14,30],[54,33],[12,42]],[[93450,16609],[-5,-49],[-67,-61],[-31,-83],[-53,-56],[-17,31],[85,72],[6,77],[36,69],[-107,-66],[1,38],[-66,-67],[-27,-64],[-88,-100],[-74,-135],[-82,-134],[-40,-44],[-12,-44],[23,-49],[-37,-120],[-34,1],[-24,-33],[-6,-85],[10,-60],[28,-88],[37,-45],[26,1],[26,-49],[-29,-15],[-51,58],[-8,-30],[-79,-42],[-55,37],[5,74],[33,53],[14,-27],[54,-8],[1,27],[-24,174],[1,74],[-13,73],[43,87],[61,35],[89,115],[42,70],[57,110],[30,34],[141,206],[44,39],[15,-18],[43,2],[51,24],[27,-9]],[[89197,17936],[-121,390],[209,230],[-210,323],[-104,156],[-101,159],[-224,342]],[[88646,19536],[526,1],[0,42],[471,0],[217,1],[246,5]],[[90106,19585],[25,-79],[64,-71],[5,-72],[-37,19],[-48,-1],[-59,-20],[14,-179],[51,-29],[38,-43],[-19,-71],[-70,-51],[-24,-31],[-22,-86],[8,-69],[-27,7],[-32,-17],[-21,11],[-50,-32],[-45,-6],[-27,-29],[-104,-49],[-28,-37],[-79,-42],[-19,-34],[-50,14],[40,-101],[-23,-46],[-26,-15],[0,-37],[-28,-87],[-12,-87],[-53,-7],[-54,-48],[-27,4],[-56,-30],[-41,4],[-9,-56],[18,-39],[-82,-107]],[[88646,19536],[-1,407],[-35,0],[-2,452],[6,33],[258,1],[-2,271],[79,10],[65,-3],[-9,366]],[[89005,21073],[103,0],[80,-19],[19,-14],[113,-34],[26,-23],[64,-28],[45,-40],[14,-33],[63,-55],[98,-60],[71,-30],[71,-86],[43,-28],[38,-43],[56,-98],[37,-29],[30,-65],[70,-105],[1,-29],[34,-25],[45,-78],[42,-105],[-21,-110],[17,-130],[-40,81],[-11,-3],[-59,65],[-86,62],[-45,18],[-22,-18],[-35,42],[-44,12],[0,-60],[52,-53],[55,-29],[36,-63],[5,-79],[46,-41],[15,-43],[32,-25],[43,-87]],[[88646,19536],[-525,-311]],[[88121,19225],[-49,82],[-127,198]],[[87945,19505],[-294,463],[-220,344],[-4,2],[-195,-156],[11,50],[3,90],[-6,102],[-39,81],[-117,-91],[-89,137]],[[86995,20527],[58,41],[52,11],[19,30],[53,42],[13,30],[80,29],[27,39],[57,-4],[63,48],[19,-13],[64,16],[53,68],[121,67],[67,23],[39,28],[42,8],[137,47],[143,31],[63,-1],[28,-20],[42,30],[35,4],[10,-26],[38,34],[40,11],[23,-26],[29,33],[43,21],[16,-19],[29,27],[85,13],[65,-11],[46,3],[158,-7],[9,-27],[144,-34]],[[89197,17936],[-55,-36],[-47,-54],[-18,-43],[-40,-44],[-54,-22],[-28,-24],[-76,-27],[-19,-34],[-100,-12],[-51,10],[-25,32],[-27,79],[-50,68],[-58,12],[-46,26],[-51,44],[-67,42],[-102,25],[-52,87],[-25,54],[-30,-1],[-4,88]],[[88172,18206],[-89,69],[-60,102],[-62,-88],[-165,25],[7,377],[-71,298]],[[87732,18989],[111,65],[278,171]],[[88172,18206],[-39,-8],[-89,-133],[-40,-115],[-53,-51],[-49,42],[-43,16],[-33,-21],[-45,12],[-25,-13],[-31,16],[-15,-31],[32,-24],[-10,-69],[-19,-7],[-42,45],[-20,62],[-37,21],[-35,-4],[-36,40],[-23,-39],[-44,1],[-52,-93],[9,-49],[-38,-9],[-15,-32],[-39,-10],[-38,27],[-13,-52],[-24,-39],[-34,-19],[-22,22],[-39,-44]],[[86187,17634],[10,143],[-73,115],[-20,74]],[[86104,17966],[343,219],[114,-457],[211,132],[1,18],[251,142],[-70,117],[42,54],[74,-126],[-154,419],[265,172],[214,132],[337,201]],[[86104,17966],[-11,93],[22,12],[31,56],[16,90],[-86,331],[-75,104],[-62,35],[18,34],[-49,76],[66,103],[-23,18],[-30,66],[-30,-46],[-33,56],[-76,108],[-7,44],[49,85],[-17,41],[26,45],[-14,74],[49,88]],[[85868,19479],[90,160],[36,-2],[181,-254],[30,0],[21,-26],[31,2],[133,236],[142,-209],[200,-232],[68,106],[14,-27],[64,-2],[94,88],[58,2],[43,43],[-16,125],[75,34],[14,19],[32,-51],[14,33],[65,77],[127,111],[20,-10],[-3,141],[22,16],[306,-482],[216,128]],[[85868,19479],[-40,53],[-28,10],[-24,32]],[[85776,19574],[75,106],[57,55],[41,13],[25,31],[95,62],[70,66],[46,22],[33,61],[40,33],[44,1],[47,22],[87,72],[18,31],[96,26],[24,36],[123,59],[38,37],[37,15],[44,43],[115,84],[64,78]],[[85772,17639],[2,291],[-280,412],[-83,117],[87,154],[-73,106],[-50,86],[19,51],[-63,95],[-119,164]],[[85212,19115],[49,62],[34,-8],[34,35],[58,83],[112,123],[33,21],[33,-27],[47,36],[14,56],[22,27],[36,-2],[6,-24],[86,77]],[[85264,17304],[-144,233],[-181,286]],[[84939,17823],[-127,207],[-242,368]],[[84570,18398],[48,77],[90,64],[5,29],[55,40],[54,53],[38,9],[0,29],[54,48],[13,-10],[85,97],[21,44],[47,5],[25,46],[5,38],[30,62],[28,32],[21,48],[23,6]],[[84724,18800],[-2,-44],[-25,-29],[-27,14],[54,59]],[[84939,17823],[-100,-158],[36,-59],[-160,-259],[-22,10],[-49,-19]],[[84644,17338],[-47,7],[-23,37],[15,25],[-7,48],[-34,61],[-44,-100],[-101,-175],[-32,6],[-50,80],[5,34],[49,118],[31,112],[-61,97],[-48,-79],[-55,83],[-27,51],[24,38],[13,48],[-28,45]],[[84224,17874],[46,32],[31,78],[34,20],[11,32],[40,43],[-3,35],[90,151],[97,133]],[[84644,17338],[27,-8],[33,-35],[14,-35],[-10,-89],[-5,-106],[-81,128],[-20,-35],[-41,65],[-33,-66],[-119,-199],[-18,29],[-49,-76],[-37,-1],[-157,-260]],[[84148,16650],[-125,201],[-63,-145],[-54,87],[-8,27],[22,49],[-55,35],[-34,-4],[-44,-63],[-25,41]],[[83762,16878],[40,60],[45,115],[1,49],[16,23],[29,79],[1,94],[48,95],[10,44],[-15,37],[33,17],[48,118],[41,43],[17,37],[42,4],[96,135],[10,46]],[[83727,16934],[-4,7]],[[83723,16941],[4,-7]],[[84083,17816],[-19,-63],[-47,-81],[-55,-70],[79,172],[42,42]],[[84480,15685],[8,153],[-7,72],[19,69],[-11,59],[-25,19],[-20,-27],[-32,34],[-82,59],[-28,-12],[-26,18],[-196,-452]],[[84080,15677],[-232,374],[159,265],[175,279],[-34,55]],[[84080,15677],[-274,-644]],[[83806,15033],[-308,466],[-103,161],[-33,-36],[-111,176]],[[83251,15800],[52,97],[12,59],[-4,69],[-13,26],[32,48],[-4,56],[19,54],[34,40],[21,-14],[37,84],[22,-16],[25,23],[50,142],[40,26],[18,45],[33,40],[15,50],[66,164],[40,81],[16,4]],[[83727,16934],[-4,7]],[[83705,18000],[-21,-58],[21,-33],[-57,-95],[-9,-92],[6,-70],[-24,-110],[-33,-21],[18,-52],[-8,-56],[-44,-109],[-34,-59],[-13,-90],[-25,-66],[-6,-92],[-19,-31],[-42,-13],[-25,-107],[-89,-100],[-84,-83],[-26,2],[10,-80],[-70,-120],[-6,-32],[5,-86],[-14,-80]],[[83116,16267],[-13,54],[-59,82],[-44,-32],[-12,64],[59,44],[-133,72],[17,88],[-116,-85],[-22,28],[19,68],[24,11],[31,52],[-1,41],[-62,129],[-25,24],[-35,-59],[4,792]],[[82748,17640],[313,-1],[102,349],[253,-188],[101,346]],[[83517,18146],[33,-76],[38,-29],[32,1],[85,-42]],[[83116,16267],[-18,-10],[-7,-48],[-42,-13],[-30,-45],[-62,-12],[-21,-35],[-21,6],[-81,-74],[-38,28],[-22,-49],[10,-65],[-8,-48],[-58,-133],[-22,-109],[3,-25],[-22,-77],[-39,-76]],[[82638,15482],[-110,87],[-194,483],[-137,325],[-178,426],[-289,672],[-12,25]],[[81718,17500],[28,0],[6,60],[-41,14],[1,65]],[[81712,17639],[483,0],[553,1]],[[82995,16036],[-92,-160],[-28,4],[-20,61],[21,49],[31,33],[57,17],[31,-4]],[[83806,15033],[-129,-302],[-264,-630]],[[83413,14101],[-287,479],[39,62],[-52,85],[-32,-53],[-87,168],[-138,226]],[[82856,15068],[142,246],[92,227],[5,63],[44,106],[56,22],[56,68]],[[83413,14101],[-44,-104],[-26,-291],[-16,-5],[-15,-16],[-5,-6],[-5,-11],[-9,-5],[-5,-10],[-17,-57],[-27,-21],[-1,-3],[1,-5],[0,-11],[1,-11],[-2,-7],[-11,1],[-21,-14],[-2,-7]],[[83209,13518],[-66,109],[31,51],[-157,265],[-32,-52]],[[82985,13891],[-142,233],[-41,-34],[-25,67],[31,27],[-122,203],[-58,-93],[-60,92],[-29,-81],[-79,137],[18,36],[4,47],[-35,60]],[[82447,14585],[16,-1],[17,55],[32,34],[17,-8],[111,135],[41,23],[41,-7],[55,56],[31,51],[25,101],[23,44]],[[82871,15317],[-31,-67],[-48,-54],[-40,-100],[9,-34],[-29,-73],[-24,11],[25,55],[-1,43],[29,54],[3,33],[32,58],[75,74]],[[83311,13350],[-102,168]],[[83209,13518],[4,7],[19,13],[10,-1],[3,2],[0,7],[-1,27],[9,5],[4,6],[6,2],[10,10],[11,25],[7,21],[3,20],[9,6],[5,11],[5,5],[7,4],[6,11],[16,6],[-31,-355]],[[82985,13891],[-142,-229],[-59,97],[-102,-174],[63,-104],[-27,-49],[26,-42],[-26,-18],[-38,-79],[22,-37],[-66,-102]],[[82636,13154],[-48,85],[-31,-49]],[[82557,13190],[-41,77],[33,61],[-57,105],[-28,-5],[-54,101],[-27,-42],[-32,76],[-15,-14],[-54,118],[-17,-1],[-28,45],[-25,-21],[-70,12],[4,51],[-12,34],[-33,21],[-19,58],[-30,-53],[-39,62]],[[82013,13875],[29,49],[-7,105],[33,62],[11,-13],[33,53],[44,-13],[-2,55],[45,58],[-87,144]],[[82112,14375],[94,10],[73,112],[64,53],[35,-27],[54,90],[1,-1],[14,-27]],[[82430,14911],[-15,-72],[-72,-157],[-10,-40],[-44,-55],[-44,-33],[-52,-92],[-93,-38],[-75,6],[27,73],[81,128],[36,36],[87,159],[119,89],[20,-15],[35,11]],[[82638,15482],[-21,-86],[-71,-173],[-21,-74],[-34,-61],[-20,-10],[-52,-92],[-87,-26],[-83,-80],[-39,-68],[-36,-45],[-68,-144],[-83,-96]],[[82023,14527],[-21,23],[-8,51],[-29,73]],[[81965,14674],[-15,78],[104,124],[37,111],[-72,150],[-30,-46],[-8,39],[-47,70],[-50,29],[13,47],[-89,197],[-124,287],[-29,43],[-276,651],[-235,550]],[[81144,17004],[-213,496]],[[80931,17500],[245,-1],[542,1]],[[81965,14674],[-36,87],[-94,-110],[-38,71],[-45,-64],[-55,138],[-31,-36],[50,-126],[-39,-26],[-84,-144],[-47,-34],[11,-40],[57,-95],[-13,-27],[-59,-25]],[[81542,14243],[-53,62],[-48,-16],[-89,149],[11,83],[-33,54],[29,44],[-12,27],[102,164],[-122,202],[-92,148],[215,220],[-98,162],[-117,220],[-61,21],[-73,65],[-37,66],[-48,34],[-18,39],[-22,-21],[-51,23],[-25,-69],[-32,-15],[-40,21]],[[80828,15926],[19,36],[-2,55],[-32,55],[13,84],[-45,53],[-15,76],[-30,58],[408,661]],[[82023,14527],[-27,-71],[-39,-27],[9,-41],[-13,-79],[-28,-43],[-17,-52],[-61,-71],[-63,-5],[-28,-37],[-44,7],[-92,-34],[-42,-22]],[[81578,14052],[-98,168],[62,23]],[[82013,13875],[-74,-125],[-11,122],[-49,-93],[-76,-128]],[[81803,13651],[-200,321]],[[81603,13972],[62,42],[59,6],[69,45],[10,28],[95,61],[54,71],[24,117],[24,36],[76,-13],[36,10]],[[82557,13190],[-81,-126],[-35,75],[-56,-82],[-72,75],[-3,-69],[-29,-48],[-69,81],[-41,-62],[-27,-17],[-20,37],[-37,-24],[-16,24]],[[82071,13054],[-13,39],[-40,70],[-14,58],[-81,177],[43,58],[-22,36],[19,31],[-24,41],[-33,16],[-30,-50],[-73,121]],[[82575,12787],[-50,-79],[15,-62],[-53,-89],[9,-50],[-17,-27],[8,-42],[-32,-53],[-20,45],[-36,-53],[-8,-37],[-34,-52],[-1,-60],[-41,84],[-17,-27],[-38,78],[-33,14]],[[82227,12377],[-43,77],[15,27],[-23,41],[40,62],[-122,273],[-18,-28],[-27,56],[19,32]],[[82068,12917],[-48,91],[51,46]],[[82636,13154],[74,-123],[-120,-192],[-15,-52]],[[83311,13350],[-13,-137],[-38,-12],[-69,-145],[-26,1],[-45,-84],[4,-83],[-31,-24],[-27,-102],[-7,-69],[-35,-125],[63,-112],[-21,-100],[-41,-43],[-20,-91],[32,-17]],[[83037,12207],[-16,-25],[-63,-52],[-69,4],[-95,302],[-36,32],[1,61],[-30,53],[-31,-49],[-28,108],[-25,-42],[-9,80],[-61,108]],[[83037,12207],[-44,-99],[16,-57],[-10,-104],[54,6],[30,-68],[-25,-43],[10,-59],[-37,-88],[-28,-38],[-39,-15],[-22,-50],[-32,-40],[-12,-65],[-19,-3]],[[82879,11484],[-9,30],[-58,-50],[-33,106],[-155,-134],[-17,59],[-21,-51],[-268,-5],[-7,184],[3,125],[-64,70],[-21,-41],[-44,28],[-62,75],[-13,-30],[-44,53]],[[82066,11903],[71,168],[46,-52],[20,48],[2,53],[-43,95],[15,86],[50,76]],[[82879,11484],[9,-97],[22,-28],[-14,-88],[-46,-45],[-32,6],[-70,-110],[-37,1],[-39,-102],[-33,-51],[-31,-15],[-17,-58],[-35,-67],[4,-35],[-43,-121],[6,-47],[30,-43],[14,-61],[34,-19],[27,-67],[4,-59],[-25,-61],[-42,46],[-33,-13],[-24,25],[-31,82],[-44,0],[-36,-79],[27,-94],[-14,-32],[-5,-62],[13,-33],[-9,-60],[-23,-17],[2,-44],[-19,-44],[-11,-93],[-47,42],[-1,41],[-27,61],[12,46],[-8,44],[-31,35],[-10,39],[-31,-20],[-36,44],[2,-79],[-30,-25],[-36,6],[-38,-30],[-40,-154]],[[82037,9949],[1,227],[-3,364],[-32,0],[2,217],[-8,-1],[-79,126],[34,62],[-35,53],[31,58],[-124,197],[-94,155]],[[81730,11407],[55,85],[9,120],[-17,57],[11,20],[82,-112],[32,9],[18,37],[62,-86],[49,115],[-26,84],[-4,107],[38,91],[27,-31]],[[81730,11407],[-51,84]],[[81679,11491],[-32,50]],[[81647,11541],[-5,7],[15,150],[-114,125],[-12,-31],[-145,168],[71,163]],[[81457,12123],[136,313],[-28,34],[5,39],[53,120],[20,70],[25,-31],[31,9],[55,125],[-48,60]],[[81706,12862],[108,166],[78,-133],[176,22]],[[81457,12123],[-87,106],[13,33],[-151,179],[-113,-108],[-10,64],[-47,-77],[-11,111],[9,89],[16,14],[0,81],[-18,57],[-24,-9],[0,80],[29,37],[23,-4],[38,91],[51,44],[-30,54]],[[81145,12965],[-98,168],[110,179]],[[81157,13312],[141,-243],[168,248],[62,-109],[40,57],[62,-106],[-34,-53],[30,-57],[-31,-51],[111,-136]],[[81157,13312],[-131,220],[-52,79]],[[80974,13611],[29,17],[63,131],[62,55],[16,51],[33,48],[24,0],[41,-74],[37,-26],[96,-4],[62,24],[51,68],[45,14],[70,57]],[[81578,14052],[-17,-4],[-61,-53],[-25,8],[-50,-37],[-47,-48],[-68,11],[-45,-6],[-64,63],[-44,-6],[-21,-22],[-31,-82],[-74,-81],[-58,-100],[-75,-8]],[[80898,13687],[-217,370]],[[80681,14057],[-125,209],[57,84],[12,-22],[40,38],[34,52],[28,-50],[22,18],[70,111],[-124,200],[-189,309],[75,124],[-26,76],[-30,1],[-27,42],[-85,1],[-26,109]],[[80387,15359],[-12,57],[0,295],[88,71],[-8,124],[40,20],[52,-92],[-30,-150],[99,-45],[23,0],[44,-51],[53,67],[40,111],[5,87],[20,16],[27,57]],[[80681,14057],[-84,-136],[-29,67],[-43,-26],[0,-47],[-53,-22],[20,-39],[-52,-104],[-70,107],[-39,-64]],[[80331,13793],[-85,136],[-36,-64],[-20,25],[1,54],[-34,23],[-29,84],[-11,63],[-36,79],[-29,40],[-35,-61],[-67,101],[102,171],[-42,15],[-23,24],[-31,-21],[-14,54],[-26,46],[-82,30],[-37,25],[-3,-39],[-44,-51],[-6,-46],[-26,-48],[2,-29],[-33,-26]],[[79687,14378],[-27,36],[-31,-14],[-28,10],[-23,50],[-27,19],[6,39],[-32,15],[-48,-48],[-16,25],[-45,24],[-59,-21],[-6,13]],[[79351,14526],[-47,62],[-63,-30],[-19,-73],[-18,-13],[-67,16],[-64,-23],[-21,31],[11,75],[0,73],[18,29],[-31,99],[-51,133],[-45,102],[-23,81],[-55,100],[-39,54],[-68,-118],[-133,214],[36,475],[28,54],[21,64]],[[78721,15931],[21,45],[-6,87],[30,97],[213,74],[223,-358],[270,-440],[66,-104],[30,-22],[57,26],[21,-31],[63,12],[27,-29],[-15,-54],[101,7],[32,88],[-2,25],[32,31],[23,58],[28,-12],[22,18],[17,-92],[32,-43],[179,-295],[72,118],[130,222]],[[80331,13793],[-36,-56],[38,-62],[-86,-133],[-121,-203]],[[80126,13339],[-19,63],[5,105],[-8,31],[14,40],[-122,209],[23,36],[-53,83],[20,27],[-37,142],[-20,27],[-80,33],[-19,-26],[28,-149],[0,-44],[-15,-51],[-38,14],[-36,147],[-54,-6],[-82,131],[10,39],[31,16],[14,51],[-1,121]],[[80898,13687],[-49,-18],[-87,-92],[-37,-133],[-15,-113],[-33,-36],[-55,-9],[-34,-31],[-21,-42],[-46,-23],[-50,-42],[-38,-76],[-49,-69],[-44,-101],[-104,-75],[-51,40],[-34,-15],[-1,1],[-1,2]],[[80149,12855],[-45,82],[4,35],[34,68],[51,6],[14,29],[-58,97],[42,66],[-18,13],[-47,88]],[[81145,12965],[-63,-94],[-17,33],[-18,-28],[-36,68],[-12,-38],[-57,-87],[10,-19],[-31,-48],[-25,0],[-18,31],[-69,-113],[-10,-73],[-37,1]],[[80762,12598],[-39,29],[-36,-32],[-9,27],[-45,22],[-16,86],[-18,39],[-39,-30],[-22,39],[-24,-63],[-69,-121],[-133,231]],[[80312,12825],[48,53],[65,118],[67,108],[48,15],[19,26],[69,16],[96,57],[21,46],[30,204],[22,25],[28,65],[68,61],[81,-8]],[[81647,11541],[-41,-72],[-26,39],[-25,-49],[-88,121],[-21,-45],[-158,198],[-108,-241],[-53,15],[-17,-22],[-127,160],[-75,-158]],[[80908,11487],[-66,91],[18,32],[-102,135],[-15,-29],[-32,29],[24,79],[-19,25],[-18,-32],[-44,64],[15,35],[-36,50],[49,89],[2,58],[-25,32]],[[80659,12145],[18,37],[59,81],[30,63],[76,36],[-16,34],[-4,120],[-15,35],[-46,-22],[1,69]],[[81351,10985],[-70,92],[-66,-140],[-103,132],[33,58],[-103,130],[-26,-13],[-15,-32],[-140,173]],[[80861,11385],[47,102]],[[81679,11491],[-175,-295],[-31,54],[-114,-189],[18,-30],[-26,-46]],[[82037,9949],[-35,9],[-22,-27],[-21,39],[-38,-13],[-6,31],[-32,44],[-4,41],[-23,27],[-57,-74],[-34,-24],[5,-42],[-57,-25]],[[81713,9935],[-232,-8],[0,26],[-45,-2],[-1,165],[-108,-4],[-93,4],[-1,32]],[[81233,10148],[-3,170],[19,82],[-20,0],[-3,126],[-10,0]],[[81216,10526],[92,182],[51,-71],[53,103],[44,103],[-105,142]],[[81216,10526],[-45,0],[-29,38],[17,33],[2,47],[-39,52],[-25,-2],[-21,27],[-34,-57],[-10,46],[-56,-137],[48,-60],[-22,-15],[-65,-9],[2,-110],[-45,-43]],[[80894,10336],[-46,-10],[4,79],[-6,51],[-45,0],[0,53],[-62,7],[-3,-94],[-11,-115],[-61,5],[-190,-4]],[[80474,10308],[10,212]],[[80484,10520],[60,-5],[1,221],[28,4],[1,102],[20,3],[1,60],[19,27],[34,-4]],[[80648,10928],[19,-22],[72,159],[-86,118],[101,195],[-11,-61],[32,-113],[86,181]],[[81233,10148],[-18,55],[-38,36]],[[81177,10239],[-14,28],[-63,0],[-23,-74],[1,-73],[-106,2],[-4,-25],[-78,5],[4,234]],[[81713,9935],[-12,-19],[24,-89],[-32,-104],[-13,-73],[7,-48],[-57,-108],[-21,-54],[6,-61],[-17,-81],[-308,-7],[-172,-9],[-148,-4]],[[80970,9278],[0,46],[-43,-2],[-23,31],[-1,357],[212,-3],[-4,394],[9,6],[57,132]],[[80970,9278],[-200,-3],[-5,50],[-23,11],[8,103],[-41,-17],[-13,74],[23,66],[-14,18],[21,114],[43,105],[24,88],[16,23],[21,96],[-35,-6],[-17,-97],[-26,-38],[-9,-82],[-36,-97],[-17,-2],[-18,-131],[25,-185],[21,-95],[-66,-2],[-205,14]],[[80447,9285],[7,416],[90,-6],[4,426],[-74,-2]],[[80474,10119],[0,189]],[[80447,9285],[-81,-2],[-93,18],[-251,6],[-140,-7],[-145,3],[17,75],[-1,43],[-40,43]],[[79713,9464],[-5,67],[22,13],[-5,107],[19,0],[-2,146],[34,61],[-13,46],[6,104],[16,-2],[5,72],[-4,91],[46,13],[18,21]],[[79850,10203],[6,12],[126,-216],[7,56]],[[79989,10055],[28,6],[2,34],[78,3],[12,80],[14,36],[111,-10],[19,16],[35,-29],[11,-34],[29,-6],[-1,-33],[147,1]],[[79989,10055],[60,401],[9,125]],[[80058,10581],[21,182],[33,1],[-2,-37],[97,-4],[17,42],[65,-2]],[[80289,10763],[17,-34],[26,-1],[-3,-76],[162,-11],[-7,-121]],[[80289,10763],[6,187],[-112,1],[-22,-22],[55,408],[-25,43]],[[80191,11380],[28,46],[40,-55],[52,102],[46,-76],[-18,-35],[309,-434]],[[80191,11380],[-174,294],[-2,38]],[[80015,11712],[71,81],[48,101],[-61,107],[5,89]],[[80078,12090],[38,-11],[40,65],[90,-73],[46,63],[35,-36],[25,44],[18,-30],[22,48],[-37,66],[55,100],[30,-48],[-7,-75],[19,-38],[27,-5],[22,25],[31,-9],[20,-58],[50,99],[57,-72]],[[80078,12090],[-35,22],[-36,61],[-23,-24],[-57,93]],[[79927,12242],[20,5],[4,44],[-20,90],[27,-4],[35,41],[23,-3],[34,28],[26,-2],[39,31],[18,34],[46,33],[23,45],[31,10],[18,52],[-16,27],[-1,52],[78,100]],[[79889,12305],[-13,21]],[[79876,12326],[13,-21]],[[79915,12349],[-15,-62]],[[79900,12287],[0,6],[-5,10],[-3,-2],[-2,2],[25,46]],[[80149,12855],[-85,-80],[-14,24],[-79,-70],[-35,-66],[-75,-44],[-11,-44],[4,-51],[-58,-31]],[[79796,12493],[-80,141],[-126,197],[24,44],[-36,61],[13,23],[46,-3],[-32,54],[-1,43],[41,67],[-193,325]],[[79452,13445],[59,98],[-23,48],[-8,46],[-33,102],[-27,41],[-45,-49],[-43,-6],[-2,199],[-29,104],[25,166],[-15,48],[27,131],[-13,36],[26,117]],[[79796,12493],[-32,-18],[-50,-48],[-12,-32],[-39,-46],[-27,-84],[-2,-101],[-15,-141],[-61,-174],[-31,-113],[-50,-108]],[[79477,11628],[-93,160]],[[79384,11788],[37,84],[0,75],[32,-2],[13,59],[50,88],[21,87],[30,31],[-24,41],[-31,13],[-10,-29],[-36,-28],[-36,3],[-70,37],[17,88],[-12,54]],[[79365,12389],[-5,18],[51,70],[16,108],[-46,78],[-26,-38],[-41,87],[9,52],[-31,49],[51,82],[-16,27],[13,39],[41,64],[-89,152],[35,58],[-70,116],[9,14],[-83,134],[126,191],[143,-245]],[[79787,12421],[8,-33],[-29,-78],[-7,70],[28,41]],[[79755,12383],[-1,-74],[-27,-56],[-27,-30],[-4,73],[59,87]],[[79798,12461],[-54,-59],[-16,-58],[-24,19],[22,67],[54,42],[18,-11]],[[79922,12250],[2,-4],[3,-4]],[[80015,11712],[-52,84],[-12,-69],[-25,9],[-6,-41],[-83,48],[-30,50],[-33,-49],[-26,-106],[-38,-55],[-11,-38]],[[79699,11545],[-72,122]],[[79627,11667],[-23,38],[20,46],[-1,87],[10,78],[17,50],[-19,33]],[[79631,11999],[32,153],[15,32],[56,6],[23,23],[67,14],[44,28],[21,34],[8,7],[3,-5],[0,-3],[0,-1]],[[79915,12349],[7,-99]],[[79889,12305],[-13,21]],[[79829,12362],[-7,-44],[-32,-73],[-23,17],[28,80],[34,20]],[[80058,10581],[-45,12],[-59,-37],[-22,-32],[-44,18],[5,45],[-53,12],[-37,35],[-6,-42],[-38,-3]],[[79759,10589],[12,50],[-20,34],[19,91],[-45,83],[-23,-17],[-21,35],[-2,105],[10,49],[39,-43],[-3,133],[-18,33],[2,53],[30,102],[18,-32],[17,85],[-40,67],[-13,44],[10,28],[-32,56]],[[79850,10203],[-16,29],[1,64],[-23,5],[-21,37],[-50,-84],[-35,43],[-18,-32],[-55,88],[-48,-82],[-38,64]],[[79547,10335],[-5,48],[17,37],[-9,56],[-27,43],[-8,40],[46,146],[11,50],[136,-227],[51,61]],[[79713,9464],[-44,31],[-12,-69],[-12,-10],[-6,-69],[-19,-47],[-170,-10],[19,162],[9,49],[74,112],[0,295],[-15,-85],[-6,-74],[6,-107],[-38,-87],[-33,-56],[-19,-113],[-19,-60],[1,-36],[-67,-2]],[[79362,9288],[-2,90],[25,1],[-1,139],[-10,42],[27,71],[25,-1],[1,96],[-12,36],[7,50],[-25,39],[34,64],[-40,64],[4,106],[15,46],[-46,48]],[[79364,10179],[16,58],[10,177]],[[79390,10414],[44,-75],[26,-8],[22,64],[39,-66],[26,6]],[[79390,10414],[-1,40],[29,48],[32,97],[11,70],[37,101],[2,35]],[[79500,10805],[5,62],[14,50],[-19,33],[24,78],[-4,46],[21,70],[-26,59],[71,149],[-52,90],[12,46],[42,78],[39,101]],[[79390,10414],[-61,11],[-62,41]],[[79267,10466],[-10,116],[-10,19],[-20,119],[2,30],[72,168],[20,178]],[[79321,11096],[100,-188],[-2,-45],[27,-29],[54,-29]],[[79255,10472],[-1,0]],[[79254,10472],[-2,80],[-19,93]],[[79233,10645],[2,3]],[[79235,10648],[18,-98],[2,-78]],[[79321,11096],[2,78],[13,83],[79,168],[27,26],[81,152],[28,27],[22,46],[26,93],[6,142],[26,88]],[[79477,11628],[-16,-35],[-48,-47],[-87,-228],[-38,-68],[-17,4]],[[79271,11254],[-16,63],[-33,50],[4,110],[-28,-1],[1,64],[-35,14]],[[79164,11554],[47,58],[8,97],[36,59],[13,-12],[32,31],[8,109]],[[79308,11896],[41,-49],[35,-59]],[[79509,11617],[-56,-106],[-35,-4],[91,110]],[[79308,11896],[-17,46],[-23,-10],[-59,44],[27,47],[-9,36],[20,32],[-48,81],[-23,-35],[-49,82]],[[79127,12219],[-32,55],[83,130],[-36,63],[41,69],[-26,46],[24,33],[37,-17],[62,-62],[-7,-88],[45,-21],[-24,-53],[59,1],[12,14]],[[79127,12219],[-28,-45],[14,-24],[-42,-69],[-23,23],[-6,41],[-29,-4],[-94,-150],[-61,97],[-39,44],[-30,-50],[-26,25],[-65,-112]],[[78698,11995],[-31,52]],[[78667,12047],[27,47],[-29,51],[51,90],[-49,86],[-29,-46],[-57,107]],[[78581,12382],[50,92],[-177,278],[-87,-146],[-10,-1],[-171,280],[92,153],[-169,284]],[[78109,13322],[156,261],[-110,187],[-63,-23],[2,51],[-25,154],[13,21],[26,96],[-18,30],[15,138],[15,31],[-7,159],[22,43],[17,79],[12,9],[-170,282],[193,297],[-56,89],[34,59],[-66,181],[-201,31],[7,50],[39,0],[16,101],[14,5],[37,99],[8,-4],[30,107],[18,126],[20,54],[28,41],[37,95],[17,91],[-41,-14],[-25,22],[-27,-30],[-38,31],[-26,76],[-26,17],[-56,119],[-30,89],[-37,26],[-30,42],[-206,331]],[[77627,16971],[269,3],[62,3],[110,-4],[238,-379],[137,-225],[278,-438]],[[79164,11554],[-46,-69],[-31,49],[-8,-44],[-23,-30],[-32,47],[-51,5],[-16,20],[-60,21]],[[78897,11553],[-112,180],[22,12],[-79,124],[17,32],[-47,94]],[[79271,11254],[-48,-36],[-31,2],[-47,-29],[-22,9],[-12,-2],[-7,-9],[-22,20],[-12,-16],[-33,7],[-28,-38],[-19,4],[-23,-34]],[[78967,11132],[-24,44],[-19,-16],[-74,116],[53,-6],[43,-19],[17,104],[23,12],[-110,175]],[[78876,11542],[21,11]],[[79073,10905],[0,-1],[-35,-101],[-61,-55],[-34,-56],[-94,27],[-30,-5],[-10,77],[60,123],[49,63],[20,84],[54,96],[38,7],[9,10],[32,-5],[10,14],[25,0],[5,10],[13,-1],[11,-11],[10,2],[49,31],[25,-13],[-55,-94],[-41,-41],[-25,-44],[-25,-117]],[[79233,10645],[2,3]],[[78829,10708],[3,-63],[-35,-68],[-24,-9],[-33,58],[65,89],[24,-7]],[[79207,10670],[4,-72],[-24,-31],[-9,-52],[-41,-82],[-44,-12],[-35,40],[100,109],[37,65],[12,35]],[[79282,11218],[-13,-45],[3,-127],[-25,-90],[3,-74],[-40,-126],[-16,-119],[-37,-65],[-99,-108],[-61,21],[-62,2],[-72,-37],[-12,10],[-89,-73],[-41,4],[-22,67],[12,37],[28,18],[2,60],[42,-26],[30,34],[38,122],[44,-1],[11,-15],[49,-1],[20,41],[46,60],[24,8],[19,41],[36,155],[71,114],[43,44],[19,52],[49,17]],[[79364,10179],[-41,-51],[0,-19],[-69,-52],[-33,21],[-20,-8],[-101,69],[-20,-36],[-32,-98],[-24,-105]],[[79024,9900],[-158,282]],[[78866,10182],[14,7],[32,78],[21,29],[16,80],[51,0],[40,41],[73,-34],[35,14],[77,-18],[31,41],[11,46]],[[79255,10472],[-1,0]],[[78851,10210],[-1,0],[0,1],[0,1],[1,-2]],[[79362,9288],[-244,-17],[-90,-3]],[[79028,9268],[1,122],[9,0],[3,134],[15,13],[-41,73],[9,15],[-67,105]],[[78957,9730],[34,2],[68,105],[-35,63]],[[79028,9268],[-192,-3],[-342,-29],[-213,1],[-198,18],[-147,4],[27,52],[32,3],[31,35],[42,21],[34,-6],[41,60],[49,112],[1,79],[64,42],[14,40],[53,46],[57,17],[27,-9],[48,57]],[[78456,9808],[68,-141],[115,25],[63,70],[26,-48],[59,115],[50,40],[64,-37],[24,-42],[-15,-22],[27,-44],[20,6]],[[78456,9808],[24,24],[5,55],[66,-24],[61,-3],[58,30],[43,61],[47,119],[37,75],[48,7],[21,30]],[[78463,10007],[13,12]],[[78476,10019],[1,0]],[[78477,10019],[10,39],[72,38],[34,-7]],[[78593,10089],[37,12]],[[78630,10101],[55,12],[14,38]],[[78699,10151],[1,1]],[[78700,10152],[35,11]],[[78735,10163],[32,-13],[-50,-152],[-42,-71],[-51,-35],[-48,-10],[-98,37],[0,67],[-15,21]],[[78482,10044],[-5,-25]],[[78476,10019],[-2,30],[8,-5]],[[78699,10151],[-55,-16],[-14,-34]],[[78593,10089],[-27,41],[-36,-4],[-56,-32],[-23,-79],[12,-8]],[[78463,10007],[-28,-31],[-23,-2],[-92,-103],[-31,-56],[-22,19]],[[78267,9834],[-151,272],[39,254]],[[78155,10360],[40,265],[27,210]],[[78222,10835],[28,-58],[25,-129],[51,16],[34,-21],[28,1],[7,-48],[44,-1],[96,-70],[25,-35],[25,6],[27,-66],[16,21],[26,-31],[-11,-42],[17,-26],[-1,-49],[16,-52],[32,-57],[-7,-42]],[[78787,10364],[22,-72],[-7,-44],[-28,-7],[-29,16],[-26,-19],[-40,26],[-9,58],[6,35],[49,23],[6,-20],[56,4]],[[78857,10889],[-53,-62],[-7,-85],[-31,-6],[-38,-33],[-9,-50],[-52,-58],[-60,-55],[-19,20],[-22,-19],[-33,19],[-23,46],[4,25],[-43,35],[-12,70],[-52,-10],[-33,21],[-31,-14]],[[78343,10733],[4,49],[40,20]],[[78387,10802],[59,76],[79,-123],[3,-57],[84,133],[28,14],[17,34],[27,-17],[12,22],[-4,58],[33,9],[24,31],[19,-30],[23,33]],[[78791,10985],[66,-96]],[[78967,11132],[-20,-33],[-43,-109],[-37,-28],[-10,-73]],[[78791,10985],[-28,46],[67,27],[-73,116],[41,81],[44,29],[-69,116]],[[78773,11400],[61,101],[42,41]],[[78387,10802],[21,207],[-52,17],[22,87],[-20,51],[67,15]],[[78425,11179],[49,4],[42,34],[21,-2],[66,104],[-20,31],[26,27],[25,-40],[63,58],[34,70],[42,-65]],[[78425,11179],[16,176],[15,126],[73,-40],[7,81],[-33,27]],[[78503,11549],[19,33],[39,0],[2,44],[-12,95],[25,0],[4,66],[-19,36],[0,55],[47,65],[59,104]],[[78343,10733],[-26,-13],[-25,24],[-15,-49],[-22,109],[-36,40]],[[78219,10844],[-57,15],[-47,59],[-73,4],[-88,77],[-33,45],[-107,-29],[-67,29],[-25,-1]],[[77722,11043],[40,325],[45,273],[9,-3],[22,225]],[[77838,11863],[243,-57]],[[78081,11806],[-8,-58],[-16,-194],[-9,-54],[-8,-107],[113,-31],[20,262],[13,2],[121,-37],[54,73],[142,-113]],[[78081,11806],[25,3],[5,47],[27,-7],[-5,-54],[18,-6],[35,317],[73,-18],[101,-34],[-10,-95],[30,-49],[71,113],[15,-9],[59,108],[-52,86],[108,174]],[[77838,11863],[12,111],[-76,4],[-1,-77],[-45,-4],[-6,82],[-28,0],[-7,123],[-24,-2],[-1,130],[-97,-4],[2,124],[-90,-1],[-87,-7],[17,315]],[[77407,12657],[53,-1],[-6,265],[187,12],[332,-2],[-61,102],[66,101],[131,188]],[[77407,12657],[-49,-1],[-1,-91],[-23,-1],[0,-71],[-20,0],[-2,-72],[-26,2],[-1,-81],[-37,-15],[-231,-2],[1,-349],[-227,-2],[-26,31],[-46,-2],[-8,-33],[-76,0],[-32,-27],[-23,10]],[[76580,11953],[12,59],[47,79],[-41,25],[-4,426],[-27,-1],[-17,28],[-6,54],[10,38],[-13,30],[34,159],[-28,60],[120,5],[-2,167],[2,195],[-46,0],[-4,625],[-2,495],[-75,-1],[-11,-36],[-42,-34],[-21,-1],[-38,49],[-20,56],[-31,51],[-48,49],[-49,7],[-77,72],[-31,15],[-12,47],[9,137],[-22,52],[22,41],[27,18],[9,66],[0,136],[10,89],[-12,94],[11,76],[59,24],[23,-17],[43,49],[21,5],[18,45],[34,45],[25,60],[75,122],[48,19],[67,-77],[-1,-36],[34,-22],[5,43],[25,-13],[45,8],[2,-80],[28,-71],[-7,-27],[3,-105],[34,9],[30,64],[15,1],[42,110],[65,126],[12,73],[-19,60],[16,82],[35,57],[10,39],[38,68],[8,91],[17,70],[70,171],[-43,70],[-23,16],[-1,47],[13,42],[-18,50],[-48,-112],[-21,80],[11,39],[-44,120],[-77,104],[-24,130],[24,21]],[[76883,16980],[152,-6],[592,-3]],[[77722,11043],[-48,-4],[-94,25],[-24,-16],[-47,-82],[-55,-47],[-61,-16],[-30,-27],[-71,-4],[-29,23],[-52,0],[-117,-135]],[[77094,10760],[-3,0]],[[77091,10760],[-12,168]],[[77079,10928],[-10,222],[-9,97],[-137,-12],[-14,236],[-12,152],[-56,-19],[-98,-15],[-111,-25]],[[76632,11564],[-2,249],[-50,140]],[[77091,10760],[-54,-36],[-64,-8],[-88,-63],[-65,-67],[-51,-9],[-75,-34],[-15,-27],[-10,-70],[-61,-34],[-48,-95],[-24,-16],[-29,9],[-62,72]],[[76445,10382],[-16,220],[82,15],[2,-44],[48,9],[39,59],[1,73],[50,9],[-4,65],[213,43],[12,-63],[109,18],[-8,125],[106,17]],[[76445,10382],[-39,76],[-31,88],[-38,54],[-42,26],[-78,69],[-60,13],[-71,1],[-38,-30],[-14,-110],[-60,-11]],[[75974,10558],[-1,153],[-14,214],[-16,191],[-2,92],[-1,287],[205,11]],[[76145,11506],[-1,-153],[67,16],[308,62],[126,20],[-13,113]],[[76145,11506],[1,335],[-3,275],[-196,6],[2,674],[-30,49],[-23,3],[-36,-71],[-48,7],[-53,-56],[-52,30],[-34,102],[-47,75],[20,41],[28,-13],[56,53],[-11,106],[-22,46],[15,46],[-28,34],[-14,51],[-23,17],[-28,59],[-19,75],[-52,42],[20,80],[-17,74],[-26,29],[19,32],[-12,32],[-1,69],[66,13],[7,36],[-60,60],[-44,-54],[-29,20],[-19,-52],[-21,51],[-44,-41],[2,194],[-5,261],[4,339],[-1,211],[-238,0],[-5,406]],[[75144,15252],[1,402],[502,-3],[0,493],[2,380],[175,-245],[17,134],[-13,130],[-30,-18],[-19,36],[13,41],[79,61],[44,10],[26,40],[20,-6],[22,47],[38,37],[23,70],[58,22],[38,-38],[27,19],[98,12],[32,-8],[40,42],[14,101],[47,70],[30,-19],[52,20],[10,-73],[30,-21],[-6,-97],[-16,-57],[32,-41],[14,-63],[26,11],[-2,47],[10,191],[-8,42],[9,69],[16,48],[50,76],[240,-4]],[[76885,17210],[-2,-230]],[[75974,10558],[-24,-21],[-52,0],[-29,21],[-56,77],[-56,35],[-23,40],[-20,-9],[-101,46],[-65,79],[-18,63],[5,119],[-17,20],[-32,91],[30,60],[-20,94],[-48,7],[-29,29],[-2,69],[-12,75],[18,72],[-5,53],[6,59],[-16,57],[-74,53],[-62,22],[-39,-17],[7,-63],[24,-41],[-31,-28],[19,-98],[-28,-58],[-58,-8],[-31,50],[-50,18],[-32,70],[-59,24],[-69,55],[-47,116],[-7,42],[-25,24],[-25,55],[-9,106],[12,61],[-8,26],[-37,25],[-56,91],[-32,25],[-117,137],[-90,117],[-64,44],[-64,66],[-27,-44],[-37,28],[-64,8],[-78,34]],[[74150,12634],[-6,68],[9,42],[-7,84],[13,26],[7,86],[12,14],[28,117],[34,25],[4,40],[34,48],[-28,71],[-13,63],[14,57],[4,108],[-27,33],[18,30],[-24,102],[17,36],[-13,52],[-83,109],[-6,42],[33,74],[-5,36],[22,28],[-22,190],[0,46],[17,74],[-42,20],[-28,-7],[-12,101],[13,16],[-7,65],[35,111],[18,40],[-3,123],[12,59],[-13,44],[1,50],[20,57],[-4,73],[-17,52],[4,63],[-18,304],[-50,18],[-36,75]],[[74055,15599],[28,-1],[306,1],[1,55],[252,0],[-3,-403],[313,0],[192,1]],[[74150,12634],[-90,45],[-71,63],[-32,5],[-33,-17],[-28,12],[-59,48],[-21,31],[-41,4],[-58,-18],[-48,11],[-58,-58],[-40,37],[-53,71],[-17,5]],[[73501,12873],[-130,9],[-97,62],[-40,6],[-53,-8],[-42,22],[-19,45],[6,80],[-5,33],[-37,30],[-62,93],[-61,53],[-35,45],[-63,144],[-51,99],[-8,48],[2,70],[-16,37],[-7,63],[-45,64],[-48,107],[-6,58],[-26,71],[-25,145],[-33,109],[-51,22],[-29,82],[-44,92],[-62,173],[-20,141],[-36,59],[-39,86]],[[72319,15013],[-29,68],[-9,47],[2,137],[11,84],[-7,110],[13,86],[-28,75],[-32,60],[-6,35],[-67,154],[-48,136],[-7,86],[30,89],[16,112],[36,43],[-1,71],[0,977]],[[72193,17383],[153,0],[1,-159],[279,-1],[-2,84],[148,-2],[436,-1],[-2,-496],[505,-2],[4,5]],[[73715,16811],[187,-1],[626,-2],[125,1],[-9,-70],[-23,-25],[-24,-55],[14,-43],[-24,-96],[-19,-118],[8,-49],[36,1],[5,-104],[-44,42],[-30,-123],[-59,-4],[8,-51],[-59,-48],[-13,-74],[-51,53],[-52,-28],[-23,24],[-47,-19],[-6,-68],[-37,-44],[6,-50],[-19,-16],[-25,-116],[-13,28],[-71,-94],[-27,-63]],[[73624,18597],[0,-380],[-1,-178],[11,-295],[-18,-117],[100,-1],[-1,-301],[0,-514]],[[72193,17383],[-1,418],[1,610]],[[72193,18411],[0,434]],[[72193,18845],[82,-4],[429,-2],[-1,367],[65,0],[1,39],[191,0],[-1,-39],[89,-1],[0,-23],[92,1],[-2,48],[77,13]],[[73215,19244],[1,-403],[125,0],[-4,-529],[134,0],[1,119],[45,38],[41,55],[39,79],[27,-6]],[[72193,18845],[0,1044],[-1,566]],[[72192,20455],[197,3],[349,0],[-2,-26],[483,1]],[[73219,20433],[0,-657],[0,-532],[-4,0]],[[73219,20433],[250,-2],[505,2],[294,-1],[293,0],[517,0]],[[75078,20432],[-3,-102],[-39,-28],[-26,-54],[0,-56],[-16,-39],[-12,-106],[26,-22],[10,-53],[-18,-46],[0,-45],[25,-50],[-4,-60],[16,-33],[12,-78],[-15,-50],[4,-112],[-8,-72],[-30,-77],[-1,-70],[-10,-34],[-245,0],[0,-199],[-254,-1],[0,-602],[-411,-3],[-192,2],[-44,-82],[-131,1],[0,110],[-57,1],[-12,63],[6,42],[-25,20]],[[75078,20432],[364,0],[587,0],[293,0],[558,0]],[[76880,20432],[2,-1068],[1,-863],[1,-490],[1,-801]],[[78149,20234],[394,-597],[319,-489],[469,-729],[307,-486],[186,-298],[422,1],[278,3],[122,-4],[227,2]],[[80873,17637],[58,-137]],[[76880,20432],[600,0],[396,0],[0,-15],[54,-79],[56,-9],[49,56],[30,47],[26,-80],[40,-38],[18,-80]],[[80898,19680],[165,-891],[-19,-46],[14,-44],[74,-35],[-3,-44],[-26,-131],[50,-19],[-28,-157],[-58,25],[36,-110],[9,-67],[38,-25],[1,-93],[-46,-116],[-45,-60],[-11,-82],[-50,-61],[-25,-4],[-36,-85],[-65,2]],[[78149,20234],[40,-7],[28,35],[53,-31],[16,24],[1,141],[34,74],[-10,79],[37,125],[6,133],[22,46],[-5,69],[12,30],[6,91],[-2,181],[-18,13],[-23,-36],[-26,16],[-11,-57],[-34,61],[-43,58],[-2,44],[-47,-11],[-18,29],[7,46],[29,68],[-15,25],[0,129],[38,59],[-15,74],[29,25],[21,67],[46,-64],[59,92],[-6,43],[15,46],[4,76],[33,34],[33,84],[-6,84],[25,93],[39,6],[24,38],[37,151],[7,65],[31,58],[64,43],[23,70],[32,29],[53,153],[4,71],[20,100],[27,36],[19,78],[37,49],[8,29]],[[78887,23298],[183,-4],[-31,-102],[11,-20],[-12,-130],[32,-79],[46,45],[73,-79],[-9,-63],[10,-108],[-20,-28],[-19,-68],[23,-46],[-12,-53],[22,-80],[34,-5],[25,-44],[47,-47],[-13,-55],[10,-48],[-12,-52],[26,-16],[6,-96],[-5,-125],[-16,-41],[22,-21],[17,59],[36,24],[24,-21],[29,30],[8,-62],[24,-55],[-15,-68],[-23,-49],[-11,-64],[2,-159],[-27,-136],[10,-51],[59,-96],[-24,-125],[3,-156],[46,-37],[30,27],[16,-37],[32,22],[27,-6],[32,-75],[16,12],[36,-26],[37,-69],[19,-248],[14,-39],[1,-67],[39,-32],[-4,-59],[13,-51],[114,-120],[58,-78],[55,-49],[27,-3],[21,25],[29,-35],[32,-8],[21,-63],[34,-5],[26,40],[25,-26],[55,-212],[58,40],[13,-37],[54,-47],[237,276],[66,-126],[-60,-71],[-17,-46],[0,-132],[20,-108],[256,146]],[[82382,29566],[-65,-67],[-5,-28],[-64,-138],[-22,-37],[-86,-82],[-26,-12],[-15,-61],[-20,-4],[-1,-70],[-34,-134],[-22,-114],[-31,-57],[-36,-147],[-30,-71],[-15,-74],[5,-29],[-25,-69],[-31,-46],[-28,-88],[12,-87],[-16,-64],[2,-51],[-18,-65],[-53,-98],[-10,-41],[-39,-67],[-23,-129],[8,-13],[-13,-110],[14,-57],[-29,-50],[-7,-43],[9,-127],[-22,-78],[-7,-53],[12,-47],[3,-106],[18,-93],[-25,-118],[-27,-20],[-25,-57],[26,-105],[61,-77],[8,-100],[31,-86],[21,-17],[28,-68],[34,-129],[-18,-173],[-1,-79],[34,-40],[-4,-41],[20,-34],[-5,-35],[19,-37],[10,-85],[-8,-125],[-37,-113],[16,-101],[28,5],[13,-48],[-15,-38],[3,-122],[16,-65],[31,-59],[-53,-96],[13,-174],[-39,-33],[-39,-95],[-2,-82],[-18,-29],[22,-80],[-9,-152],[8,-38],[32,-36],[33,-83],[27,-163],[1,-47],[-28,-107],[3,-30],[31,-52],[48,-159],[24,-149],[0,-46],[-39,-62],[-31,-138],[12,-58],[-24,-65],[45,-32],[32,-87],[45,-36],[-2,-63],[-16,-42],[-8,-117],[-15,-91],[6,-55],[-6,-131],[14,-71],[-8,-121],[-9,-13],[-13,-124],[49,-130],[-40,-188],[-3,-118],[-24,-71],[-37,-206],[6,-61],[-2,-178],[-21,-261],[-24,-88],[-22,-38],[-24,-76],[-5,-118],[-37,-70],[-8,-66],[-20,-25],[-66,-127],[-15,-102]],[[81650,20012],[-20,-59],[-14,-114],[-20,-36],[-34,27],[-32,2],[-30,-52],[-64,-40],[-56,53],[-42,98],[-3,39],[-46,35],[-9,45],[30,78],[7,105],[-13,44],[-28,9],[7,42],[-104,42],[-50,-293],[154,-66],[-15,-37],[-29,-12],[-16,-36],[-2,-63],[13,-34],[-52,-79],[-61,-40],[-34,2],[-70,37],[-49,52],[-66,-28],[-4,-53]],[[78887,23298],[35,134],[-8,57],[16,50],[-12,70],[14,57],[-17,60],[22,103],[27,51],[15,-46],[60,-18],[15,71],[37,107],[26,97],[8,82],[12,18],[-10,122],[31,84],[11,-37],[-10,-124],[50,20],[12,31],[33,11],[50,-24],[11,60],[0,72],[17,50],[31,52],[26,70],[-6,63],[41,68],[6,58],[17,69],[32,29],[12,100],[31,80],[24,85],[38,69],[39,-17],[22,102],[37,42],[33,-5],[3,-43],[37,-37],[-14,-66],[27,-19],[22,32],[20,-112],[66,120],[44,28],[7,64],[-9,63],[49,45],[24,81],[95,37],[53,3],[3,-51],[24,-12],[0,-51],[33,-9],[28,-81],[54,71],[20,95],[4,71],[41,115],[25,-40],[-11,-102],[23,-42],[-19,-60],[-5,-106],[25,25],[21,-29],[43,43],[23,65],[33,-9],[20,61],[21,19],[32,116],[2,93],[30,1],[42,71],[25,115],[29,-8],[5,61],[16,9],[8,81],[24,62],[37,-12],[-6,-91],[44,-30],[-2,123],[26,97],[-8,32],[48,115],[33,110],[55,-32],[3,71],[34,42],[5,79],[16,26],[-13,38],[38,30],[24,87],[20,21],[54,-2],[-9,76],[16,44],[-8,42],[12,36],[33,29],[43,-15],[32,25],[27,-35],[45,71],[5,51],[24,38],[-9,27],[8,81],[25,86],[87,50],[15,32],[-1,72],[-16,52],[12,28],[2,72],[-33,55],[7,116],[-11,31],[15,57],[-5,42],[31,150],[-7,102],[15,81],[48,57],[94,27],[59,-7],[26,37],[28,141],[30,38],[17,79],[-1,55],[40,55],[8,40],[33,58],[42,12],[5,39],[-49,-11],[-18,52],[30,61],[40,38],[13,72],[35,33],[9,70],[17,49],[66,54],[3,66],[51,-4],[86,55],[56,55],[41,81],[52,-27]],[[81650,20012],[68,-35],[44,-98],[53,-84],[-61,24],[-73,-426],[-57,-320],[-59,53],[-26,-119],[25,-10],[-24,-150],[-26,-115],[27,-13],[-59,-337],[-41,-213],[16,-46],[94,-161],[44,-123],[19,-26],[53,-109],[15,-55],[30,-10]],[[83336,27589],[0,-437],[0,-842],[0,-547],[0,-835],[-1,-701],[0,-1002]],[[83335,23225],[-11,0],[2,-566],[16,0],[1,-830],[0,-466],[1,-931],[10,0],[0,-867],[1,-926],[-69,-262],[-13,-23],[99,-11],[46,-49],[45,-9],[33,-25],[2,-43],[19,-71]],[[82382,29566],[33,7],[-18,-75],[20,-35],[29,28],[65,36],[33,66],[58,6],[46,31],[41,53],[28,10],[33,-27],[39,17],[32,-9],[13,29],[86,54],[46,2],[57,25],[25,37],[23,114],[-27,40],[17,104],[35,30],[16,70],[28,64],[25,148],[-6,80],[47,72],[66,84],[31,10],[5,88],[29,31]],[[83337,30756],[0,-678],[-2,-794],[2,-972],[2,-441],[-3,-282]],[[84905,20243],[34,-94],[-46,16],[-66,-32],[-36,-2],[-11,-43],[-28,-29],[-37,-76],[-63,-49],[-40,-10],[-13,-87],[-36,-45],[-54,-13],[-30,18],[-17,-30],[5,-36],[-28,-160],[0,-154],[-52,-167],[-24,-38],[-42,25],[-10,36],[-42,-34],[-16,-76],[-46,-96],[6,-51],[-14,-97],[-30,-62],[-7,-63],[-39,-67],[-3,-31],[-38,-30],[-17,-40],[14,-49],[-39,-99],[-85,-96],[-19,-69],[-61,-40],[-28,-45],[-41,-98],[-46,-52],[-20,-55],[-35,-23]],[[83335,23225],[604,0],[15,-54],[-7,-42],[-33,-29],[56,-99],[52,-35],[-3,-33],[-33,6],[-2,-46],[36,-42],[6,-60],[24,-78],[-13,-73],[43,-83],[36,52],[22,-49],[27,-22],[11,32],[44,-7],[15,-27],[19,-150],[-21,-38],[-8,-56],[35,-12],[66,-92],[31,-16],[14,-65],[-1,-75],[-1,-830],[-1,-538],[37,-4],[284,-1],[-2,-127],[47,65],[47,2],[21,-22],[-3,-48],[11,-78],[56,-42],[2,-63],[-49,-54],[18,-30],[54,9],[14,-28]],[[86612,22072],[-3,-57],[8,-143],[-1,-91],[-10,-68],[-30,-53],[-45,-59],[-7,-84],[-34,-66],[-33,-106],[-48,-25],[-119,21],[-101,-11],[-14,-35],[-47,14],[-30,-38],[-47,29],[-8,-16],[-62,-19],[-33,-71],[-26,-8],[-33,30],[-58,31],[-64,-35],[-52,10],[-56,-4],[-45,-80],[-50,52],[-6,-115],[-14,-76],[-59,-8],[-38,-39],[-45,-19],[15,-46],[81,-22],[3,-107],[-14,-51],[-41,-24],[-89,12],[-48,-37],[-54,-88],[-36,-21],[-46,3],[60,96],[-27,5],[-64,-28],[-45,13],[-25,-39],[-30,6],[-40,-57],[-35,-102],[-5,-91],[7,-83],[-36,-35],[-28,6]],[[83336,27589],[224,10],[284,-2],[283,5],[274,1],[246,12],[197,-13],[205,8],[395,-21],[357,3],[5,-319],[52,-1],[1,-71],[26,-59],[-38,-116],[-6,-65],[-37,-94],[60,-43],[48,-155],[-7,-64],[-21,-20],[34,-132],[45,-86],[15,-2],[47,-77],[25,-4],[23,-133],[57,-110],[-12,-42],[-44,-73],[-3,-160],[-31,34],[-4,-57],[22,-21],[-24,-56],[-5,-55],[-17,-45],[0,-103],[30,-114],[-5,-58],[-26,-21],[-26,-50],[10,-45],[0,-83],[13,-110],[-7,-79],[-85,-129],[11,-68],[-16,-84],[54,-1],[77,-504],[63,-387],[60,-398],[-123,-184],[2,-110],[-25,-163],[92,63],[88,-49],[23,-76],[43,-8],[16,-66],[7,-73],[-54,-30],[19,-100],[-33,-18],[-13,-85],[-32,-13],[28,-150],[-8,-76],[7,-115],[238,0],[172,-7]],[[88648,29119],[0,-697],[0,-874],[0,-974],[-1,-678],[2,-378],[0,-520],[-1,-740],[-57,-21],[5,-250]],[[88596,23987],[-52,5],[-42,-25],[-38,8],[-43,-38],[-19,20],[-80,-13],[-42,16],[-7,-36],[-113,96],[-42,9],[-49,-43],[-32,-68],[-38,-108],[-37,17],[-35,-7],[23,-69],[-66,4],[-71,57],[-59,6],[-75,-32],[-50,-36],[-52,103],[22,10],[-25,105],[-47,11],[-16,-33],[-71,-78],[-8,-44],[2,-76],[22,-75],[78,-1],[-9,-65],[-23,-11],[-37,39],[-32,13],[-46,-9],[-42,-23],[-11,-25],[-59,-24],[-36,-39],[-32,-102],[1,-48],[-16,-46],[-70,-32],[-41,-3],[-116,-76],[-28,-47],[-19,-80],[10,-100],[-34,-53],[-9,-83],[-45,-121],[-23,42],[-35,21],[-19,-49],[-35,-45],[-35,-105],[-7,-61],[-1,-110],[7,-127],[-26,-38],[-54,-193]],[[83337,30756],[-1,621],[29,-1],[0,797],[0,992],[0,750],[0,1041],[0,837],[0,429],[0,968],[587,0],[587,0],[587,0],[587,0],[293,0],[385,0]],[[86629,37190],[533,0]],[[87756,37189],[269,0],[623,1],[293,0],[587,0],[294,0],[586,0],[518,0]],[[89874,24126],[-35,-20],[-29,-53],[-38,-34],[-80,3],[-25,-28],[-53,-2],[-23,14],[-55,-33],[-48,18],[-55,-23],[-79,-8],[-32,23],[-39,-23],[-39,11],[-37,39],[-32,-10],[-36,23],[-44,-6],[-37,19],[-41,-14],[-56,15],[-11,32],[-57,-12],[-70,17],[-46,-7],[-48,-24],[-85,-18],[-48,-38]],[[98498,27179],[-39,28],[-34,-52],[-43,12],[-6,67],[-27,16],[-13,65],[7,35],[-21,61],[-177,-60],[-31,12],[-36,-46],[32,-17],[3,-31],[-46,-34],[1,79],[-25,1],[-7,-73],[-24,15],[-68,-22],[-4,43],[-74,-66],[-54,-21],[0,55],[-28,47],[-35,17],[-7,-49],[-30,-102],[-31,-24],[-7,46],[-61,-54],[-39,-52],[6,-27],[-65,-53],[-48,-88],[-55,-41],[-42,2],[-69,-59],[-27,9],[-41,-42],[-54,-21],[-33,78],[18,61],[-17,58],[-35,27],[4,45],[-44,28],[-12,-51],[35,3],[44,-118],[-25,-57],[7,-57],[-31,-26],[-30,43],[-45,22],[-46,2],[-3,50],[-21,30],[-66,-36],[-50,-95],[-72,-97],[-75,-14],[26,-79],[30,-31],[3,-66],[-30,-61],[-64,-46],[-15,-45],[-47,-49],[-70,-42],[-11,-27],[-34,25],[-12,-26],[27,-81],[-85,-147],[12,-60],[-8,-41],[-32,16],[1,85],[12,83],[29,47],[-23,37],[-22,-2],[-35,-42],[-33,-91],[28,2],[-16,-122],[12,-28],[5,-83],[-30,-57],[35,-40],[-40,-66],[38,-89],[-42,-55],[-1,-34],[-29,-57],[-21,-3],[-6,-68],[-59,62],[-14,71],[-33,-3],[-20,-72],[-49,-34],[-20,-49],[-21,-14],[-12,70],[-31,-8],[2,-122],[-29,-28],[-36,-8],[-26,-40],[1,-59],[-76,-34],[-35,20],[20,-76],[-48,-18],[-12,-87],[-17,-45],[1,-56],[-14,-15],[-32,20],[-24,-98],[-30,-1],[-23,-133],[-55,-33],[-90,-24],[-40,-62],[-68,-16],[-25,17],[-8,-55],[-35,-74],[-35,-38],[24,-60],[6,-84],[32,22],[-7,52],[30,2],[2,-35],[-31,-58],[-21,-3],[-42,-71],[-24,4],[-19,-43],[-50,-8],[-26,-43],[-29,14],[-43,-71],[-8,32],[-40,-19],[8,-39],[-46,11],[2,-35],[-47,-67],[-9,35],[24,25],[-47,97],[22,54],[-15,38],[-33,-33],[-43,-129],[-48,-5],[21,54],[-21,66],[-5,64],[11,46],[44,54],[-19,36],[-30,18],[-29,-64],[19,-16],[-15,-46],[18,-60],[-13,-33],[0,-66],[-38,-32],[-40,14],[-1,-38],[-41,26],[-36,-8],[-47,35],[-37,-8],[-29,-25],[-22,-60],[-92,14],[-55,-3],[-56,59],[-41,8],[-34,-91],[-83,25],[15,52],[65,73],[-6,45],[29,17],[-53,48],[-25,-22],[7,-53],[34,-2],[10,-33],[-35,-18],[-46,-56],[-23,-54],[-41,3],[-22,-74],[-16,18],[-4,67],[-56,-29],[-44,59],[-23,-39],[-5,-93],[-51,73],[-28,-69],[-37,45],[-8,-51],[-45,26],[-2,26],[-87,-32],[-9,18],[-62,-26],[-15,-23],[-69,-4],[-61,-37],[-229,-171],[-81,-38],[-75,43],[52,18],[8,19],[62,53],[67,15],[64,61],[-12,78],[12,86],[27,48],[-14,38],[-25,-152],[-24,-85],[-23,-36],[-69,-1],[-61,-58],[-71,-7],[-2,81],[-32,100],[-39,9],[-7,73],[-111,23],[-38,-52],[-46,38],[-54,-21],[-81,48],[-84,-4],[-50,65],[-54,7],[-33,49],[-33,-31],[-73,29],[-10,-49],[-25,-17],[-39,42],[-36,-15],[-7,38],[-25,11],[-13,-38],[-157,16],[-52,14],[-36,34],[-85,-41],[-38,28],[-32,-3],[-49,-26],[-44,25],[-10,66],[-24,4],[-66,-91],[-68,25],[-43,5],[-32,-43],[32,-57],[-12,-27],[-60,-13],[-80,-34],[-26,19],[-58,8],[-27,-26],[-16,-65],[-70,54],[6,24],[-31,57],[-52,21],[-55,-18],[-41,-40],[-31,52],[-63,-10],[-3,63],[-14,26],[-47,29],[-35,-4],[-17,-25],[-35,53],[-106,-20],[-63,14],[-84,-40],[-64,15],[-94,-100],[-34,25],[-73,10],[-97,42],[-96,94],[-39,16]],[[97076,26647],[2,-30],[-27,-49],[-14,38],[39,41]],[[91507,23944],[21,-45],[-20,-25],[-27,35],[26,35]],[[90705,23862],[20,-74],[-20,-18],[-25,70],[25,22]],[[96688,26337],[21,-45],[-45,-8],[24,53]],[[96807,26596],[5,-63],[-34,9],[29,54]],[[91214,23827],[-5,-35],[-26,-17],[-18,44],[49,8]],[[90655,23819],[-27,-35],[-26,11],[-8,49],[36,13],[25,-38]],[[96444,25537],[20,-35],[-6,-77],[-50,21],[25,43],[11,48]],[[90882,23864],[-25,-50],[-40,6],[0,42],[65,2]],[[95342,24380],[15,-49],[-29,-46],[-31,28],[26,67],[19,0]],[[97797,27260],[5,-49],[-15,-55],[-47,34],[11,51],[46,19]],[[97069,26768],[41,-64],[-44,-31],[-21,79],[24,16]],[[96935,26868],[23,-46],[-13,-28],[-52,-8],[-34,12],[48,63],[28,7]],[[95754,24816],[26,-44],[-9,-43],[-62,-5],[-21,31],[16,5],[16,17],[34,39]],[[91461,23874],[-7,-65],[-40,-7],[-65,8],[30,57],[82,7]],[[96796,26487],[-13,-86],[-61,-68],[-41,33],[56,81],[41,43],[18,-3]],[[96945,26490],[-27,-13],[-55,-107],[-68,24],[14,29],[35,14],[28,40],[73,13]],[[97022,26735],[25,-48],[-12,-78],[-58,-46],[-39,59],[30,27],[54,86]],[[90543,23899],[40,-78],[-6,-56],[-37,-19],[-47,81],[1,40],[23,42],[26,-10]],[[96658,26335],[0,-47],[-26,-52],[-25,1],[-27,-33],[-14,-66],[-19,-9],[-8,-49],[-26,8],[-8,102],[59,67],[94,78]],[[95888,25026],[-1,-49],[36,-136],[7,-67],[-50,-78],[-26,-6],[-5,54],[31,120],[-31,17],[-26,95],[7,40],[58,10]],[[96958,26792],[2,-57],[25,-28],[-6,-34],[-35,-4],[-18,-33],[-97,8],[-21,34],[24,81],[33,18],[93,15]],[[91949,22227],[53,-62],[97,-37],[19,-41],[36,-13],[45,-88],[38,-29],[-23,-28],[55,-117],[23,-28],[54,19],[27,-25],[19,-49],[26,10],[41,-36],[4,-83],[35,-23],[47,-58],[52,15],[27,-48],[28,-20],[35,28],[31,-8],[21,-33],[44,-15],[1,-52],[95,9],[25,-76],[49,-33],[4,-91],[28,-6],[-2,-56],[20,-43],[29,-24],[11,-55],[43,-49],[8,-77],[17,-52],[27,-16],[6,-34],[-47,-85],[12,-47],[-43,13],[-36,-6],[-24,-31],[-28,1],[-20,-38],[-100,44],[-53,-34],[-49,26],[-18,-26],[-74,23],[-156,-16],[-42,-21],[-41,37],[-134,85],[-52,13],[-9,16],[-62,37],[-53,20],[-16,-8],[-61,30],[-51,-3],[-38,22],[-68,14],[-57,25],[-70,54],[-53,17],[-24,-5],[-158,103],[-26,1],[-42,41],[-82,48],[-58,57],[-45,65],[-23,53],[-49,1],[-32,38],[-80,63],[-168,91],[-10,70],[-42,93],[3,74],[-27,106],[-31,65],[-41,55],[-87,96],[-28,67],[-38,63],[-40,25],[-59,53],[-12,25],[-44,28],[-24,35],[-76,31],[-13,27],[-38,-7],[-93,68],[-46,8],[-87,56],[-46,55],[-12,68],[-33,48],[-43,19],[13,-104],[-40,23],[-42,103],[-74,55],[-5,62],[37,67],[36,27],[88,31],[33,-3],[67,48],[32,-12],[39,31],[70,-5],[32,19],[88,-72],[28,14],[45,-31],[52,-19],[52,-72],[62,-30],[57,10],[40,-23],[40,2],[89,-47],[64,-20],[34,4],[51,-25],[84,-9],[116,-31],[62,-40],[220,-105],[66,-21],[40,-40],[43,-3],[9,-45],[70,-9],[28,-74],[81,-13],[5,-29],[53,-25],[52,-69],[70,6],[15,-48]],[[95142,24101],[-6,57],[-27,49],[-24,-33],[17,-27],[31,2],[9,-48]],[[72192,20455],[1,509],[0,843],[0,516],[0,902],[-1,544],[1,525],[0,695],[0,1056],[-2,147],[2,524],[2,589],[-10,29]],[[72185,27334],[12,45],[-17,115],[-15,63],[34,44],[23,-8],[82,109],[22,53],[35,33],[16,66],[46,15],[52,-64],[61,11],[2,-58],[-23,-61],[-3,-155],[88,-62],[34,1],[55,24],[23,-39],[58,-69],[54,-97],[3,-124],[11,-61],[24,-189],[-5,-47],[21,-82],[-10,-67],[20,-14],[21,86],[6,67],[37,71],[3,27],[-34,107],[5,38],[50,58],[43,96],[55,94],[-9,35],[-38,19],[-24,44],[14,63],[-12,95],[19,82],[-41,-2],[-11,46],[-34,59],[-53,21],[-20,40],[9,41],[-13,57],[-22,-3],[-26,44],[-12,82],[-34,16],[-15,46],[80,107],[39,-25],[87,66],[22,42],[15,95],[-31,36],[-13,60],[-30,30],[35,29],[12,58],[57,35],[90,37],[21,40],[-8,109],[35,-27],[-1,57],[-19,44],[48,3],[40,41],[-22,41],[36,18],[43,50],[42,159],[10,116],[-28,49],[4,43],[50,29],[-43,76],[-11,55],[61,75],[12,120],[-28,16],[0,79],[24,57],[-50,23],[15,52],[31,33],[-23,75],[-26,33],[-22,71],[-27,31],[-41,-40],[-31,14],[-2,54],[-27,11],[-42,-54],[-13,37],[-46,51],[12,47],[22,-1],[28,62],[-27,101],[-55,46],[63,60],[-18,66],[-77,-18],[-20,32],[56,16],[14,44],[-30,33],[-42,-2],[-23,45],[15,99],[103,-12],[26,40],[-26,32],[-35,12],[8,42],[32,51],[19,74],[-51,-28],[-58,2],[-52,52],[-26,42],[11,28],[-36,48],[94,118],[30,-18],[17,42],[-57,7]],[[72994,31518],[-5,16]],[[72989,31534],[22,35],[-36,58],[-23,-68],[-61,4],[-77,76],[10,38],[64,76],[-22,50],[-54,-14],[37,64],[-11,23]],[[72838,31876],[4,8]],[[72842,31884],[16,29],[2,106],[18,50],[-23,48],[56,37],[6,71],[-47,56],[41,53],[-73,69],[31,67],[-45,109],[26,42],[16,58],[-9,36],[-29,0],[-4,76],[-68,-22],[10,85],[-37,-31],[-24,21],[-16,93],[-14,12],[0,6],[-15,19],[-2,2],[-14,16],[-1,1],[33,49],[40,12],[19,30],[31,-9],[-3,78],[47,4],[14,-46],[20,-7],[71,33],[12,45],[-83,28],[10,51],[-43,37],[-56,-44],[-17,28],[47,57],[-30,58],[6,108],[-58,55],[2,53],[22,-9],[13,50],[-24,17],[-1,62],[33,19],[1,52],[-28,5],[4,103],[76,24],[0,25],[-73,-3],[-26,55],[7,47],[-28,38],[69,27],[45,-36],[16,41],[-16,32],[-94,40],[-27,43],[24,22],[38,-8],[20,44],[-29,30],[5,54],[106,-6],[5,30],[-70,32],[-19,50],[-34,-4],[-7,30],[-35,-2],[-4,60],[-36,-1],[21,69],[67,29],[-7,34],[-47,49],[-7,26],[43,30],[25,38],[-32,18],[-23,-22],[-92,10],[-33,-19],[4,-38],[-52,15],[40,57],[-41,43],[-47,-36],[-84,31],[10,62],[33,-12],[7,38],[49,26],[-48,69],[-31,-8],[-30,47],[-38,18],[-14,69],[-26,18],[-37,-15],[-15,40],[30,35],[-44,144],[4,110],[22,41],[-10,79],[-24,48],[10,63],[-18,20],[-3,62],[-22,7],[-57,70],[47,13],[25,28],[-28,55],[-16,72],[-46,54],[-59,-55],[-13,44],[-41,22],[-48,-3],[20,47],[45,26],[24,54],[36,25],[81,99],[26,-11],[66,47],[50,7],[54,66],[46,-18],[122,86],[23,25],[43,1],[83,39],[28,23],[38,1],[55,46],[42,-11],[29,30],[26,86],[46,23],[19,33],[61,37],[51,-5],[54,37],[27,41],[21,-4],[85,59],[49,18],[41,79],[70,44],[116,46],[84,60],[54,71],[7,28],[42,44],[84,117],[36,41],[82,51],[100,106],[66,35],[21,37],[56,60],[71,45],[46,81],[25,64],[56,73],[51,86],[66,12],[69,113],[38,43],[33,72],[41,41],[98,139],[31,34],[17,58],[58,45],[37,71],[24,24],[49,126],[42,14],[8,52],[46,109],[-33,-7],[-12,-43],[-27,13],[54,108],[35,42],[99,178],[21,68],[33,68],[45,54],[12,52],[29,41],[34,13],[27,80],[11,119],[34,30],[36,4],[22,26],[42,109],[-1,77],[42,100],[9,61],[-18,52],[6,59],[43,47],[-13,68],[11,53],[62,92],[19,61],[6,155],[18,69],[-14,66],[19,65],[5,85],[-38,46],[8,72],[-12,34],[16,63],[-16,52],[24,121],[-18,15],[22,129],[-11,25],[10,177],[-7,59],[5,227],[-24,257],[-19,66],[1,105],[12,30],[-13,68],[0,73],[23,161],[-36,116],[-4,95],[12,39],[-33,87],[0,64],[-14,49],[-24,162],[-36,105],[5,47],[-43,108],[-16,110],[-22,3],[-55,124],[5,45],[-19,75],[-92,255],[30,13],[-13,116],[-47,79],[-41,189],[-28,15],[-29,63],[-33,100],[11,28],[-44,32],[-21,35],[7,40],[-44,62],[-11,100],[-33,45],[-15,-27],[-49,89],[4,32],[-31,39],[10,49],[-32,2],[-44,78],[-117,122],[-21,-9],[-46,108],[-30,32],[-49,14],[-40,41],[63,22],[-63,76],[8,48],[-16,44],[-43,-12],[-61,21],[9,26],[-109,92],[-90,41],[-71,74],[-13,-8],[-47,56],[-78,16],[-94,71],[-30,75],[36,12],[-36,49],[-4,43],[-41,19],[-28,43],[-60,-2],[-3,38],[-62,79],[-29,85],[-48,-34],[-26,12],[-5,61],[-49,92],[3,23],[-48,42],[30,53],[-59,5],[-21,-24],[6,-107],[40,17],[29,-63],[-29,-24],[-35,5],[-38,73],[-24,72],[-10,68],[-41,54],[-71,18],[20,62],[77,-40],[-3,49],[-46,5],[5,62],[36,35],[4,50],[-14,43],[-53,50],[-21,69],[25,33],[40,-113],[21,24],[33,-17],[31,-48],[36,-117],[42,58],[-17,58],[-41,11],[-34,55],[-50,14],[2,33],[-28,47],[3,67],[-33,63],[-19,97],[15,37],[-28,26],[1,43],[35,7],[-3,42],[44,12],[10,-38],[-6,-70],[37,-6],[33,40],[48,3],[55,-16],[39,101],[-22,14],[43,81],[36,9],[-6,69],[-34,131],[41,25],[21,-29],[36,-2],[23,87],[40,35],[65,8],[-45,91],[-20,61],[70,8],[-21,58],[21,26],[-12,44],[42,25],[19,38],[85,7],[13,89],[98,44],[16,-26],[46,65],[-10,29],[-45,1],[10,46],[37,-33],[46,-14],[-25,63],[46,16],[1,54],[20,42],[49,25],[-4,33],[59,22],[-65,100],[-74,-8],[-66,-36],[-70,24],[29,56],[56,-29],[28,31],[-39,33],[-22,85],[-3,70],[38,8],[20,46],[108,17],[-7,58],[26,35],[-16,57],[13,80],[-59,29],[9,51],[-26,47],[-18,69],[54,-4],[2,36],[35,47],[33,-85],[25,-29],[33,36],[28,-19],[15,-60],[47,24],[102,-68],[0,91],[-41,7],[-12,43],[30,49],[22,-37],[31,25],[-62,37],[-38,1],[-17,95],[50,20],[21,-40],[51,29],[-20,45],[26,31],[126,26],[62,-5],[15,53],[-37,-2],[-16,94],[-42,40],[-18,63],[3,52],[-73,29],[13,38],[39,23],[14,43],[61,48],[9,50],[60,-7],[48,32],[-12,34],[-38,-20],[-64,46],[86,37],[-59,30],[-17,-33],[-48,6],[-23,54],[-62,20],[-28,-49],[-46,26],[-78,8],[-67,65],[35,9],[-13,68],[25,43],[47,39],[57,-21],[24,34],[-13,37],[-32,15],[-48,74],[-19,80],[44,-27],[46,17],[-35,90],[26,8],[-38,63],[-4,79],[-57,-5],[-25,35],[25,47],[-12,47],[-46,14],[-15,92],[-65,-11],[-78,93],[43,55],[2,46],[41,-2],[4,81],[42,31],[-2,25],[93,63],[18,43],[-12,63],[127,-2],[-10,41],[-39,22],[-29,-12],[-59,14],[-103,-56],[-50,55],[-13,53],[-55,23],[-34,44],[-37,88],[3,59],[33,8],[38,38],[77,45],[3,63],[25,20],[18,68],[41,57],[-54,7],[-32,36],[67,36],[154,102],[-23,28],[-143,-95],[-125,-60],[-20,10],[-83,-62],[-43,33],[16,43],[-84,-22],[-90,16],[-29,19],[-94,2],[-57,-14],[-32,20],[-5,58],[23,111],[52,44],[9,49],[25,18],[16,52],[70,63],[67,97],[2,50],[32,21],[54,89],[70,48],[28,-1],[-5,88],[21,61],[-16,39],[5,82],[80,127],[46,-25],[15,48],[-8,39],[-40,22],[-11,61],[13,42],[-31,63],[0,79],[44,55],[-33,15],[-4,122],[-27,31],[6,52],[-43,95],[32,62],[18,-43],[44,-21],[17,-53],[43,-37],[17,-57],[33,-13],[36,30],[-18,29],[-50,17],[-53,57],[22,87],[86,-13],[59,26],[-14,48],[-97,82],[-41,79],[76,-11],[-1,52],[114,-42],[46,-52],[0,77],[-48,25],[-63,8],[-54,24],[-18,47],[-81,15],[-8,84],[-48,51],[3,57],[-17,61],[-61,-12],[-58,14],[-58,-17],[-71,74],[-25,61],[-12,175],[-26,57],[-8,80],[-29,40],[-10,85],[22,91],[-47,192],[-36,18],[-5,65],[9,75],[-14,82],[1,126],[-28,44],[15,62],[-12,91],[27,64],[-20,75],[20,47],[-22,56],[20,64],[56,106],[17,74],[95,16],[6,30],[58,38],[33,95],[28,-27],[28,43],[72,11],[1,25],[57,57],[56,12],[32,48],[6,49],[105,68],[26,-7],[23,45],[44,37],[15,62],[100,11],[17,-149],[44,88],[50,-31],[19,28],[38,-30],[98,-7],[38,-23],[11,-34],[46,35],[96,-15],[128,18],[105,-41],[45,-1],[189,-126],[-4,-54],[184,-34],[45,-34],[58,-3],[49,-30],[84,-24],[43,-48],[27,9],[38,-43],[42,3],[58,-26],[29,-104],[64,47],[12,-47],[78,39],[30,-16],[53,-65],[80,-28],[36,-31],[75,3],[108,-45],[11,-29],[49,-42],[-73,-24],[-71,-67],[-57,-72],[-75,-11],[-44,-56],[42,-19],[25,50],[69,-8],[52,55],[48,15],[16,48],[78,31],[46,34],[11,47],[72,94],[31,-108],[25,-17],[-11,134],[80,28],[35,-10],[50,-45],[45,-1],[63,-34],[54,4],[32,-35],[-10,-67],[35,-15],[14,69],[127,-10],[62,-34],[79,-91],[5,-29],[45,-36],[21,-42],[42,-14],[67,-100],[87,-69],[61,4],[-4,28],[-74,40],[-34,39],[-46,101],[-53,46],[32,51],[17,77],[62,-6],[56,18],[109,-46],[87,15],[35,-10],[38,38],[28,-7],[81,75],[24,53],[-5,36],[97,51],[32,-23],[29,35],[142,76],[35,1],[6,50],[77,140],[95,73],[118,51],[69,8],[87,-181],[58,-77],[51,13],[73,-36],[-9,-38],[79,22],[68,-73],[13,-52],[44,-1],[80,-24],[27,-52],[-16,-27],[13,-62],[30,-46],[61,-58],[14,-53],[47,-16],[0,-68],[48,1],[80,-66],[48,-4],[30,-84],[-48,-30],[66,-24],[33,42],[51,-33],[-3,56],[55,32],[62,-17],[97,-69],[18,-81],[-7,-43],[22,-70],[-43,-7],[50,-118],[-10,-87],[-91,-22],[-5,-69],[19,-47],[-21,-59],[-43,-40],[25,-20],[50,26],[8,-123],[55,-97],[3,67],[-33,64],[4,78],[-15,48],[22,33],[-5,48],[20,56],[43,-1],[45,-63],[37,16],[113,-90],[52,-6],[19,-21],[77,5],[63,-39],[39,-62],[-10,-46],[57,-75],[-6,-31],[-46,-27],[-2,-27],[-47,-61],[80,-36],[34,60],[55,-15],[26,-47],[63,-58],[-13,-94],[43,-32],[-41,-136],[-50,-35],[-4,-37],[-80,0],[-38,36],[-101,-23],[12,-59],[84,39],[57,-48],[46,11],[72,-7],[7,39],[44,-14],[34,80],[-4,41],[44,54],[-4,89],[-31,2],[1,49],[153,-35],[8,-23],[69,-25],[81,-60],[35,5],[28,-39],[47,-27],[40,-56],[5,-59],[22,-42],[-30,-41],[-22,29],[-44,-59],[-144,-3],[-49,-27],[-36,2],[29,-68],[37,-32],[-71,-31],[85,-65],[-43,-20],[-23,-39],[-79,-21],[-23,-27],[16,-40],[54,-1],[44,21],[79,-51],[60,-12],[21,-83],[-75,-14],[-27,17],[-78,-4],[12,-75],[48,22],[54,-15],[5,-80],[-16,-53],[-44,-32],[38,-32],[93,-20],[72,-67],[-27,-29],[-27,-74],[54,6],[43,-17],[-2,-72],[-49,-47],[31,-19],[78,30],[-40,60],[6,46],[31,44],[47,9],[19,-36],[-11,-36],[-2,-82],[68,-36],[23,-49],[28,48],[36,-13],[110,27],[-5,-43],[26,-88],[63,50],[36,4],[34,-25],[56,26],[68,-25],[13,-45],[42,14],[28,-55],[-23,-62],[77,-15],[36,29],[45,-42],[32,37],[43,21],[52,-73],[51,-11],[-40,-68],[19,-21],[51,47],[29,-68],[76,10],[-27,65],[37,15],[37,62],[36,-74],[0,-49],[65,-5],[-29,93],[62,16],[-40,63],[37,10],[29,-50],[33,53],[100,8],[4,-63],[66,27],[21,32],[39,-6],[-19,-56],[47,-6],[-15,-72],[-34,-32],[-6,-58],[43,-63],[2,-75],[32,7],[7,-77],[-16,-18],[17,-108],[-13,-20],[34,-48],[2,-66],[85,8],[29,-61],[58,-53],[37,-4],[3,48],[43,70],[-5,49],[23,55],[84,100],[26,-22],[-18,-38],[15,-59],[103,0],[20,49],[1,58],[-39,48],[-24,71],[23,37],[-21,42],[29,47],[-22,64],[47,4],[-13,47],[7,47],[36,20],[0,38],[70,-1],[56,-30],[67,-308],[38,-31],[-29,-28],[59,-25],[19,-41],[-24,-58],[-3,-120],[40,-83],[-18,-30],[-55,21],[12,-69],[-12,-27],[-91,-58],[-39,-6],[-41,-62],[-59,-13],[-2,-67],[-34,-30],[-56,-5],[27,-62],[7,-57],[-20,-23],[44,-75],[-24,-63],[46,-13],[-33,-60],[-40,-33],[-11,-44],[-33,-7],[-58,15],[-34,-73],[28,-86],[60,-74],[26,-8],[-61,-114],[52,-30],[0,-73],[33,-29],[10,-46],[-71,-50],[2,-37],[-27,-33],[73,-36],[34,-118],[31,18],[5,-63],[62,-54],[-24,-78],[17,-20],[-1,-57],[-46,-63],[33,-88],[-24,-37],[11,-71],[-50,-18],[-64,14],[-9,-29],[-53,-10],[-24,30],[-50,-12],[-9,-111],[73,-25],[-2,-72],[23,-60],[50,-5],[12,-106],[-20,-88],[96,-53],[65,5],[45,-45],[-42,-56],[-1,-115],[-25,-27],[35,-126],[20,-25],[-92,-80],[7,-54],[36,-21],[112,-18],[0,-111],[-15,-52],[-46,-64],[-96,-19],[-29,-41],[-7,-41],[-91,-138],[8,-74],[54,11],[9,-67],[33,2],[2,-82],[26,-34],[-21,-70],[34,-13],[-3,-83],[-40,-11],[-28,-33],[-52,0],[-39,-67],[77,-45],[39,34],[19,-50],[31,-22],[23,69],[23,24],[37,-2],[70,46],[43,51],[71,-23],[50,-32],[-10,-94],[52,-1],[63,81],[22,-15],[6,-68],[-31,-24],[-4,-42],[29,-26],[-1,-67],[17,-43],[-81,-60],[-34,39],[-19,50],[-35,-26],[18,-99],[-23,-26],[-44,19],[6,64],[-37,23],[-50,-38],[-21,-81],[-28,-49],[-4,-78],[34,-85],[21,59],[27,30],[22,-24],[10,-77],[67,55],[34,-43],[-3,-48],[-40,-63],[-16,6],[-44,-118],[-44,-28],[9,-84],[-6,-98],[16,-85],[8,-105],[-25,-20],[-64,7],[2,-58],[-30,-142],[-134,-34],[-31,62],[4,55],[-16,83],[12,64],[35,28],[-12,42],[-40,33],[20,59],[-22,103],[-28,-22],[-25,27],[-37,-35],[-47,175],[-28,56],[-26,-24],[2,-62],[18,-61],[-6,-61],[-33,-33],[50,-55],[33,11],[0,-84],[28,-214],[1,-51],[-48,-9],[-58,121],[-25,16],[16,-122],[-35,-41],[-67,-33],[-18,20],[-51,-13],[-32,-51],[-39,-25],[-64,-3],[-29,57],[-46,1],[-51,-53],[14,-31],[62,43],[30,-52],[38,-21],[73,17],[36,-27],[17,-69],[91,109],[44,32],[10,-30],[-13,-100],[-21,-75],[2,-60],[49,6],[81,74],[33,-83],[-56,-31],[-36,-91],[18,-32],[-9,-41],[66,-71],[57,94],[27,94],[7,54],[27,25],[13,60],[44,-48],[47,202],[51,49],[42,10],[47,-15],[20,45],[43,30],[-3,36],[47,34],[-12,53],[31,61],[40,-19],[30,39],[49,-2],[62,66],[10,-37],[42,-37],[30,59],[24,17],[104,-25],[77,19],[14,-54],[67,-11],[37,6],[83,57],[23,37],[44,6],[20,-46],[34,-18],[92,46],[38,-25],[70,-99],[33,-16],[20,-71],[55,-54],[67,7],[5,-57],[44,-52],[4,-28],[-38,-72],[2,-88],[57,-83],[-6,-31],[6,-127],[-15,-73],[23,-42],[45,11],[17,-91],[-12,-50],[-15,-9],[0,-14],[-13,-20],[-4,-13],[-8,3],[-8,-3],[-22,-33],[-29,-139],[-50,-92],[16,-60],[47,105],[-7,59],[10,59],[22,23],[15,51],[-3,24],[10,5],[6,-3],[7,4],[6,22],[58,6],[59,82],[15,-72],[-35,-124],[3,-70],[57,-16],[-17,77],[22,30],[13,67],[79,14],[23,-44],[42,29],[11,132],[36,31],[29,-42],[1,-118],[36,-9],[32,-67],[-7,-48],[-50,-120],[29,-17],[-7,-43],[18,-63],[-5,-47],[76,-102],[6,-63],[24,2],[13,55],[0,69],[-20,36],[-1,55],[19,112],[37,53],[16,56],[32,-9],[28,-40],[15,-59],[36,-23],[-27,-43],[-24,-140],[23,-33],[-44,-53],[-8,-35],[45,-74],[-32,-41],[8,-27],[46,22],[34,-5],[24,-29],[-24,-52],[4,-49],[-45,-114],[-15,-136],[7,-55],[30,-28],[23,47],[42,171],[31,20],[21,92],[45,27],[26,88],[71,76],[75,-72],[30,28],[32,109],[22,32],[84,16],[41,27],[23,69],[72,39],[36,-43],[54,61],[-21,99],[54,-12],[24,20],[5,61],[40,93],[48,61],[35,-6],[37,-64],[-32,-26],[11,-67],[43,-46],[7,72],[41,-9],[27,79],[-23,57],[55,-4],[17,34],[84,-51],[36,10],[24,-32],[5,-21],[15,3],[9,-34],[79,-52],[15,20],[-28,46],[-41,-10],[-8,16],[-24,15],[-17,0],[-3,76],[-43,98],[-1,28],[47,61],[8,140],[56,39],[-13,59],[58,140],[46,47],[50,-18],[-4,77],[-24,73],[24,22],[5,91],[23,37],[81,79],[26,-34],[-25,-49],[14,-40],[49,33],[72,-52],[89,-159],[39,-18],[35,-54],[-13,-44],[36,-59],[20,-85],[40,-6],[5,38],[31,21],[0,53],[-44,13],[20,73],[-40,42],[26,30],[0,55],[-29,30],[-21,-23],[-33,21],[45,121],[48,97],[35,37],[38,-107],[34,47],[96,-55],[17,9],[41,83],[-22,46],[-50,-9],[-52,46],[-27,-17],[-79,72],[20,37],[41,2],[50,34],[21,49],[32,-14],[36,41],[-29,69],[60,12],[64,-43],[40,-49],[68,-36],[-8,88],[-58,44],[-23,-4],[-43,31],[-20,54],[65,1],[-15,54],[47,29],[18,31],[73,-44],[22,-84],[46,17],[55,-32],[-42,93],[-32,-6],[-13,46],[40,11],[41,63],[-89,-39],[-38,3],[-26,71],[2,44],[-44,84],[-36,42],[-1,45],[19,29],[5,71],[-39,9],[15,65],[-18,76],[44,36],[67,-42],[39,-97],[13,-124],[47,-93],[9,55],[-49,72],[0,134],[24,32],[24,-63],[9,-73],[45,-129],[23,10],[-9,55],[-28,47],[-12,65],[-29,66],[32,55],[21,73],[-43,27],[-30,98],[27,23],[-30,91],[17,27],[43,-56],[18,20],[50,-79],[-9,-17],[73,-85],[73,-126],[25,45],[-32,12],[-8,48],[-28,31],[-19,82],[-63,24],[27,55],[-9,97],[34,-6],[11,39],[-73,15],[-40,24],[25,30],[35,-6],[-73,106],[74,5],[29,-33],[98,65],[23,-25],[142,-24],[34,-18],[-16,-61],[31,-74],[50,-53],[100,-49],[67,-22],[-2,31],[-78,30],[-23,26],[-49,15],[-6,29],[-57,56],[3,81],[-35,33],[-95,27],[-7,37],[-95,23],[-41,-41],[-67,174],[5,64],[-28,61],[-15,76],[-62,97],[15,25],[-29,88],[10,40],[-12,71],[37,-15],[17,37],[39,-1],[-12,81],[49,23],[27,67],[109,107],[25,-49],[31,-19],[31,15],[62,-102],[66,-45],[-12,52],[-26,-7],[-61,98],[-17,6],[19,157],[71,-52],[-13,57],[-55,55],[78,74],[-5,68],[33,22],[9,68],[-26,14],[8,97],[-16,46],[49,28],[20,-43],[46,34],[-1,33],[-37,60],[53,90],[30,-2],[-4,96],[55,15],[-8,57],[81,46],[-9,43],[-54,5],[8,146],[62,34],[93,78],[23,29],[-44,51],[-30,61],[18,31],[50,-13],[98,-74],[46,28],[59,-18],[51,-40],[66,-82]],[[72687,34463],[-8,3]],[[72679,34466],[8,-3]],[[84132,48437],[-11,-87],[-27,14],[10,73],[28,0]],[[72295,34905],[-42,-20],[-14,-36],[-32,18],[35,44],[53,-6]],[[72572,34633],[1,-37],[-75,0],[-11,28],[77,-4],[8,13]],[[81356,55427],[23,-57],[-26,-9],[-43,26],[46,40]],[[88379,48594],[34,-72],[-68,35],[34,37]],[[73612,48400],[12,-68],[-52,-1],[4,46],[36,23]],[[74382,50338],[36,-41],[-49,-16],[13,57]],[[88189,48383],[34,-90],[-45,-3],[11,93]],[[88560,49599],[60,-65],[-16,-43],[-45,56],[1,52]],[[84047,48327],[33,-38],[-16,-68],[-28,58],[11,48]],[[88930,50767],[28,-55],[-51,-7],[-31,46],[13,42],[41,-26]],[[72691,33592],[6,-26],[15,-23],[-85,29],[21,22],[43,-2]],[[88338,48878],[24,-64],[-49,-33],[-19,48],[44,49]],[[88541,49485],[10,-85],[-65,82],[55,3]],[[83766,51037],[24,-32],[4,-79],[-14,-25],[-51,22],[9,54],[28,60]],[[74156,55831],[43,-62],[-19,-40],[-124,103],[100,-1]],[[84403,48750],[28,-44],[6,-47],[-58,-26],[0,57],[24,60]],[[73527,48235],[6,-30],[-36,-69],[-43,-20],[-38,61],[14,35],[97,23]],[[73359,47333],[28,-49],[-93,-43],[-29,34],[-4,51],[37,19],[61,-12]],[[84505,48421],[62,-55],[-8,-58],[-34,-20],[-35,21],[-33,-23],[-1,84],[49,51]],[[84260,48816],[37,-40],[25,-2],[23,-83],[-17,-113],[31,26],[41,-67],[5,-45],[-38,-21],[-72,-138],[1,-49],[-21,-28],[-74,29],[-19,-63],[-52,-1],[16,84],[31,45],[20,132],[22,89],[-21,52],[-66,92],[19,72],[42,-19],[48,55],[19,-7]],[[78267,9834],[-57,-105],[-29,0],[-46,-36],[-69,-136],[3,-17],[-42,-106],[-66,-49],[-16,-26],[-35,0],[-62,-54],[-42,-18],[-64,-2],[-3,52],[-45,13],[-68,-14],[-36,-23],[-90,-100],[-12,-53],[-79,-74],[-46,-13],[-28,-26],[-36,-69],[-89,-78],[-16,-27],[-59,-49],[-7,-41],[-56,-78]],[[77072,8705],[-60,170],[-98,302],[-116,319]],[[76798,9496],[116,118],[71,58],[96,97]],[[77081,9769],[179,161],[10,-51],[59,36],[175,119],[-28,108],[114,77],[36,42],[87,82],[97,100],[-17,46],[195,192],[102,-282],[65,-39]],[[77073,8703],[0,1],[0,-1]],[[77890,9301],[-23,-38],[-25,12],[-46,-38],[-17,35],[111,29]],[[78219,10844],[3,-9]],[[77081,9769],[-57,232],[-28,132],[115,73],[96,73],[-60,263],[-53,218]],[[76798,9496],[-28,49],[-19,-33],[-15,-71],[-48,-48],[-21,-62],[-60,-60],[-15,-40],[-41,-27],[-17,-49]],[[76534,9155],[-157,307],[14,22],[-146,290],[-170,332],[-23,29],[-133,243],[-12,29]],[[75907,10407],[66,103],[1,48]],[[77072,8705],[-16,-47],[-37,-23],[-21,5],[-12,-52],[-30,-31],[-27,-72],[-64,-68],[-48,-111],[-195,-310],[-49,-96],[-23,-57],[-31,-46],[-67,-139],[-47,-123],[-62,-51],[-36,0],[-16,-29],[-83,-18],[-28,-34],[-31,-12],[-43,-38],[-12,-30],[-33,34],[-13,-25]],[[76048,7332],[-7,176],[-18,350],[-27,10],[-101,199],[-190,415]],[[75705,8482],[145,205],[130,-253],[37,43],[46,97],[52,218],[49,47],[59,81],[14,42],[50,8],[16,-52],[23,33],[19,-46],[35,-13],[17,51],[24,-53],[36,11],[16,91],[32,76],[15,-13],[14,100]],[[75705,8482],[-7,-11],[-91,396],[-136,568],[-14,40],[-38,183]],[[75419,9658],[127,195],[91,144],[73,107],[45,58],[64,98],[88,147]],[[76048,7332],[-44,-11],[-51,-42],[-23,-48],[-43,-23],[-67,-81],[-152,-75],[-34,26],[-24,-16],[-25,34]],[[75585,7096],[-101,358],[-131,430],[-21,54],[-95,313],[-126,-75],[-101,461],[-59,-37],[-33,244],[-30,192],[183,120],[-39,166],[-45,215]],[[74987,9537],[196,129],[-13,105],[40,68],[21,11],[41,-49],[52,63],[42,15],[53,-221]],[[76081,7319],[-2,-47],[-52,-67],[-31,-9],[-20,-34],[-38,4],[-11,43],[47,71],[35,32],[19,-16],[53,23]],[[76106,7134],[4,-18],[-34,-48],[-41,-25],[-71,-5],[-21,11],[-53,-31],[12,-42],[0,-56],[-23,-34],[1,-45],[-31,-45],[-39,-35],[-26,33],[7,65],[-34,-12],[-35,12],[15,46],[-9,30],[54,69],[31,10],[-2,41],[49,19],[7,23],[48,12],[14,20],[35,-44],[15,34],[25,-26],[35,32],[28,-20],[39,29]],[[75585,7096],[0,-3]],[[75585,7093],[-44,-28],[-71,-30],[-36,-56],[-20,0],[-138,-181],[-43,-38],[-49,-115],[-27,0],[-68,-44],[13,59],[-47,23],[36,52],[39,23],[12,85],[47,37],[94,20],[-6,47],[-32,-13],[-15,35],[-38,-28],[7,-38],[-68,-60],[-13,-54],[-49,-27],[3,55],[31,144],[23,23],[-24,39]],[[75102,7023],[-78,361],[-40,196],[99,60],[-158,423],[-20,-12],[-95,461],[-30,-18],[-222,972],[-26,91],[-19,106]],[[74513,9663],[219,144],[163,115],[55,-243],[37,-142]],[[75569,7003],[24,-16],[-8,-39],[-28,-32],[-35,-65],[-14,-69],[-57,0],[-32,-15],[-22,39],[-29,20],[10,32],[68,52],[26,44],[22,-15],[25,30],[50,34]],[[75102,7023],[-61,-66],[-67,-38],[-26,13],[-24,-26],[-46,63],[-29,0],[-47,-72],[-47,39],[-67,-44],[-24,-31],[-70,-56],[-37,-7],[-37,-38],[-47,-25],[-27,-84],[13,-17],[-87,-64]],[[74372,6570],[-28,155],[-79,393],[16,32],[64,52],[36,-15],[9,40],[-45,229],[-50,230]],[[74295,7686],[-38,162],[-45,218],[-37,163],[-61,354],[-4,35],[-90,395]],[[74020,9013],[-45,184],[-12,66],[-58,249],[-140,614]],[[73765,10126],[181,108],[207,131]],[[74153,10365],[184,119],[79,-343],[-14,-8],[105,-460],[6,-10]],[[74430,6519],[-1,-2],[1,2]],[[74469,6624],[-20,-59]],[[74449,6565],[-49,-41],[-19,4]],[[74381,6528],[-9,42]],[[74372,6570],[86,62],[11,-8]],[[74469,6624],[81,100],[15,42],[103,53],[27,47],[29,-14],[37,12],[11,-45],[1,-69],[-15,-35],[30,-32],[21,41],[0,67],[65,54],[72,38],[26,-1],[30,36],[46,27],[31,-24],[-18,-97],[-7,-91],[-65,-170],[61,33],[70,-35],[101,75],[62,108],[42,40],[7,-53],[-11,-31],[-48,-59],[-8,-79],[-42,-39],[-34,-8],[-54,-73],[15,-20],[-52,-96],[11,-100],[17,72],[44,-18],[26,22],[39,-26],[72,46],[6,-41],[-50,-33],[-42,-1],[-39,-53],[-45,-33],[-45,-5],[-48,-69],[-23,-9],[-21,-38],[-34,-23],[-16,73],[-21,10],[-26,-36],[-38,18],[31,59],[-24,55],[-44,-20],[0,44],[25,85],[5,50],[-36,-23],[-21,22],[-26,-3],[-97,-64],[-59,-23],[-45,-5],[-50,106],[-39,23],[-13,31],[59,37],[-8,36],[-41,-4],[-33,77]],[[74956,6313],[-67,-72],[-12,-38],[31,-39],[30,106],[18,43]],[[74372,6570],[-43,-22],[-26,-28],[2,-67],[-12,-13],[-27,57],[-77,-19],[-52,-37],[-24,-36],[-19,9],[-43,-30],[-42,21],[-42,-41],[-33,17],[-75,-8],[-20,-25],[-117,-18],[-49,6],[-50,-33],[-86,-32],[-50,-46],[-25,-4]],[[73462,6221],[-56,304],[-29,169]],[[73377,6694],[102,56],[134,78],[43,-7],[52,65],[8,-20],[88,143],[74,169],[44,21],[47,71],[42,28],[-5,50],[43,15],[29,64],[13,59],[-14,69],[124,60],[94,71]],[[74381,6528],[-32,-27],[-13,38],[36,31]],[[73377,6694],[-9,49]],[[73368,6743],[-79,426],[2,5],[184,104],[-76,393],[3,97],[-26,88],[-5,71],[-18,87],[-17,-10],[-65,334],[-65,347]],[[73206,8685],[228,126],[48,31],[273,147],[54,39],[26,-115],[185,100]],[[73368,6743],[-207,-113],[-91,472],[-25,-64],[-59,-98],[-11,118],[-37,15],[-24,-37],[-30,-99],[-58,326],[-58,303],[-63,342]],[[72705,7908],[-86,461],[-62,318]],[[72557,8687],[-2,15],[172,112],[-66,306],[29,-19],[188,119]],[[72878,9220],[33,-162],[46,-195],[52,-241],[3,-49],[194,112]],[[73462,6221],[-53,-43],[-25,12],[-45,-13],[-89,7],[-69,-38],[-42,-48],[-125,3],[-14,-22],[-86,-42],[-30,16],[-31,-20],[-33,-49],[-90,-54],[-37,12],[-28,-48]],[[72665,5894],[-43,55],[-21,115]],[[72601,6064],[-52,272],[-10,70],[-65,359],[-58,326],[201,111],[-101,549]],[[72516,7751],[92,32],[5,44],[23,73],[14,-16],[55,24]],[[72601,6064],[-238,-132],[-313,-163]],[[72050,5769],[-77,317],[-83,353]],[[71890,6439],[148,78],[43,42],[16,42],[50,78],[16,133],[2,64],[29,54],[-4,86],[10,47],[3,584],[313,104]],[[72665,5894],[-44,-99],[-42,-35],[-44,-96],[-35,-49],[-28,-66],[-28,-20],[-52,-85],[-13,33],[-66,-42],[-47,20],[-22,-24],[-32,-95],[-42,-19],[-7,-20]],[[72163,5297],[-29,82],[1,50],[-25,40],[-24,11],[23,51],[-59,238]],[[72163,5297],[1,-16],[-47,-66],[-18,-42],[-10,-112],[-22,-43]],[[72067,5018],[-67,116],[-18,-40],[-57,86],[-73,128],[23,44],[-212,374]],[[71663,5726],[-200,355]],[[71463,6081],[-5,10],[55,119],[30,21],[1,27],[140,74]],[[71684,6332],[206,107]],[[71463,6081],[-131,-280],[-161,270],[-12,-6],[-47,475]],[[71112,6540],[75,37],[-28,268],[44,90],[-73,91],[14,41],[214,108]],[[71358,7175],[229,116],[47,-480],[50,-479]],[[71663,5726],[-194,-416],[-12,-52],[-19,-17],[148,-251]],[[71586,4990],[-57,-100],[5,-48],[-148,-57]],[[71386,4785],[-76,-29],[-42,237],[-80,169],[7,101],[-18,-15],[-205,352],[-44,-77],[-15,-203],[-172,165]],[[70741,5485],[-140,142],[133,404],[-82,-20],[-10,-33],[-24,23],[-112,-31]],[[70506,5970],[-44,459]],[[70462,6429],[4,1]],[[70466,6430],[180,50],[9,-102],[86,24],[10,34],[35,-21],[173,47],[153,78]],[[72067,5018],[-62,-139],[-16,-73],[-21,-33],[-10,-50],[-63,-112],[-34,-49],[8,-48],[-7,-9],[-8,41],[-30,-14],[-51,-59]],[[71773,4473],[-14,10]],[[71759,4483],[0,5]],[[71759,4488],[-30,48],[62,107],[-205,347]],[[71759,4488],[-3,-32],[9,-24],[59,1],[7,38],[34,-19],[13,17],[43,-104],[52,-33],[27,-4],[37,-31],[33,8]],[[72070,4305],[-43,-229],[-60,34],[-52,-295]],[[71915,3815],[-270,228]],[[71645,4043],[-254,220],[-44,267]],[[71347,4530],[-12,76],[72,27],[-21,152]],[[71773,4473],[-14,10]],[[72287,3327],[-87,248],[-285,240]],[[72070,4305],[49,-59],[29,3],[25,-26],[55,-6],[89,11],[62,-46],[50,6],[105,103],[40,23],[65,75],[72,17],[21,-30],[-2,-108],[9,-43],[-5,-69],[14,-93],[-27,-48],[11,-36],[-24,-95],[59,-46],[14,-53],[-16,-54],[4,-93],[10,-26],[47,-35],[11,-40],[41,-9],[21,-36],[9,-60],[-19,-68],[-32,-24],[-46,-3],[-21,-32],[-26,19],[-32,-43],[-41,-8],[-51,22],[-23,30],[-47,-19],[-39,16],[-79,11],[-44,-16],[-11,-37],[-74,39],[-36,8]],[[72287,3327],[-42,-50],[-12,-47],[-58,36],[-25,-23],[-45,32],[-17,-36],[-38,-24],[-12,21],[-63,51],[-36,-17],[-20,-39],[-43,7],[-66,-58],[-33,6],[-54,-16],[-26,-30],[-21,3],[-45,-29],[-33,23],[-35,-35],[-86,-24],[-54,4],[-59,-18],[-18,-50],[-27,-34],[-35,-87],[-41,-76],[-7,-60],[-33,29],[-20,-58],[-16,4],[-41,-48],[-33,-90],[19,-84],[-31,-22],[-61,-4],[-117,19],[-18,10],[-105,100]],[[70780,2613],[5,470],[-32,100]],[[70753,3183],[20,61],[26,24],[234,83],[-44,281]],[[70989,3632],[203,75],[149,57],[191,-166],[91,327],[22,118]],[[71576,2414],[-106,-27],[-36,5],[-63,26],[79,14],[9,-14],[83,-11],[34,7]],[[70989,3632],[-28,160],[-49,306],[202,77],[-41,244]],[[71073,4419],[274,111]],[[71073,4419],[-38,227],[-271,-103],[-1,118]],[[70763,4661],[-2,153],[-69,169],[-85,82],[36,122],[98,298]],[[70763,4661],[-130,-99],[-335,-241]],[[70298,4321],[-109,-79],[-163,169]],[[70026,4411],[90,258],[-17,71],[-43,-10],[-123,129],[109,308],[77,-79],[119,342],[42,-41],[136,418],[-77,75],[14,45],[153,43]],[[70753,3183],[-21,62],[-135,-46],[-25,231]],[[70572,3430],[-29,247],[-28,24],[-40,-65],[-15,18],[-35,161],[-16,-12],[-111,518]],[[70780,2613],[-86,67],[-21,-12],[-35,36],[-76,21],[-45,4],[-89,-13],[-118,18],[-89,6],[-19,-19],[-39,15],[-84,-34],[-38,-30],[-64,-100],[-39,-3],[-38,-62],[-40,-16],[-41,-45],[-39,-58],[-59,-115],[-53,-72]],[[69668,2201],[-195,379]],[[69473,2580],[36,8],[47,94],[30,45],[70,50],[-9,49],[40,3],[30,-37],[15,72],[29,45],[64,43],[2,53],[17,16],[23,-30],[31,0],[-17,62],[19,21],[15,-32],[35,-3],[5,58],[363,216],[-6,56],[46,-15],[214,76]],[[69668,2201],[-50,-80],[-75,-91],[-34,-53],[-23,-57],[-14,-63],[-7,-98],[1,-80],[-7,-74],[-33,-13],[36,219],[-50,-33],[-53,-89],[-7,-72],[-76,4],[-66,-21],[-41,-28],[-92,-95],[-32,-45],[-67,-65],[-131,-114],[-51,-63],[-63,-126]],[[68733,1064],[11,361],[22,-3],[5,149],[-17,58],[16,15],[4,67],[-8,51],[-20,11]],[[68746,1773],[33,80],[13,55],[6,89],[-8,87],[9,83],[-15,101],[-15,-17]],[[68769,2251],[-8,26],[15,55],[30,27],[-19,34],[-1,87],[-18,27],[-36,6],[-15,34],[-4,98],[278,-13],[0,12],[260,-18],[18,73],[204,0]],[[69473,2699],[0,-119]],[[68733,1064],[0,-3],[0,-1],[0,-4],[0,-2],[-21,-62],[-21,-151],[-9,-208],[-29,152],[-36,100],[-36,69],[-23,18],[-76,11],[-74,-28],[-87,-78],[-77,-20],[-50,-29],[-31,26],[-63,82],[-49,33],[8,26],[-27,28],[-6,-41],[-55,44],[3,100],[-5,142],[6,109],[12,56],[-8,166],[21,101],[37,64],[59,32],[60,15],[20,28],[71,-32],[104,-71],[77,-26],[129,16],[70,36],[56,-24],[39,4],[24,31]],[[68529,412],[15,-94],[-6,-51],[12,-82],[-45,-21],[-31,5],[-4,71],[8,127],[33,-5],[18,50]],[[69545,4338],[-11,-73],[-36,11],[-6,-70],[10,-62],[4,-110],[-15,-75],[13,-92],[22,-9],[1,-450],[-2,-247],[-6,-11],[-47,87],[1,-538]],[[68769,2251],[-57,19],[0,57],[-61,-39],[-37,25],[0,35],[-20,62],[4,31],[44,95],[26,38],[20,91],[-4,60],[35,167],[-1,41],[17,82],[-17,111],[13,93],[11,197],[13,74],[41,94],[-13,86],[44,44],[167,59],[61,42],[48,69],[1,50],[61,51],[47,98],[41,73],[-1,77],[65,36],[60,48],[78,82],[78,112],[27,53]],[[69560,4564],[9,-32],[-12,-93],[-17,-70],[5,-31]],[[68547,2432],[12,-27],[-74,-59],[26,57],[36,29]],[[68592,2413],[16,-73],[-23,-12],[-41,48],[48,37]],[[69545,4338],[4,-2],[358,94],[-5,51],[45,11],[79,-81]],[[69560,4564],[44,121],[16,102],[-10,133],[8,184],[6,55],[-1,105],[-9,181],[-17,178],[9,34],[-7,82],[10,126],[-11,57],[8,37],[-7,138],[8,95],[-1,81],[-12,106],[-4,170],[-13,70]],[[69577,6619],[426,-409],[18,55],[214,87],[227,77]],[[70307,8547],[-19,-25],[16,-535],[67,-714],[49,-413],[46,-430]],[[69577,6619],[-13,49],[16,54],[37,59],[57,111],[26,65],[5,46],[24,66],[29,197],[-17,95],[15,38],[27,24],[47,76],[11,50],[33,70],[79,34],[20,24],[25,158],[33,73],[14,56],[60,120],[27,106],[2,91],[-37,85],[-1,48],[35,9],[-10,50],[7,92],[-7,68],[-19,46],[16,40],[-38,58],[-15,43],[1,66],[-17,27],[-36,98],[19,158],[-7,55],[-21,27],[-42,-41],[-42,61],[-2,59],[-13,63],[-21,22],[-33,76],[-9,64],[-24,41],[-27,13],[-30,66],[-5,45],[-30,73],[-43,-18],[-7,47],[-47,-9],[-28,49],[3,31],[41,31],[-2,49],[48,31],[10,-46],[25,12],[40,-6],[25,-20],[34,7],[56,-24],[29,-24],[65,12],[24,22],[50,-6],[47,21],[24,-56],[-14,-42],[-37,-62],[-12,-70],[5,-76],[25,-45],[34,-28],[24,-98],[-9,-76],[5,-52],[-13,-23],[10,-50],[23,-49],[31,62],[32,-35],[-29,-68],[28,-41],[85,9],[11,-33],[-51,-106],[18,-24],[24,43],[32,8],[15,-82],[21,13],[3,51],[35,9],[-29,77],[25,60],[18,8],[18,-39],[23,27],[25,-51],[-64,-82],[-15,-64],[28,-31],[0,-34],[-33,-99],[-114,-171],[-9,-79],[18,-6]],[[69587,10175],[31,-52],[-3,-67],[-27,19],[-1,100]],[[71283,7955],[75,-780]],[[70307,8547],[54,103],[82,68],[27,8],[41,-44],[33,17],[19,-14],[19,-67],[2,-93],[-27,-88],[-7,-96],[-26,-141],[-8,-19],[11,-96],[29,92],[42,39],[26,91],[35,84],[57,67],[48,21],[92,7],[24,-18],[-3,-40],[15,-44],[1,-127],[42,-87],[63,-48],[49,-10],[103,-136],[66,-6],[44,-44],[23,29]],[[70569,8867],[12,-25],[-5,-58],[-34,-4],[-2,36],[29,51]],[[71756,8622],[-4,-4],[8,-37],[46,8],[46,28],[4,-47],[27,-23],[28,24],[16,-58],[28,63],[63,-14],[-18,51],[-16,-26],[-24,30],[6,36],[-10,57],[26,50]],[[71982,8760],[20,15],[-28,82],[12,50],[42,58],[36,4],[32,-64],[59,-28],[28,-37],[61,-6],[27,-26],[50,15],[17,-51],[5,-95],[-6,-42],[49,-9],[70,30],[-1,-23],[102,54]],[[71283,7955],[74,-77],[36,6],[93,-103],[46,22],[43,67],[41,94],[17,74],[3,57],[-15,30],[21,117],[9,92],[-22,67],[-40,85],[-44,14],[-25,40],[-42,21],[-5,86],[8,81],[53,39],[6,-64],[34,16],[-6,37],[13,44],[42,63],[30,-1],[31,27],[36,-18],[19,-52],[-28,-75],[22,-24],[42,1],[10,-63],[-29,-36]],[[71434,9026],[0,-51],[-22,-8],[-15,47],[37,12]],[[71643,9068],[-19,-118],[-18,25],[9,43],[28,50]],[[71484,8939],[2,-41],[23,-13],[0,-60],[-33,-9],[0,55],[-11,44],[19,24]],[[71348,8935],[26,-73],[48,38],[20,-45],[2,-85],[-40,-42],[-31,16],[-34,51],[14,71],[-5,69]],[[71727,9241],[-30,58],[-16,-15],[-32,18],[-16,56],[19,18],[6,55],[-67,-6],[-33,19],[-16,46],[24,35]],[[71566,9525],[95,57]],[[71661,9582],[3,2]],[[71664,9584],[425,276],[-21,84],[-57,250],[202,129],[30,23],[352,224],[143,98],[61,26],[86,54]],[[72885,10748],[4,3],[76,-333]],[[72965,10418],[-131,-84],[17,-38],[25,-122],[0,-37],[33,-115],[14,-90],[25,-94],[8,-70],[27,-67],[2,-36],[-186,-110],[79,-335]],[[71982,8760],[-30,-6],[-27,-79],[-21,44],[-23,20],[12,60],[-43,48],[-18,49],[17,22],[-19,55],[2,61],[-11,66],[-29,32],[-69,-63],[0,77],[-15,38],[19,57]],[[71801,8984],[-16,-109],[1,-72],[-18,9],[-2,143],[35,29]],[[72965,10418],[368,234],[272,175],[20,-81],[140,-620]],[[74153,10365],[-73,336],[160,104],[-79,334],[402,256],[-98,431],[-129,544],[-233,-149],[-35,147],[-195,-128],[-55,241],[-218,-138],[-110,473],[11,57]],[[72885,10748],[-149,649],[-10,14],[-79,-52],[-75,331],[5,5],[-79,342],[29,19],[-45,198],[-111,475],[-67,-42],[-441,-58],[-45,-2],[-65,-41],[-64,-58],[-56,-63],[-41,12],[-66,-23],[0,-47],[-14,-30],[-32,5],[-60,-35]],[[71420,12347],[-153,0],[-1,720],[20,0],[-4,403],[2,330],[-78,-1],[4,241],[74,0],[0,675],[3,288],[18,1],[4,498]],[[71309,15502],[564,-1],[66,-169],[21,22],[98,140],[1,-485],[260,4]],[[71566,9525],[-38,23],[80,30],[9,41],[27,5],[17,-42]],[[71664,9584],[-19,48],[-6,57],[-26,30],[-27,62],[-23,10],[-25,43],[-41,-69],[-26,60],[32,12],[19,65],[-47,-1],[-16,59],[37,28],[81,86],[1,85],[11,27],[-33,68],[-16,65],[-4,67],[-60,3],[-40,-19],[-12,-47],[-38,37],[-15,-44],[44,-57],[-34,-12],[-31,-33],[-42,55],[-32,-16],[-21,75],[10,64],[-9,55],[-19,1],[-13,42],[-40,-17],[-19,55],[-3,79],[9,48],[-7,63],[14,81],[-7,57],[-38,22],[-35,-10],[-62,-46],[-13,75],[-19,43],[25,51],[-29,57],[-1,59],[-36,42],[-53,8],[11,36],[-56,94],[4,72],[22,39],[-62,94],[2,36],[-43,28],[4,103],[-27,-5],[-2,41]],[[70763,11695],[50,2],[-2,35],[33,13],[49,-5],[81,12],[-31,351],[49,5],[30,39],[119,10],[61,-16],[46,22],[30,-9],[56,35],[49,17],[69,50],[7,27],[-39,64]],[[70994,11089],[-2,-74],[-31,16],[-4,30],[7,7],[10,6],[3,0],[4,4],[2,2],[11,9]],[[70983,11117],[11,-18],[-12,-17],[-1,-4],[-16,-7],[-17,-14],[2,53],[33,7]],[[71232,10444],[21,-83],[-17,-29],[-22,8],[-8,36],[26,68]],[[71144,10738],[-22,-35],[0,-68],[-39,42],[12,54],[49,7]],[[71562,9755],[48,-119],[-37,34],[-30,52],[19,33]],[[71545,10220],[17,-48],[-13,-65],[-27,-61],[-68,-39],[-20,-91],[-36,23],[-11,68],[-22,33],[7,94],[36,41],[34,-9],[61,-35],[15,92],[27,-3]],[[69488,12333],[2,0]],[[69490,12333],[-2,0]],[[69739,12249],[10,-32],[-29,-22],[-13,53],[32,1]],[[68129,11397],[-5,-66],[-23,7],[3,55],[25,4]],[[69909,10867],[12,-40],[-12,-34],[-27,33],[27,41]],[[69301,12162],[-6,-63],[-41,-13],[10,44],[37,32]],[[69247,12172],[-1,-76],[-48,9],[19,57],[30,10]],[[69451,11977],[5,-75],[20,-29],[-52,-43],[6,92],[21,55]],[[69744,12330],[26,-33],[29,1],[5,-32],[-49,-22],[-21,15],[-22,48],[32,23]],[[68160,11186],[21,-13],[3,-47],[-9,-87],[-26,14],[-15,61],[4,76],[22,-4]],[[69013,12206],[23,-13],[-5,-75],[18,-40],[-2,-51],[-32,24],[-10,37],[-26,-1],[-18,37],[39,82],[13,0]],[[69606,12313],[58,-2]],[[69664,12311],[16,-27],[-9,-45],[-69,-9],[-23,-115],[-23,-56],[-15,44],[7,32],[-26,89],[36,45],[48,44]],[[69628,10742],[-37,-159],[-75,-91],[-27,10],[-10,54],[13,66],[-5,27],[54,59],[25,1],[62,33]],[[69492,12229],[34,-76],[12,-54],[-7,-49],[22,-14],[25,38],[14,-76],[-37,1],[-15,26],[-39,-32],[-15,44],[-73,5],[-22,-44],[-22,6],[0,26],[-14,35],[-19,-13],[-8,79],[7,45],[32,6],[85,44],[40,3]],[[67688,12033],[34,-91],[24,16],[21,-36],[26,14],[-3,-75],[7,-63],[-33,-44],[-15,-57],[-63,-64],[-88,93],[-24,35],[-27,-7],[-9,35],[11,73],[33,31],[12,70],[37,47],[57,23]],[[69355,12017],[12,-17],[26,-13],[1,-53],[13,-27],[-5,-84],[-27,-71],[14,-24],[39,12],[69,-68],[-10,-83],[-24,-97],[8,-92],[28,-41],[15,-77],[28,35],[-16,49],[3,81],[22,43],[39,116],[16,74],[60,112],[27,-107],[-19,-102],[-18,-34],[-41,-43],[10,-48],[49,15],[42,-6],[37,47],[19,-7],[-1,-71],[-18,-81],[-38,-78],[-47,-42],[25,-56],[-16,-40],[-51,-84],[-13,-94],[-21,-12],[-30,-56],[-34,-119],[-40,-56],[-27,-19],[-95,79],[4,57],[-16,20],[-22,-87],[-42,41],[-26,-2],[84,112],[26,3],[13,-63],[24,11],[9,76],[50,80],[24,11],[37,75],[42,27],[-6,63],[-34,-3],[-17,-27],[-54,6],[-60,-95],[-6,-35],[-26,-33],[-13,-52],[-24,-24],[-39,-9],[-29,-40],[4,-69],[-77,-12],[-8,58],[-24,68],[-37,-18],[-22,39],[-24,-3],[-30,56],[-92,70],[-51,51],[4,34],[-24,28],[-21,-12],[-30,39],[-36,12],[-38,-28],[-48,34],[5,35],[-39,28],[5,28],[-32,35],[-74,5],[-58,17],[-32,66],[-42,-25],[-38,35],[-14,-33],[-48,65],[-22,-26],[-21,59],[-23,-44],[-22,-8],[-62,43],[-35,13],[-11,38],[-45,21],[-45,44],[-27,-36],[-50,93],[-73,-15],[-58,26],[-10,96],[13,56],[36,82],[55,9],[22,-28],[4,-80],[40,-24],[28,123],[59,-34],[9,-61],[64,46],[-7,33],[48,36],[38,-14],[46,78],[34,28],[12,-44],[-16,-79],[-23,-55],[-5,-80],[80,-104],[21,-103],[26,34],[66,59],[25,-19],[8,-86],[22,-8],[25,66],[21,-10],[2,-74],[41,2],[6,-100],[17,11],[21,57],[18,84],[-9,41],[-35,13],[-73,72],[7,53],[-65,-36],[-70,27],[-9,42],[-29,8],[14,50],[34,64],[139,12],[9,-64],[-12,-108],[39,35],[33,-17],[31,110],[21,-5],[23,-72],[22,109],[46,13],[26,35],[69,14],[40,22],[-8,-162],[22,-45],[47,79],[20,-8],[-11,-53],[23,-18],[8,-41],[31,-75],[-7,-68],[29,-48],[32,134],[12,28],[-11,64],[30,37],[47,96],[71,34],[20,47],[53,0]],[[70763,11695],[-8,62],[4,62],[-43,45],[-17,-83],[-19,24],[14,64],[-20,27],[-25,-66],[-37,9],[-34,56],[-34,-46],[-28,5],[-36,-20],[13,85],[-32,29],[-25,-41],[-50,10],[-44,-36],[-42,20],[-14,-72],[-42,34],[3,81],[36,66],[-13,48],[-58,-6],[-33,-19],[-20,11],[-20,-6],[-38,7],[-90,-6],[-12,-16],[-36,12],[-51,-18],[-28,-49],[-38,6],[18,49],[-14,59],[-28,-22],[-8,-41],[-86,-86],[-29,11],[56,70],[21,2],[1,51],[-95,-7],[43,47],[81,6],[28,45],[-76,-20],[-57,-27],[-45,-33],[-26,31],[44,30],[33,-12],[99,62],[-21,53],[29,26],[-11,44],[-10,-9],[-30,23],[-33,10],[-10,30],[-43,7],[6,-34],[-19,-28]],[[69606,12313],[6,17],[-1,2],[-12,19],[-109,-18]],[[69488,12333],[-60,2],[-49,-17],[-68,-11],[-73,34],[-25,-7]],[[69213,12334],[-1,213],[-47,19],[0,-37],[-110,24],[-18,-9],[-59,37],[-66,-9],[0,256],[141,1],[0,250],[146,-2],[-1,722],[146,0],[-4,392],[-2,588],[-326,4],[-19,5],[-219,-5],[-174,-1],[-1,396],[2,326],[-215,0],[-604,0],[-662,-1],[-159,3],[1,725],[0,438],[1,637],[-1,149],[-50,0],[2,162],[0,741],[0,537],[498,-2],[353,4],[386,-1],[125,2],[250,0]],[[68526,18898],[147,-2],[198,3],[353,-3],[223,0],[2,-96],[-1,-386]],[[69448,18414],[-1,-485],[91,-1],[380,-2],[263,-1],[185,3],[0,-730],[1,-443],[-1,-539],[1,-471],[206,1],[501,-2],[233,-3],[2,-239]],[[69828,11980],[36,-18],[-20,-45],[-17,5],[1,58]],[[70446,11903],[32,-22],[-7,-35],[-23,-5],[-31,27],[29,35]],[[69784,11956],[-38,-104],[-18,55],[56,49]],[[70269,12054],[-10,-27],[-66,-84],[-72,-24],[-12,49],[-58,-10],[-32,72],[85,9],[37,-4],[22,5],[14,-10],[67,25],[25,-1]],[[70667,14770],[-153,2],[-1,-242],[-148,2],[2,-239],[-131,-5],[1,-237],[-306,-1],[1,-450],[5,-161],[-151,4],[1,-282],[-35,-2],[-1,-84],[36,1],[1,-242],[153,0],[0,-235],[152,12],[-1,90],[-30,82],[0,48],[-28,77],[44,90],[20,104],[37,26],[27,-18],[77,67],[46,9],[14,-160],[42,43],[15,-43],[43,-1],[0,46],[30,-3],[384,-7],[1,421],[-2,316],[152,0],[1,242],[-3,126],[2,351],[-300,15],[3,238]],[[69448,18414],[304,-2],[97,5],[109,-5],[407,1],[264,3],[133,-3],[390,0],[302,-3],[279,-3],[460,4]],[[68526,18898],[4,552],[0,521],[-1,993],[-44,-5],[-156,-2],[-562,0],[-416,4],[-2,248],[1,480],[-223,-2],[-92,-4],[-107,4],[-276,-3],[-188,2],[-101,7],[2,269],[-4,451],[-50,-3],[-671,1],[-272,4]],[[65368,22415],[-1,725],[-516,5],[-331,-7],[-256,3],[-60,4],[-265,-4],[0,555],[1,734],[0,523],[0,751],[0,1012],[0,753]],[[63940,27469],[40,41],[35,14],[25,64],[42,48],[26,89],[22,30],[1,112],[-19,85],[4,55],[17,45],[35,49],[21,3],[42,57],[56,17],[67,-64],[58,10],[47,-74],[54,-25],[36,-34],[39,-80],[7,-86],[106,-69],[118,44],[20,-15],[82,7],[37,33],[212,35],[47,-24],[47,-96],[14,-66],[55,-70],[29,-14],[30,-104],[82,-32],[21,-21],[43,-81],[23,-95],[37,-61],[48,-16],[52,-57],[-13,-37],[26,-57],[-3,-95],[6,-39],[69,-93],[93,-19],[51,-82],[14,-45],[35,-37],[33,-68],[35,1],[54,-27],[36,-52],[61,-29],[37,-45],[6,-43],[44,-22],[52,10],[34,-23],[25,81],[44,57],[16,73],[38,79],[41,28],[43,48],[124,44],[89,0],[102,78],[52,10],[79,57],[30,6],[95,79],[43,100],[29,26],[48,67],[89,28],[51,6],[39,50],[35,84],[73,46],[61,-10],[20,18],[45,80],[82,44],[10,19],[6,79],[17,68],[6,64],[33,143],[49,38],[13,25],[28,138],[25,64],[100,104],[113,205],[97,74],[98,90],[80,-15],[58,20],[85,-7],[73,89],[134,113],[40,108],[38,57],[21,76],[49,42],[31,12],[40,-20],[57,11],[61,30],[52,6],[57,71],[32,0],[15,41],[86,69],[25,49],[44,59],[66,57],[86,48],[36,0],[61,23],[26,73],[89,7]],[[69798,29630],[77,-42],[26,-48],[9,-51],[-16,-19],[-77,12],[-60,-6],[-8,-25],[104,0],[43,-30],[37,-56],[15,-68],[54,-120],[-6,-27],[57,-63],[38,-14],[104,-87],[49,-17],[21,-39],[55,7],[22,35],[38,-68],[21,3],[13,-44],[71,-47],[-1,-34],[31,-55],[36,-129],[42,-80],[50,-43],[46,-4],[11,-47],[67,-76],[16,-41],[28,4],[10,-60],[37,-26],[16,-77],[69,-138],[22,-69],[-3,-58],[33,-178],[16,-51],[14,-106],[41,-122],[32,-26],[26,-128],[-9,-117],[2,-99],[21,-21],[-11,-40],[34,-57],[14,26],[83,-65],[43,-12],[67,-37],[48,-14],[78,-6],[72,-94],[37,-7],[49,-44],[48,-105],[42,-60],[50,-40],[81,-16],[6,39],[44,93],[27,89],[60,40],[-24,38],[5,52],[-65,122],[22,71],[-1,46],[62,-58],[-17,82],[8,73],[50,4],[68,111],[15,62],[52,6]],[[69213,12334],[-13,28],[-35,-9],[-26,13],[-56,2],[-40,47],[-76,53],[-38,-33],[-61,52],[31,54],[-7,35],[-62,-15],[-33,21],[-36,-15],[-7,35],[-25,9],[-40,-52],[-62,-43],[-18,9],[-66,-9],[-18,-23],[-42,1],[-5,83],[35,48],[-120,-41],[-52,0],[-41,-40],[-30,21],[-29,-22],[-38,23],[-36,-9],[-58,2],[-21,-13],[-18,38],[-22,-36],[-66,55],[-28,-33],[-69,45],[-64,11],[-14,19],[-59,20],[-38,0],[-49,40],[-120,39],[-16,-3],[-87,41],[-52,70],[-34,-39],[-47,4],[-67,31],[-17,36],[-40,6],[-32,-27],[-15,22],[-28,-15],[-29,29],[-4,67],[-30,22],[-33,2],[-16,-32],[-70,-8],[-48,-19],[-16,37],[-37,46],[-13,33],[-24,3],[-3,105],[24,53],[8,117],[26,103],[-43,63],[4,32],[-31,21],[-30,-14],[-14,56],[-30,0],[-26,-22],[-45,-111],[-27,-15],[-51,21],[-20,31],[-40,10],[-28,-44],[-19,34],[-28,-37],[-50,-31],[26,-35],[-20,-34],[-40,10],[-22,39],[-1,50],[-40,67],[-19,7],[-20,57],[6,82],[69,105],[20,54],[28,35],[4,38],[61,39],[22,43],[-33,65],[19,65],[-16,43],[-26,25],[-30,-10],[-16,-37],[-18,-133],[-39,-33],[-18,31],[-5,120],[37,13],[-20,52],[23,75],[4,117],[39,-25],[20,64],[52,2],[7,-33],[29,-50],[46,80],[0,43],[22,25],[-11,70],[-24,14],[-16,41],[-38,12],[-15,40],[-37,21],[-36,-23],[-11,-26],[-40,60],[-34,6],[-34,-70],[13,-46],[-24,-41],[-39,71],[-9,115],[-21,29],[-32,5],[-17,-44],[-71,62],[-18,80],[27,41],[-17,52],[8,34],[77,144],[-14,39],[-6,60],[40,75],[11,91],[35,74],[12,62],[68,113],[-36,148],[-30,58],[-48,5],[-25,36],[4,79],[-30,77],[-44,56],[-39,78],[-27,2],[-85,89],[-34,16],[-43,68],[14,46],[-68,95],[-22,-3],[-15,58],[29,24],[-3,75],[41,59],[-12,85],[-24,27],[39,73],[35,6],[34,112],[-3,44],[-22,85],[2,65],[33,21],[38,108],[49,70],[-15,52],[6,32],[-17,35],[-62,-2],[-90,19],[-111,-17],[-30,6],[-110,1],[-51,-23],[-46,14],[-52,-22]],[[65371,17496],[-5,671],[1,110],[-1,867],[2,628],[-1,344],[0,947],[0,650],[-1,622],[2,80]],[[68920,12391],[47,-41],[-48,-16],[1,57]],[[65842,16158],[18,-23],[-26,-63],[-15,52],[23,34]],[[68822,12260],[-16,-33],[-36,22],[14,31],[35,20],[3,-40]],[[66056,15756],[30,-7],[-11,-67],[-30,5],[-5,63],[16,6]],[[69105,12228],[14,-36],[-21,-51],[-23,42],[30,45]],[[68610,12478],[5,-49],[-51,-1],[-14,38],[60,12]],[[68838,12470],[13,-26],[-92,-36],[-19,33],[98,29]],[[66076,14061],[19,-77],[-10,-31],[17,-77],[-29,-2],[-12,90],[2,88],[13,9]],[[66330,14607],[19,-52],[-33,-89],[-27,24],[-1,64],[42,53]],[[66994,12940],[62,-156],[20,-21],[43,29],[-1,-73],[20,-8],[16,-48],[23,29],[21,-42],[-32,-44],[15,-38],[-34,-80],[-3,-64],[-31,20],[-34,55],[-22,-25],[17,-52],[-17,-45],[2,-89],[-30,-39],[-33,-16],[-11,21],[-7,86],[-36,72],[12,16],[-23,64],[-66,70],[-17,28],[-16,100],[-23,31],[11,46],[-18,44],[-3,121],[18,8],[39,-74],[17,-7],[121,81]],[[65371,17496],[-54,-51],[-8,-20],[-68,5],[-24,-21],[-81,-1],[-107,19],[-18,-10],[-55,14],[-45,28],[-94,42],[-107,123],[-18,41],[-3,44],[-29,-7],[-13,46],[-39,77],[-42,27],[4,46],[-32,56],[-7,47],[-46,86],[-9,55],[-24,57],[6,25],[-39,89],[0,82],[-26,101],[-10,13],[-29,161],[12,78],[-47,35],[-12,50],[3,116],[-17,33],[-3,84],[-13,36],[-16,97],[4,35],[-21,27],[-15,56],[-34,39],[6,68],[-24,18],[-40,151],[-19,38],[11,63],[-19,44],[-27,-10],[-2,72],[-55,-41],[-24,19],[-31,-47],[-20,1],[0,-62],[-79,17],[-35,-9],[-2,34],[23,33],[1,77],[-87,29],[-16,33],[-25,-8],[-28,-55],[-50,-4],[-36,-67],[-58,-22],[-23,28],[-7,41],[-50,-1],[-57,92],[-17,-30],[-28,-3],[-50,-55],[-83,-9],[-30,46],[-17,-60],[-25,-24],[-31,-3],[-40,35],[-8,-26],[-38,27],[15,59],[-31,24],[-32,-7],[-55,29],[-19,75],[-79,21],[-59,-21],[-34,8],[15,85],[-5,32],[-47,-5],[-12,-32],[-47,-25],[-23,32],[-6,58],[-15,28],[-74,30],[-37,-43],[-1,54],[-28,41],[-52,-50],[-7,37],[-31,13],[-18,35],[-38,-24],[-54,39],[-35,61],[-23,4],[-25,132],[-27,-15],[-18,-74],[-39,45],[-58,-62],[-18,-65],[-40,36],[-27,-22],[-40,8],[-3,-28],[42,-73],[2,-43],[-25,-96],[22,-101],[74,-50],[40,-66],[27,-1],[18,-61],[-18,-83],[14,-96],[-14,-61],[-27,-55],[-37,-107],[-34,-33],[-10,-44],[-49,-67],[-26,67],[-23,-41],[-17,31],[2,51],[-43,80],[-11,-10],[11,-154],[26,-4],[12,-35],[-32,-63],[-8,56],[-36,-51],[-15,-43],[-53,26],[-38,-39],[-13,-63],[-30,-2],[-9,-73],[-37,-130],[-24,-28],[-32,72],[16,47],[-15,24],[12,91],[87,166],[16,16],[48,103],[79,123],[38,41],[12,84],[32,149],[-41,71],[13,42],[-11,50],[-30,35],[-50,17],[-45,40],[-38,-3],[-24,-23],[9,-62],[-44,-57],[-21,-60],[-10,-104],[14,-44],[26,-23],[-35,-61],[-9,-47],[6,-124],[-45,-34],[-34,9],[-18,-64],[10,-39],[-14,-37],[-2,-102],[-16,-41],[13,-32],[-27,-57],[-18,25],[-29,-45],[22,-44],[-26,-138],[-15,-35],[0,-64],[-24,-27],[-36,-85],[-74,-13],[-24,-34],[-42,-18],[-41,23],[28,108],[31,31],[28,69],[-8,53],[33,94],[-1,56],[54,119],[35,115],[-15,44],[-56,-10],[-40,-26],[-35,-41],[-33,-4],[-25,-38],[-35,-22],[-4,-28],[-40,5],[-76,-62],[-97,-28],[-30,-41],[0,-28],[-55,-53],[-11,-41],[9,-79],[-31,-33],[-12,-36],[21,-9],[7,-35],[31,-63],[-8,-84],[-31,13],[-1,-54],[-26,-58],[-17,-81],[-1,-88],[-44,-28],[-2,-31],[33,-27],[-43,-66],[10,-62],[-34,-8],[-26,-73],[-30,-34],[-62,-8],[2,-19],[-46,-78],[-10,-46],[-70,-41],[-49,-41],[-41,21],[-33,-20],[-25,20],[-34,-15],[-20,37],[-66,9],[-52,-21],[-13,-44],[-47,-38],[-32,6],[-33,39],[-79,72],[-3,33],[29,23],[-37,85],[-46,33],[-41,45],[-54,2],[-22,16],[-121,-17],[-45,-12],[-39,9],[-35,-29],[-32,-6],[-23,35],[-80,4],[-31,-20],[-79,3],[4,30],[32,15],[18,-20],[19,66],[-70,-28],[-31,7],[-39,-35],[-57,-5],[-116,-38],[-26,83],[-16,22],[21,44],[-21,22],[-8,42],[-36,55],[-6,129],[-25,43],[36,87],[-67,-53],[-43,-18],[-50,-78]],[[58755,18291],[0,745],[0,518],[0,933]],[[58755,20487],[0,574],[5,280],[-5,48],[0,968],[0,473],[-1,602],[1,443],[0,798],[0,543],[1,685],[26,44],[13,134],[25,39],[76,29],[99,75],[26,31],[27,-19],[35,44],[29,66],[46,38],[33,-25],[-17,-79],[12,-15],[82,59],[52,13],[48,-65],[40,-20],[19,-42],[47,45],[57,37],[46,87],[36,9],[17,-37],[24,3],[63,60],[49,-3],[25,33],[42,-56],[28,34],[52,19],[14,51],[24,16],[34,-25],[45,23],[100,119],[55,-6],[51,43],[25,-9],[79,86],[43,-14],[-2,61],[26,15],[73,104],[18,48],[83,110],[67,69],[60,90],[22,-32],[30,34],[83,-2],[0,61],[57,163],[36,49],[57,-15],[30,-40],[45,4],[8,-32],[-30,-37],[-2,-62],[16,-26],[36,76],[25,3],[108,86],[8,85],[34,35],[89,4],[13,-28],[55,2],[42,-26],[53,17],[38,30],[18,-15],[21,-63],[52,-58],[117,-55],[36,-24],[50,22],[101,-35],[89,-13],[13,29],[58,19],[16,-16],[74,51],[62,-21],[39,-48],[7,-30],[55,-27],[52,-43],[30,-40],[-3,-45],[40,-47],[-16,-49],[20,-42],[37,17],[26,-57],[45,-25],[55,-115],[2,-35],[61,-13],[29,-33],[47,-2],[4,-53],[54,13],[65,46],[25,-3],[118,53],[57,-1],[45,45],[20,44],[27,23],[46,4],[50,77],[36,7],[17,71],[26,11],[10,56],[74,64],[69,-42],[31,-55],[55,13],[46,64],[30,-13],[39,41],[-24,58],[14,51],[114,86],[51,8],[47,45]],[[60814,18690],[-10,-54],[-27,55],[37,-1]],[[62086,20249],[6,-62],[-34,20],[-2,44],[30,-2]],[[64827,15832],[-12,-35],[-27,40],[26,65],[13,-70]],[[63410,19572],[15,-31],[-54,-15],[-48,-29],[6,43],[81,32]],[[63838,19659],[21,-7],[29,-57],[-58,16],[8,48]],[[62723,19894],[43,-31],[15,-46],[-52,-19],[-17,28],[11,68]],[[62140,19589],[29,-55],[-27,-23],[-24,-83],[-27,25],[24,48],[14,93],[11,-5]],[[61547,18817],[-21,-65],[0,-46],[-22,-35],[-35,60],[26,50],[23,-1],[29,37]],[[62804,19868],[34,-4],[42,-26],[3,-70],[-26,-21],[-38,23],[-15,98]],[[62170,20286],[35,-34],[10,-101],[-17,-7],[-33,59],[-41,20],[19,57],[27,6]],[[63416,19530],[38,-32],[4,-95],[-53,-32],[-63,59],[8,38],[35,9],[38,29],[-7,24]],[[60980,18402],[38,-96],[-22,-28],[-72,-58],[2,37],[-29,9],[-24,-35],[-15,31],[13,65],[50,62],[19,-8],[40,21]],[[62588,19993],[17,-15],[28,-61],[10,-76],[21,-4],[20,-64],[27,-45],[-62,-7],[-62,-22],[-51,61],[26,24],[-30,118],[2,66],[54,25]],[[64885,17075],[57,-67],[68,-12],[48,-47],[-15,-58],[-75,-23],[-24,-39],[-41,-16],[-29,5],[-39,38],[-73,-48],[-10,26],[-61,3],[-49,12],[-10,39],[11,41],[36,46],[79,81],[88,-5],[39,24]],[[62324,20035],[44,-15],[47,0],[56,-15],[54,-37],[-12,-51],[10,-63],[-5,-49],[-26,-4],[-11,-44],[-32,-53],[-42,43],[-54,23],[-41,-18],[-53,-48],[-23,-7],[-11,-37],[-2,-95],[-37,-3],[-26,52],[-23,95],[13,89],[-18,91],[23,45],[46,29],[53,65],[70,7]],[[58755,18291],[-32,-26],[-52,24],[-8,-45],[9,-65],[-55,-29],[-106,-140],[-27,-15],[-23,-65],[-30,-19],[-13,-33],[-30,4],[-34,-40],[-30,54],[-30,-61],[-62,-31],[-50,31],[-7,54],[-97,-5],[59,125],[29,15],[-3,51],[-23,4],[-10,-42],[-34,8],[-21,-47],[-54,-68],[0,64],[-44,-69],[-26,33],[-31,-19],[-28,50],[-8,74],[12,66],[-14,43],[-57,52],[-28,-19],[-25,49],[-41,-21],[-41,70],[-70,5],[-92,136],[49,18],[4,17],[-25,68],[-34,15],[6,37],[-17,38],[33,23],[48,-3],[-4,47],[-33,-28],[-27,7],[-66,-14],[-7,48],[-92,-45],[-35,-2],[-14,-31],[-49,7],[-53,-9],[-53,-108],[19,-35],[4,-52],[25,-110],[-103,-67],[-14,44],[-33,171],[-24,14],[-23,67],[21,52],[-39,2],[1,59],[18,38],[6,90],[-41,25],[-3,34],[28,36],[-5,47],[-82,-10],[-101,20],[-45,-33],[-42,36],[-4,27],[32,38],[60,-8],[16,10],[16,73],[-6,88],[-21,45],[-38,-30],[-32,43],[-35,7],[-23,52],[-39,29],[-141,3],[-40,30],[71,36],[-33,32],[33,72],[-131,-5],[-5,32],[45,20],[14,34],[-35,33],[-23,-40],[-77,-22],[-46,-58],[-37,-19],[-64,37],[-24,76],[44,24],[-18,20],[9,19],[5,20],[9,-11],[16,-6],[22,31],[-3,42],[-25,-25],[-10,-18],[-7,-3],[-5,-15],[-53,-34],[-16,-128],[-40,10],[-28,33],[-3,30],[54,17],[10,47],[53,58],[-39,8],[-4,37],[23,67],[-5,79],[-38,-22],[-62,37],[-17,109],[-22,28],[14,37],[-1,47],[-19,85],[-17,34],[-26,-72],[-18,14],[-61,1],[-8,37],[-49,-59],[0,-29],[53,-9],[-3,-44],[-46,-20],[28,-65],[22,31],[23,-36],[-7,-45],[-41,-23],[-55,39],[-17,32],[-47,47],[-49,-30],[-30,-72],[29,-59],[14,58],[27,47],[12,-41],[34,11],[17,-49],[23,18],[46,-77],[23,40],[59,-70],[25,-9],[-13,-82],[14,-20],[-14,-45],[0,-27],[-38,-26],[-29,-64],[1,-39],[24,-38],[78,-8],[-34,-45],[-22,-84],[-42,9],[-41,-47],[-32,-17],[12,-62],[-13,-55],[-83,-41],[-99,1],[-28,-39],[-73,4],[-95,-6],[-30,42],[17,96],[-22,127],[-31,55],[-119,9],[-68,26],[-32,-6],[-112,10],[-133,24],[-20,120],[-53,38],[-48,-18],[-49,23],[-38,-6],[-20,-39],[-115,17],[-15,37],[-39,6],[-70,84],[-54,80],[-4,95],[-12,38],[25,83],[22,17],[27,61],[7,65],[17,24],[16,66],[23,44],[16,-9],[38,23],[26,-12],[53,32],[16,33],[-4,46],[41,2],[43,115],[31,11],[22,106],[-33,14],[33,29],[1,-39],[13,-14],[27,-5],[12,-17],[15,6],[11,-32],[27,-11],[5,-11],[23,-4]],[[54923,20565],[0,-133],[469,0],[1,300],[119,-2],[257,1],[675,-3],[-4,-242],[638,6],[287,1],[627,-6],[763,0]],[[55086,20893],[-1,-3],[0,-1]],[[55085,20889],[0,-10]],[[55085,20879],[1,14]],[[54816,21223],[13,0]],[[54829,21223],[-13,0]],[[54485,21455],[16,1]],[[54501,21456],[-16,-1]],[[54399,21455],[18,0]],[[54417,21455],[-18,0]],[[54533,21451],[-13,5]],[[54520,21456],[13,-5]],[[54770,21223],[17,0]],[[54787,21223],[-17,0]],[[54503,21456],[13,0]],[[54516,21456],[-13,0]],[[55083,20777],[0,45]],[[55083,20822],[0,-45]],[[54373,21447],[18,8]],[[54391,21455],[-18,-8]],[[54533,21450],[1,-37]],[[54534,21413],[-1,37]],[[55083,20771],[0,-1],[0,-2],[-1,-7],[0,-1],[0,-3],[1,14]],[[54364,21231],[10,12]],[[54374,21243],[-10,-12]],[[55084,20841],[0,-7],[0,7]],[[56033,19905],[11,-55],[-38,2],[27,53]],[[54484,21455],[-9,-40],[-42,40]],[[54433,21455],[51,0]],[[55014,20808],[22,-17],[-38,-52],[-14,16],[30,53]],[[54729,21095],[49,-45],[-8,-22],[-58,33],[17,34]],[[54391,21425],[28,-14],[-7,-68],[-22,15],[1,67]],[[55978,19691],[10,-25],[-9,-58],[-27,3],[5,65],[21,15]],[[54547,21182],[11,-49],[-33,-16],[-29,30],[51,35]],[[55947,19614],[35,-19],[-6,-61],[-22,-8],[-21,34],[14,54]],[[56209,19472],[13,-42],[37,21],[15,-38],[-54,-17],[-19,40],[8,36]],[[54610,20858],[5,-38],[-40,-64],[-19,48],[54,54]],[[54611,21069],[66,-52],[-7,-32],[-38,5],[-45,38],[24,41]],[[54611,20996],[53,-39],[12,-51],[-58,-21],[-35,1],[2,76],[26,34]],[[54958,20992],[2,0],[1,0],[2,0]],[[54963,20992],[75,1]],[[55038,20993],[25,0]],[[55063,20993],[21,0],[3,-50]],[[55087,20943],[-77,-1],[-37,-22],[-31,44],[16,28]],[[54534,21401],[1,-141]],[[54535,21260],[-27,-4],[-32,38],[-43,16],[21,64],[64,-15],[16,42]],[[54539,21224],[227,-1]],[[54766,21223],[-25,-60],[-22,15],[-27,-38],[2,-30],[-44,-34],[-73,36],[-8,30],[29,25],[-59,48],[-7,8],[4,4],[0,-2],[3,-1]],[[54954,21005],[-30,-37],[-37,22],[-15,54],[11,68],[-65,70],[16,41]],[[54834,21223],[17,-30],[102,0],[1,-188]],[[54924,20701],[-1,-135]],[[54923,20566],[-21,3],[-5,13],[-18,13],[-19,33],[-18,-6],[-34,38],[-16,57],[28,44],[12,57],[79,-37],[15,-37],[-2,-43]],[[54513,20744],[20,-40],[27,8],[42,-76],[-6,-36],[-25,-16],[1,-45],[-39,-73],[-33,115],[-40,-13],[-12,21],[21,131],[44,24]],[[54434,21016],[13,-87],[26,5],[14,33],[49,38],[41,-67],[-28,-70],[-24,-7],[-33,-85],[-28,0],[-32,-41],[-32,12],[-33,-84],[-40,43],[15,47],[-20,44],[-5,73],[41,88],[36,10],[40,48]],[[65943,37888],[18,0]],[[65961,37888],[38,-41],[45,10],[53,-17],[174,10],[59,-12],[83,62],[61,26],[45,-12],[53,44],[39,-26],[62,5],[53,20],[82,-61],[31,-7],[93,65],[27,38],[45,17],[64,2],[7,-15],[69,-31],[43,-47],[42,-24],[47,-56],[22,53],[-8,47],[56,-11],[29,-36],[76,-11],[104,-88],[33,-8],[27,27],[94,-66],[52,28],[27,-13],[58,21],[27,-33],[52,-12],[117,53],[94,33],[61,-44],[48,-149],[79,-76],[73,4],[40,34],[2,50],[69,36],[-3,-39],[25,-41],[58,10],[41,-48],[28,7],[23,42],[25,-31],[-2,-45],[88,-38],[3,-81],[59,-22],[64,-51],[-30,133],[29,10],[8,37],[58,-24],[8,-134],[-30,-33],[-6,-72],[17,-68]],[[68971,37189],[8,-161],[32,-71]],[[69011,36957],[-41,-30],[14,-84],[19,-36],[26,32],[19,-90],[2,-106],[-24,-128],[-15,-22],[-33,-97],[-12,-84],[-25,-87],[4,-77],[-13,-49],[-31,-282],[-25,-25],[-18,-126],[-29,-83],[-29,-170],[-19,-50],[3,-52],[-13,-140],[3,-79],[12,-49],[-8,-92],[22,-16],[73,-182],[46,-64],[60,-114],[60,-190],[22,-45],[-11,-33],[35,-186],[23,-70],[25,-136],[5,-147],[-8,-53],[-37,-87],[-49,-200],[-8,-69],[2,-73],[-11,-25],[15,-61],[-3,-58],[16,-107],[34,-153],[-3,-32],[29,-132],[34,-259],[-12,-27],[10,-87],[-122,-136],[-6,-47],[-36,-54],[-25,-104],[6,-23],[-17,-97],[5,-253],[17,-42],[5,-71],[-21,-3],[49,-94],[0,-24],[98,-86],[30,10],[20,-21],[102,-170],[22,-50],[71,-98],[10,-33],[20,-172],[43,-100],[26,-42],[58,-57],[62,-82],[7,-29],[66,-148],[61,-124],[51,-67],[44,-25],[35,-56],[8,-54],[-22,-167],[39,-111],[-37,-39],[-18,-46]],[[54923,20565],[0,1]],[[54924,20701],[25,17],[33,-35],[41,19],[31,63],[42,-49],[41,-26],[21,12],[52,-67],[29,36],[-14,47],[-48,7],[-48,-18],[-46,70]],[[55083,20822],[55,9],[12,31],[34,-6],[30,-27],[14,47],[-44,-5],[-52,21],[25,32],[35,-28],[0,56],[-27,15],[-78,-24]],[[55063,20993],[14,58],[35,25],[36,61],[3,196],[-23,40],[-8,57],[26,22],[6,-55],[49,10],[-27,79],[-63,36],[-12,-41],[-45,53],[-4,28],[42,22],[24,-33],[86,-24],[11,56],[68,-5],[22,-13],[60,20],[-53,49],[-71,-12],[-61,18],[-3,40],[-39,29],[-32,-1],[-49,26],[-4,-25],[-64,37],[-32,30],[-63,13],[39,50],[-25,27],[-45,-13],[-61,17],[7,79],[-73,113],[-48,27],[20,35],[36,-7],[33,-34],[16,28],[55,-39],[48,1],[-37,55],[-69,17],[-7,42],[38,-2],[13,109],[-16,40],[-46,30],[-12,61],[-41,36],[-40,-24],[-15,42],[-24,-24],[-30,117],[-85,-42],[3,-75],[15,-64],[-27,-103],[-13,-24],[-93,-2],[36,94],[9,48],[-77,26],[-38,-15],[-19,14],[-73,-54],[-24,9],[-27,-37],[-18,-85],[-70,-15],[17,-46],[21,35],[76,3],[16,-36],[35,-28],[-60,-40],[-19,-67],[-37,-50],[-50,-23],[-23,26],[-29,-15],[-38,58],[45,80],[-60,78],[-37,-12],[-56,-46],[-28,75],[-41,-2]],[[53839,22237],[1,279],[-1,712],[0,1102]],[[53839,24330],[0,436],[0,889],[0,698],[0,587],[0,494],[0,665],[0,626],[0,589],[0,938],[0,907],[488,713],[246,354],[303,431]],[[54876,32657],[366,493],[321,456],[65,93],[127,227],[225,386],[164,294],[307,527],[316,530],[290,475],[262,423],[221,366],[153,262],[144,239],[117,205]],[[57954,37633],[244,392],[324,515],[424,662],[292,446],[285,430],[403,603],[380,558],[218,318],[562,803]],[[61086,42360],[72,-9],[47,38],[23,-37],[0,-56],[49,27],[11,-52],[-7,-51],[47,-68],[56,-37],[41,-50],[26,-122],[30,-39],[68,-44],[29,-32],[61,-11],[76,-134],[56,-47],[51,-69],[213,-165],[51,1],[148,-91],[47,-44],[44,-191],[108,-140],[-3,-32],[36,-55],[32,-122],[52,-86],[23,-59],[0,-61],[88,-226],[-2,-27],[72,-73],[13,-26],[-17,-42],[67,22],[61,-31],[11,-39],[-5,-56],[35,-33],[76,-36],[33,-65],[22,-3],[133,-92],[53,10],[170,-58],[44,8],[99,-12],[140,-119],[162,-120],[64,-14],[42,-43],[49,-24],[161,-99],[78,-108],[45,-46],[64,-28],[180,-64],[54,-11],[57,-30],[85,-18],[10,-45],[46,-53],[31,-4],[56,-69],[52,-1],[60,-69],[48,-39],[14,-61],[27,-11],[30,-64],[82,-116],[9,-35],[76,-95],[62,-51],[33,-41],[49,-14],[25,-24],[71,4],[9,-57],[25,-26],[46,5],[34,-36],[24,-59],[2,-53],[-27,-54],[9,-32],[35,-2],[55,36],[44,-2],[46,20],[56,-43],[97,-40]],[[54963,20992],[-9,13]],[[54834,21223],[-5,0]],[[54816,21223],[-29,0]],[[54770,21223],[-4,0]],[[54539,21224],[-4,36]],[[54534,21401],[0,5],[0,2],[0,5]],[[54533,21450],[0,1]],[[54520,21456],[-4,0]],[[54503,21456],[-2,0]],[[54485,21455],[-1,0]],[[54433,21455],[-16,0]],[[54399,21455],[-8,0]],[[54373,21447],[15,87],[-20,72],[31,48],[27,73],[19,12],[33,-36],[68,36],[18,-5],[136,46],[56,-10],[66,41],[22,-46],[84,-9],[-26,-41],[-36,-10],[-2,-74],[22,-85],[45,68],[24,-62],[-2,-72],[-31,-122],[15,-43],[53,4],[37,-53],[30,-8],[50,-48],[13,-53],[-7,-54],[-76,-72],[1,-38]],[[54336,21232],[-6,0],[6,0]],[[55085,20889],[0,-10]],[[54364,21231],[10,12]],[[53839,22183],[0,4],[0,-4]],[[53839,22117],[0,38]],[[53839,22155],[0,-38]],[[54194,21459],[26,-15],[-43,-49],[-20,28],[37,36]],[[54321,22396],[-23,-70],[-41,4],[-1,25],[65,41]],[[54987,21451],[18,-108],[-28,-12],[-22,43],[32,77]],[[54688,21864],[-43,-66],[-35,-36],[-20,52],[66,19],[32,31]],[[54363,22394],[50,-70],[-47,-55],[1,49],[-27,63],[23,13]],[[54746,22328],[-4,-52],[11,-61],[-31,-11],[-15,39],[8,53],[31,32]],[[54411,21827],[22,-69],[-36,-104],[-34,21],[-36,-19],[-7,35],[27,26],[4,75],[22,28],[38,7]],[[53840,21745],[-2,332]],[[53838,22077],[17,-47],[44,-80],[-6,-46],[-43,-55],[13,-55],[-23,-49]],[[54971,21741],[187,-102],[-30,-28],[-73,-4],[-26,-14],[-27,30],[11,37],[-52,39],[10,42]],[[54423,23181],[43,-50],[20,-73],[57,-42],[-4,-143],[-23,-6],[-36,62],[-32,21],[-6,36],[-48,9],[-9,38],[34,11],[23,68],[-19,69]],[[54340,21620],[34,-79],[-13,-36],[1,-62],[-25,-67],[-26,26],[-46,-50],[-24,31],[24,58],[22,108],[27,60],[26,11]],[[53839,21542],[0,1],[0,1]],[[53839,21544],[1,151]],[[53840,21695],[50,-27],[27,37],[34,7],[23,40],[80,33],[32,114],[34,0],[17,27],[62,-2],[-26,105],[69,58],[28,7],[37,-47],[15,81],[-29,61],[38,0],[63,23],[91,-18],[-23,-24],[-5,-67],[-74,-61],[31,-30],[-26,-58],[-112,-69],[-37,-6],[-43,-52],[-6,-77],[5,-47],[-73,12],[-48,-64],[37,-7],[-16,-49],[28,-58],[-30,-28],[-42,15],[-6,-35],[-44,-44],[-67,36],[-3,-28],[-63,18],[-25,30],[-4,41]],[[54547,23150],[-24,-77],[-45,77],[-40,40],[-31,-7],[-2,-55],[-15,-19],[0,-62],[-19,-32],[19,-38],[49,0],[25,-98],[40,-18],[-12,-59],[-55,-43],[-18,-30],[-39,-5],[16,-42],[45,71],[34,26],[46,-37],[1,-108],[25,-25],[32,16],[15,56],[-9,28],[-41,29],[3,56],[-28,2],[-5,50],[29,7],[23,173],[-22,46],[3,78]],[[53839,22237],[-59,-81],[19,-33],[40,32]],[[53839,22117],[-49,-7],[8,-37],[40,4]],[[53840,21745],[0,-50]],[[53839,21544],[-1,-126],[1,-495],[-63,1],[-42,-30],[-47,-92],[-12,-82],[14,-131],[23,-44],[49,-14],[-15,-100],[-58,-2],[-569,2],[-406,1],[-317,0],[-474,1]],[[51922,20433],[0,455],[6,42],[1,246],[476,2],[-2,246],[2,125],[-1,369],[10,0],[2,367],[-2,122],[2,248]],[[52416,22655],[0,248],[10,1],[-5,245],[1,634],[9,108],[0,124]],[[52431,24015],[-1,123],[-108,-2],[0,249],[-108,2],[0,327],[-53,0],[0,41]],[[52161,24755],[0,96],[-24,222],[18,19],[62,21],[8,19],[-47,66],[32,59],[-38,64],[12,37],[44,47],[8,-58],[-30,-51],[10,-48],[23,-8],[-11,-86],[45,-39],[32,-83],[100,-75],[-1,-65],[54,-1],[0,-121],[113,21],[1,47],[21,40],[163,-1],[1,-56],[151,-3],[0,-243],[483,-1],[0,-330],[216,7],[107,8],[-1,72],[126,-1]],[[53839,22216],[0,-9],[0,9]],[[51640,22660],[618,-5],[158,0]],[[51922,20433],[-553,0]],[[51369,20433],[-1,104],[73,-14],[10,41],[-26,78],[-8,61],[-24,11],[-22,123],[-19,17],[-22,66],[-2,37],[31,12],[-1,126],[-14,80],[106,1],[0,618],[14,41],[0,62],[-91,21]],[[51373,21918],[0,42],[33,82],[34,41],[40,82],[0,245],[-54,-35],[-13,50]],[[51413,22425],[107,89],[54,21],[-1,26],[42,34],[-1,51],[26,14]],[[51369,20433],[-369,1],[-395,-1],[-422,0]],[[50183,20433],[0,495],[-6,1],[0,247],[-160,-1],[1,372],[-1,370],[-6,0]],[[50011,21917],[-1,250]],[[50010,22167],[240,-1],[561,1]],[[50811,22167],[0,-248],[562,-1]],[[49207,21921],[2,-2],[322,0],[326,1],[154,-3]],[[50183,20433],[-305,-1],[-563,0],[-558,0]],[[48757,20432],[1,478],[-16,20],[0,247],[53,0],[9,-83],[46,0],[-3,-41],[53,-1],[1,42],[-1,828]],[[48900,21922],[289,-3],[18,2]],[[47605,21919],[510,1],[561,0],[224,2]],[[48757,20432],[-367,0],[-534,0],[-359,0],[-283,0],[-663,-1]],[[46551,20431],[0,498],[-35,0],[-1,991]],[[46515,21920],[461,0],[629,-1]],[[47581,23401],[-1,-493],[27,1],[-1,-915],[-1,-75]],[[46515,21920],[-30,0],[0,988],[-34,22],[0,474]],[[46451,23404],[349,-1],[471,0],[310,-2]],[[48853,23897],[179,-1],[0,-494],[162,0],[0,-461],[15,-33],[-1,-978],[-1,-9]],[[47581,23401],[645,2],[322,-1],[1,495],[201,0],[0,-84],[67,2],[0,82],[36,0]],[[49741,24887],[7,-53],[37,-46],[13,-161],[76,-215],[12,-67],[-13,-69],[-58,-39],[-19,-74],[-6,-82],[18,-150],[32,-48]],[[49840,23883],[-1,-974],[11,0],[0,-248],[160,1],[0,-495]],[[48853,23897],[0,989],[-17,0],[0,124]],[[48836,25010],[491,1],[0,-125],[14,0],[0,-84],[162,1],[0,-164],[164,0],[1,248],[73,0]],[[50559,23440],[-3,-94],[10,-47],[81,1],[0,-392],[4,0],[0,-247],[160,-1],[0,-493]],[[49840,23883],[70,-86],[59,-38],[79,-19],[74,9],[92,47],[79,56],[78,71],[36,68],[9,53],[64,39]],[[50480,24083],[5,-185],[0,-484],[43,-2],[31,28]],[[51150,23011],[-12,-329],[102,10],[79,0],[91,13],[10,-46],[0,-122],[-7,-112]],[[50559,23440],[21,18],[65,-16],[51,-1],[24,-38],[88,0],[4,-57],[41,-37],[53,-94],[11,55],[47,-11],[47,-61],[40,-73],[47,-63],[21,-51],[31,0]],[[51674,23031],[-32,0],[3,-41],[67,-1],[11,-82],[-30,0],[0,-42],[-54,0],[1,-205]],[[51150,23011],[64,12],[81,-1],[68,11],[-2,-43],[41,2],[0,165],[53,0]],[[51455,23157],[27,-1],[14,52],[89,-95],[6,5],[83,-87]],[[51674,23031],[-5,103],[47,19],[-1,41],[27,54],[47,52],[40,60],[14,41],[175,-2],[-14,20],[15,61],[1,166],[27,0],[0,248],[62,0],[-2,123],[29,-5],[295,3]],[[51455,23157],[0,246],[81,0],[-1,453],[3,42],[-1,743]],[[51537,24641],[150,-1],[0,-42],[40,0]],[[51727,24598],[8,-49],[-11,-89],[7,-32],[49,-58],[34,-22],[119,-32],[54,-6],[85,18],[26,29],[19,50],[42,40],[12,30],[-10,94],[-19,37],[-9,71],[-25,37],[-2,38],[55,1]],[[50480,24083],[45,62],[443,1],[0,207],[-26,40],[188,2],[-1,246],[408,0]],[[46451,23404],[0,493],[-35,0],[1,554],[-1,434]],[[46416,24885],[482,0],[249,0],[379,0],[0,371]],[[47526,25256],[191,-2],[0,-122],[135,0],[0,83],[205,0],[26,-41],[2,-83],[41,-12],[0,-29],[40,0],[31,-22],[10,56],[41,1],[14,-37],[82,-1],[0,-161],[164,-1],[0,124],[328,1]],[[47001,27029],[2,-291],[110,0],[-1,-164],[-54,-1],[-55,42],[1,-742],[30,0],[2,-247],[326,0],[0,-247],[163,0],[1,-123]],[[46416,24885],[-37,0],[0,989],[-36,0],[0,493]],[[46343,26367],[0,494],[-37,0],[0,739]],[[46306,27600],[166,1],[35,-5],[0,157],[164,0],[0,-480],[330,0],[0,-244]],[[49573,26311],[-2,-53],[-74,-74],[11,-46],[-10,-45],[18,-108],[4,-70],[-25,-23],[-18,-50],[10,-109],[-2,-64],[31,-54],[18,4],[13,-80],[29,-50],[26,-84],[27,-20],[1,-42],[20,-50],[9,-87],[25,-81],[30,-45],[38,-129],[-11,-64]],[[47001,27029],[329,1],[1,730],[-30,1],[0,243],[293,0],[511,1]],[[48105,28005],[23,-15],[39,30],[6,71],[-10,102],[-21,17],[17,131],[21,24],[-12,49],[0,54],[22,42],[-1,60],[-31,-5],[-23,45],[4,49],[-12,90],[-22,43],[-4,51],[14,79],[17,-4],[38,57],[11,-97],[39,-136],[-16,-32],[2,-68],[17,-135],[25,-7],[0,-53],[19,-47],[7,-50],[-15,-29],[-10,-82],[-51,2],[-6,-54],[30,-54],[-19,-106],[-2,-53],[10,-65],[22,-8],[13,-57],[61,-23],[-4,-28],[29,-37],[22,-54],[25,-6],[-3,-86],[50,18],[19,26],[23,80],[16,-32],[0,-185],[165,-3],[165,1],[0,-242],[366,-1],[13,-114],[-7,-30],[17,-46],[-17,-58],[28,-90],[24,-152],[53,-32],[59,-192],[21,15],[9,-64],[28,4],[-16,129],[33,21],[13,68],[35,4],[21,47],[7,-130],[0,-92],[-36,-78],[22,-97],[-10,-96],[55,28],[41,-6]],[[49573,26311],[17,43],[22,-19],[25,28],[9,-61],[19,-57],[16,17],[62,17],[-2,56],[-39,44],[37,90],[-8,68],[51,-27],[72,108],[-22,20],[-25,68],[30,72],[-2,22],[-91,36],[-59,-19],[-42,23],[-31,57],[2,75],[-29,81],[-16,74],[-29,-44],[-5,72],[19,115],[47,44],[-20,89],[-7,96],[18,52],[47,46],[-7,50],[-56,35],[-16,52],[3,40],[-20,41],[-17,75],[16,15],[-38,104],[-36,-1],[-1,120],[167,-1],[0,364],[166,1],[0,-163],[165,1],[92,6],[29,-178],[-36,10],[-83,-21],[-55,0],[-1,-101],[-45,-43],[68,-235],[42,-163],[0,-333],[165,0],[0,-244],[169,0],[-2,-164],[25,0],[1,-246],[300,1],[-1,247],[165,0],[0,-247],[330,0],[1,248],[165,-4],[420,3],[32,-15],[-8,-43],[-59,-121],[-18,-70],[36,-80],[69,30],[29,35],[-1,39],[35,30],[13,58],[25,44],[9,59],[27,-1],[47,96],[-13,22],[61,122],[222,185],[15,-45],[8,-72],[53,-133],[42,-44],[28,4],[33,-43],[37,-82],[23,-89],[43,-85],[35,-89],[-13,-30],[-31,12],[-69,-19],[-39,-84],[-19,-3],[-108,-62],[-157,-227],[-136,-188],[-61,-71],[-183,218],[-6,-14],[20,-85],[20,-28],[-6,-73],[-35,-112],[-33,-73],[-3,-49],[21,-69],[35,-56],[0,-51],[-30,-49],[-13,-62],[6,-56],[-11,-75],[7,-25],[-19,-126],[26,-68],[-15,-74],[4,-28],[52,-56],[-50,-60],[-7,-34],[21,-110],[6,-72],[16,-21]],[[48105,28005],[-20,56],[14,61],[-38,60],[6,58],[-19,26],[0,81],[-29,53],[-7,84],[-25,25],[-4,55],[19,166],[-75,0],[2,92],[-66,0],[-6,24],[-253,0],[0,124],[-171,-2],[2,487],[-168,2],[-2,243],[-81,-1],[0,452],[-28,53],[-37,0],[-2,36],[22,49],[-8,79],[8,38],[34,55],[13,60],[53,71],[1,84],[-199,-2],[-1,489],[-198,-1],[-1,-244],[-171,2],[0,121],[-56,-1],[-1,41],[-142,-1],[1,-40],[-115,0],[1,-41],[-114,1],[0,40],[-57,0]],[[46187,31040],[0,567]],[[46187,31607],[603,-1],[185,-2],[500,4],[586,-3],[81,4],[335,1],[653,-1],[786,-4],[288,-1],[293,0],[587,0],[198,0],[-34,65],[-47,24],[-40,128],[6,91],[-38,84],[24,39],[0,81],[-67,78],[-19,66],[-36,15],[-36,65],[-24,128],[23,50],[-23,110],[-31,35]],[[50940,32663],[731,-3],[424,-1],[355,-5],[573,-14],[416,11],[310,3],[99,6],[215,-1],[368,1],[445,-3]],[[46306,27600],[0,247],[-8,0],[0,876],[-38,0],[1,607],[0,369],[-34,0]],[[46227,29699],[0,976],[-40,0],[0,365]],[[46187,31607],[0,43],[-34,0],[0,976],[-41,0],[0,963],[-41,0]],[[46071,33589],[-1,100],[0,888],[-46,0],[0,392],[0,583],[-43,0],[0,975],[-45,0],[0,975],[-45,1],[0,237],[0,735],[-47,1],[0,457]],[[45844,38933],[126,3],[610,2],[376,-2],[800,-2],[363,-4],[577,4],[191,4],[416,-1]],[[49303,38937],[-2,-503],[22,0],[0,-962],[18,-1],[-4,-979],[20,0],[-13,-154],[0,-367],[6,-415],[16,1],[3,-462],[-1,-507],[14,-5],[1,-896],[28,55],[96,91],[83,54],[61,29],[102,37],[111,27],[139,5],[62,-12],[118,-58],[103,-82],[123,-129],[49,-110],[19,-104],[108,-77],[106,-95],[45,-72],[24,-64],[52,-68],[20,-48],[11,-66],[-7,-28],[44,-72],[-9,-144],[58,-92],[11,-1]],[[49303,38937],[8,505],[-20,-1],[3,226],[-1,580],[-4,668],[319,0],[275,-8],[112,4],[502,3],[465,9],[423,5],[398,8],[475,1],[373,-6],[801,-2],[587,-11],[0,-628],[0,-680],[0,-886],[0,-1043],[658,6],[602,1],[278,0],[563,-6],[442,-8],[556,-13],[191,-9],[477,-19],[168,0]],[[54221,51155],[-7,-61],[-22,-20],[16,-44],[1,-63],[16,-71],[11,-56],[17,-89],[-12,-101],[22,-66],[23,-16],[-28,-108],[-27,-15],[-18,-271],[8,-92],[-10,-37],[29,-32],[14,-70],[-14,-61],[13,-80],[32,-41],[11,-74],[32,-96],[-16,-35],[40,-133],[-43,-105],[-47,2],[-9,72],[-63,51],[-5,-38],[64,-13],[-5,-76],[24,-59],[41,-32],[-34,-32],[12,-35],[-38,-53],[21,-56],[-48,-79],[21,-12],[5,-72],[26,-66],[-14,-48],[1,-57],[-21,-23],[1,-91],[14,-13]],[[54255,48588],[11,-72],[2,-109]],[[54268,48407],[8,-10]],[[54276,48397],[33,3],[24,-31],[66,-188],[-12,-65],[61,34],[33,-30],[4,-45],[1,0],[0,-114],[31,-49],[54,-33],[22,-73],[32,-45],[8,-132],[59,-97],[67,3],[54,44],[69,194],[54,15],[55,-58],[74,-23],[88,-10],[77,23],[70,-11],[22,-41],[23,42],[102,20],[49,2],[-5,50],[70,-15],[53,3],[39,-57],[32,-8],[51,38],[46,-9],[37,-35],[21,-106],[40,-6],[26,41],[11,51],[41,25],[56,-35],[46,34],[52,4],[51,-108],[-3,-44],[37,-98],[-12,-51],[8,-92],[15,-61],[-8,-88],[9,-125],[22,-66],[0,-71],[64,-195],[6,-80],[25,-96],[66,-114],[-1,-66],[61,-173],[7,-53],[31,-67],[30,-14],[-15,-52],[41,-50],[-4,-80],[31,-114],[28,-59],[-17,-69],[62,-400],[60,-285],[99,-318],[28,-46],[14,-66],[35,-77],[21,-88],[1,-48],[46,-33],[28,-124],[23,-76],[21,-171],[19,-114],[1,-80],[-10,-56],[-6,-127],[-13,-73],[-54,-162],[-53,-201],[-65,-160],[-19,-20],[-87,-155],[-32,-95],[-57,-44],[-56,-16],[-29,-25],[-102,-25],[21,-25],[78,20],[24,-5],[70,20],[86,40],[58,76],[21,54],[157,157],[46,33],[88,34],[99,13],[87,25],[16,-26],[-94,-109],[23,-34],[105,80],[52,24],[125,6],[172,72],[97,59],[122,87],[122,53],[239,147],[69,37],[59,15],[19,25],[122,54],[160,44],[73,-4],[102,9],[75,-39],[29,4],[69,-58],[92,16],[148,-112],[50,0],[92,-58],[-3,-53],[43,-15],[133,-110],[63,-59],[34,-49],[105,-64],[81,-74],[0,-2],[0,-3],[0,-6],[59,-59]],[[59947,42776],[19,0]],[[59966,42776],[48,0],[136,-79],[111,-30],[216,-102],[158,-2],[179,-122],[147,-50],[42,-24],[83,-7]],[[45844,38933],[0,518],[-47,-1],[0,532],[-3,910],[-1,488],[0,1629],[3,264],[0,667],[-1,1629],[0,876],[-1,1399],[0,519],[-1,2098],[9,694]],[[45802,51155],[587,0],[293,0],[587,0],[587,0],[587,0],[587,0],[587,0],[587,0],[587,0],[293,0],[587,0],[294,0],[586,0],[294,0],[499,0],[469,0],[408,0]],[[46551,20431],[-342,0],[-415,-2],[-448,0],[-393,1],[-570,0]],[[44383,20430],[0,488],[-10,0],[0,974],[-10,0],[0,976],[-10,0],[0,489]],[[44353,23357],[480,0],[628,0],[333,-1],[0,38],[170,9],[487,1]],[[44383,20430],[-409,0],[-216,0],[-525,2],[-453,-2],[-278,0],[-470,0]],[[42032,20430],[0,474],[-27,13],[0,244],[-315,0],[-1,243],[158,0],[2,111],[40,-36],[50,32],[42,-19],[25,18],[-1,382],[-28,1],[0,974],[-29,1],[1,488]],[[41949,23356],[480,0],[481,1],[333,0],[489,0],[353,0],[268,0]],[[42032,20430],[-496,1],[-430,0],[-337,-1],[-577,2],[-505,0]],[[39687,20432],[3,253],[-1,227],[-12,8],[0,243],[-473,0],[0,732],[-12,0],[0,976],[-14,0],[0,488]],[[39178,23359],[481,-1],[480,0],[348,0],[534,1],[85,-5],[238,3],[125,-1],[480,0]],[[39687,20432],[-365,-1],[-260,1],[-524,-1],[-295,0],[-419,1],[-488,0],[-512,0],[-419,-1]],[[36405,20431],[0,677],[0,908],[2,294],[-1,397],[-7,163],[7,243],[-1,488]],[[36405,23601],[174,-1],[156,6],[38,-3],[0,-244],[481,0],[2,488],[-29,0],[1,244],[484,0],[-1,-244],[24,0],[0,-488],[481,-1],[0,-243],[388,0],[94,7],[-1,237],[101,-2],[380,2]],[[44353,23357],[-1,443],[-10,45],[-1,244],[-160,-1],[0,612],[-1,109],[77,-52],[14,6],[68,-45],[3,104],[-21,56],[0,741],[-27,0],[0,246],[17,24],[0,470]],[[44311,26359],[440,-1],[467,0],[580,0],[325,10],[220,-1]],[[42517,26406],[164,0],[0,123],[164,0],[-1,-244],[274,0],[327,0],[372,0],[0,73],[494,1]],[[41949,23356],[0,489],[-27,0],[-1,976],[-42,0],[-47,40],[-84,105],[-68,68],[-50,87],[-23,57],[-42,73],[0,546],[-31,7],[0,481]],[[41534,26285],[465,0],[518,0],[0,121]],[[40095,26781],[60,-237],[25,-58],[53,-81],[31,-25],[77,-41],[26,-50],[51,-3],[383,0],[371,-1],[362,0]],[[39178,23359],[0,488],[-14,0],[0,744],[-41,99],[-32,192],[-14,37],[-9,123],[-11,32],[-70,48],[0,677],[-15,0],[0,245],[165,0],[-1,731]],[[39136,26775],[573,-1],[370,1],[16,6]],[[38130,27019],[94,-1],[567,1],[330,0],[0,-244],[15,0]],[[36405,23601],[-3,327],[3,244],[0,976],[2,408]],[[36407,25556],[-2,242],[0,569],[0,651]],[[36405,27018],[542,1],[523,0],[468,-1],[192,1]],[[44311,26359],[1,489],[-13,0],[0,991],[-2,0],[0,885],[-12,0],[1,489]],[[44286,29213],[0,488],[591,-1],[414,-1],[426,1],[510,-1]],[[42776,29213],[335,0],[631,0],[544,0]],[[42517,26406],[0,368],[-25,0],[0,244],[-165,0],[0,731],[-25,0],[0,975],[-28,0],[1,488]],[[42275,29212],[501,1]],[[39957,29945],[356,-1],[0,81],[390,1],[2,-84],[-45,-6],[-27,-59],[0,-49],[-51,-104],[17,-24],[0,-487],[307,0],[337,0],[502,0],[530,-1]],[[40095,26781],[-75,114],[-43,22],[-25,96],[-8,92],[-11,37],[-93,66],[-12,56],[19,116],[5,69],[0,141],[23,74],[57,85],[28,93],[46,63],[69,34],[57,42],[42,74],[5,51],[27,119],[37,64],[1,102],[-23,61],[7,84],[-30,56],[27,18],[-61,80],[9,34],[-77,1],[0,488],[-503,0],[0,488],[-12,92]],[[39581,29793],[75,-7],[49,11],[47,44],[16,41],[30,18],[36,-18],[23,-34],[42,5],[25,25],[33,67]],[[38130,27019],[0,730],[-24,1],[0,681],[1,48],[166,2],[-1,243],[-19,0],[-1,976],[-22,0],[0,244],[338,1],[0,62],[-45,-2],[0,105],[-168,1],[4,321],[-298,0],[1,244],[-198,-1],[-2,244],[2,353]],[[37864,31272],[0,296],[28,9],[62,-13],[41,-25],[88,-93],[51,-33],[19,-38],[81,-62]],[[38234,31313],[110,-137],[-20,-117],[9,-68],[57,-73],[27,1],[26,-73],[56,-96],[80,-74],[33,-83],[81,-141],[35,-30],[56,-17],[31,11],[118,-32],[74,-119],[122,-96],[96,-110],[75,-114],[45,-46],[53,-32],[28,-50],[49,-31],[55,16],[51,-9]],[[36405,27018],[0,854],[0,580],[0,514]],[[36405,28966],[1,352],[-1,416],[0,597],[-1,424],[1,450]],[[36405,31205],[31,26],[27,53],[27,2],[23,67],[56,91],[17,59],[53,61],[10,57],[38,49],[45,11],[79,38],[66,15],[118,-29],[35,-55],[291,-1],[32,-6],[0,-227],[56,19],[30,-11],[0,63],[145,0],[-1,-100],[32,-37],[63,-18],[-6,-36],[33,-54],[30,-5],[39,48],[63,3],[27,-16]],[[42776,29213],[0,487],[-23,0],[0,964],[-23,10],[1,507],[-28,22],[0,51],[28,-1],[0,397],[-23,0],[0,601],[-41,-49],[-28,30],[-28,-28],[-34,12],[-39,-49],[-10,-81],[-52,-16],[-80,1],[-34,20],[-29,59],[12,35],[-27,71],[-61,10],[-65,24],[1,335],[-31,0],[-1,406],[1,569],[-35,1],[1,243]],[[42128,33844],[153,-1],[545,1],[237,-2],[477,0],[333,1],[2,-244],[17,-1],[-2,-239],[71,25],[159,10],[42,52],[8,75],[82,24],[28,51],[39,14],[21,-13],[40,41],[63,-25],[48,34],[48,89],[46,32],[2,-170],[338,-2],[263,0],[533,1],[80,-14],[270,6]],[[39957,29945],[32,78],[24,82],[8,61],[49,228],[3,102],[40,103],[13,91],[73,70],[20,59],[43,66],[39,95],[38,27],[82,134],[18,78],[90,77],[62,113],[6,47],[40,176],[18,61],[127,177],[40,106],[17,68],[42,53],[111,68],[67,10],[43,-16],[-2,440],[23,0],[1,269],[-80,0],[1,202],[-59,1],[0,40],[116,1],[2,162],[-5,270],[3,194],[0,593]],[[41102,34331],[674,1],[355,2],[-3,-122],[0,-368]],[[38234,31313],[0,94],[312,-1],[0,244],[-22,9],[1,213],[59,21],[-1,121],[-58,4],[1,607],[-23,0],[1,204],[-22,13],[15,57],[23,15],[34,79],[-39,-16],[-33,44],[6,79],[66,175],[18,24],[2,58],[275,0],[0,244],[-20,0],[0,244],[175,0],[-1,487],[524,-1],[2,243],[-12,0],[1,240]],[[39518,34814],[706,-1],[-1,491],[183,3],[11,54],[41,-53],[632,8],[16,-47],[-4,-236],[0,-702]],[[36405,31205],[-1,525],[1,610],[0,973],[-1,677],[-1,98]],[[36403,34088],[1,120],[0,849],[0,572],[0,583]],[[36404,36212],[82,2],[29,-15],[32,-121],[29,0],[2,-46],[86,0],[0,-77],[177,1],[0,-83],[31,-39],[88,-1],[0,-39],[444,-1],[-1,-41],[135,-2],[279,5],[0,83],[180,0],[1,201],[57,0],[1,243],[206,-2],[-1,-243],[533,0],[1,-485],[20,-1],[-2,-704],[-1,-30],[178,-1],[416,1],[112,-3]],[[36404,36212],[3,836],[4,1067],[0,609]],[[36411,38724],[0,753],[0,467],[0,716],[-7,111],[7,14],[0,594],[0,509],[0,690],[0,896],[0,859],[0,1075],[0,949],[0,594],[0,578],[0,833],[0,698],[0,656],[0,655],[0,784]],[[36411,51155],[293,0],[587,0],[294,0],[587,0],[293,0],[587,0],[587,0],[587,0],[587,0],[293,0],[587,0],[587,0],[587,0],[587,0],[587,0],[587,0],[293,0],[587,0],[294,0]],[[36405,20431],[-313,-1],[-370,-1],[-477,-3],[-408,-2]],[[34837,20424],[-1,388],[-44,-42],[-37,39],[-24,-6],[0,110],[-12,0],[1,248],[-369,0],[0,244],[-158,4],[0,486],[-14,0],[0,121],[80,-1],[53,-20],[26,-39],[79,-1],[27,-41],[53,-1],[0,958],[-14,64],[-43,33],[-20,48],[1,58],[26,27],[18,61],[40,-6],[42,64],[-7,69],[18,55],[-46,38],[-12,36],[24,35],[-5,36],[-61,88],[22,26],[323,1],[0,243],[-11,0],[0,976],[-12,0],[0,366]],[[34780,25189],[381,-1],[293,13],[137,-6],[213,-4],[276,-1],[4,-239],[97,37],[77,132],[-7,124],[46,40],[38,-22],[17,35],[-23,112],[-13,32],[29,64],[62,51]],[[34837,20424],[-241,-1],[-544,5],[-471,0]],[[33581,20428],[3,489],[-337,1],[-1,447],[-66,-1],[1,285],[-14,38],[0,206],[-20,0],[1,82],[-29,-1],[-53,81],[-53,34],[-11,63],[-25,40],[-7,68],[-25,44],[-45,22],[13,31],[-9,92],[22,20],[-36,58],[-40,7],[16,46],[-31,8],[-125,71],[-19,-23],[-23,34],[-41,92],[-9,43],[-2,167],[-52,-5],[0,393]],[[32564,23360],[104,-1],[1,41],[318,0],[0,40],[121,0],[2,163],[198,0],[0,162],[107,1],[26,40],[6,41],[0,121],[108,1],[0,122],[269,0],[41,3],[12,60],[-26,26],[8,86],[-5,44],[13,73],[-31,61],[-89,-30],[-42,13],[11,44],[-35,24],[-48,99],[-1,77],[18,56],[-49,54],[4,54],[29,57],[-7,25],[-57,58],[-27,-3],[-56,36],[8,82],[-45,31],[5,76],[-28,25],[-23,74],[15,22],[59,-7],[1,124],[-136,61],[1,59],[-25,0],[-2,243],[140,0],[0,244],[164,1],[0,243],[163,0],[1,328]],[[33785,26614],[82,-101],[12,-32],[38,-24],[29,-45],[7,-39],[33,-42],[44,-19],[32,-32],[39,-98],[0,-42],[19,-34],[20,-76],[-1,-35],[20,-58],[-9,-48],[-33,-2],[-20,-69],[7,-20],[53,-28],[17,20],[60,-31],[18,-82],[41,-118],[115,41],[26,26],[76,-26],[16,-46],[-11,-47],[11,-35],[38,-55],[4,-37],[54,-27],[26,30],[33,10],[26,-52],[41,-12],[33,42],[-1,-182]],[[32229,24375],[-10,-19],[15,-102],[37,-76],[-7,-32],[35,-52],[40,-15],[-1,-65],[32,-87],[32,-17],[26,-84],[61,-38],[23,-4],[26,-64],[-14,-41],[10,-52],[31,-23],[-1,-244]],[[33581,20428],[-625,0],[-370,-1],[-538,-2],[-413,4]],[[31635,20429],[17,77],[-32,93],[-30,15],[-54,96],[4,52],[-19,53],[20,18],[-31,56],[-44,27],[-11,44],[-41,-34],[-63,42],[-41,5],[-67,55],[0,79],[11,43],[-64,20],[-7,95],[-28,40],[-12,97],[-41,25],[-16,65],[-36,-7],[-28,53],[-9,46],[-1,151],[5,102],[26,61],[-1,91]],[[31042,21989],[22,-3],[54,50],[13,-88],[37,-69],[41,18],[46,-66],[50,45],[5,61],[60,0],[-1,122],[-27,-1],[2,261],[-2,350],[-26,0],[1,204],[54,-53],[36,15],[41,-44],[59,-5],[210,-1],[-3,47],[2,934],[-80,-1],[-3,326],[-161,-1]],[[31472,24090],[-1,244],[448,0],[-2,40],[135,-2],[177,3]],[[33785,26614],[-9,38],[-27,4],[-11,55],[-29,48],[-70,87],[-68,33],[-40,42],[0,76],[-29,21],[0,40],[-41,0],[0,81],[81,0],[0,40],[223,1],[-2,488],[166,0],[8,81],[0,405],[-28,2],[0,83],[-28,39],[-27,-1],[0,84],[-29,39]],[[33825,28400],[57,0],[0,81],[194,0],[-23,120],[-2,85],[8,39],[177,-2],[580,1],[80,-3],[0,42],[57,0],[-1,447],[57,0],[1,82],[56,0],[-2,162],[237,0],[353,0],[332,0],[-1,-325],[169,0],[-1,-163],[252,0]],[[32992,28726],[5,-26],[-42,-66],[-45,-32],[169,-1],[-1,-39],[166,0],[0,-81],[166,2],[222,-2],[0,-41],[112,0],[-1,-40],[82,0]],[[32229,24375],[-42,122],[0,326],[127,0],[0,633],[-54,32],[-33,-42],[-49,-1],[0,354],[-32,1],[0,568],[28,0],[0,81],[27,0],[1,81],[108,0],[0,164],[137,-1],[-4,177],[0,391],[-331,0],[1,488],[23,0],[-1,163],[-56,0],[0,121],[-27,-2],[-26,86],[-1,82],[27,-1],[0,323]],[[32052,28521],[83,1],[0,162],[194,1],[-4,79],[223,0],[0,-40],[197,-3],[247,5]],[[31131,28643],[56,2],[0,-81],[304,0],[1,-41],[27,-41],[394,-1],[0,42],[139,-2]],[[31472,24090],[-216,1],[0,40],[-81,1],[0,121],[-54,0],[1,243],[-28,1],[0,252],[54,-5],[0,80],[50,-2],[0,82],[-27,0],[0,285],[-81,0],[0,324],[-27,0],[0,206],[-81,-2],[1,81],[-34,0],[1,41],[-28,0],[0,82],[-28,-1],[4,370],[-2,163],[69,36],[94,0],[0,41],[53,0],[-12,41],[-41,0],[0,41],[-190,-2],[-1,165],[-7,79],[29,0],[-2,203],[1,329],[-29,41],[-27,0],[0,78],[56,1],[0,244],[-7,82],[-84,0],[1,163],[-73,-1]],[[30726,27994],[-10,-2],[0,161],[-84,0],[0,85],[-28,0],[-27,40],[0,163],[-28,1],[-1,59],[148,1],[5,20],[83,1],[1,20],[41,62],[99,-3],[1,-18],[123,-1],[26,-17],[32,9],[24,68]],[[32992,28726],[6,49],[-9,45],[-62,105],[0,26],[-30,83],[-21,24],[-22,110],[6,145],[-7,34],[-38,45],[-9,64],[13,62],[-14,31],[9,45],[-14,104],[0,163],[57,0],[-1,112],[37,50],[-11,64],[39,11],[38,44],[10,43]],[[32969,30185],[177,0],[-2,72],[-39,40],[13,65],[30,28],[-9,40],[126,0],[1,163],[97,-1],[1,85],[231,-1],[0,42],[43,-1],[0,124],[42,2],[0,811],[398,-1],[0,-161],[114,0],[0,-41],[113,-1],[0,-40],[456,-2],[-2,243],[-28,0],[1,364],[258,-2],[41,-40],[29,-81],[57,-1],[29,-39],[43,0],[14,-80],[394,-1],[62,71],[29,7],[26,-49],[-2,-80],[14,-27],[96,25],[53,-95],[0,-136],[39,-3],[13,-32],[82,-52],[7,-22],[52,-31],[51,-9],[56,10],[83,-63],[22,-60],[52,-18],[73,-2]],[[32786,30922],[14,-55],[29,-36],[0,-279],[-113,-2],[0,-121],[84,0],[0,-41],[57,0],[0,-40],[32,0],[11,-66],[23,-9],[18,-75],[28,-13]],[[31131,28643],[-4,84],[0,285],[-84,0],[1,162],[167,-1],[0,407],[-14,1],[0,121],[-19,0],[1,163],[-29,0],[-14,63],[-1,97],[-41,41],[0,166],[75,1],[-1,160],[-46,1],[0,41],[-84,-1],[-1,40],[-84,-1],[0,205],[-8,124],[86,-1],[1,367]],[[31032,31168],[57,0],[0,121],[398,0],[56,2],[0,-43],[57,0],[42,-20],[15,-61],[647,0],[-1,-41],[52,-21],[104,0],[0,62],[86,0],[-16,-52],[12,-62],[-14,-47],[34,-49],[59,-36],[166,1]],[[29840,31167],[112,-1],[-1,42],[260,2],[-1,-45],[161,1],[-3,39],[-37,64],[2,43],[-26,10],[-31,40],[23,69],[10,76],[-17,49],[7,81],[-22,49],[18,59],[60,4],[22,14],[62,-4],[10,37],[41,-27],[24,9],[-2,-123],[10,0],[1,-488],[509,1]],[[30726,27994],[-31,-43],[-48,-27],[-28,23],[-31,1],[-15,-97],[-25,-8],[2,-91],[-85,-3],[-597,-2],[-67,143],[-44,67],[-88,46],[-30,77],[-40,9],[-14,49],[-26,7],[-48,-51],[-52,30],[-18,54],[19,59],[-31,34],[12,135],[-56,-29],[-30,73],[-13,66],[-35,0],[-33,52],[-28,-14],[-5,-42],[-35,-19],[-5,-35],[-42,-53],[-22,-58],[-53,8],[-9,-37],[-33,5],[-27,-81],[-28,-26],[-101,132],[-42,-6],[-58,-53],[-16,4],[-51,116],[7,29],[-70,45],[-3,50],[16,23],[-22,51],[-1,59],[12,58],[-12,39],[-35,0],[-30,66],[0,49],[-42,40],[0,52],[-16,15],[-43,-23],[-19,57],[-30,2],[-30,79],[-53,22],[-121,106],[-6,57],[16,19],[-43,50],[-3,38],[-26,11],[-11,85],[-59,19],[-8,28],[31,33],[40,87],[25,113],[0,68],[29,76],[76,163],[18,12],[14,62],[27,23],[-3,63],[-36,74],[17,87],[29,40],[21,93],[33,27],[9,63],[-10,38],[25,31],[-20,66],[0,72]],[[28412,30826],[-18,99],[255,-3],[0,242],[179,0],[382,5],[630,-2]],[[32786,30922],[43,1],[0,244],[-86,0],[0,365],[29,0],[3,164],[29,1],[-2,119],[-28,1],[0,121],[-86,0],[1,134],[-16,1],[0,125],[15,65],[143,-1],[0,163],[58,0],[0,122],[-30,0],[0,40],[58,42],[159,0],[0,122],[-14,0],[0,139],[-58,23],[0,41],[-58,-1],[1,407],[57,81],[29,0],[0,163],[-57,0],[0,162],[-29,1],[0,319],[4,17],[101,132],[18,48],[3,52]],[[33073,34335],[-3,141],[35,59]],[[33105,34535],[31,37],[16,-17],[69,-24],[50,-43],[67,-75],[132,-48],[100,8],[19,13],[39,91],[82,38],[27,34],[56,22],[22,-56],[31,-39],[-9,-72],[6,-40],[32,-34],[119,-63],[53,-46],[39,-70],[23,-18],[44,18],[25,32],[41,-23],[34,4],[21,34],[51,-10],[32,-27],[31,-74],[99,2],[0,40],[45,-2],[1,-161],[98,0],[2,-81],[29,0],[0,-51],[93,-52],[1,-57],[34,-27],[81,28],[188,-26],[74,60],[52,87],[29,-2],[0,-81],[562,0],[38,-44],[63,-19],[43,-56],[7,-44],[42,3],[-1,240],[15,56],[113,-1],[11,27],[0,121],[123,1],[0,40],[173,0]],[[29840,31167],[3,269],[-11,76],[8,18],[-1,126],[-15,1],[0,971],[442,0],[149,1],[-4,47],[25,95],[-3,42],[52,26],[21,56],[21,3],[24,121],[-19,53],[14,27],[-27,34],[19,84],[-8,29],[48,63],[12,75],[29,52],[44,42],[28,50],[-17,71]],[[30674,33599],[88,6],[-1,-309],[13,-18],[37,30],[15,50],[82,4],[-2,-44],[141,-1],[378,1],[0,-40],[146,0],[-2,161],[115,1],[0,329],[-3,202],[-26,0],[0,221],[70,0],[14,-61],[131,0],[0,42],[73,1],[0,121],[29,0],[0,82],[131,-1],[0,41],[117,0],[0,40],[261,4],[0,-126],[592,0]],[[33105,34535],[-28,0],[-13,42],[0,405],[103,0],[0,163],[88,0],[0,164],[103,-1],[0,242],[28,2],[0,424],[75,1],[14,61],[89,0],[0,488],[-24,0],[0,731],[119,0],[-1,244],[39,1],[-2,974],[-514,1]],[[33181,38477],[-30,34],[29,49],[-46,40],[-10,37],[40,29],[7,139],[-34,52],[19,91],[-15,56],[37,45],[37,77],[57,5],[36,63],[54,26],[-19,70],[-27,37],[23,33],[-16,43],[0,94],[-21,44],[18,61],[-34,34],[13,45],[-31,41],[24,39],[30,5],[15,58],[-41,52],[27,29],[-7,36]],[[33316,39941],[701,6],[1,-122],[182,-6],[-2,131],[555,-11],[0,-487],[16,1],[-5,-529],[2,-185],[364,1],[485,-3],[434,-7],[362,-6]],[[30674,33599],[-43,76],[-23,-1],[-1,56],[-36,75],[-109,-6],[-146,5],[0,41],[-346,2],[0,44],[-350,0],[0,199],[-102,1],[17,63],[-21,32],[16,59],[17,14],[-25,76],[-411,-3],[-362,2],[-2,246],[-203,2],[3,155]],[[28547,34737],[49,6],[32,45],[122,81],[36,47],[25,55],[88,50],[36,-15],[14,28],[38,18],[31,-11],[56,71],[-1,99],[-9,17],[5,81],[181,-1],[-1,247],[154,-6],[9,244]],[[29412,35793],[628,0],[415,-1],[13,9],[4,340],[2,379],[-14,0],[-1,252],[175,-1],[531,1],[289,0],[-35,-61],[-36,-124],[-1,-111],[-10,-124],[-41,-83],[30,-57],[-24,-171],[353,0],[105,-4],[288,2],[-3,241],[-6,189],[3,56],[32,1],[-2,95],[1,392],[358,2],[-1,241],[537,1],[0,-150],[81,-17],[116,27],[24,34],[-33,116],[-17,33],[-51,25],[-40,-7],[-52,60],[-11,28],[15,75],[32,61],[13,88],[22,45],[2,129],[34,61],[1,49],[45,38],[20,46],[31,-20],[26,84],[-20,111],[-29,81],[-5,106],[-29,65],[4,52]],[[28412,30826],[-39,-39],[-31,-81],[-1,-32],[-35,-36],[-75,116],[-16,54],[-63,14],[-53,-10],[-55,77],[-27,69],[-54,64],[4,54],[-43,26],[-21,42],[-34,29],[-102,112],[-32,13],[-32,42],[-3,61],[-49,55],[-52,8],[-46,57],[-8,59],[15,65],[23,-10],[36,77],[-124,80],[-18,60],[-72,104],[-30,160],[-53,-10],[-51,60],[-22,67],[-72,14],[-26,72],[2,46],[-24,50],[-29,21],[-32,90],[-57,61],[-49,34],[-22,-16],[-28,28],[-25,-29],[-111,-91],[-31,40],[17,48],[9,73],[-33,23],[-32,46],[-54,43],[-55,94],[-60,-35],[-39,39],[-36,-26],[-51,35],[-7,27],[-66,-101],[-101,94],[-20,-20],[-41,37],[-24,-54],[-27,-16],[-34,-94],[-29,45],[-49,38],[-30,-6],[-95,100],[-41,2],[-17,-52],[17,-49],[-23,-53],[-27,-12],[-13,48],[-58,23],[-43,-29],[-89,73],[-26,34],[-50,-12],[-66,8],[-29,-28],[-52,37],[-13,-33],[-46,35],[-18,-4],[-10,-55],[-73,-62],[20,-29],[108,-78],[30,-75]],[[25369,32632],[-62,-30],[-68,35],[-37,-7],[-66,45],[8,-50],[-83,6],[-31,64],[-35,-5],[-17,64],[-22,41],[-38,147],[12,35],[-38,23],[-20,41],[-28,-41],[-54,54],[-1,39],[45,43],[-1,37],[-33,44],[-23,66],[10,53],[57,-35],[71,-15],[20,-31],[32,6],[42,59],[-28,63],[3,73],[-25,5],[-49,120],[-49,-29],[-6,48],[-75,-11],[7,77],[17,33],[0,82],[-64,-10],[-68,85]],[[24672,33856],[0,366]],[[24672,34222],[38,26],[57,-10],[17,-38],[40,-17],[67,-80],[44,-2],[58,86],[57,14],[38,67],[28,86],[78,98],[28,-16],[56,30],[-1,-498],[339,-3],[233,-2],[-2,-111],[623,5],[403,0],[8,43],[-7,90],[12,57],[27,57],[49,71],[42,0],[114,37],[34,20],[15,59],[48,10],[43,-31],[17,10],[57,116],[52,68],[53,-10],[55,26],[31,2],[50,61],[55,-50],[101,-27],[72,-3],[-7,46],[14,31],[37,-9],[39,11],[21,-46],[-44,-31],[8,-103],[71,25],[57,-39],[46,8],[37,-33],[17,34],[37,20],[27,38],[32,-10],[55,39],[84,-47],[53,17],[0,31],[34,52],[33,10],[10,72],[25,97],[21,40],[39,21]],[[31042,21989],[-18,24],[-37,-54],[-41,-3],[-42,23],[-48,63],[-17,118],[59,30],[39,40],[6,49],[-14,33],[2,86],[35,39],[6,45],[-30,87],[27,55],[-14,96],[9,24],[-37,103],[-1,38],[-23,50],[6,58],[-8,72],[12,68],[31,4],[3,79],[-14,151],[-29,57],[-23,87],[-26,45],[10,69],[-9,73],[9,58],[-24,90],[-30,77],[22,71],[-4,67],[-31,6],[1,39],[-20,30],[37,69],[-62,51],[-7,68],[-37,-3],[-19,106],[-46,59],[-117,324],[-11,48],[-33,-27],[-42,41],[-38,-56],[-22,13],[-44,-19],[-21,-38],[9,-27],[-29,-46],[-27,48],[-12,73],[2,51],[-38,24],[-25,37],[-22,76],[32,1],[3,68],[-19,57],[-19,118],[-47,-9],[-43,-45],[-23,47],[-30,91],[-52,-2],[-19,76],[-41,16],[-40,74],[6,34],[-20,39],[-34,9],[-23,-29],[-19,24],[-7,90],[69,51],[33,5],[-26,60],[-30,29],[15,38],[-21,32],[-40,129],[-24,5],[-41,61],[-27,-7],[-47,58],[-6,77],[-72,25],[-40,37],[-66,-17],[-29,45],[-10,45],[-32,30],[-24,-4],[-15,88],[-23,39],[19,47],[25,23],[-9,75],[-49,15],[-19,57],[-54,16],[-56,62],[-6,62],[-29,10],[-36,-19],[-57,48],[-17,55]],[[29036,26944],[6,65],[-40,84],[34,61],[-12,154],[-53,7],[-27,18],[-39,97],[4,112],[-73,41],[-24,62],[2,62],[-33,52],[-82,66],[-30,41],[16,72],[-8,79],[-50,44],[3,37],[-26,25],[9,92],[-13,41],[-33,30],[-39,-37],[-34,22],[-34,-89],[-21,-30],[-32,-80],[24,-33],[-14,-51],[-51,8],[-40,-15],[-39,19],[-7,54],[-20,14],[-38,73],[15,39],[-1,58],[-29,45],[12,63],[-32,7],[-33,66],[17,89],[-92,135],[-6,46],[-36,33],[-75,33],[-40,102],[20,33],[-39,18],[-24,59],[-43,52],[7,55],[-22,279],[-11,-11],[-8,-116],[-56,-30],[-139,18],[-27,39],[-104,-39],[-21,85],[-40,65],[-93,-11],[2,25],[-91,65],[-4,56],[-21,78],[51,51],[22,74],[29,-7],[35,109],[20,27],[-28,48],[-43,99],[-141,23],[-94,122],[-25,85],[-76,-141],[26,-32],[-16,-111],[-110,25],[-52,-69],[-36,-35],[-15,28]],[[26755,29873],[6,48],[-28,30],[5,53],[-18,63],[73,79],[-49,34],[-63,135],[19,77],[-70,39],[-2,73],[-22,12],[-2,65],[63,57],[12,66],[-62,87],[1,83],[-94,104],[11,84],[16,52],[-4,73],[-49,4],[-19,48],[15,44],[-61,59],[-26,-22],[-25,28],[-51,-73],[-32,4],[-8,91],[9,55],[-55,78],[-11,55],[34,44],[-17,99],[-53,27],[-31,44],[-38,-62],[-20,21],[20,57],[-13,24],[25,38],[19,87],[-47,39],[-16,73],[-44,38],[-9,28],[-36,22],[-20,42],[-43,17],[-37,75],[-33,8],[-57,-27],[29,-54],[0,-56],[-35,-80],[34,-43],[-56,-61],[1,51],[-49,57],[-36,-10],[-31,82],[-35,-18],[-51,26],[-16,-34],[-65,162],[-4,28],[-40,55],[-18,49],[13,26],[-31,44],[11,39],[-11,39],[-59,78]],[[33316,39941],[-12,48],[54,43],[-25,25],[7,105],[-11,53],[41,10],[19,73],[-6,43],[76,172],[-20,61],[-7,85],[-30,73],[-37,136],[-74,127],[3,37],[-19,45],[-1,62],[-42,18],[-8,53],[26,30],[1,159],[-28,0],[-3,737],[-2,237],[-27,1],[0,545],[4,433],[-28,4],[-2,242],[-386,1],[-1,245],[-186,1],[-415,-7],[-461,2],[0,865],[0,573],[0,989],[0,698],[0,741],[-1,1073],[0,908],[-454,3],[-771,-5],[-177,3],[-167,-2],[-257,5],[3,481],[-19,2],[3,981]],[[29876,51155],[666,0],[586,0],[294,0],[587,0],[587,0],[587,0],[587,0],[587,0],[587,0],[293,0],[587,0],[587,0]],[[29412,35793],[-5,246],[-1,488],[-22,-2],[2,245],[-552,3],[-341,-1],[-1,385],[4,347],[-214,0],[1,569],[4,161]],[[28287,38234],[177,2],[2,242],[-30,2],[-3,345],[4,384],[-60,0],[-1,42],[-88,-1],[-2,204],[-60,3],[-4,362],[-368,1],[0,121],[-280,1],[46,153],[27,37],[12,65],[47,91],[30,3],[27,117],[30,29],[36,82],[39,48],[-5,151],[-45,-42],[-341,-2],[-457,0],[0,-244],[-368,0],[-552,-1],[0,-81],[-140,-1],[-39,41],[-14,89],[-27,106],[23,105],[-15,47],[-35,11],[-46,-14],[-50,21],[-56,41],[-36,60],[-71,-61],[-89,-41],[-12,-23],[-71,-68],[-50,-27],[-73,4],[-92,-61],[-39,-57],[-78,-71],[-34,-3],[-51,20],[-58,3],[-49,-30],[-68,-83],[-83,7],[-60,32],[-15,-6]],[[24672,40389],[0,784],[0,642],[0,961],[0,1063],[0,1032],[0,698]],[[24672,45569],[0,698],[0,649],[0,747],[0,948],[0,680],[0,467],[0,698],[0,699]],[[24672,51155],[294,0],[587,0],[587,0],[587,0],[586,0],[587,0],[319,0]],[[28219,51155],[562,0],[587,0],[508,0]],[[24672,34222],[0,772],[0,774],[0,687]],[[24672,36455],[28,34],[19,-57],[35,-4],[10,52],[30,46],[57,38],[-24,60],[21,57],[39,44],[45,0],[11,37],[57,20],[22,40],[54,-9],[28,19],[-5,41],[-34,7],[-15,83],[40,20],[32,41],[19,61],[38,18],[46,-22],[67,82],[17,35],[41,31],[43,-33],[87,55],[14,46],[37,17],[36,-28],[28,6],[30,49],[80,-10],[19,-17],[62,6],[98,94],[28,-4],[43,-68],[36,20],[37,-3],[57,38],[70,19],[61,-52],[36,-3],[67,47],[23,-18],[38,8],[17,33],[70,37],[29,63],[38,2],[33,-23],[47,96],[39,-41],[61,30],[48,101],[-22,52],[-39,20],[-11,36],[34,70],[-22,17],[-25,132],[19,106],[69,72],[-17,106],[6,46],[33,46],[-24,37],[60,30],[-9,51],[38,49],[-3,52],[-63,83],[14,28],[49,-16],[88,12],[18,65],[40,1],[43,23],[12,-45],[29,-23],[35,18],[28,-29],[46,4],[35,-15],[147,39],[8,50],[-28,49],[8,46],[26,14],[49,-32],[29,32],[8,67],[-15,69],[8,28],[41,4],[22,-28],[-2,-583],[37,0],[1,-242],[175,-1],[485,0],[65,-2]],[[24672,36455],[0,501],[0,567],[1,597],[-3,482],[2,120],[0,642],[0,1025]],[[31635,20429],[-402,6],[-414,-3],[-560,0],[-321,2],[-602,1]],[[29336,20435],[3,123],[-9,38],[5,222],[-1,166],[-84,2],[35,94],[-2,74],[-27,59],[-24,24],[-18,-27],[-32,13],[-36,108],[4,42],[24,43],[-2,45],[-19,63],[-31,38],[-8,34],[-51,87],[2,56],[-32,12],[-5,101],[-27,45],[-44,-2],[-15,-30],[-38,18],[-33,40],[-32,-19],[-16,-84],[-33,-20],[-50,-63],[-53,-34],[-18,61],[-26,-13],[-18,-38],[-41,38],[27,86],[23,100],[-23,56],[-52,39],[29,96],[22,35],[-3,31],[-35,7],[3,42],[21,54],[78,88],[-20,46],[20,26],[-57,168],[-22,-10],[-31,84],[-7,87],[7,50],[-15,39],[24,21],[37,1],[27,41],[2,36],[42,55],[1,53],[44,37],[43,64],[45,-52],[24,-2],[11,62],[-28,38],[-7,102],[-31,51],[3,105],[18,58],[25,9],[11,44],[-5,60],[-26,12],[-29,108],[-55,21],[-11,21],[9,144],[-7,53],[17,99],[-59,-30],[-32,26],[-5,77],[10,14],[-25,79],[4,33],[-24,84],[-36,28],[-24,64],[-22,23],[39,86],[-12,73],[31,35],[15,91],[-9,14],[16,84],[27,-3],[20,93],[23,-32],[17,78],[-26,17],[-7,42],[-107,7],[-53,20],[-7,42],[-35,16],[-18,38],[-1,47]],[[28433,25262],[29,104],[31,13],[-1,126],[-21,86],[48,19],[-12,63],[48,39],[24,-2],[51,86],[109,1],[0,40],[56,15],[52,-15],[-1,41],[148,-2],[-22,73],[-51,67],[-5,35],[-40,69],[33,53],[60,25],[25,87],[66,86],[7,40],[-31,25],[-18,85],[-40,1],[-17,76],[23,19],[30,-16],[44,36],[2,60],[-40,52],[7,81],[-18,97],[27,17]],[[29336,20435],[-292,-3],[-497,0],[-315,0],[-353,0],[-236,2]],[[27643,20434],[5,244],[-66,0],[1,99],[11,0],[6,96],[40,50],[-238,-2],[-1,138],[-31,10],[-1,104],[-262,-1],[-146,-4],[-101,1],[-7,39],[-40,-80],[-1,71],[-36,59],[-1,85],[-35,42],[0,46],[-30,87],[8,39],[-5,73],[10,44],[-35,72],[-5,68],[25,97],[6,59],[19,30],[-10,166],[13,43],[-13,56],[-26,6],[-7,102],[7,54],[-11,79],[-20,21],[17,80],[-4,43],[-25,51]],[[26654,22701],[-15,51],[-59,-17],[-4,96],[29,92],[-27,48],[-50,13],[-4,95],[8,71],[-39,2],[-26,30],[-3,42],[49,27],[-19,37],[-56,31],[113,-1],[2,127],[23,31],[47,30],[53,-8],[2,94],[15,69],[31,36],[-14,35],[29,41],[1,41],[-23,43],[-15,72],[-6,74],[10,111],[-9,60],[-39,-10],[-22,44],[30,78],[23,35],[17,122],[44,-7],[21,16],[8,64],[34,86],[-29,50],[7,35],[-24,41],[20,39],[22,4],[2,75],[18,87],[-39,63],[-12,60],[42,28],[-51,40],[8,29]],[[26777,25153],[45,-19],[53,-6],[55,33],[10,-74],[34,-9],[30,-29],[10,-65],[-3,-58],[16,-170],[19,-43],[142,-14],[8,41],[37,-4],[30,27],[61,10],[44,-18],[38,-43],[65,32],[12,-57],[28,-57],[38,-17],[-1,-36],[57,-39],[9,53],[50,12],[18,-25],[135,8],[91,90],[-2,44],[-72,118],[39,57],[6,44],[45,52],[0,45],[-29,17],[-22,46],[12,60],[-4,77],[17,61],[-28,7],[-55,-56],[-36,-10],[-16,-35],[-30,3],[12,103],[-27,93],[-30,15],[-42,74],[15,50],[-18,103],[-24,42],[26,59],[49,5],[10,54],[-25,37],[10,33],[38,36],[-5,49],[14,58],[49,92],[39,14],[13,38],[93,22],[73,-41],[-1,-51],[30,5],[-1,-64],[-31,-37],[12,-44],[38,5],[85,-33],[20,-22],[-42,-106],[6,-29],[-23,-123],[22,-35],[24,15],[-7,-80],[14,-42],[22,12],[38,-29],[27,4],[34,-33],[16,-69],[48,-10],[23,-38],[28,14],[19,-71],[29,-19]],[[25781,22701],[413,1],[460,-1]],[[27643,20434],[-625,-1],[-585,-1],[-597,0],[-336,0]],[[25500,20432],[-8,23],[0,182],[16,76],[19,49],[-15,43],[25,20],[10,70],[40,53],[11,36],[26,2],[-8,49],[-48,64],[28,131],[31,35],[11,39],[-33,33],[-9,61],[-27,-12],[-29,25],[11,51],[-12,38],[-46,9],[-2,380],[-23,25],[-19,73],[2,40],[-25,126],[9,56],[-27,50],[-3,70]],[[25405,22329],[62,53],[60,89],[10,41],[41,-27],[25,6],[6,45],[58,30],[1,80],[21,19],[21,-24],[59,20],[12,40]],[[24608,22822],[19,2],[29,-47],[26,-16],[29,-60],[-20,-64],[5,-65],[168,-2],[1,-148],[126,-1],[-16,54],[26,94],[69,-17],[123,3],[44,-20],[4,-70],[35,52],[32,-59],[5,-64],[32,-76],[25,25],[35,-14]],[[25500,20432],[-283,0],[-449,0],[-530,0],[-562,0]],[[23676,20432],[27,71],[-8,47],[-42,29],[-31,71],[-80,47],[57,62],[20,-12],[34,28],[12,31],[-24,65],[-29,50],[14,87],[26,-5],[26,43],[4,62],[27,15],[10,103],[-14,30],[-41,3],[-13,20],[-42,7],[-36,-83],[-53,-13],[-23,19],[1,89],[-34,-8],[-19,66],[-41,-4],[-21,69],[-1,243],[23,68],[30,16],[-33,120],[40,50],[12,47],[0,106],[42,29],[50,126],[-3,87]],[[23543,22313],[9,108],[-6,89],[13,46],[134,-1],[73,9],[14,-38],[183,0],[1,59],[35,6],[103,-2],[47,107],[26,20],[41,88],[-2,69],[31,49],[2,35],[38,22],[26,-33],[46,-34],[47,22],[17,-27],[1,-71],[38,-13],[23,26],[36,-55],[42,-3],[18,-28],[29,59]],[[22021,23570],[38,8],[-4,-41],[63,-6],[27,14],[43,-20],[24,49],[30,4],[16,-47],[39,-66],[44,-16],[31,13],[47,-36],[28,-62],[53,8],[1,63],[107,47],[52,-16],[14,-32],[42,17],[6,-45],[30,-20],[31,-44],[52,29],[293,0],[-15,-40],[44,-75],[21,-63],[4,-73],[-22,-43],[2,-56],[-16,-44],[-28,-33],[7,-46],[38,-30],[65,28],[12,34],[66,-37],[-10,-53],[30,-6],[57,37],[8,-47],[-30,-29],[16,-30],[-25,-27],[-65,-10],[-9,-66],[-28,-53],[30,-148],[36,-29],[35,-99],[-8,-37],[-45,-53],[18,-87],[24,15],[18,-34],[24,42],[42,4],[14,28],[38,0],[14,60],[26,42],[27,0]],[[23676,20432],[-498,0],[-560,0],[-289,0],[-141,6],[-402,0]],[[21786,20438],[-3,473],[42,-7],[2,266],[17,0],[-1,248],[-173,-1],[-39,17],[33,91],[9,69],[32,117],[-6,41],[-57,50],[-31,143],[-56,-6],[-32,39],[-20,56],[-136,-3]],[[21367,22031],[-23,76],[28,55],[-23,108],[-25,38],[43,69],[2,42],[-48,89],[-1,36],[-40,128],[19,46],[-60,38],[-47,8],[-24,63],[27,126],[30,41],[24,-12],[23,-51],[31,25],[23,42],[59,5],[29,30],[17,47],[44,17],[51,76],[-8,59],[9,56],[-49,5],[-29,-20],[-54,67],[-12,39],[-4,89],[15,52],[5,71],[31,6],[33,51],[87,-23],[25,-56],[446,1]],[[21786,20438],[-351,0],[-25,31],[-58,34],[-45,-3],[-25,91],[32,18],[-7,73],[-28,6],[-65,-50],[-73,-29],[-44,-50],[-13,-48],[19,-25],[6,-48],[-65,-1],[-26,128],[-43,41],[32,66],[48,31],[9,80],[-57,-41],[-25,-1],[-62,44],[-1,137],[39,-4],[24,16],[15,56],[-33,35],[-49,27],[-11,26],[-50,55],[-14,43],[24,38],[86,-23],[32,20],[-15,82],[18,16],[22,-65],[68,-8],[20,17],[95,-16],[56,14],[-12,33],[41,74],[6,52],[29,83],[-8,41],[20,87],[-25,-11],[-14,-69],[9,-46],[-12,-45],[-53,-88],[-25,-90],[-34,21],[-64,-28],[-61,42],[-27,-13],[-45,50],[-62,38],[-46,1],[-28,-20],[0,69],[-18,2],[46,122],[14,63],[-13,158]],[[20864,21777],[166,2],[1,183],[209,2],[-25,62],[152,5]],[[20932,20739],[15,-4],[51,-61],[-30,-39],[-27,31],[-9,73]],[[20913,21048],[50,-28],[29,-36],[-16,-49],[-37,-4],[-34,24],[8,93]],[[20728,21586],[43,3],[15,-29],[-27,-50],[8,-28],[-17,-73],[-22,-40],[-78,3],[1,101],[46,79],[31,34]],[[20765,19680],[23,-2],[22,-42],[-14,-39],[-36,59],[5,24]],[[20676,20012],[61,-55],[-8,-33],[-33,6],[-20,82]],[[20781,19396],[55,-77],[-33,-21],[-37,85],[15,13]],[[20849,19783],[61,-31],[26,-22],[-5,-41],[-24,-3],[-45,62],[-13,35]],[[20746,20034],[52,-18],[-6,38],[19,26],[45,-78],[7,-60],[-64,6],[-33,17],[2,41],[-22,28]],[[20772,19934],[39,-11],[41,-74],[11,-59],[-17,-7],[-22,-34],[-48,59],[9,63],[-13,63]],[[20912,19904],[17,8],[105,-70],[7,-68],[-81,0],[-46,28],[-15,48],[13,54]],[[20465,20464],[13,2],[63,-129],[35,-42],[44,-28],[83,-82],[42,-18],[38,-120],[-39,14],[-44,-3],[-18,88],[-66,71],[-77,62],[-38,56],[-42,102],[6,27]],[[20452,20278],[56,-73],[20,-12],[33,-61],[46,-63],[14,-70],[-45,28],[-12,-13],[52,-63],[37,-63],[37,-22],[30,-63],[-20,-53],[-32,5],[-28,-27],[11,-42],[-77,-54],[-64,90],[-20,58],[10,57],[24,33],[-45,68],[2,75],[26,49],[-22,22],[-27,57],[4,60],[-10,77]],[[20499,19136],[22,31],[34,15],[24,69],[25,37],[-17,56],[19,52],[-12,33],[33,35],[-12,35],[-31,16],[8,66],[43,10],[34,-26],[-2,-39],[22,-82],[-20,-50],[22,-95],[22,-10],[13,-90],[-3,-122],[36,-49],[34,-7],[2,-45],[45,-68],[-31,-16],[-22,-99],[-15,-20],[-63,9],[-40,21],[-24,31],[-2,57],[-44,-82],[-22,-71],[-31,-27],[-34,-78],[-12,-58],[17,-28],[-29,-32],[-29,-7],[-22,64],[-27,2],[-8,-50],[-38,14],[-19,39],[-36,33],[18,75],[46,-31],[33,8],[1,63],[-51,2],[-58,-51],[-10,-49],[-32,50],[-71,-41],[-17,39],[-64,32],[-37,-14],[-30,51],[-37,-6],[-15,37],[-56,41],[-33,4],[-31,35],[-85,45],[-46,17],[-100,76],[-14,49],[-72,18],[-62,39],[-26,6],[-18,34],[63,82],[-14,29],[-60,-43],[-42,-49]],[[19389,19158],[3,135],[12,0],[-3,117],[51,2],[30,-24],[10,30],[-1,80],[36,-3],[4,86],[27,0],[0,-41],[89,0],[1,113],[94,-181],[30,-1],[38,-56],[33,0],[0,39],[107,-2],[0,-14],[90,1],[17,-17],[30,19],[11,-23],[51,7],[0,-101],[26,7],[12,-86],[49,-1],[-13,53],[53,42],[-1,40],[62,-18],[6,-38],[48,-17],[2,-97],[13,-1],[8,-82],[22,-30],[26,-1],[9,40],[28,1]],[[20250,20592],[23,-43],[-46,-65],[27,-26],[3,-56],[-59,14],[21,-60],[44,-40],[21,-58],[48,-57],[30,-54],[9,-44],[22,1],[8,-51],[50,-40],[13,-60],[-28,-30],[5,-42],[48,-10],[-1,-51],[-48,-71],[-38,7],[5,-41],[51,-22],[41,-55],[24,-61],[4,-68],[-26,-56],[28,-49],[13,-48],[-6,-44],[11,-78],[-51,-58],[3,-40]],[[19389,19158],[-175,88],[-49,42],[-38,20],[-32,37],[-17,45],[-34,36],[-24,61],[-43,25]],[[18977,19512],[-4,35],[62,38],[34,98],[37,36],[25,98],[32,45],[14,78],[38,57],[-7,30],[46,61],[32,6],[45,61],[1,88],[12,6],[-116,223],[37,-12],[1,70],[-29,46],[-6,67],[7,60],[55,19],[0,101]],[[19293,20823],[38,5],[2,-38],[24,-11],[1,-123],[13,-81],[30,14],[13,-97],[72,12],[49,-73],[99,-7],[63,19],[120,-5],[40,-11],[56,22],[47,-29],[-25,84],[49,18],[45,-32],[3,30],[38,2],[41,-23],[24,35],[1,58],[114,0]],[[20367,20384],[33,-9],[14,-104],[-29,6],[-18,107]],[[20319,20487],[33,-2],[33,-80],[-46,-25],[-20,107]],[[20312,20788],[50,-49],[3,-47],[53,-87],[38,-117],[-10,-20],[-67,120],[0,42],[-57,103],[-10,55]],[[19089,21705],[42,11],[42,-32],[61,-118],[24,-12],[46,-60],[106,-34],[23,-35],[56,13],[60,-18],[55,-86],[37,25],[25,-18],[4,-39],[54,-24],[35,25],[33,-60],[24,-1],[23,-38],[-9,-31],[-48,14],[-4,-48],[71,8],[88,-20],[30,-28],[32,0],[39,-43],[8,-32],[-33,-15],[23,-43],[10,-50],[21,-31],[6,-79],[40,23],[76,-17],[14,-30],[8,-73],[39,-117]],[[19293,20823],[-9,55],[-46,-4],[-13,38],[-56,-1],[-11,55],[27,92],[-3,94],[-19,48],[-64,2],[1,39],[-32,25],[-11,75],[-30,7],[-22,47],[-42,41],[-11,51],[-32,5],[-27,42],[-7,42],[-46,67]],[[18840,21643],[66,-16],[62,15],[3,-38],[39,-1],[1,-40],[105,0],[0,97],[-28,3],[1,42]],[[20138,20987],[38,2],[10,-25],[73,-72],[59,-15],[22,-47],[-13,-36],[-72,1],[-29,27],[-53,23],[-34,29],[-1,113]],[[16973,21944],[62,-3],[38,84],[46,22],[60,-49],[34,49],[9,57],[34,16],[40,-84],[28,-2],[13,-52],[32,13],[17,-23],[38,10],[-5,36],[39,13],[27,-20],[33,11],[36,-50],[45,71],[16,-18],[50,41],[27,-40],[51,-34],[17,-32],[122,-20],[33,-73],[24,27],[37,-30],[82,-4],[2,-37],[94,2],[2,-27],[60,-30],[8,61],[29,78],[26,19],[19,58],[22,-28],[37,6],[-19,129],[-33,90],[-3,46]],[[18302,22227],[226,-424],[41,10],[38,-8],[-7,52],[76,13],[46,-104],[19,0],[36,41],[14,-93],[33,-16],[16,-55]],[[18977,19512],[-69,34],[-50,49],[-60,19],[-68,42],[-43,-2],[-21,29],[-20,114],[21,42],[-13,32],[-24,-63],[-37,32],[-8,58],[55,65],[38,89],[48,58],[38,-3],[34,87],[-32,49],[15,32],[38,-6],[4,60],[43,39],[47,-11],[17,43],[38,43],[24,109],[4,78],[25,71],[1,53],[19,47],[6,77],[-29,68],[7,61],[-1,99],[-30,9],[16,-153],[-5,-61],[22,-33],[-9,-99],[-17,-91],[-42,-63],[6,-70],[-14,-82],[-44,-73],[-70,-3],[-30,49],[-19,-6],[17,-82],[-32,-8],[0,50],[-32,35],[-37,-58],[-30,-9],[-47,103],[-20,-60],[-20,20],[40,66],[-7,46],[-45,-87],[3,-77],[-35,-73],[-25,-20],[-16,38],[-43,49],[-3,68],[-32,39],[38,28],[-78,41],[-14,-112],[-58,-96],[-48,-60],[-30,-62],[-36,19],[-65,88],[-3,-51],[-51,93],[4,37],[-34,48],[-32,-17],[-7,64],[-22,45],[-61,85],[-18,13],[-78,-6],[-35,22],[-21,32],[2,49],[-22,19],[-26,72],[27,30],[10,-63],[35,-11],[12,-29],[42,19],[82,-97],[19,72],[-3,31],[29,22],[35,61],[34,35],[8,96],[40,19],[-11,38],[-56,-52],[3,-69],[-40,14],[-30,-49],[-6,-39],[-73,-7],[42,107],[-10,99],[32,108],[-79,-56],[-23,42],[15,127],[10,29],[-17,89],[-19,-125],[-19,-33],[5,-67],[-25,-18],[-7,49],[-25,31],[-43,-18],[-28,-99],[-27,-37],[-48,36],[-29,121],[65,26],[35,75],[3,48],[25,116],[-26,53],[-17,-111],[-35,-56],[-14,-52],[-40,15],[-27,44],[-1,92],[-18,59],[19,33],[-14,65],[-60,-1],[-1,-18],[-78,-71],[-43,17],[-14,41],[14,58],[-38,4],[7,-39],[-9,-64],[-7,-122],[-32,7],[-46,45],[-22,63],[-35,13],[-26,31],[-18,69],[8,83],[-43,-7],[-7,-36],[-40,-71],[6,-39],[24,-28],[-15,-68],[-48,-12],[-57,73],[11,111],[-18,41],[22,173],[-8,57]],[[18727,20390],[30,10],[10,-39],[-40,-32],[-19,35],[19,26]],[[17501,21596],[41,2],[7,-31],[-32,-44],[-34,53],[18,20]],[[18723,20302],[22,-4],[-10,-89],[-35,-65],[-20,34],[-1,49],[44,75]],[[17616,21036],[69,-24],[23,-50],[-39,-45],[-4,-68],[-54,27],[-1,81],[-22,43],[28,36]],[[17760,21107],[30,3],[96,-25],[16,-88],[-34,-15],[4,-83],[-30,-120],[-46,43],[-11,116],[26,84],[-49,8],[-7,-112],[-43,85],[-1,56],[35,0],[14,48]],[[17362,21529],[16,3],[38,-51],[35,48],[51,4],[27,-63],[12,-128],[-7,-48],[29,-49],[11,-57],[-60,-60],[-33,25],[-17,41],[-34,2],[-23,-31],[-46,71],[15,29],[-30,96],[16,94],[0,74]],[[17500,24493],[28,-13],[55,-51],[23,-10],[88,-103],[44,-5],[57,-25],[37,13],[71,-63],[54,-15],[57,25],[36,-4],[72,11],[24,-32],[94,-78],[43,-21],[11,-92],[-4,-32],[30,-19],[17,-67],[1,-67],[14,-37],[4,-87],[12,-18],[14,-109],[-41,9],[24,-61],[58,-2],[-1,-29],[39,-86],[23,-7],[12,-62],[18,-22],[20,-122],[30,-117],[22,-32],[1,-75],[36,-53],[24,-8],[20,-58]],[[18667,22869],[-45,-20],[-52,60],[-68,28],[-29,-33],[-50,97],[-33,-26],[-5,-100],[-56,-1],[1,-73],[-24,-54],[-73,-4],[-29,-33],[-1,-35],[-49,-50],[8,-83],[28,-2],[36,-39],[-26,-85],[102,-189]],[[16973,21944],[-7,107],[45,31],[30,40],[20,51],[31,24],[65,20],[32,-28],[42,24],[68,2],[63,22],[44,30],[35,-19],[22,23],[67,-1],[-29,60],[-63,-7],[-76,-32],[-48,-42],[-83,-8],[-39,12],[-12,35],[-54,-13],[-15,-19],[-33,67],[-36,26],[20,66],[30,33],[27,100],[-34,30],[11,34],[-43,59],[19,-106],[22,-40],[-48,-105],[-41,-12],[-28,-38],[-35,1],[-33,76],[-17,120],[-17,36],[-10,88],[-3,174],[12,115],[-22,25],[-6,-98],[-23,-66],[-78,32],[-32,71],[-4,41],[-28,110],[-12,-27],[16,-116],[-26,-60],[-65,-29],[-39,11],[-3,141],[-29,13],[6,-88],[-5,-102],[-18,-15],[-41,21],[-26,-38],[-81,31],[-14,15],[-49,-24],[-37,36],[-19,84],[-47,100],[4,33],[-21,41],[9,41],[26,41],[42,28],[-1,198],[49,59],[55,46],[-16,46],[-38,-61],[-52,-12],[-29,-26],[-34,25],[-1,49],[-25,24],[-65,93],[1,-94],[31,4],[16,-40],[-19,-45],[14,-34],[-21,-41],[25,-37],[-72,-75],[-36,-6],[-91,43],[-7,56],[-50,80],[7,55],[-23,6],[-20,50],[68,88],[-20,50],[-34,-56],[-7,-41],[-35,-58],[-43,5],[-24,-28],[-28,-1],[-22,52],[9,73],[-94,-87],[-62,-77],[-27,-54],[-25,-13],[-85,50],[-40,42],[-5,44]],[[15376,23584],[28,-37],[41,75],[67,-2],[45,28],[9,37],[25,-3],[2,73],[39,-1],[7,61],[39,80],[29,6],[16,42],[30,28],[-1,39],[67,31],[19,-37],[68,-33],[68,-46],[33,28],[56,-80],[50,23],[-6,102],[37,21],[47,-55],[28,30],[26,-35],[21,69],[78,147],[33,-12],[23,-35],[4,-46],[22,-52],[31,-29],[0,-77],[30,-28],[-18,-43],[-3,-121],[59,3],[26,32],[17,-11],[38,-86],[37,-57],[23,12],[-2,74],[31,19],[17,-55],[-11,-89],[51,-60],[39,32],[36,-21],[5,-25],[38,-20],[-6,-49],[-30,-1],[-21,-32],[2,-82],[40,-40],[37,28],[81,3],[14,-44],[-29,-65],[91,-74],[29,-97],[4,-57],[40,24],[51,-29],[47,37],[-10,63],[36,31],[74,129],[44,45],[-10,100],[-23,48],[19,40],[-5,47],[28,27],[-9,37],[77,-5],[-9,28],[22,36],[23,-7],[34,49],[9,52],[57,7],[2,114],[18,106],[37,64],[-55,85],[-14,75],[18,15],[52,-12],[-7,64],[-23,10],[-11,44],[-31,61],[-29,-23],[-35,4],[1,157]],[[19024,23530],[-2,-2],[2,2]],[[18870,23343],[32,-48],[-19,-23],[-13,71]],[[16894,22448],[45,-104],[-26,-8],[-23,89],[4,23]],[[16183,23371],[35,25],[12,-55],[-35,-24],[-12,54]],[[18746,23468],[24,-61],[-30,-42],[-25,55],[31,48]],[[18650,24402],[20,-62],[34,-51],[-40,-51],[-29,13],[-6,80],[21,71]],[[18798,24136],[44,-39],[-15,-68],[-21,-38],[-36,28],[-6,41],[28,36],[6,40]],[[17020,22348],[45,-64],[-35,-70],[-6,-55],[-61,54],[44,71],[13,64]],[[16107,23332],[27,7],[40,-42],[9,-44],[-26,-28],[-28,-75],[-13,50],[-40,46],[31,86]],[[18685,23923],[-55,-49],[-53,98],[-20,88],[52,31],[12,36],[28,14],[20,-17],[27,-82],[3,-61],[-14,-58]],[[18685,23923],[29,73],[25,-44],[25,-146],[-9,-49],[-66,25],[18,-48],[-19,-40],[-5,-55],[-30,-56],[-30,42],[30,93],[-4,75],[36,130]],[[17669,24461],[34,-3],[33,47],[89,41],[37,1],[44,-45],[35,-88],[-51,-39],[-53,-10],[-48,30],[-64,-12],[-47,41],[-9,37]],[[17881,24345],[72,37],[32,-21],[47,18],[23,34],[43,32],[93,25],[20,-28],[6,-80],[-23,-22],[-39,2],[-52,-42],[-30,22],[-26,-24],[-52,2],[-14,-16],[-51,-7],[-42,17],[-7,51]],[[19107,24085],[47,-31],[48,-77],[21,-98],[-8,-75],[-24,-64],[-47,-62],[-43,110],[20,73],[0,40],[36,62],[-4,52],[-26,-7],[-2,-60],[-23,-36],[-12,-100],[-69,66],[31,84],[7,65],[25,14],[23,44]],[[18232,24423],[70,34],[39,54],[50,-3],[33,-46],[-2,-47],[-36,-95],[-38,-77],[-43,-13],[-33,-33],[-41,12],[-26,52],[-46,13],[70,62],[3,87]],[[18802,23892],[21,-18],[24,-70],[43,-80],[36,-105],[-16,-39],[5,-87],[26,-90],[-25,-14],[-26,15],[-32,-42],[-48,-93],[-4,97],[17,80],[2,58],[-29,7],[-35,-17],[-35,46],[10,43],[42,50],[7,34],[37,44],[12,68],[-36,55],[4,58]],[[18472,24467],[119,-156],[25,-7],[2,-63],[29,-81],[-41,-26],[-62,-75],[-25,55],[-29,27],[-15,-28],[-69,-32],[-2,-31],[-37,-17],[-28,14],[-14,39],[1,81],[16,34],[70,22],[24,40],[-26,23],[39,113],[3,49],[20,19]],[[18898,24076],[42,-12],[34,-41],[76,-7],[-26,-92],[-17,-11],[10,-91],[30,-46],[35,-18],[13,-88],[-56,-70],[-13,-57],[-31,-3],[-30,31],[-23,119],[13,57],[-47,0],[-36,42],[-46,128],[4,32],[68,127]],[[18356,24005],[91,34],[9,33],[51,15],[35,-50],[-21,-49],[50,-65],[14,-37],[25,-13],[26,-71],[-5,-64],[-27,-33],[-22,-88],[-37,-6],[4,-99],[47,-59],[15,-142],[19,-57],[-46,-43],[-12,79],[-22,30],[-6,47],[7,85],[-52,31],[-50,71],[-16,41],[-43,31],[4,42],[27,53],[-28,60],[-21,77],[-4,50],[40,6],[-10,37],[-42,54]],[[16503,22770],[41,-21],[54,63],[55,38],[23,-9],[7,51],[40,-8],[28,-69],[66,19],[24,-11],[4,-88],[13,-97],[28,-118],[-20,-66],[38,-131],[-10,-98],[15,-124],[-44,-19],[-23,-28],[-55,65],[-31,14],[-38,-10],[-59,36],[-16,108],[-24,10],[-14,37],[-34,11],[-30,69],[-8,46],[-24,14],[39,94],[68,14],[10,39],[38,68],[58,-33],[15,27],[-61,23],[-57,-38],[-20,-39],[-42,23],[-33,71],[-35,10],[14,57]],[[20261,25692],[14,-29],[33,-5],[0,-56],[-14,-23],[-46,-5],[-31,-20],[-33,17],[26,-119],[-42,-57],[-35,-81],[46,-73],[-5,-22]],[[20174,25219],[-38,-9],[-64,89],[-13,68],[-21,23],[-31,80],[-68,21],[-7,57],[-36,24],[-47,-148],[-96,38],[-17,43],[-67,23],[12,65],[-11,26],[-39,18],[-34,-28],[-5,-98],[-40,-57],[12,-34],[-36,-36],[36,-43],[4,-31],[-45,-72],[-50,5],[-13,-29],[-45,-35],[-23,1],[-45,-53],[-64,-54],[-14,-63],[16,-19],[24,-77],[-18,-38],[3,-48],[38,-92],[40,-41],[2,-77],[-43,-43],[-28,-58],[-1,-120]],[[19302,24397],[-44,-1],[-39,19],[-19,31],[-37,-100],[-22,-78],[-47,-80],[-22,-8],[-40,-73],[-37,-16],[-73,43],[-46,2],[-32,53],[31,99],[-16,33],[-13,103],[-42,46],[-11,-28],[25,-43],[22,-117],[-35,-95],[-39,-33],[-27,-48],[-30,28],[-10,84],[39,38],[4,50],[-16,65],[10,23],[0,72],[16,21],[-8,81],[96,58],[54,137],[43,29],[30,105],[-17,73],[26,114],[-12,68],[35,64],[1,56],[-33,53],[-5,34],[-36,15],[-26,87],[63,62],[23,63],[7,76],[54,50],[-8,59],[-30,55],[-35,-3],[0,-81],[-32,-43],[-40,-141],[-30,-2],[-35,-34],[-12,-70],[43,-38],[-3,-82],[37,-22],[31,-41],[-31,-79],[4,-55],[-20,-35],[15,-70],[21,-17],[-9,-72],[-28,-70],[-29,-4],[-40,-54],[-2,-81],[-37,-45],[-93,-62],[-13,-53],[3,-64],[14,-39],[-18,-41],[-65,-60],[-16,-5],[-30,41],[-20,53],[-39,47],[13,127],[-19,-10],[-42,-97],[-18,-13],[-38,48],[-12,49],[0,111],[-29,-24],[10,-59],[-8,-51],[-22,-53],[-44,-53],[-45,-18],[-49,30],[-77,-20],[-14,23],[20,73],[29,51],[7,70],[27,67],[-16,33],[12,83],[-9,79],[32,143],[57,14],[10,58],[27,48],[-14,18],[-41,-20],[8,-60],[-23,-24],[-49,-20],[-8,-53],[-28,-72],[7,-94],[-18,-38],[22,-87],[-29,-61],[-30,-29],[21,-37],[-42,-153],[-46,-61],[-70,-5],[-62,111],[2,21],[-57,74],[54,43],[-68,36],[-17,-81],[-53,-26],[-50,-53],[-40,-7],[-61,34],[-40,-17],[-40,28],[8,58],[21,-7],[73,82],[-83,-37],[-32,-74],[-42,-27],[-44,25],[-124,47],[-12,51],[33,-3],[50,33],[22,-10],[6,96],[47,30],[-4,22],[2,2],[48,7],[46,26],[25,29],[53,2],[7,22],[45,8],[23,30]],[[17698,24992],[79,4],[30,-36],[3,-64],[21,-69],[34,40],[69,48],[55,-6],[36,-19],[68,37],[26,133],[-3,29],[28,48],[-17,70],[45,71],[-13,26],[-1,83],[31,16],[23,40],[-29,41],[-19,67],[46,28],[10,162],[30,25],[33,58],[37,37],[43,-9],[43,31],[100,31],[-2,71],[-30,63],[-34,-10],[-19,108],[49,5],[48,46],[-12,52],[-51,58],[12,78],[-14,44],[18,60],[-27,79],[-30,8],[10,72],[-7,67],[40,58],[13,35],[69,53],[25,60],[-50,111],[-24,38]],[[18490,27070],[18,48],[43,-4],[44,17],[19,-63],[35,-33],[143,-40],[40,-24],[12,-36],[91,6],[10,-27],[93,-43],[21,-46],[23,-142],[56,-35],[33,-59],[36,8],[51,-33],[37,-40],[42,-5],[131,-87],[4,58],[32,53],[43,22],[-12,-63],[0,-85],[30,11],[63,-26],[33,5],[28,26],[70,-37],[13,-48],[5,-84],[12,-29],[-15,-45],[21,-70],[48,-60],[32,-15],[-5,-50],[21,-19],[16,-73],[37,-40],[38,51],[61,-46],[8,-28],[50,11],[14,23],[52,-39],[39,-65],[54,-17],[1,-61]],[[18667,22869],[3,-31],[46,-45],[48,-71],[30,-72],[67,-97],[26,-54],[47,-43],[34,-65],[-45,-90],[-56,8],[-28,-27],[70,-101],[25,-89],[19,-108],[31,-91],[36,-76],[21,-4],[4,-84],[20,12],[24,-36]],[[19168,21967],[75,-35],[-22,-52],[10,-42],[-28,-30],[-55,62],[-5,52],[25,45]],[[19007,22106],[7,-24],[51,-58],[25,-106],[39,-133],[-40,14],[-19,48],[-68,93],[-20,44],[12,110],[13,12]],[[20174,25219],[19,-10],[32,34],[51,-25],[20,-53],[-30,-114],[-9,-56],[7,-108],[12,-66],[1,-93],[-22,-27],[-30,5],[-15,29],[-48,-33],[-52,5],[-31,-24],[-14,26],[-68,-48],[-24,-48],[8,-64],[40,-1],[30,-62],[-17,-83],[33,-64],[-1,-47],[17,-63]],[[20083,24229],[-62,-56],[-20,26],[-24,-6],[-18,40],[-31,-40],[-40,55],[-72,-38],[-26,-54],[5,-99],[-17,-78],[29,-40],[-24,-56],[13,-46],[41,-26],[49,-1],[-17,-44],[1,-55],[25,-66],[-18,-31],[-26,8],[-35,-19],[-19,-113],[18,-43],[-15,-51],[48,-57],[-4,-65],[19,-3],[35,-44],[-3,-101],[8,-87],[27,-12]],[[19930,23027],[-13,-81],[-31,-94],[18,-18],[27,-69],[-61,6],[-13,-110],[-33,-46],[-88,-15],[-13,16],[-64,-21],[-5,-75],[-27,42],[-82,38],[-34,-27],[-62,31],[-26,48],[-64,27],[-5,117],[-30,71],[-78,83],[-29,40],[-62,58],[-36,59],[-25,16],[-13,54],[-47,70],[-40,122],[-4,36],[37,-1],[38,-69],[84,-89],[-16,81],[11,50],[21,29],[-21,46],[-19,-66],[1,-41],[-79,52],[21,38],[56,30],[36,99],[-4,48],[35,9],[20,42],[25,13],[22,72],[-2,132],[28,36],[-30,30],[-20,97],[-91,81],[40,132],[10,53],[37,34],[133,-8],[18,55],[27,23],[79,36],[43,58],[9,98],[-23,-12],[-23,-63],[-95,-69],[-42,-18],[-14,-38],[-40,-8]],[[19213,22892],[24,-48],[-9,-31],[-39,-38],[-1,59],[25,58]],[[18904,23209],[31,-20],[-22,-67],[-46,55],[0,49],[37,-17]],[[19550,21900],[27,-33],[81,-39],[29,17],[51,-72],[33,-27],[11,-38],[-19,-48],[-29,38],[-46,14],[-53,-5],[-37,16],[-44,43],[-26,80],[22,54]],[[19234,22667],[40,1],[7,-45],[44,-73],[25,-4],[42,-54],[116,-42],[50,-40],[36,-113],[80,-165],[41,-50],[88,-150],[28,-117],[-20,-18],[-33,34],[-31,59],[-31,15],[-42,59],[-26,-1],[-20,49],[-39,26],[-26,38],[-55,43],[-43,45],[-4,55],[-28,40],[-17,69],[-25,-20],[-26,54],[-116,86],[-22,69],[18,58],[-11,92]],[[20083,24229],[37,-80],[-7,-26],[16,-53],[26,-5],[18,-50],[26,-4],[50,-54],[16,-50],[66,-41],[-33,-73],[33,-36],[14,34],[55,28],[8,-25],[-18,-47],[15,-31],[63,-5],[1,-56],[-18,-36],[7,-50],[-33,-68],[-36,-39],[40,-81],[-27,-18],[-6,-58],[14,-46],[31,1],[3,-100],[19,-16],[-21,-76],[1,-58],[63,-18],[-19,-31],[-4,-71],[-21,-52],[10,-44],[33,-20],[0,91],[73,112],[36,-2],[34,-27],[14,-61],[20,6],[33,-42],[50,-41],[-6,-67],[25,-69],[14,-69],[33,-20],[-36,-58],[-38,-8],[18,-66],[-31,-77],[-10,-70],[42,-110],[30,-60],[20,-74]],[[20826,22062],[-38,0],[-43,-41],[-14,-41],[-28,23],[-55,-55],[-21,-8],[-54,-59],[-3,-53],[28,-36],[-19,-36],[22,-69],[-17,-92],[-60,-91],[-114,97],[-16,0],[-46,49],[-46,7],[-23,86],[-87,-7],[-33,23],[-30,-20],[-37,34],[-27,93],[-31,-27],[-17,29],[9,50],[-23,14],[-28,51],[-27,142],[-6,60],[-33,10],[-20,30],[10,146],[36,81],[-1,43],[24,39],[21,-5],[31,45],[50,-36],[50,-77],[-2,-80],[25,-52],[12,-89],[17,-76],[32,-74],[8,-81],[15,-47],[-1,-107],[15,-6],[35,-66],[5,54],[-29,39],[12,94],[-23,54],[-8,89],[35,44],[29,16],[20,38],[36,12],[23,-12],[42,46],[46,20],[3,46],[-46,-41],[-24,4],[-15,-39],[-28,10],[-93,-32],[-49,-31],[-20,11],[-18,51],[40,109],[-41,-16],[-26,68],[-5,44],[-24,24],[-5,40],[-52,46],[-7,39],[26,13],[-3,40],[33,41],[26,92],[-7,31],[13,62],[-30,102],[-51,13],[-29,50],[-17,62],[2,55],[21,47],[58,18],[49,69],[49,16],[42,37],[9,70],[44,45],[-5,22],[-55,57],[-24,73],[-39,46],[2,22],[67,41],[-23,22],[-34,-32],[-23,-46],[-154,129],[24,-71],[33,-48],[43,-29],[60,-59],[23,-84],[34,-28],[-46,-102],[-95,-84],[-17,-23],[-32,3],[-29,-52],[-22,-10],[-2,-83],[57,-177],[59,-50],[9,-23],[-32,-115],[-19,-1],[-28,-92],[-41,42],[14,47],[-44,159],[17,58],[-27,42]],[[20614,21578],[33,-22],[-11,-32],[-39,6],[17,48]],[[20001,21850],[27,-36],[5,-75],[-31,11],[-9,44],[8,56]],[[19715,22531],[23,-20],[44,28],[-1,-37],[-31,-4],[-39,-35],[4,68]],[[20774,21987],[30,-27],[6,-69],[-22,-25],[-22,56],[8,65]],[[20653,21904],[68,3],[55,-147],[4,-76],[-67,-42],[-21,63],[-38,3],[-18,-20],[-22,44],[16,78],[-9,25],[32,69]],[[19817,22555],[26,-23],[33,2],[-8,56],[43,6],[48,23],[16,-45],[-69,-73],[11,-51],[-35,-63],[-6,-131],[-90,24],[-42,76],[-5,65],[36,22],[42,112]],[[21702,26602],[70,-146],[-8,-86],[14,-33],[92,-10],[13,-10],[21,-91],[36,-37],[31,1],[-6,-48],[128,-73],[43,8],[19,-61],[-25,-25],[233,-10],[63,1],[-2,27],[83,3],[255,-5],[2,-279],[-27,-40],[-28,-1],[0,-80],[-28,0],[0,-41],[-28,-1],[-1,-123],[-26,0],[0,-121],[-27,-1],[-1,-488],[6,-81],[-27,-82],[-26,1],[-29,-83],[-36,-75],[9,-30],[-33,-86],[-43,-1],[-42,-49],[-15,45],[-55,-9],[-122,52],[1,-47],[-43,-111],[11,-44],[-26,-39],[-78,-61],[-18,-53],[13,-51],[-29,-80],[-39,-14],[-7,-67],[32,-15],[-4,-59],[-29,-13],[-16,-32],[21,-38],[15,-59],[32,-81]],[[20864,21777],[-20,125],[28,86],[32,163],[3,38],[-20,51],[41,27],[38,63],[-31,16],[-86,-59],[-5,-50],[10,-45],[-15,-114],[-13,-16]],[[20261,25692],[25,11],[87,-19],[9,59],[31,-17],[25,17],[35,83],[29,-9],[47,73],[71,74],[58,21],[22,45],[29,-39],[40,3],[96,25],[-14,70],[3,45],[21,46],[40,40],[22,0],[23,59],[19,82],[44,46],[24,-18],[45,47],[-11,87],[-24,88],[14,22],[41,-55],[74,-18],[76,-28],[97,-110],[37,12],[18,-32],[38,60],[35,-31],[7,-64],[38,-73],[58,-53],[25,18],[29,48],[-19,40],[11,27],[-19,42],[15,95],[38,22],[12,49],[20,20]],[[24505,31260],[32,-42],[4,-52],[59,-53],[1,-43],[21,-40],[21,-103],[60,-57],[27,-76],[36,26],[35,-35],[21,-63],[27,19],[38,-46],[57,-40],[19,53],[52,-3],[36,49],[70,29],[2,-47],[45,-115],[39,25],[16,-71],[29,-1],[48,50],[27,-29],[85,48],[6,-66],[172,0],[30,13],[44,-9],[116,-1],[27,-109],[39,15],[8,-26],[77,-60],[-5,-65],[27,-41],[5,-90],[22,-69],[-45,-31],[-20,-65],[23,-49],[-5,-50],[-26,-36],[26,-106],[20,-22],[48,-3],[89,-76],[5,-33],[-67,-58],[-44,-57],[-10,-52],[60,-36],[-9,-72],[22,-17],[30,-66]],[[26077,29306],[-36,-36],[-4,-51],[-34,-122],[14,-40],[-22,-34],[29,-50],[-9,-35],[-100,-42],[-9,-66],[-27,-52],[0,-31],[66,-32],[29,-32],[-20,-73],[-93,9],[25,-123],[-28,-63],[47,-42],[0,-52],[-14,-57],[23,-48],[21,3],[44,-54],[-12,-33],[14,-84],[-36,-39],[-2,-45],[-51,-5],[-58,-40],[46,-98],[-14,-47],[26,-72],[-14,-39],[8,-57],[-21,-91],[23,-37],[17,-61],[-17,-47],[14,-53],[-10,-52],[-46,-62],[-34,-22],[-35,-78],[-38,0],[-21,-52],[-53,-49],[-38,-12],[-7,-103],[-33,-18],[-4,-87],[-15,-33],[-67,-61],[-35,19],[-55,7],[-19,-40],[-63,-55],[1,-110],[-52,-24],[-30,-85],[1,-69],[-20,-33],[22,-112],[-17,-95],[-31,-60],[13,-77],[-197,1],[34,-39],[24,-96],[-11,-28],[0,-161],[18,-25],[25,55],[44,-70],[19,37],[68,2],[0,-81],[65,0],[-1,-246],[-74,1],[-1,-487],[-121,-1],[-27,-20],[1,-466],[8,0]],[[25090,24348],[-10,-26],[23,-46],[-37,-64],[-2,-56],[-60,-41],[42,-38],[-19,-56],[19,-61],[-18,-14],[-64,4],[-12,-75]],[[24952,23875],[-22,-75],[-29,-6],[-27,-67],[18,-8],[17,-76],[22,-5],[3,-78],[42,-11],[-7,-73],[-20,-13],[8,-74],[-14,-43],[-48,-35],[11,-38],[-32,-55],[-5,-47],[-71,-47],[-50,-76],[-18,-46],[-31,31],[-23,-9],[-38,-45],[2,-48],[-30,-61],[-2,-48]],[[21702,26602],[-48,108],[-70,3],[-52,71],[-1,78],[29,46],[22,100],[22,50],[-27,79],[15,46],[76,51],[0,139],[106,-9],[49,78],[113,40],[57,-23],[332,1],[134,4],[-1,135],[300,-6],[0,-46],[122,1],[2,-270],[58,-15],[2,-26],[56,1],[0,-99],[7,-66],[68,7],[94,-10],[130,151],[44,25],[83,-11],[19,-17],[53,-2],[1,28],[62,17],[135,-28],[107,-4],[213,3],[4,90],[-5,355],[1,188],[67,99],[52,37],[31,6],[49,-23],[22,51],[40,30],[-14,55],[-30,47],[46,4],[18,36],[2,101],[52,34],[57,-19],[3,115],[-39,17],[-18,56],[29,55],[-3,78],[-21,30],[-11,75],[-24,-26],[-21,21],[-11,62],[43,60],[-33,22],[0,103],[28,51],[-27,107],[10,54],[-14,36],[-33,7],[-32,-61],[-38,29],[7,61],[17,35],[-10,71],[-30,17],[-83,219],[30,44],[-49,58],[-32,12],[17,141],[35,57],[37,32],[0,27],[-97,125],[38,80],[80,62],[40,49],[52,-18],[35,108],[20,-1],[29,58],[-2,57],[30,2],[35,35],[3,39],[-64,64],[42,55],[-38,77],[-8,58],[23,56],[-41,96],[-36,22],[43,76],[-37,50],[25,71],[35,28],[28,-25],[31,11],[24,35],[41,-45],[41,47]],[[24952,23875],[110,-1],[230,7],[15,-10],[-7,-120],[-12,-37],[1,-70],[386,4],[6,-90],[-29,-72],[-14,-94],[5,-28],[79,-12],[10,19],[39,-42],[78,29],[46,0],[14,26],[39,-12],[52,0],[12,-45],[28,-2],[29,-39],[-15,-61],[24,-53],[-7,-71],[-52,6],[-14,-46],[-34,-10],[-35,-88],[-13,26],[-50,-63],[0,-40],[-53,-74],[-39,-111]],[[25090,24348],[45,81],[28,-1],[0,42],[66,-1],[1,-40],[92,-1],[1,-41],[150,0],[-12,70],[-1,81],[37,3],[1,61],[-13,20],[-1,79],[147,-2],[4,621],[349,1],[82,101],[41,110],[53,0],[39,-41],[41,33],[-8,57],[23,27],[49,114],[-3,86],[92,27],[75,-111],[24,24],[45,-58],[49,15],[45,-19],[74,34],[3,-25],[-34,-49],[10,-49],[21,-30],[-9,-41],[28,-117],[12,-75],[42,-45],[-1,-136]],[[26077,29306],[60,22],[42,-66],[90,23],[13,36],[54,29],[16,88],[17,43],[-11,52],[27,40],[46,25],[15,48],[-5,38],[62,34],[17,32],[36,-4],[49,87],[43,5],[32,-80],[42,25],[16,75],[17,15]],[[20796,32917],[1,-274],[-5,-247],[47,30],[67,19],[77,-39],[52,19],[81,-4],[30,-48],[31,22],[13,44],[35,-10],[60,25],[1,58],[39,69],[17,66],[63,30],[52,-5],[48,26],[34,-34],[27,20],[40,-40],[107,-2],[202,5],[5,72],[21,35],[-25,79],[14,28],[58,0],[13,17],[542,2],[285,-12],[18,-37],[314,18],[28,-119],[43,-52],[35,-15],[28,48],[17,-42],[29,37],[72,-4],[23,21],[35,76],[19,7],[11,-132],[-23,-149],[45,-45],[4,-92],[45,17],[18,56],[44,-24],[38,-47],[49,18],[28,-87],[23,-3],[62,25],[24,-23],[79,-118],[31,-67],[30,7],[127,-122],[5,-68],[54,-68],[-10,-91],[-57,-6],[-17,-31],[36,-154],[28,-75],[27,-23],[46,-6],[39,-97],[44,-17],[37,21],[50,-29],[30,39],[36,-21],[6,-74],[27,-60]],[[18490,27070],[-56,37],[-28,53],[-4,49],[17,76],[18,16],[-39,55],[8,18],[57,-28],[13,31],[-12,51],[34,19],[9,43],[-13,70],[32,26],[-2,30],[-37,14],[-32,34],[5,56],[70,87],[-17,109],[14,57],[-25,65],[22,71],[-20,46],[-86,42],[-25,29],[-35,-4],[-57,147],[-42,-4],[-3,67],[-56,11],[14,28],[17,105],[-33,50],[-34,-65],[-36,8]],[[18128,28569],[-12,102],[-37,106],[30,109],[14,80],[-76,-10],[-25,58],[4,77],[-8,61],[82,101],[30,-1],[33,27],[73,28],[24,26],[13,49],[-40,65],[-20,4],[-10,49],[24,8],[16,85],[26,20],[18,-31],[46,90],[26,26],[-5,33],[39,22],[-11,121],[-30,42],[-53,25],[-44,-16],[-22,26],[-5,66],[40,111],[-46,25],[-41,46],[-106,40],[-68,-52],[-26,-2],[-41,-34],[-22,79],[-29,9],[-24,39],[-32,92],[3,52],[-32,0],[-18,94],[21,39],[-43,10],[-61,-16],[-25,-54],[-35,46],[-22,-48],[-47,-58],[-23,-5],[-21,34],[-40,-10],[-21,-32],[3,-61],[-24,-26],[-34,-70],[-17,-58],[-26,-10],[-29,79],[-30,47],[-36,11],[-20,-75],[-48,46],[-30,93],[0,28],[-31,42],[17,26],[-20,34],[-38,110],[34,21],[6,76],[39,17],[20,33],[33,125],[-3,218],[-41,-19],[-53,-80],[-32,4],[-13,-31],[-89,-26],[-30,48],[2,64],[-55,-6],[-14,59],[-31,33],[32,63],[29,30],[-13,95],[-31,61],[-25,19],[26,82],[-14,36],[31,45]],[[16914,31605],[422,-1],[586,1],[519,1],[362,-1],[-1,531],[-4,124],[9,19],[-5,378],[-1,195],[21,-43],[58,21],[42,-10],[51,-109],[58,-76],[81,-41],[21,15],[44,68],[-7,43],[47,22],[22,-60],[87,21],[37,25],[-17,94],[19,40],[-36,33],[39,41],[11,68],[-32,66],[37,10],[77,-54],[63,-67],[6,-85],[51,18],[37,-16],[61,31],[9,-38],[36,-26],[0,-64],[92,-35],[60,75],[46,-8],[58,33],[0,113],[215,1],[463,-4],[1,-37],[137,0]],[[15376,23584],[21,31],[74,83],[32,86],[22,25],[6,40],[27,13],[-11,48],[-31,10],[-49,63],[-18,44],[62,46],[-63,26],[-19,87],[-89,-69],[-29,27],[-18,44],[34,60],[12,121],[25,27],[-12,49],[7,64],[23,16],[27,-32],[31,11],[26,35],[39,-37],[47,71],[18,-18],[81,40],[27,-19],[93,17],[58,-124],[42,-141],[19,66],[-22,65],[-45,103],[-36,65],[-45,52],[18,28],[25,-23],[18,87],[28,-7],[18,61],[114,27],[-10,41],[-58,-29],[-38,19],[-52,-69],[-56,69],[-56,19],[-2,19],[-66,-10],[-64,12],[-75,-7],[93,-48],[48,-12],[105,-10],[67,-73],[-14,-55],[-31,25],[-13,-24],[-64,-5],[-52,-47],[-107,-67],[-47,-13],[-4,55],[-42,-16],[4,-34],[-27,-30],[-22,17],[-47,-14],[-15,-24],[-48,-4],[-23,95],[42,72],[-23,24],[-48,-137],[29,-75],[-10,-42],[-25,14],[-26,75],[-38,8],[-28,59],[-23,8],[-23,48],[-35,17],[-14,73],[-26,33],[1,66],[-29,30],[-46,20],[-26,74],[11,35],[31,5],[20,68],[-22,12],[-21,-36],[-74,27],[9,56],[-10,61],[-42,70],[13,28],[-5,70],[87,80],[33,-28],[31,30],[29,-8],[27,36],[17,49],[40,27],[62,-8],[14,52],[53,30],[69,-31],[29,4],[28,32],[64,8],[38,-26],[8,-33],[101,-34],[131,-74],[84,-68],[88,-41],[37,-43],[-7,-77],[17,-47],[43,53],[5,33],[39,0],[-19,-126],[55,-32],[48,-53],[92,-69],[60,-68],[17,-34],[75,9],[18,-38],[-10,-29],[167,-25],[14,-57],[77,-2],[56,-24],[38,-1],[189,-113],[50,-38],[36,-43],[57,22],[123,-33],[37,18],[51,0],[68,-20],[29,-30],[27,22],[111,-51],[23,12],[35,-15]],[[17698,24992],[-39,27],[-62,-59],[-59,-11],[-62,-54],[-20,3],[-49,-53],[-20,17],[-40,-7],[-35,52],[-5,78],[76,20],[32,26],[80,-10],[31,26],[99,43],[24,-10],[89,9],[26,-9],[40,40],[131,27],[17,-18],[35,28],[38,168],[55,20],[4,47],[25,56],[-22,53],[-28,27],[-16,77],[41,62],[69,-22],[19,33],[2,50],[24,84],[13,16],[-1,65],[-37,59],[12,23],[-17,48],[-2,153],[-36,58],[-16,48],[-60,-4],[4,-74],[51,-84],[-2,-86],[17,-54],[-15,-58],[55,-79],[-28,-59],[-3,-39],[-38,17],[-43,-23],[-8,-46],[-45,-25],[-4,-66],[8,-93],[35,-26],[9,-40],[-9,-57],[-37,19],[-44,-102],[12,-74],[-25,-28],[-29,6],[-56,-21],[-55,1],[-46,-27],[-80,-21],[-21,23],[-54,7],[-53,-42],[-66,-28],[-69,-7],[-18,56],[5,69],[42,43],[34,15],[21,59],[56,56],[5,43],[-94,-59],[-61,53],[-15,62],[43,85],[0,92],[-21,-5],[-12,-84],[-25,-27],[-40,1],[-12,30],[-54,0],[-25,20],[-87,-62],[-86,-41],[-22,34],[31,60],[-55,47],[-13,-25],[45,-27],[-27,-46],[-65,11],[13,66],[7,114],[47,28],[13,47],[28,4],[65,-60],[17,33],[61,-12],[48,14],[67,-31],[64,-1],[15,59],[-30,17],[-16,-22],[-50,3],[-48,22],[-28,-15],[-29,20],[-38,-11],[-64,41],[-19,-6],[-27,50],[-5,61],[-17,30],[-2,65],[-13,56],[-24,-8],[-14,-65],[12,-85],[29,-70],[2,-41],[-55,-57],[-3,-30],[-76,-68],[-35,-8],[-11,-50],[-23,20],[-44,3],[-43,71],[-90,45],[77,33],[96,5],[1,26],[-64,10],[-47,-18],[-36,50],[36,14],[-12,33],[8,83],[-14,4],[-8,-129],[-30,10],[-8,-28],[-19,-4],[-8,39],[-15,-27],[5,-24],[-6,-37],[-34,-48],[-9,-49],[-130,25],[-6,29],[-38,-20],[-17,28],[-44,0],[-37,54],[-5,-71],[57,-21],[61,-42],[94,-1],[4,20],[57,-4],[20,-22],[-57,-99],[-46,-34],[-43,-58],[-50,8],[-9,38],[-34,43],[-39,16],[-32,50],[-44,9],[-86,103],[-78,-21],[-10,39],[-73,17],[-72,139],[-51,49],[-15,61],[2,80],[20,139],[27,-6],[88,-91],[5,-34],[94,-34],[25,27],[54,-6],[26,-25],[25,18],[83,-3],[43,27],[44,0],[61,34],[56,-11],[132,24],[18,-8],[88,18],[26,-34],[34,-110],[14,66],[43,6],[14,35],[-76,-22],[-22,57],[-42,4],[5,36],[45,49],[18,59],[19,4],[44,48],[19,100],[-27,31],[-6,-87],[-94,-109],[-45,-95],[-42,-16],[-55,22],[-50,6],[-37,-30],[-78,24],[-40,-33],[-66,-33],[-20,9],[-39,-28],[-29,9],[-52,-11],[-101,17],[-31,-8],[-12,-41],[-28,57],[-54,22],[14,39],[85,15],[85,-19],[19,12],[52,-10],[4,35],[-52,-19],[-64,15],[-199,-1],[-85,63],[-3,22],[79,13],[14,-13],[86,12],[46,-10],[94,8],[101,-21],[93,-35],[99,-12],[31,7],[98,-22],[-8,37],[-114,2],[-33,13],[-73,-2],[-34,10],[35,93],[33,40],[-20,54],[-33,-90],[-13,-69],[-32,-15],[-24,26],[-90,1],[-20,13],[-130,-7],[-22,45],[-17,70],[30,73],[83,-48],[-8,35],[-97,24],[-18,-66],[7,-104],[-16,-32],[-30,-4],[-29,23],[-79,-27],[-42,20],[-20,-34],[48,-13],[24,-54],[-64,-36],[-72,-8],[-15,14],[1,56],[-13,52],[-30,30],[-19,-17],[-32,65]],[[15576,26461],[16,3],[-3,81],[92,5],[13,-20],[44,23],[40,-2],[49,19],[13,-32],[34,8],[3,35],[42,8],[5,56],[72,11],[36,-34],[44,-20],[23,12],[56,-6],[24,23],[48,-43],[46,9],[96,62],[55,3],[34,28],[51,-14],[37,18],[-1,100],[37,81],[27,-4],[22,52],[24,-21],[23,-49],[54,6],[16,90],[30,33],[31,180],[-29,71],[19,70],[32,26],[18,-42],[52,-31],[16,-59],[25,-44],[28,33],[39,0],[55,68],[36,95],[73,14],[30,-78],[20,23],[62,-22],[89,0],[32,-49],[49,37],[-2,31],[51,4],[9,36],[-22,121],[42,29],[-5,34],[39,69],[-11,45],[40,51],[55,-54],[57,42],[26,52],[-47,95],[11,71],[-16,51],[-43,-11],[3,70],[-10,42],[42,53],[14,79],[-26,37],[53,81],[9,69],[6,133],[40,7],[11,51],[-12,147],[29,39],[49,-6],[44,72],[44,31],[22,-10],[49,-183],[79,-111],[32,-1],[11,29]],[[15762,25603],[40,-50],[-44,-3],[4,53]],[[15698,25649],[37,-19],[-19,-57],[-18,76]],[[16765,24978],[25,-4],[27,-33],[-18,-36],[-29,27],[-5,46]],[[16956,24987],[47,7],[-13,-50],[-34,-11],[0,54]],[[14448,25559],[54,-38],[-22,-49],[-37,18],[5,69]],[[17378,25214],[19,2],[-5,-73],[-28,28],[14,43]],[[14539,25482],[48,9],[24,-38],[-65,-31],[-7,60]],[[16628,25867],[46,-2],[38,-33],[-14,-25],[-72,-13],[2,73]],[[16877,25232],[35,-38],[-22,-54],[-32,-15],[-22,55],[41,52]],[[16789,25342],[52,31],[28,-32],[-14,-48],[-56,0],[-10,49]],[[16931,25356],[48,-6],[11,-26],[-39,-38],[-44,22],[24,48]],[[16727,24869],[47,-31],[26,-2],[15,-35],[-31,-24],[-52,16],[-22,27],[17,49]],[[15761,26252],[28,14],[56,-3],[-6,-88],[-49,-26],[-40,22],[-7,61],[18,20]],[[16834,24877],[31,-15],[50,9],[20,21],[83,-50],[12,-38],[-23,-21],[-79,-17],[-47,2],[-24,91],[-23,18]],[[15304,25794],[61,20],[32,49],[30,-26],[41,-9],[-6,-51],[16,-25],[-48,-44],[-26,26],[-40,-9],[-66,29],[6,40]],[[16620,25690],[39,1],[24,23],[52,-20],[32,-57],[-93,-67],[-37,-9],[-49,11],[-5,62],[37,56]],[[16973,24927],[74,46],[39,11],[34,-15],[19,16],[86,-7],[-2,-34],[-65,-58],[-54,-33],[-17,16],[-32,-37],[-19,25],[-63,30],[0,40]],[[15476,25711],[90,57],[39,14],[45,-60],[31,-66],[9,-69],[-21,-28],[-93,67],[-29,-5],[-70,46],[-1,44]],[[16333,25106],[30,-22],[26,15],[35,-40],[35,22],[33,-2],[45,-26],[33,29],[38,-25],[21,-64],[-42,-37],[-47,0],[-35,23],[-69,-18],[-15,46],[-62,-21],[-59,-5],[-29,50],[62,75]],[[16550,25550],[126,14],[16,-30],[33,46],[43,-9],[55,5],[24,-19],[72,19],[31,-30],[17,-76],[17,-3],[14,-58],[-68,18],[-22,42],[-21,-40],[-37,4],[-43,-21],[-42,-51],[-4,47],[-29,21],[-12,-60],[-25,-1],[-20,39],[-27,-8],[-30,62],[-21,7],[-48,64],[1,18]],[[16834,24761],[108,-12],[14,14],[75,6],[45,18],[87,76],[49,-8],[-3,44],[47,-21],[27,55],[64,-89],[39,-7],[-16,-83],[-83,-20],[-32,-45],[-51,-12],[-40,22],[-29,-38],[-94,6],[-52,29],[-75,-8],[-35,52],[-45,21]],[[17138,25481],[87,48],[15,26],[62,-3],[-9,-34],[68,3],[-2,-87],[20,-58],[31,-28],[36,-11],[-47,-81],[-40,-7],[-10,-51],[-23,-22],[5,-65],[-17,-56],[-66,-29],[-61,16],[-45,25],[-44,-43],[-46,-18],[-34,34],[-45,-15],[-42,32],[0,74],[-10,49],[17,37],[29,9],[21,73],[43,7],[107,175]],[[15576,26461],[-45,14],[11,64],[-9,123],[22,50],[39,30],[26,-10],[40,47],[88,31],[25,-60],[30,8],[102,0],[54,20],[41,50],[97,6],[118,45],[89,67],[-23,23],[-43,-4],[-9,-40],[-26,-20],[-130,-49],[-36,25],[-84,11],[-21,11],[-57,-4],[-36,75],[68,31],[-8,48],[-47,-50],[-74,-44],[-90,-11],[-41,12],[-39,-44],[-15,24],[-47,-27],[-19,107],[42,30],[41,88],[42,1],[34,-18],[25,99],[42,52],[16,50],[37,13],[27,-63],[32,-9],[43,-34],[-29,-76],[17,-8],[35,78],[49,17],[45,-14],[73,-8],[-16,34],[-74,-5],[-63,18],[-55,-4],[-64,39],[0,45],[-29,-6],[-3,75],[50,38],[7,74],[-8,109],[12,30],[4,85],[40,11],[39,44],[29,-13],[36,58],[42,-12],[21,34],[77,8],[4,51],[-85,22],[-1,47],[-20,22],[-12,-97],[-37,0],[-33,-32],[-34,-2],[19,74],[-16,156],[15,37],[48,-2],[-5,49],[-34,-39],[-21,40],[-19,-86],[10,-152],[-38,-7],[-25,22],[-79,-18],[28,-41],[43,28],[67,-20],[-12,-70],[-19,-39],[-75,-23],[-14,-83],[-42,-118],[-34,-46],[-13,-51],[-31,-41],[-40,56],[-40,-41],[-47,2],[-31,18],[11,75],[-9,15],[10,113],[30,-5],[44,42],[-4,37],[-114,27],[-36,35],[-26,53],[-15,71],[1,99],[19,74],[-4,54],[-16,38],[-8,83],[33,70],[7,61],[-24,85],[50,52],[37,53],[34,3],[38,43],[51,-28],[42,29],[-5,46],[23,58],[2,47],[23,58],[-28,9],[16,89],[34,98],[6,61],[44,9],[30,26],[21,71],[41,4],[33,-86],[-13,-75],[-30,-8],[-64,23],[-24,-8],[-34,-109],[31,8],[28,66],[101,-36],[42,69],[-6,106],[-20,55],[-4,90],[37,-8],[31,46],[0,34],[71,45],[49,-3],[47,80],[27,3],[26,31],[8,56],[28,0],[6,43],[28,23],[55,-21],[25,-31],[61,34],[31,-25],[56,-108],[25,-103],[-6,-34],[18,-70],[42,-53],[62,-58],[49,-107],[42,-67],[30,-82],[45,-86],[18,-177],[15,47],[-21,109],[16,66],[-55,92],[-36,108],[-38,47],[-38,84],[-100,100],[-15,44],[-3,111],[-27,65],[-31,102],[23,15],[21,89],[21,-18],[33,52],[90,41],[29,-3],[4,56],[-23,13],[-115,-73],[-75,-23],[-26,-84],[-17,-12],[-42,20],[-26,-13],[-67,1],[-58,22],[-38,112],[-21,36],[25,65],[-15,56],[-48,33],[22,44],[4,59],[-21,75],[9,61],[45,17],[3,37],[39,47],[46,17],[20,78],[73,63],[56,0],[16,41],[1,97],[53,68],[17,56],[-30,40],[-20,86],[12,62],[-7,40],[-33,32],[23,46],[-19,29],[-43,-3],[-26,63],[-42,55],[-2,-52],[92,-142],[5,-68],[-12,-70],[44,-123],[-25,-63],[-26,-38],[-1,-45],[-26,-10],[-6,-59],[-49,-23],[-45,-51],[-20,-65],[-34,-14],[-62,-58],[-11,-36],[-35,-34],[-15,-73],[7,-121],[-12,-30],[-41,-26],[-18,-62],[-28,-38],[-35,17],[-39,-16],[-23,25],[-50,113],[-76,150],[-8,29],[-38,23],[75,-154],[30,-92],[57,-108],[-28,-30],[0,-34],[-25,-40],[7,-62],[-14,-42],[-58,-19],[-41,-43],[-39,-3],[-3,-67],[-31,-22],[-43,30],[-53,-61],[-30,-9],[-44,20],[-46,-72],[-49,-133],[-18,-12],[-26,73],[-3,96],[-30,62],[-7,101],[8,91],[71,36],[10,33],[-30,98],[-51,59],[-9,-24],[40,-77],[19,-62],[-71,-39],[-2,-98],[-39,-25],[-67,38],[-51,254],[5,113],[41,19],[-5,48],[15,48],[27,13],[-7,67],[-66,-50],[-33,109],[1,99],[8,21],[60,56],[-10,40],[-50,-82],[-26,-6],[1,-141],[24,-69],[-16,-38],[11,-30],[-10,-59],[-54,-124],[1,-45],[-25,-52],[-22,-83],[-48,-111],[-22,-80],[-54,-118],[-49,39],[-22,-11],[-17,76],[44,116],[-8,103],[33,77],[56,19],[32,54],[14,137],[33,26]],[[15051,30162],[19,53],[-17,31],[11,108],[12,64],[-17,89],[51,50],[24,-22],[20,89],[-32,10],[-19,54],[20,40],[30,-20],[31,22],[49,66],[35,24],[51,-31],[46,25],[19,-115],[26,10],[95,-42],[34,37],[-2,52],[50,60],[23,2],[10,104],[-9,42],[47,57],[45,-30],[51,-3],[-1,-50],[-16,-28],[-5,-53],[33,-29],[30,-87],[16,11],[69,-7],[22,35],[83,87],[37,54],[-13,79],[32,68],[33,-36],[28,51],[26,-5],[66,30],[0,79],[-31,33],[-38,68],[-19,58],[14,82],[57,69],[-23,48],[15,105],[-55,93],[-37,50],[-63,52],[-68,6],[-18,30],[17,52],[-45,18],[37,102],[35,-4],[7,70],[53,-20],[9,26],[-13,97],[15,31],[52,-47],[37,120],[10,53]],[[16142,32379],[49,-76],[28,-2],[7,43],[52,45],[35,-116],[32,-9],[23,40],[5,94],[23,40],[41,29],[39,-85],[4,-43],[-27,-20],[-41,-83],[-16,-55],[44,-49],[11,-85],[-12,-80],[-22,-44],[24,-62],[-1,-47],[32,-8],[44,59],[21,-22],[56,-5],[25,66],[24,8],[48,-100],[12,-69],[-5,-65],[5,-73],[77,-22],[61,91],[20,17],[30,-63],[24,-23]],[[15010,28747],[17,-15],[-3,-60],[-22,6],[8,69]],[[14871,29826],[3,-56],[-35,19],[32,37]],[[14982,28424],[21,-69],[-45,28],[24,41]],[[14881,29273],[6,-56],[-12,-50],[-24,-6],[30,112]],[[14790,29239],[12,-39],[-29,-38],[-15,39],[32,38]],[[14844,29699],[6,-53],[-23,-35],[-27,15],[44,73]],[[15693,27383],[11,-1],[14,15],[7,-41],[-24,-58],[-41,36],[33,49]],[[14888,29168],[14,-93],[-54,-22],[-13,45],[53,70]],[[15597,27443],[38,-7],[-27,-115],[-48,76],[37,46]],[[15149,28207],[42,-3],[-10,-96],[-44,-30],[-10,39],[22,90]],[[15272,28249],[10,-32],[-12,-91],[-25,-22],[-32,36],[11,50],[48,59]],[[14746,29790],[79,27],[-9,-104],[-31,-24],[-33,26],[-6,75]],[[14776,28819],[25,-27],[-22,-148],[-33,2],[-25,38],[56,94],[-1,41]],[[15775,27621],[13,-25],[5,-87],[-47,-76],[-13,-64],[-9,15],[0,20],[-12,-4],[-8,-15],[-50,11],[7,36],[39,20],[39,110],[36,59]],[[14960,29412],[35,27],[41,-19],[1,-25],[-44,-34],[-22,-38],[-49,-153],[-22,36],[-4,45],[29,124],[35,37]],[[15756,26866],[75,11],[68,-19],[37,9],[74,-27],[-100,-31],[-36,-26],[-103,-11],[-27,49],[12,45]],[[14850,29474],[64,-19],[32,21],[24,-16],[-16,-52],[-31,-25],[-16,-52],[-68,-94],[-4,50],[10,70],[-21,38],[26,79]],[[14771,29474],[67,-1],[-25,-118],[20,-55],[-14,-37],[-48,-12],[-66,3],[-6,38],[71,161],[1,21]],[[15269,28062],[20,-11],[15,-116],[20,-81],[-29,-9],[-102,15],[-3,83],[48,82],[31,37]],[[15168,29628],[59,46],[39,-17],[12,-32],[-37,-53],[-53,-115],[-52,-13],[-35,42],[18,74],[28,9],[21,59]],[[14813,30091],[79,43],[53,7],[23,-58],[-20,-39],[-5,-70],[-50,-18],[-9,-48],[-49,-79],[-86,-8],[0,64],[-30,32],[59,29],[18,113],[17,32]],[[15155,30035],[33,-77],[39,-251],[-32,-10],[-43,-53],[-21,-45],[-40,-25],[-48,22],[2,68],[32,66],[20,101],[44,115],[14,89]],[[15302,29654],[18,8],[28,-53],[8,-52],[24,-60],[11,-131],[15,-27],[-25,-69],[-55,8],[-29,26],[-55,-4],[-51,38],[-22,42],[23,42],[66,76],[21,61],[-3,29],[26,66]],[[15145,29256],[44,-51],[7,43],[34,3],[47,34],[101,-35],[39,-5],[-7,-81],[-33,-19],[-28,-122],[-27,-3],[-36,30],[-54,-18],[-69,30],[-40,162],[22,32]],[[15063,29401],[35,-9],[26,-32],[16,-51],[-27,-8],[-2,-49],[13,-73],[-14,-41],[14,-85],[-36,-64],[-29,-15],[9,-46],[-7,-89],[-59,22],[-17,36],[15,75],[-10,38],[14,41],[-42,35],[16,110],[-8,19],[30,106],[39,28],[24,52]],[[15164,27939],[10,-25],[-8,-63],[85,-21],[83,-7],[7,-33],[40,-72],[23,-109],[-4,-58],[-21,-61],[36,-88],[11,-129],[-25,-81],[-47,18],[-22,85],[-56,53],[-39,-36],[-58,48],[-7,72],[-13,29],[-22,174],[-33,67],[8,21],[-7,89],[11,56],[28,16],[20,55]],[[15153,29010],[24,-67],[70,39],[14,29],[41,7],[37,-29],[-11,-109],[13,-34],[-6,-121],[-29,-164],[-26,-34],[-20,-101],[4,-53],[-25,-12],[-24,-60],[5,-36],[-28,-48],[-30,0],[3,76],[-15,37],[-6,85],[5,61],[29,70],[1,51],[16,30],[-40,67],[-17,-2],[34,-144],[-26,-74],[-66,-42],[-35,-12],[-37,10],[-21,73],[45,16],[24,49],[1,59],[-16,84],[49,111],[-5,46],[13,54],[51,61],[4,27]],[[16021,29941],[24,-14],[62,33],[25,75],[53,-55],[-23,-77],[19,-69],[32,-14],[-11,-74],[-31,-87],[-30,-49],[-19,9],[-29,-69],[-46,1],[-34,-47],[-35,11],[-37,-29],[-22,-70],[-42,-10],[-31,-44],[2,-36],[-59,3],[-14,-43],[9,-47],[-81,-53],[-32,-105],[0,-63],[-33,-101],[5,-23],[-5,-116],[-21,-66],[-35,13],[-87,-48],[-31,-40],[-59,6],[8,62],[-17,140],[15,96],[0,55],[35,78],[43,27],[-42,54],[-1,45],[18,80],[33,77],[74,134],[60,25],[40,41],[63,0],[97,116],[46,7],[49,61],[11,124],[21,25],[40,1],[23,50]],[[11085,30976],[30,-18],[-23,-47],[-29,11],[22,54]],[[9404,33132],[60,-32],[-32,-37],[-28,69]],[[9181,34228],[41,-11],[1,-32],[-37,-11],[-5,54]],[[12141,34499],[30,-25],[6,-48],[-42,-3],[6,76]],[[13583,32592],[12,-17],[-18,-71],[-22,42],[28,46]],[[12371,35981],[29,-71],[-33,-39],[-10,54],[14,56]],[[12419,36228],[29,9],[28,-43],[-6,-35],[-44,38],[-7,31]],[[12193,33011],[43,-31],[-2,-64],[-38,46],[-3,49]],[[10861,30932],[24,-24],[28,-69],[-16,-42],[-35,54],[-1,81]],[[12760,34807],[28,-40],[-13,-101],[-29,32],[-3,60],[17,49]],[[11658,36145],[38,-6],[-2,-72],[-27,-36],[-25,7],[16,107]],[[12489,33789],[35,-7],[25,-35],[-7,-48],[-23,-21],[-17,40],[-27,9],[14,62]],[[11985,35771],[23,-49],[-27,-62],[-53,0],[27,66],[30,45]],[[13790,32724],[45,21],[11,-103],[-8,-40],[-37,27],[-11,95]],[[10432,32165],[96,62],[13,-53],[-41,-35],[-44,-7],[-24,33]],[[12191,34175],[51,-54],[-7,-52],[-30,-22],[-30,28],[-18,43],[34,57]],[[12394,33816],[31,14],[32,-22],[4,-54],[-36,-57],[-16,2],[-15,117]],[[12178,34733],[48,-37],[37,-73],[-2,-44],[-52,29],[-41,75],[10,50]],[[11247,30385],[55,26],[21,36],[27,-49],[-3,-45],[-26,-24],[-67,26],[-7,30]],[[12011,35707],[27,-3],[8,-51],[30,-65],[-36,-37],[-55,99],[26,57]],[[10873,30959],[78,-1],[56,27],[27,-27],[9,-49],[-92,-2],[-26,-13],[-52,65]],[[12022,35512],[65,26],[22,-44],[-5,-68],[-23,-24],[-56,6],[-14,57],[11,47]],[[9342,35113],[68,-1],[22,-20],[19,-69],[-17,-104],[-41,17],[16,57],[-40,10],[-39,49],[-9,34],[21,27]],[[10142,31618],[51,8],[139,-41],[30,-40],[-114,-25],[-39,20],[-67,78]],[[12409,35313],[69,-59],[2,-58],[22,-72],[-18,-47],[-29,15],[-77,157],[31,64]],[[12256,33970],[14,8],[76,-85],[-45,-38],[-12,-51],[-48,1],[-60,67],[21,39],[54,59]],[[10420,33904],[9,-40],[-4,-110],[-23,-76],[-8,-45],[-19,-40],[-17,92],[-25,74],[14,53],[73,92]],[[9900,32029],[41,-36],[68,-41],[97,12],[18,-59],[-175,-8],[-25,40],[-37,24],[13,68]],[[13003,33133],[57,-40],[-9,-58],[-32,-120],[-22,-9],[-34,27],[-60,85],[45,55],[19,-27],[36,87]],[[10773,31175],[41,-6],[63,45],[65,-47],[46,-7],[-5,-29],[-38,-38],[-53,-28],[-41,22],[-66,12],[-20,44],[8,32]],[[12715,34618],[29,-32],[36,-115],[-19,-108],[-34,-5],[-35,48],[-13,47],[-8,96],[12,39],[32,30]],[[12629,34940],[44,-17],[79,-106],[-21,-71],[-33,-25],[-53,3],[-51,97],[35,119]],[[12591,35324],[15,-7],[36,-83],[-10,-33],[-3,-93],[-41,-12],[-28,-27],[28,-75],[-40,17],[-9,60],[-28,93],[8,72],[72,88]],[[13628,32746],[87,-129],[-12,-35],[12,-72],[-4,-65],[-56,-16],[-17,120],[-61,62],[-6,46],[57,89]],[[11350,30008],[74,56],[59,-19],[-33,-93],[-47,-70],[-6,-80],[67,49],[-31,-77],[-31,15],[-7,-47],[-20,-22],[-26,99],[-6,85],[-18,77],[25,27]],[[12002,35000],[99,-113],[55,-51],[23,-46],[-11,-77],[-41,-16],[-47,40],[-23,60],[-36,-6],[-27,21],[-23,79],[34,68],[-3,41]],[[11625,29235],[69,-6],[11,-88],[35,-13],[29,-33],[18,23],[47,-46],[-3,-45],[-62,-53],[-24,27],[-34,-33],[-15,-52],[26,-11],[65,-63],[-23,-15],[-26,38],[-36,23],[22,-85],[25,-40],[-12,-28],[-57,-20],[-25,50],[12,84],[-2,71],[-25,-6],[-29,106],[17,39],[-23,31],[0,54],[20,91]],[[11883,36170],[10,-33],[41,13],[-8,-57],[106,45],[19,-52],[-10,-102],[-28,-59],[-35,-28],[-72,-120],[-23,27],[-25,-73],[-39,-24],[-27,114],[1,114],[28,39],[15,73],[-6,42],[15,42],[38,39]],[[10950,30857],[72,-19],[59,0],[-2,-31],[29,-40],[35,74],[43,33],[55,-96],[-25,-82],[9,-59],[-9,-80],[-66,-24],[-52,84],[-37,-16],[58,-118],[-44,-52],[-27,10],[-66,155],[8,58],[-27,29],[-48,77],[-2,29],[37,68]],[[10672,31648],[57,63],[53,1],[60,-27],[32,-54],[108,-29],[58,-70],[9,-31],[-43,-54],[23,-39],[-3,-37],[-28,-29],[-11,-47],[-43,-44],[-49,8],[-68,28],[-30,-54],[-34,63],[5,22],[-39,51],[-18,49],[-19,123],[-23,37],[3,70]],[[12568,33829],[40,9],[42,-21],[17,-45],[8,-67],[-13,-75],[28,-41],[58,-3],[42,-47],[14,-47],[-16,-30],[11,-150],[16,-16],[1,-60],[23,-37],[-87,-8],[-16,53],[-22,-19],[-47,38],[-43,20],[-109,79],[13,43],[-36,19],[-30,62],[-3,39],[60,122],[77,55],[-36,80],[8,47]],[[12288,34555],[26,26],[32,-4],[60,34],[21,59],[19,-23],[43,-6],[27,-45],[34,-31],[101,-207],[12,-95],[-11,-47],[-23,-6],[-23,-87],[-65,-62],[-11,-145],[-67,-8],[-46,65],[-74,-30],[6,41],[-15,36],[50,60],[21,71],[20,121],[30,71],[-32,8],[-20,-30],[-10,-65],[5,-78],[-19,-82],[-31,-24],[-12,30],[-49,9],[-25,35],[-24,69],[-38,47],[-12,-42],[-52,-11],[-27,-61],[4,-51],[98,-86],[0,-46],[-107,5],[-18,61],[13,80],[-25,35],[11,83],[39,42],[21,50],[9,59],[38,-20],[5,57],[30,72],[48,0],[13,66]],[[12300,33356],[61,15],[104,-40],[47,-48],[132,-87],[84,-90],[79,-65],[37,-62],[116,-139],[85,-142],[13,-51],[87,-209],[18,-18],[12,-89],[45,-117],[-2,-64],[-24,-33],[-5,-50],[-79,49],[-113,-53],[-18,16],[-19,65],[-28,62],[-27,29],[-9,59],[-20,-7],[-59,77],[7,43],[-30,102],[-43,11],[-3,40],[-61,34],[-27,57],[-68,14],[-23,22],[-45,98],[-39,51],[-38,72],[9,66],[34,51],[-49,19],[-43,-24],[-37,24],[0,51],[-71,49],[-1,68],[12,61],[-1,83]],[[12675,34136],[21,13],[40,-47],[48,-14],[54,-98],[44,-29],[25,-59],[61,-69],[50,-102],[37,-31],[84,-113],[100,-198],[40,-110],[90,-141],[68,-94],[98,-163],[42,-49],[14,-35],[5,-70],[-28,-54],[-15,-86],[4,-163],[-26,-31],[-25,-68],[29,-80],[-14,-35],[-75,4],[-26,-19],[-24,69],[-66,110],[-44,125],[-38,28],[-36,55],[-20,58],[-62,46],[-20,58],[4,87],[-9,25],[-69,50],[18,65],[8,68],[26,11],[-31,77],[-32,20],[9,48],[-49,24],[-61,-38],[-63,93],[3,79],[162,59],[-21,26],[-127,-71],[-30,-2],[-31,105],[12,13],[-15,71],[-58,45],[-64,20],[2,73],[-9,111],[1,64],[-93,37],[-5,80],[8,46],[36,58],[29,5],[14,43]],[[9916,31874],[106,8],[28,-10],[47,9],[33,24],[-1,57],[30,14],[17,42],[55,14],[82,-39],[59,23],[25,26],[38,6],[7,-29],[45,-2],[47,59],[36,82],[37,7],[82,103],[68,-4],[61,48],[-1,-64],[35,-92],[-4,-109],[80,-29],[3,-61],[19,-44],[52,-4],[2,-60],[22,-82],[-9,-82],[-38,34],[-72,13],[-66,27],[-27,35],[-50,-25],[-46,14],[-39,-44],[-47,4],[-61,23],[-19,-28],[87,-30],[-9,-61],[55,-117],[14,-94],[-35,-23],[46,-52],[-41,-27],[47,-32],[49,-80],[-20,-25],[-21,-65],[37,6],[14,-64],[30,-39],[42,16],[23,-39],[-39,-41],[-20,-48],[5,-40],[-33,-62],[46,-13],[30,-25],[41,-61],[24,-105],[16,-21],[-3,-76],[28,-47],[3,-40],[50,-14],[-16,-104],[51,-50],[31,45],[43,-24],[6,-38],[65,-23],[7,-81],[26,-43],[40,-12],[-14,-88],[2,-51],[40,-23],[10,-75],[25,10],[22,-112],[3,-88],[49,-51],[53,-79],[4,43],[-20,40],[28,45],[80,58],[43,-34],[15,-89],[37,25],[13,-67],[-3,-54],[-66,-5],[22,-82],[37,28],[29,-20],[48,38],[20,-41],[-6,-99],[-35,-51],[-59,15],[-30,-7],[2,76],[-25,1],[-6,-70],[7,-51],[-11,-53],[-35,-37],[-33,38],[-4,95],[-13,52],[-39,21],[26,-96],[-14,-38],[12,-38],[-35,-28],[-9,41],[-39,81],[0,20],[-47,78],[-16,-23],[-38,12],[-46,74],[-15,94],[-20,45],[-25,10],[-61,119],[-30,33],[0,59],[-48,75],[10,59],[65,48],[-39,53],[-21,-37],[-31,-7],[-22,67],[-26,37],[-1,48],[-45,23],[-37,47],[-15,-6],[-53,43],[-10,62],[-20,-9],[-31,49],[0,36],[-70,48],[-21,46],[5,45],[-26,15],[-14,61],[-42,38],[-79,92],[-74,140],[120,125],[47,-88],[28,17],[-10,53],[-30,56],[-45,10],[-30,24],[-38,130],[-23,-18],[34,-91],[-7,-73],[-37,-6],[-2,-77],[-35,-36],[-51,105],[-68,54],[-36,110],[3,69],[-72,76],[-11,63],[-39,40],[10,51],[48,22],[18,-8],[83,23],[22,24],[37,0],[27,25],[7,49],[-57,-3],[-67,66],[-60,2],[-31,38],[-86,-20],[-22,26],[-50,2],[-34,-23],[-42,56],[21,62],[-43,-2],[-29,54],[7,24]],[[12678,36425],[16,16],[75,-3],[14,-21],[56,-24],[26,-32],[109,-12],[7,22],[47,12],[58,39],[55,18],[33,40],[25,-51],[24,-11],[35,54],[26,-18],[20,-115],[23,-17],[115,-25],[63,-61],[58,5],[-13,-116],[-31,-43],[-52,-2],[-27,92],[-28,9],[-63,-27],[-31,-45],[-17,-51],[36,-54],[-3,-52],[-39,-82],[19,-127],[26,15],[65,-39],[39,-35],[47,-62],[33,-150],[25,-47],[53,-9],[37,-38],[33,15],[-2,-499],[-2,-663],[1,-402],[93,-244],[0,-31],[74,-187]],[[13836,33367],[-51,20],[-27,-24],[68,-46],[-12,-27],[0,-79],[11,-20],[8,-139],[-9,-119],[9,-64],[-31,-133],[-36,-25],[25,-88],[-51,19],[-83,102],[-79,139],[-55,59],[-115,168],[-60,77],[-48,86],[-72,163],[-12,64],[54,-33],[-30,88],[-24,-9],[-31,30],[-42,73],[-26,21],[-60,78],[-90,155],[-11,2],[-40,86],[-26,21],[-41,82],[-16,75],[-27,84],[14,41],[-9,43],[22,126],[-19,112],[13,39],[8,99],[22,31],[14,65],[23,-15],[53,3],[37,54],[13,-84],[47,-82],[59,-184],[24,6],[-35,96],[-8,52],[-68,126],[-9,80],[-19,34],[118,98],[20,4],[70,-46],[27,30],[39,-9],[109,-91],[30,14],[27,51],[-11,20],[-39,-47],[-35,7],[-31,49],[-42,24],[-78,19],[-34,30],[-61,8],[-109,-99],[-37,-11],[-44,-74],[-45,11],[-46,-24],[-34,-48],[-57,85],[-61,48],[-39,8],[-29,37],[-15,89],[32,-5],[49,73],[-13,93],[-38,106],[-64,-24],[-51,-32],[-84,48],[-47,105],[12,45],[-15,45],[11,25],[-7,66],[42,51],[30,-23],[35,15],[-26,59],[-35,41],[-7,110],[17,76],[25,18],[37,-9],[-39,78],[-23,24],[-25,66],[33,45],[53,-69],[51,-85],[-24,-10],[56,-80],[52,-132],[37,-72],[66,-90],[42,-94],[34,-41],[40,-82],[11,18],[-36,94],[43,97],[-19,12],[-19,-69],[-24,0],[-36,68],[-76,112],[-51,105],[-1,33],[-28,33],[-25,58],[15,18],[-117,161],[26,139],[23,39],[30,0],[85,40],[113,-5],[50,-85],[28,-4],[29,-100],[25,-36],[39,-21],[14,18],[-49,49],[-26,42],[-25,89],[-28,2],[-43,68],[-87,31]],[[9323,34905],[59,7],[54,-53],[50,2],[23,-50],[40,-7],[74,-52],[67,15],[120,58],[34,-53],[56,-37],[-7,-45],[21,-32],[-14,-59],[21,-55],[-29,-78],[-75,-71],[-33,-47],[26,-47],[84,39],[39,66],[-18,19],[9,81],[44,56],[49,18],[44,49],[14,49],[37,-2],[50,26],[81,-7],[63,-104],[-14,-83],[18,-35],[55,-21],[41,-95],[11,-54],[-10,-100],[38,-71],[17,-68],[-28,-106],[-87,-77],[-25,-89],[-41,-52],[-44,-5],[-31,-22],[-42,10],[-57,-34],[-28,-68],[-60,-55],[-64,-14],[-65,-50],[17,-52],[32,-1],[14,-37],[32,24],[39,-2],[60,34],[79,23],[0,-33],[-34,-23],[-23,-40],[-59,-64],[-18,-96],[17,-12],[23,89],[72,14],[24,21],[49,-31],[24,69],[-39,8],[-19,66],[32,34],[82,-27],[28,4],[16,-45],[32,105],[28,66],[3,75],[20,25],[14,166],[-6,43],[30,61],[20,101],[-7,75],[-31,55],[0,108],[-15,74],[-42,106],[7,25],[63,-26],[65,4],[73,-12],[65,22],[54,30],[66,61],[55,14],[83,97],[63,142],[9,-11],[-20,-210],[-3,-76],[-35,-212],[-31,-101],[-46,-120],[-49,-109],[-56,-145],[-26,-103],[13,-170],[-39,-119],[-33,-143],[12,-147],[-27,-66],[-9,-76],[23,-65],[7,-70],[21,-89],[-6,-69],[-19,-76],[9,-60],[-47,-155],[-8,-76],[-18,-23],[-17,-64],[-88,28],[-56,-7],[-25,-30],[-40,4],[-77,-69],[-9,-94],[32,19],[20,43],[20,-27],[65,-5],[4,-49],[-109,-89],[-86,25],[-71,-4],[-44,-43],[-88,-7],[-41,54],[-58,45],[-43,94],[31,41],[-37,35],[-24,47],[-58,30],[-57,1],[20,72],[84,16],[-10,68],[69,20],[5,34],[-69,-27],[-108,1],[-29,-25],[-19,30],[31,28],[22,111],[33,-33],[80,10],[52,-17],[46,8],[32,-22],[-6,-41],[42,-58],[83,-4],[-10,56],[-111,103],[-5,65],[-18,42],[-29,-9],[-32,33],[-65,1],[-36,22],[12,32],[-64,12],[-49,20],[34,98],[-27,69],[-17,-85],[-54,-10],[-23,-29],[-60,-12],[-14,34],[8,56],[48,4],[4,58],[-80,-11],[-38,13],[25,51],[-11,40],[-25,-4],[-17,48],[-39,54],[52,44],[35,-42],[43,9],[55,-20],[4,32],[-86,22],[-22,51],[0,41],[-22,67],[-61,12],[4,50],[59,-1],[24,56],[-75,26],[0,93],[-31,54],[-20,-53],[-42,57],[-44,20],[-20,63],[17,39],[38,40],[-34,28],[-5,48],[-30,40],[-17,132],[24,22],[20,60],[4,49],[-12,54],[6,54],[47,23],[-8,31],[33,29],[8,43],[-23,29],[-7,65],[12,55],[-36,14],[-4,53],[20,19],[37,86],[-29,60]],[[14853,39992],[-87,-1],[-42,-99],[-13,-63],[36,-45],[80,-41],[66,0],[65,61],[60,-10],[42,-60],[0,-112],[38,-22],[16,-46],[-55,-67],[-4,-34],[-56,-118],[31,-76],[40,-37],[76,-17],[24,79],[27,27],[47,-36],[32,15],[10,-71],[39,-106],[31,-3],[25,82],[39,1],[33,-25],[66,5],[14,-14],[85,16],[58,-71],[13,-131],[73,-103],[67,-144],[32,-21],[57,-14],[-1,-79],[11,-26],[39,-16],[25,47],[45,-4],[27,19],[39,-12],[50,-107],[46,4],[54,-35],[97,-160],[68,-54],[83,-21],[28,21],[98,-70],[-21,-25],[-11,-134],[-85,-43],[29,-57],[57,2],[41,-80],[8,-51],[62,14],[51,-56],[8,-130],[58,-100],[48,-1],[-3,-66],[-67,-70],[-13,-32],[-150,30],[-43,-42],[8,-69],[-46,-28],[-36,-50],[7,-20],[-356,0],[-234,1],[-424,-3],[2,-1025],[-6,-92],[31,14],[46,-33],[27,0],[33,-40],[-15,-87],[-34,-1],[-33,-25],[-22,-57],[12,-29],[-16,-111],[26,-68],[23,4],[29,45],[23,9],[49,-20],[36,-33],[48,19],[50,-46],[-28,-104],[31,-30],[-38,-77],[-1,-48],[-30,-82],[-55,-24],[-5,-39],[-35,-81],[23,-43],[-26,-68],[-33,-43],[-52,-6],[-9,-87],[38,-81],[4,-56],[-31,-22],[-66,-14],[-58,-106],[-13,-78],[-32,-64],[-50,-5],[-12,-43],[-39,-30],[-26,2],[-2,-290],[-13,-45],[18,-52],[72,-85],[-9,-37],[24,-28],[29,-70],[-14,-16],[12,-75],[57,-45],[38,-4],[-9,-86],[18,-43],[-2,-53],[33,-1],[6,-70],[37,-81],[-15,-53],[24,-23],[-31,-41],[10,-37],[31,8],[27,-21],[38,4],[33,-45],[41,97],[13,-56],[38,-19],[20,-45],[-13,-90],[54,-89],[47,75],[52,8],[22,-50],[7,-72],[20,-58],[26,4],[19,-154],[33,-41],[14,-83],[16,-30],[50,-43],[-10,-69]],[[15051,30162],[-31,2],[-19,47],[-11,96],[3,96],[16,-1],[44,149],[12,9],[16,140],[42,103],[-1,37],[27,93],[26,13],[121,-67],[33,33],[-83,21],[-70,46],[-47,-17],[8,173],[-43,78],[-44,-52],[-33,-97],[-56,-27],[-68,2],[-44,32],[-39,45],[-36,-30],[-25,84],[-52,108],[-3,87],[16,16],[-18,52],[-13,117],[1,74],[-45,170],[30,56],[-38,0],[-16,58],[19,54],[50,-13],[41,38],[-13,25],[-38,-40],[-44,11],[-25,-20],[-37,100],[-53,46],[-85,59],[-139,183],[-50,126],[3,97],[-6,55],[12,39],[-4,84],[-22,53],[36,65],[6,79],[-33,-29],[-21,-69],[-44,53],[-25,86],[7,151],[48,-47],[64,-12],[36,70],[31,39],[42,-119],[11,-88],[45,-13],[25,-39],[17,25],[45,-26],[22,-55],[63,-69],[12,-31],[42,-35],[56,27],[11,36],[54,-5],[37,41],[36,-8],[38,91],[32,-47],[40,-23],[48,2],[37,30],[36,0],[49,-34],[43,-56],[29,-131],[-54,-117],[15,-19],[65,106],[18,5],[22,-65],[89,-74],[-17,-71],[3,-77],[60,-79],[4,47],[-39,54],[-3,70],[8,82],[-85,58],[-30,79],[-32,18],[-3,46],[-31,87],[-29,39],[-29,70],[-64,19],[-65,-30],[-79,19],[-22,43],[-57,23],[-23,-45],[12,-76],[-39,-4],[-30,-43],[-40,17],[-78,-41],[-14,34],[-50,49],[15,48],[-17,31],[-51,39],[-50,0],[-21,45],[-8,50],[-45,11],[-28,55],[6,26],[-58,117],[-20,108],[38,62],[26,112],[-29,88],[-3,74],[27,56],[72,67],[53,109],[27,3],[56,-60],[68,9],[70,-37],[-8,71],[-60,9],[-55,-21],[-35,22],[-24,44],[-23,-6],[-50,32],[-10,68],[30,43],[34,77],[15,73],[-1,96],[-52,-10],[-11,-105],[-32,-114],[-31,2],[-4,-46],[-34,-14],[-4,-78],[-64,-42],[-31,-123],[-26,-19],[-37,-59],[-28,15],[10,80],[-45,15],[21,-118],[-16,-44],[-41,-21],[-41,17],[-24,100],[-38,11],[-2,-48],[31,-31],[35,-94],[-58,-43],[-39,-54],[-12,-62],[-36,-59],[-28,-17],[-46,-81]],[[12678,36425],[26,69],[31,180],[26,44],[46,20],[36,59],[26,78],[-44,-4],[-9,-42],[-43,-67],[-47,2],[19,53],[70,129],[59,130],[46,48],[28,-4],[44,-36],[-14,-53],[-35,-30],[7,-52],[72,57],[50,28],[50,106],[92,-27],[22,16],[61,-23],[36,29],[-94,53],[-90,21],[-68,-9],[-42,-49],[-39,5],[-61,46],[-10,24],[22,89],[-5,28],[43,129],[76,126],[33,87],[10,102],[37,88],[16,65],[60,35],[14,31],[4,65],[27,101],[28,40],[23,77],[10,107],[40,36],[31,3],[54,-23],[64,12],[22,45],[33,33],[-40,22],[-30,-74],[-85,20],[-54,-2],[-48,-50],[-6,-47],[-27,-29],[-19,60],[-1,76],[-28,53],[-34,151],[8,42],[-21,47],[9,85],[-22,95],[-21,-2],[16,-111],[-12,-43],[14,-58],[-1,-62],[26,-94],[12,-70],[-17,-123],[-35,-25],[-33,-72],[-1,-63],[37,26],[-5,-62],[-25,-106],[22,-90],[-27,-44],[-14,-57],[-44,-109],[-15,-131],[-70,-122],[-56,-112],[-20,-67],[-10,-80],[-18,-45],[-52,-81],[-21,7],[-27,110],[-1,64],[-21,26],[-15,57],[35,113],[8,77],[63,150],[52,76],[26,59],[77,107],[-29,82],[-36,42],[-7,88],[-13,48],[0,126],[-10,97],[-52,97],[-10,79],[-39,118],[6,148],[16,28],[6,162],[-37,38],[-17,47],[-6,94],[34,129],[47,58],[15,56],[71,170],[-29,35],[21,265],[-119,323],[-162,-74],[-106,75],[-103,46],[-53,286],[-39,3],[-103,36],[-83,78],[-147,237],[-359,107],[-90,114],[-44,31],[-152,133],[-160,126],[-134,171],[-296,-38],[-28,288],[-52,147],[37,145],[-294,169],[88,495],[-380,132],[147,337],[-147,389],[-64,114],[-106,202],[-58,118],[-14,53],[-58,137],[-72,191],[-86,180],[-50,142],[-77,241],[-59,97],[-83,177],[-95,160]],[[9330,45569],[375,0],[587,-1],[586,0],[507,1],[373,1],[-3,187],[0,1515],[-2,387],[-5,535],[0,174],[309,-2],[595,-1],[519,-2],[362,2],[641,3],[-18,-711],[-51,-2092],[-1,-361],[1,-673],[0,-779],[0,-517],[29,-57],[55,10],[45,-56],[50,-30],[37,-82],[38,-33],[6,-64],[64,-30],[20,-89],[26,-69],[30,-37],[-3,-128],[18,-18],[-42,-67],[-10,-49],[69,15],[84,-113],[79,-89],[54,-46],[36,-65],[71,-52],[79,-22],[37,9],[62,-51],[21,22],[22,-51],[10,-72],[-26,-102],[8,-39],[78,-11],[26,80],[20,-4],[96,-155],[52,29],[34,-18],[22,-85],[58,-72],[-8,-45],[-63,-12],[-69,-28],[-25,-51],[2,-44],[26,-94],[-16,-71],[-88,-56],[-32,-4],[-66,38],[-32,72],[-31,-19],[-29,-46],[-59,-31],[-24,-53],[15,-46],[54,-41],[114,-39],[24,-19],[25,-75],[-21,-33],[-57,-3],[-56,-21],[-46,-99],[-50,-53],[10,-90],[-24,-66],[7,-150],[13,-74],[-50,-51],[-28,4],[-75,44],[-97,-20],[-36,-51],[13,-20],[112,-103],[29,-34],[31,-68]],[[12491,36334],[-3,-1],[12,75],[50,75],[77,56],[39,93],[21,-83],[-1,-58],[-28,-75],[-35,-25],[-80,-29],[-18,9],[-34,-37]],[[13874,31820],[2,-69],[-39,25],[37,44]],[[14362,30647],[29,2],[2,-67],[-21,-25],[-10,90]],[[13223,38478],[11,-2],[25,-179],[-40,24],[14,52],[-10,105]],[[14419,34038],[12,-73],[-35,-69],[-26,36],[49,106]],[[14266,33731],[20,-3],[3,-69],[-41,-40],[-9,65],[27,47]],[[13671,32390],[54,9],[-23,-107],[-31,-27],[-9,68],[9,57]],[[13292,31788],[37,-42],[28,9],[42,-68],[-35,-7],[-66,68],[-6,40]],[[13432,31750],[17,-46],[35,-28],[-27,-47],[-52,46],[0,28],[27,47]],[[13689,31206],[34,-25],[16,-36],[-14,-104],[-26,15],[-29,48],[14,34],[5,68]],[[13320,31643],[45,19],[64,-57],[-1,-19],[47,-61],[-6,-55],[-21,-6],[-30,59],[-46,-64],[-7,72],[-51,53],[6,59]],[[14234,33768],[20,-15],[-41,-60],[14,-38],[-46,-67],[-57,17],[-19,-35],[-62,-66],[-31,17],[0,33],[76,80],[87,63],[59,71]],[[14768,30332],[101,-57],[59,-1],[30,-27],[8,-56],[-16,-22],[-79,-9],[-74,-48],[-11,6],[0,94],[99,-18],[-26,33],[-59,10],[-36,65],[4,30]],[[13227,31973],[74,10],[28,-24],[76,-136],[3,-30],[-30,-46],[-55,42],[-77,31],[-25,125],[6,28]],[[14682,31278],[18,-57],[34,-54],[-4,-53],[20,-46],[-22,-111],[-23,11],[18,-185],[-24,-90],[-11,-89],[-23,5],[-23,185],[9,192],[12,35],[19,257]],[[12195,36560],[50,-10],[47,54],[2,20],[66,71],[55,-139],[7,-45],[-51,-147],[-23,39],[-38,-47],[-73,63],[-59,105],[17,36]],[[14878,31001],[32,-12],[113,22],[51,119],[36,-13],[-24,-245],[-49,-140],[-10,-80],[-39,-163],[-48,-33],[-2,81],[25,152],[-46,119],[-28,58],[6,72],[-17,63]],[[13481,32121],[56,15],[10,-54],[31,-71],[39,-53],[35,-108],[44,-71],[40,-42],[10,-56],[7,-137],[-24,-50],[-57,41],[-72,117],[-4,64],[-51,74],[-24,71],[14,32],[-40,81],[-49,24],[4,86],[31,37]],[[14383,30131],[51,4],[38,33],[39,-25],[35,-49],[8,-36],[-13,-87],[17,-141],[-17,-165],[-67,-59],[-13,44],[-37,33],[-6,122],[-25,57],[0,99],[-18,17],[8,153]],[[14081,33085],[20,-1],[19,-171],[21,-62],[26,-35],[34,-102],[2,-38],[-12,-160],[-32,-38],[-38,35],[-9,31],[-73,-10],[-20,-34],[-58,-23],[-33,71],[17,81],[32,104],[25,54],[35,38],[8,31],[-14,122],[50,107]],[[12698,37274],[12,6],[38,-129],[5,-83],[-46,-122],[-38,-65],[-59,-156],[-172,-182],[-78,170],[36,33],[79,127],[52,50],[45,90],[40,50],[52,156],[34,55]],[[13786,32515],[61,-34],[58,-83],[-2,-113],[17,-27],[12,-79],[-21,-16],[-6,-126],[38,-102],[-14,-58],[-44,24],[-43,-44],[-44,-2],[-74,62],[-17,63],[-8,79],[4,124],[104,173],[-35,147],[14,12]],[[14823,31060],[45,-56],[7,-37],[-12,-48],[12,-45],[36,-58],[33,-110],[-12,-54],[3,-259],[12,-73],[-8,-42],[-71,12],[-37,27],[-62,26],[-15,229],[15,134],[8,125],[-21,38],[-4,43],[47,112],[24,36]],[[14637,30703],[11,-39],[25,-254],[25,-73],[1,-45],[35,-158],[-17,-75],[-24,-45],[-24,2],[-122,105],[-16,26],[-74,71],[-8,-60],[-65,7],[-40,37],[9,26],[-35,30],[-2,51],[17,46],[34,-56],[44,-52],[37,62],[-22,11],[40,123],[-32,-18],[2,-60],[-38,14],[3,95],[95,32],[72,-9],[29,-13],[4,80],[15,45],[6,67],[15,27]],[[14004,33484],[25,-7],[47,52],[69,49],[20,-27],[50,4],[37,51],[47,-13],[1,-67],[-55,-72],[-7,-42],[20,-38],[-8,-68],[-19,-78],[0,-64],[-64,40],[-53,-10],[-20,-45],[-59,-67],[-48,-103],[26,-105],[-81,-111],[-3,-61],[-17,-8],[-17,75],[9,75],[0,111],[-6,52],[10,59],[-1,69],[-15,138],[9,82],[68,71],[35,58]],[[13767,31106],[17,15],[71,-76],[82,-127],[38,-32],[86,-174],[39,-31],[93,-177],[-18,-122],[8,-122],[-9,-94],[-36,-87],[-30,12],[6,56],[-17,90],[-86,34],[-18,63],[-32,11],[-24,68],[17,81],[-54,10],[-40,98],[-20,24],[-5,128],[-44,38],[-17,51],[10,22],[-33,58],[1,62],[28,39],[-17,46],[4,36]],[[14007,32422],[58,42],[39,-19],[44,-47],[48,11],[18,31],[27,-78],[47,-60],[39,-64],[77,-90],[58,-82],[71,-24],[38,-79],[35,-97],[14,-103],[28,-82],[8,-118],[11,-57],[0,-185],[-22,-59],[2,-104],[-6,-112],[-12,-49],[-11,-135],[-27,-11],[22,-124],[-9,-94],[-15,-40],[-4,-83],[-47,12],[-59,-6],[-84,-28],[1,149],[19,54],[-8,100],[-15,48],[2,112],[28,74],[2,90],[28,105],[21,15],[11,45],[28,46],[5,80],[-3,82],[-32,16],[-3,-67],[7,-89],[-23,-40],[-24,-1],[-20,-122],[-17,-38],[-9,-93],[-21,-62],[-20,-132],[31,-82],[3,-98],[-40,42],[-22,-32],[-22,14],[-71,-63],[-40,25],[-19,46],[-67,51],[-71,110],[-5,53],[-54,112],[-28,142],[10,10],[4,85],[33,-22],[5,46],[67,44],[30,54],[34,18],[-7,74],[-52,-96],[-52,-52],[-60,-18],[-9,142],[-16,-17],[12,-51],[-28,-5],[-26,27],[-17,50],[5,65],[-3,128],[32,98],[-16,32],[68,30],[29,-34],[21,87],[-8,49],[7,63],[-11,149],[52,51],[-49,169],[5,66]],[[19460,39980],[-5,-32],[15,-91],[38,-12],[-2,-34],[21,-56],[11,-110],[16,-26],[31,-105],[-19,-42],[-8,-85],[34,-92],[23,-134],[48,-53],[88,-10],[29,-40],[17,-55],[35,-26],[36,-199],[50,-76],[37,-15],[29,39],[77,12]],[[20061,38738],[20,-74],[31,-67],[-19,-57],[7,-52],[-14,-100],[38,-80],[27,-170],[64,-42],[28,-70],[37,-33],[35,8],[78,45],[90,17],[40,41],[48,-37],[38,-77],[5,-46],[31,-79],[20,-19],[0,-92],[25,-86],[-31,-65],[2,-73],[25,-53],[-21,-47],[8,-80],[-10,-68],[-46,-52],[-71,8],[-27,-87],[-14,-78],[-47,-33],[-35,24],[-15,-54],[-30,-43],[-38,8],[-35,55],[-8,35],[-37,25],[-3,29],[-39,58],[-26,7],[7,111],[-61,26],[-30,-26],[-19,-50],[-49,-23],[-40,2],[-37,-85],[-2,-61],[-44,-26],[-1,-56],[21,-77],[41,-22],[-28,-76],[113,-16],[36,-24],[-28,-61],[-7,-70],[-26,-110],[52,-66],[27,-15],[0,-52],[45,-66],[54,-10],[21,-93],[-9,-89],[9,-39],[-35,-23],[33,-35],[-19,-43],[-27,10],[-3,-102],[-46,-53],[15,-36],[-38,-56],[-84,-94],[1,-26],[-41,-56],[62,-138],[33,-15],[61,3],[40,-109],[43,-1],[49,-40],[113,23],[29,-27],[39,-8],[38,-32],[26,-46],[-24,-54],[38,-50],[0,-274],[-54,-136],[55,-26],[42,-35],[-1,-35],[-81,-17],[-66,-26],[-7,-40],[44,-7],[-7,-43],[58,-102],[51,44],[30,-18],[47,-61],[1,-508],[-28,7],[-61,-22],[-20,-79],[22,-85],[40,-56],[21,1],[31,-86],[18,-4],[63,-83],[55,-54],[2,-359],[26,0],[4,-80],[-29,-1]],[[14853,39992],[497,-9],[27,8],[491,-4],[557,-4],[617,0],[658,-2],[516,1],[294,1],[585,-2],[365,-1]],[[20061,38738],[-29,135],[-26,19],[27,70],[42,62],[82,72],[30,58],[4,38],[65,80],[-51,35],[-20,46],[4,45],[-19,40],[-26,4],[-27,53],[-38,139],[-28,55],[5,42],[68,48],[21,126],[17,30],[38,-11],[43,-60],[25,-66],[54,24],[27,-9],[-2,-71],[41,-49],[86,-72],[62,-20],[15,17],[80,37],[29,-31],[59,-29],[-18,-61],[51,-54],[25,-55],[13,-68],[-7,-51],[-33,-74],[40,-68],[54,-27],[39,41],[29,7],[14,53],[56,-5],[5,-54],[22,-65],[-8,-80],[-18,-55],[20,-31],[56,-11],[7,-120],[40,-56],[29,-8],[77,59],[31,-47],[-25,-28],[11,-90],[-24,-52],[-3,-41],[33,-71],[-61,5],[-30,-52],[22,-50],[0,-75],[15,-9],[63,42],[54,16],[6,-53],[27,-3],[122,-93],[27,-60],[76,-5],[21,47],[8,97],[47,58],[35,-31],[19,-55],[63,-66],[7,-32],[65,-50],[51,12],[33,-92],[32,-50],[39,-93],[69,-79],[15,-42],[-36,-12],[-21,-62],[27,-55],[0,-50],[24,-7],[28,31],[35,-18],[18,-33],[2,-80],[42,-20],[28,19],[48,-89],[28,-22],[31,-88],[44,-18],[12,-39],[31,-27],[36,-105],[42,-29],[28,-62],[-1,-39],[-27,-42],[4,-99],[73,-28],[13,-55],[67,87],[11,45],[35,-22],[26,-42],[32,-16],[3,-35],[74,-59],[31,-11],[18,-54],[20,-8],[-6,-75],[45,-53],[17,-80],[-14,-79],[-38,-29],[-6,-92],[28,-48],[21,-73],[35,-3],[17,-57],[-21,-48],[68,-3],[9,-32],[-9,-67],[49,6],[53,-58],[45,6],[28,82],[88,4],[33,14],[27,-45],[-14,-65],[25,-121],[45,-53],[13,45],[30,-37],[39,27],[59,-2],[24,-31],[67,37],[2,66],[59,14],[41,-70],[-12,-19],[-2,-95],[30,-86],[24,-1],[28,33],[51,-47],[24,-49],[10,-54],[-46,-24],[18,-65],[-35,-50],[43,-64],[28,18],[25,-21],[30,24],[29,-93],[-3,-80],[21,-25],[-2,-78],[-16,-48],[29,-36],[29,-69],[30,-19],[32,16],[45,-46],[56,9],[75,-49],[48,28],[67,-8],[75,28],[14,-38],[0,-60],[15,-34],[-15,-55],[-48,-69],[-39,33],[-39,-117],[3,-64],[59,-11],[2,-50],[19,-42],[43,-5],[58,125],[37,-14],[12,-38],[10,-121],[-14,-34],[17,-71],[42,-53],[2,-35],[-32,-17],[-8,-47],[15,-68],[33,-26],[10,31]],[[18864,45568],[525,0],[587,-1],[584,0],[583,1],[292,-6],[21,8],[274,-1],[545,0],[339,-3],[563,7],[318,-2],[583,-3],[594,1]],[[19460,39980],[-53,123],[-14,68],[5,61],[21,83],[-10,31],[-208,-39],[-64,49],[-63,103],[-31,82],[-44,66],[-72,52],[-34,6],[-67,-41],[-6,-40],[-66,-34],[-22,13],[8,59],[-12,96],[-31,37],[-34,76],[-82,-25],[-53,-82],[-13,-41],[-93,-19],[-63,26],[-30,-1],[-63,-55],[-138,-179],[-39,-44],[-32,-6],[-21,50],[9,159],[-13,7],[-95,-106],[-78,-58],[-72,-69],[-78,6],[-28,-12],[-19,65],[-13,134],[3,88],[-74,24],[-85,49],[-92,197],[-2,22],[112,118],[11,32],[-13,60],[-94,110],[-13,45],[61,136],[-23,94],[21,37],[-32,99],[-71,99],[-77,66],[-41,18],[-55,-18],[-46,-45],[-37,0],[-46,27],[-97,137],[-122,162],[-50,-15],[-57,-117],[-54,-123],[-52,-8],[-54,42],[-30,-22],[-4,-47],[-72,-99],[-53,-40],[-74,-13],[-33,36],[-69,196],[-41,138],[-55,-37],[-75,-74],[-34,-45],[-63,-37],[-45,46],[-92,132],[22,27],[-11,64],[-51,86],[-9,49],[-34,35],[-9,54],[45,1],[10,22],[-47,76],[8,35],[62,84],[4,105],[-23,23],[-137,-1],[-34,39],[-31,81],[-7,117],[10,135],[16,63],[23,23],[111,30],[95,53],[53,71],[11,39],[-28,261],[12,90],[82,132],[43,99],[33,17],[51,62],[-3,43],[-23,57],[37,44],[-42,31],[-16,62],[1,49],[43,86],[26,-12],[13,77],[30,7],[76,-22],[43,-56],[8,-42],[-14,-75],[67,-21],[42,-58],[42,20],[39,43],[131,53],[95,47],[13,29],[-61,98],[-39,81],[39,78],[-19,56],[-77,29],[-32,50],[-10,77],[-32,47],[2,48],[24,53],[30,1],[76,-34],[21,18],[-32,106],[-11,105],[-58,123],[-32,38],[-18,101],[30,41],[4,38],[97,39],[112,22],[82,44],[47,-101],[69,-85],[101,-54],[23,4],[75,-22],[14,-31],[44,8],[23,-33],[58,-147],[56,-17],[29,127],[17,29],[1,62],[17,27],[36,3],[51,-62],[73,-24],[28,46],[-18,62],[29,40],[62,13],[20,-12],[68,38],[48,-19],[45,15],[47,-37],[9,-122],[27,-40],[0,-51],[23,-68],[56,8],[29,56],[25,95],[39,41],[31,-64],[35,11],[88,64],[-3,22],[48,63],[75,48],[160,47],[55,47],[68,4],[60,-13],[70,-48],[62,-57],[68,8],[-28,43]],[[15604,51155],[-6,-19],[2,-273],[60,-7],[26,-36],[-6,-70],[-88,-35],[-40,-40],[9,-80],[-48,-40],[19,-37],[-28,-36],[12,-76],[3,-103],[23,-55],[30,-24],[29,-103],[59,-48],[100,-44],[23,-76],[30,-35],[17,-64],[45,-12],[12,-42],[45,-73],[21,-94],[16,-21],[52,-133],[32,-60],[11,-89],[49,-117],[14,-63],[61,-112],[5,-70],[36,-97],[-1,-65],[27,-53],[67,-55],[53,37],[48,-2],[46,-40],[19,-44],[7,-78],[-12,-87],[29,-53],[10,-148],[-58,-175],[-78,-164],[44,-122],[59,21],[27,-15],[62,-86],[72,-156],[-7,-40],[-78,-131],[-9,-62],[48,-6],[44,74],[51,15],[57,-4],[51,-51],[74,-126],[37,-52],[63,-17],[77,73],[98,-23],[83,37],[35,-33],[-1,-73],[22,-64],[90,-156],[82,-79],[79,-44],[13,-81],[53,-39],[98,-31],[43,47],[43,1],[41,-121],[-2,-47],[47,-18],[11,-68],[29,5],[39,-45],[79,-10],[47,26],[68,18],[41,-30],[43,0],[21,74],[27,16],[57,-73],[16,-46],[57,-57],[47,70],[29,-59],[53,-72],[21,-47],[48,13],[121,-24],[21,17],[103,-30],[29,63],[33,-27],[22,-56],[36,-6],[23,-40],[-24,-62],[-40,-57],[27,-111],[-17,-58],[-51,-84],[-9,-57],[11,-64],[-45,-13],[-15,-26],[24,-47]],[[9330,45569],[-120,423],[-214,368],[-125,298],[93,119],[-144,178],[-229,315],[-167,338],[-189,123],[-298,237],[-95,171],[30,115],[-112,47],[26,176],[-70,126],[-47,131],[-100,1],[-127,165],[-25,155],[-304,92],[-84,188],[48,110],[-127,109],[34,78],[48,60],[0,245],[-106,166],[-43,8],[-79,106],[-15,88],[-167,132],[-120,155],[-548,-377],[-293,-69],[-188,-107],[134,-116],[6,-90],[-76,-170],[-36,-28],[-77,-24],[-93,47],[11,-502],[-33,-26],[8,-48],[-110,-258],[-285,-16],[-205,-191],[-115,-97],[-163,-126],[-61,-34],[-186,-254],[-94,-5],[32,214],[-120,719],[-324,393],[-421,527],[-214,263],[-219,261],[-60,116],[-58,299],[-100,47],[-295,191],[-11,24]],[[2308,51155],[354,0],[587,0],[587,0],[587,0],[587,0],[587,0],[587,0],[294,0],[586,0],[587,0],[587,0],[587,0],[587,0],[294,0],[586,0],[587,0],[294,0],[587,0],[587,0],[293,0],[587,0],[294,0],[587,0],[586,0],[587,0],[323,0]],[[20224,51155],[340,0],[587,0],[587,0],[587,0],[586,0],[294,0],[587,0],[587,0],[293,0]],[[15604,51155],[558,0],[587,0],[587,0],[587,0],[586,0],[588,0],[586,0],[541,0]],[[5340,75927],[3,-1090],[1,-491],[4,-665],[4,-705],[12,-457],[83,-28],[22,-31],[81,17],[13,-37],[44,-28],[49,-138],[-22,-135],[57,-26],[-38,-62],[28,-67],[-30,-52],[3,-58],[-24,-36],[41,-34],[55,-75],[5,-102],[58,-82],[-48,-76],[-12,-114],[-114,-168],[16,-52],[35,-28],[-48,-104],[37,-126],[-18,-29],[40,-46],[21,-97],[398,0],[631,0],[836,0],[484,0],[391,0],[-20,-45],[-64,-5],[-132,11],[-63,-30],[-59,-51],[31,-56],[106,-77],[68,-11],[62,-61],[1,-40],[46,-40],[20,-81],[54,-25],[32,-44],[-19,-100],[-32,-62],[-50,-57],[99,-85],[16,-37],[-53,-83],[37,-42],[52,-26],[48,-117],[110,-58],[-6,-35],[-120,-61],[-4,-68],[98,-189],[-34,-17],[-112,29],[-38,-63],[-2,-144],[-50,-70],[-29,-67],[16,-39],[43,-22],[187,9],[54,-35],[31,-81],[-17,-134],[23,-109],[-62,-99],[-66,-35],[-39,-142],[11,-33],[97,-8],[-5,-51],[-37,-122],[-33,-37],[5,-60],[75,-67],[46,45],[35,7],[93,-58],[48,15],[96,87],[65,72],[85,30],[80,68],[85,-33],[59,-7],[99,10],[10,-52],[-58,-115],[-70,-116],[132,-97],[84,45],[38,56],[7,84],[109,108],[58,75],[104,19],[32,-22],[54,-120],[137,48],[33,-103],[-130,-61],[-82,-68],[-55,-85],[-22,-53],[38,-74],[52,-29],[41,-52],[82,-35],[71,-116],[48,-20],[35,-98],[-18,-53],[64,-54],[54,-134],[35,-45],[-54,-138],[-81,-147],[10,-119],[-47,-30],[-40,-49],[-32,-76],[-82,-39],[-68,-55],[-39,-51],[-34,-185],[-106,-17],[-15,-51],[-92,-91],[48,-78],[-67,-8],[-10,-37],[54,-69],[82,-49],[71,15],[49,70],[53,6],[-29,-146],[-10,-88],[27,-23],[71,-1],[144,-57],[-1,-63],[-80,-79],[-10,-71],[-90,-62],[-1,-75],[34,-95],[-57,-98],[-89,-89],[-48,-13],[80,-94],[16,-72],[96,51],[50,-30],[76,15],[68,-62],[97,-51],[108,-109],[102,-20],[65,-181],[52,-116],[49,-67],[77,-49],[-29,-30],[19,-35],[38,24],[143,-35],[-27,-37],[37,-64],[-47,-27],[-127,-142],[-5,-66],[-35,-56],[59,-34],[50,30],[52,-26],[53,19],[62,-66],[75,83],[49,-11],[17,29],[61,6],[37,55],[-14,73],[60,-6],[100,31],[83,-70],[91,-50],[43,-76],[50,-42],[6,-93],[43,-66],[-62,-55],[3,-17]],[[11670,63105],[3,-16],[107,-62],[42,-78],[4,-104],[85,0],[14,-38],[-54,-73],[-56,-14],[-17,-30],[14,-47],[85,-88],[15,-140],[72,24],[101,-38],[-57,-50],[-5,-91],[68,-35],[34,-49],[68,4],[46,-72],[41,-14],[22,25],[112,-97],[57,-106],[29,-13],[35,-98],[110,64],[7,54],[25,38],[38,-42],[49,20],[41,-61],[-27,-28],[-6,-84],[37,-33],[6,-93],[-24,-31],[-80,-3],[-30,-68],[-121,-11],[-25,-64],[35,-36],[2,-35],[46,-58],[43,8],[148,114],[40,-15],[-23,-63],[-9,-78],[21,-68],[46,-11],[38,26],[56,-10],[40,-50],[-38,-73],[74,-36],[32,-87],[100,-212],[-105,32],[-40,-111],[50,-141],[-68,-64],[-78,-47],[-59,7],[-20,-72],[-59,4],[-44,-47],[18,-61],[-33,-69],[64,5],[64,23],[41,-44],[31,-105],[53,-44],[38,25],[47,-57],[2,-40],[65,-150],[-9,-59],[55,-17],[39,-45],[79,4],[71,31],[29,-86],[-23,-89],[-35,-87],[-14,-73],[-34,-33],[4,-41],[-41,-53],[30,-88],[-77,14],[8,-119],[92,-67],[-1,-52],[68,-129],[21,-136],[27,-55],[43,2],[4,-37],[49,-17],[-23,-62],[50,-56],[-3,-70],[-68,-55],[0,-65],[47,-3],[51,75],[61,-19],[74,-130],[131,-56],[31,-71],[31,-2],[-17,-94],[-57,-10],[-25,-29],[7,-47],[-55,-40],[26,-71],[86,-36],[-78,-94],[-10,-78],[22,-49],[-28,-68],[56,-60],[20,-76],[49,-15],[-36,-100],[-51,-48],[44,-32],[83,-112],[66,-3],[46,38],[41,-11],[64,31],[28,-66],[81,11],[37,-33],[13,-109],[92,-15],[13,73],[37,49],[22,62],[40,26],[44,-31],[56,25],[45,-44],[87,-127],[32,-34],[25,-63],[32,-10]],[[14857,56787],[13,-121],[51,-16],[3,-52],[66,-33],[47,-140],[23,-164],[46,27],[50,-20],[62,5],[39,-25],[8,-52],[33,-38],[-37,-68],[6,-39],[-41,-68],[159,-166],[35,-5],[58,-106],[77,-99],[56,-28],[60,-4],[46,-100],[7,-41],[62,-23],[118,-108],[56,32],[68,-15],[56,24],[92,0],[42,-28],[12,-80],[28,-14],[76,5],[21,-197],[-6,-54],[72,-19],[10,-66],[-15,-43],[40,-199],[3,-81],[51,-20],[-26,-104],[17,-27],[-60,-85],[33,-45],[-67,-52],[-2,-58],[-35,-43],[36,-100],[50,-13],[39,66],[82,-25],[-12,-94],[62,-211],[-15,-100],[12,-72],[-24,-62],[31,-43],[29,-3],[-23,-158],[38,-46],[50,-27],[8,40],[83,17],[39,-50],[24,-57],[36,25],[88,118],[55,50],[117,-96],[121,-19],[101,65],[15,41],[-30,105],[34,21],[139,26],[-24,-105],[32,-51],[105,-17],[31,43],[2,71],[21,52],[104,91],[47,-37],[43,-63],[49,-41],[52,-77],[52,18],[66,-23],[41,30],[79,-66],[108,-62],[130,6],[49,78],[60,37],[27,64],[110,1],[73,20],[29,26],[72,-27],[94,-8],[6,47],[-19,127],[49,93],[8,61],[27,10],[44,-53],[74,-1],[38,-33],[47,53],[63,-20],[3,-68],[30,-137],[-1,-72],[16,-37],[2,-66],[54,-45],[2,-61],[-50,-101],[-59,-29],[-25,-62],[-43,-22],[34,-130],[94,-138],[51,-54],[16,-85],[47,-65],[5,-169],[90,2],[91,-15],[44,-22],[-4,-136],[-16,-91],[38,-162],[27,-43],[4,-68],[42,-79],[-4,-91],[64,-104],[46,-58],[34,-108],[248,-305]],[[2308,51155],[-6,0],[-141,231],[151,679],[-4,78],[-737,-51],[-343,-424],[-559,347],[-81,-246],[-564,246],[1,1301],[-1,632],[-1,760],[0,493],[-1,601],[-1,560],[-1,608],[1,410],[2,954],[-3,588],[1,612],[-4,897],[0,1211],[0,684],[0,569],[-1,775],[7,533],[-4,512],[-7,659],[1,566],[0,768],[-1,512],[1,480],[2,624],[1,543],[-1,483],[3,959],[-3,563],[-4,576],[-5,1001],[-1,666],[0,978],[1,542],[-1,793],[-1,966],[-2,700],[-2,602],[8,401],[189,-47],[28,-40],[63,13],[89,-29],[169,-30],[216,-27],[210,20],[68,28],[178,19],[124,-13],[127,-29],[79,-68],[108,-32],[39,-37],[-7,-36],[155,-27],[70,39],[42,-15],[111,-99],[113,6],[56,-71],[39,-8],[116,-146],[73,-71],[134,-90],[28,-50],[79,-33],[6,-35],[118,-114],[30,-97],[99,16],[-17,-39],[64,-47],[79,113],[-7,36],[55,29],[27,-50],[63,-172],[87,-106],[129,-99],[108,-54],[17,-51],[40,-2],[191,-90],[194,-119],[110,-40],[49,-5],[124,-80],[121,-62],[82,-63],[128,37],[108,-16],[27,-72],[52,-4],[58,-58],[140,-89],[76,1],[35,25],[53,-3],[-3,43],[76,28],[43,-27],[74,-31]],[[5340,75955],[0,-26]],[[5340,75929],[-89,40],[7,46],[58,-22],[24,-38]],[[2212,78071],[35,6],[160,-45],[83,-57],[58,-71],[-8,-17],[-135,15],[-81,-61],[-63,-93],[-141,79],[-42,110],[34,54],[100,80]],[[20693,77568],[32,50],[75,21],[102,-11],[57,60],[40,149],[-9,124],[-27,26],[30,82],[55,102],[-17,133],[5,81],[-36,52],[79,51],[22,63],[94,54],[23,-34],[129,-62],[50,-2],[57,32],[36,48],[90,15],[46,-53],[106,6],[85,-10],[107,53],[35,-25],[104,0],[29,-50],[46,-12],[51,17],[27,36],[172,-13],[29,21],[218,-36],[73,-22],[33,-45],[131,-31],[159,13],[52,-27],[66,-83],[46,-38],[80,-33],[73,-57],[125,-45],[94,-21],[117,-74],[88,-84],[49,-95]],[[23821,77894],[140,-2655],[14,-767],[4,-278],[-4,-159],[-43,-1151]],[[23932,72884],[-1592,-138],[-2532,-13],[-3292,-133],[-596,-38],[-2378,-196],[-1137,-118],[23,-591],[25,-659],[33,-891],[-812,-193],[-1006,-252],[-158,-48],[-12,-1505],[58,7],[86,-31],[41,-71],[43,-17],[143,-86],[29,-77],[50,-24],[2,-35],[97,-25],[46,-76],[151,-1],[71,-60],[33,-56],[74,-14],[40,-58],[30,8],[17,49],[75,12],[58,-30],[95,-1237],[87,-1168],[143,-1989],[-297,-25]],[[5340,75927],[0,2]],[[5340,75955],[0,17],[0,10],[14,10],[149,-48],[69,-5],[93,-26],[75,25],[59,-39],[28,-58],[73,23],[49,-40],[108,-57],[83,-32],[61,-104],[81,-37],[78,20],[108,-79],[23,-47],[47,-30],[30,-54],[113,-61],[23,59],[36,-14],[44,-51],[62,22],[-55,37],[-42,58],[-109,100],[-17,83],[-64,21],[-94,100],[-21,45],[30,41],[-81,18],[-93,88],[9,52],[-92,88],[-72,100],[-4,49],[92,1],[-11,152],[-205,117],[-54,-6],[-19,29],[8,65],[-43,77],[1,90],[-29,85],[85,120],[28,-3],[49,-79],[102,-85],[129,-174],[92,-37],[23,32],[-107,50],[-30,35],[-61,128],[-80,64],[-67,125],[18,88],[128,70],[51,-1],[49,-50],[13,-81],[39,-81],[8,146],[-22,37],[14,49],[56,23],[21,-61],[71,42],[69,-23],[100,-80],[101,-64],[60,3],[-53,62],[-13,38],[23,42],[-21,107],[-38,48],[-7,48],[-40,17],[35,65],[116,47],[32,36],[42,-8],[49,-84],[20,74],[-34,34],[86,35],[62,-23],[57,33],[69,-8],[64,30],[50,-60],[112,21],[117,-88],[90,-11],[42,16],[58,86],[-28,63],[-50,38],[-43,4],[-28,-36],[1,-107],[-54,55],[8,34],[-36,103],[41,41],[32,-32],[75,-9],[12,55],[-14,52],[37,29],[45,144],[-39,116],[-49,39],[44,28],[124,12],[27,-70],[-39,-38],[166,5],[-17,-69],[72,-59],[-85,-47],[30,-19],[-35,-73],[58,11],[29,-80],[61,-31],[52,10],[23,33],[68,11],[-15,-54],[72,-84],[95,-1],[2,87],[66,-8],[-1,66],[56,-29],[-37,-99],[24,-42],[-113,-209],[-46,-39],[11,-207],[170,18],[18,-45],[53,20],[-2,33],[41,24],[48,97],[136,55],[54,-16],[87,11],[51,-32],[181,12],[58,32],[41,-7],[48,59],[54,27],[-23,50],[97,-2],[-42,85],[37,44],[9,64],[-23,17],[1,147],[-39,11],[87,142],[46,58],[63,19],[25,-56],[81,-11],[33,-56],[59,39],[-37,26],[45,45],[72,-30],[51,-55],[34,27],[78,-16],[70,8],[4,31],[64,46],[10,62],[-50,17],[-30,-44],[-38,32],[-100,9],[-82,-63],[-47,39],[90,106],[18,65],[134,-55],[46,49],[103,-39],[30,-72],[38,23],[92,-41],[33,19],[24,79],[55,-19],[42,-45],[52,9],[26,34],[-2,109],[68,50],[36,-24],[53,17],[68,63],[95,49],[-35,25],[19,58],[52,30],[30,42],[55,-3],[70,49],[123,33],[-31,52],[47,89],[108,0],[105,-60],[40,-97],[-4,-65],[-29,-17],[0,-56],[24,-63],[99,128],[48,81],[-3,47],[25,114],[22,49],[64,1],[-58,69],[8,35],[136,75],[23,110],[68,-4],[52,49],[93,-52],[75,48],[8,72],[113,17],[24,-66],[159,34],[84,-106],[72,28],[57,-52],[35,70],[29,-15],[-48,-74],[15,-81],[72,1],[-30,51],[17,102],[47,-18],[5,-39],[111,11],[91,-10],[56,12],[-10,58],[25,38],[0,72],[87,20],[54,140],[-49,32],[18,76],[61,12],[77,-18],[-40,-47],[115,13],[-30,-96],[98,-72],[62,-67],[-30,-42],[61,-57],[45,1],[-23,-113],[-66,-49],[-13,-47],[-46,-38],[-115,-51],[-69,-54],[-126,-51],[-78,-58],[-93,-30],[-45,-46],[-103,-74],[-59,-9],[-113,-43],[-53,-84],[-89,14],[-87,-110],[-45,-7],[-29,-50],[-127,-37],[-15,-96],[39,-22],[-56,-57],[-182,-55],[-36,-37],[-9,-49],[-54,-96],[0,-69],[-78,-31],[-56,-44],[-38,65],[-61,53],[1,88],[-77,-43],[-36,8],[-97,-27],[-26,-62],[-97,-41],[-122,27],[-169,-62],[-100,9],[23,-40],[-30,-67],[-34,71],[-87,41],[-91,-54],[-42,-55],[-45,13],[-81,-8],[-64,-43],[-12,-59],[-36,-37],[-59,-188],[76,-54],[-49,-65],[-59,-22],[-178,-128],[-37,-3],[24,-155],[-41,10],[-15,64],[-40,74],[-28,-25],[-28,-110],[28,-56],[-78,-43],[21,-59],[-15,-71],[19,-71],[-54,-13],[10,68],[-29,266],[-58,39],[-67,-26],[-31,-46],[-38,21],[-69,-12],[-49,-44],[31,-47],[-84,-49],[14,-45],[-66,-154],[-31,-23],[21,-49],[69,-32],[-80,-65],[5,-101],[20,-53],[1,-81],[-62,12],[19,37],[-28,55],[25,122],[-67,-86],[-70,91],[-112,-91],[-70,-11],[-46,-132],[28,-47],[-69,-52],[51,-27],[-13,-113],[-91,-65],[-33,-56],[-79,50],[48,24],[8,37],[-38,20],[-23,-48],[-57,-21],[25,-74],[-47,-39],[-20,-52],[14,-60],[147,-111],[45,0],[4,-42],[111,-33],[28,-57],[116,-67],[55,-14],[71,7],[52,63],[-96,-17],[-156,27],[8,72],[-73,37],[-31,-4],[-38,87],[-63,10],[8,45],[-35,58],[-47,15],[33,57],[68,-5],[51,28],[95,-22],[39,-85],[133,-18],[122,0],[-32,88],[107,9],[55,-96],[26,24],[132,-87],[11,78],[74,-12],[67,-38],[89,-4],[28,91],[71,-40],[8,97],[-88,81],[-51,61],[-52,11],[-16,-40],[72,-53],[-35,-20],[-76,26],[-44,-100],[-71,-8],[-92,9],[-7,55],[91,11],[-143,112],[-7,45],[37,13],[83,-9],[64,-28],[17,30],[-113,43],[-41,44],[-75,53],[11,17],[-15,146],[41,41],[-50,17],[100,66],[135,0],[47,72],[77,59],[55,-25],[72,103],[-15,85],[47,-12],[17,-85],[-57,-75],[64,-19],[58,77],[5,183],[83,54],[14,-112],[-68,1],[31,-55],[39,5],[25,72],[80,39],[55,53],[29,-37],[86,37],[110,98],[128,34],[-32,30],[77,69],[33,51],[16,87],[46,72],[-136,-22],[-8,-46],[-90,110],[42,30],[87,0],[68,17],[126,-30],[19,35],[53,27],[-60,93],[97,-55],[110,-6],[30,-37],[-23,-58],[-48,-20],[-5,-40],[26,-87],[23,-35],[54,72],[-28,96],[65,65],[-50,34],[-48,79],[24,37],[79,-32],[101,105],[78,-56],[27,-59],[-8,-75],[19,-41],[-24,-85],[44,1],[28,87],[-26,131],[4,34],[-39,50],[-97,165],[53,-11],[23,-54],[49,-63],[45,0],[34,-63],[9,-114],[-30,-45],[26,-73],[-15,-68],[-42,-48],[11,-66],[72,162],[-14,62],[26,90],[-20,45],[8,61],[-28,77],[-46,71],[-56,5],[-22,48],[37,111],[47,16],[64,-23],[4,-74],[-39,-21],[14,-78],[29,-11],[55,-131],[26,-106],[-35,-74],[26,-105],[53,185],[-33,83],[4,93],[56,-8],[-23,-76],[10,-97],[31,-52],[-26,-58],[17,-25],[-51,-39],[87,-18],[18,-69],[-25,-101],[26,-15],[-107,-101],[-37,-89],[29,-31],[51,7],[-13,46],[46,27],[0,54],[74,89],[51,31],[-35,89],[78,45],[0,31],[75,3],[19,28],[78,47],[26,88],[51,102],[-23,57],[73,76],[86,117],[-11,40],[32,91],[68,68],[-8,48],[55,80],[116,14],[34,21],[151,19],[55,45],[134,78],[53,13],[109,49],[90,13],[136,108],[92,1],[72,36],[133,37],[181,9],[27,-105],[19,-22],[-13,-82],[23,-58],[-33,-79],[27,-86],[39,31],[72,15],[9,67],[47,-26],[51,35],[44,-4],[127,50],[44,95],[132,110],[32,96],[28,41],[231,160],[118,35],[24,118],[-20,67],[-39,34],[-64,133],[3,62],[65,103],[63,37],[83,16],[105,-47],[3,-45],[148,-108],[71,-23],[30,42],[-14,30],[-163,109],[-49,59],[50,53],[75,6],[91,36],[192,13],[81,22],[25,37],[57,19],[95,6],[40,-37],[-50,-102],[15,-50],[74,-5],[-60,66],[32,61],[-28,83],[-55,32],[-187,42],[-106,-7],[-80,23],[-30,27],[-117,7],[-64,46],[-20,78],[-29,14],[-22,83],[120,-31],[95,-2],[-3,93],[-47,24],[-34,-60],[-69,16],[-98,-3],[-67,77],[22,134],[38,154],[80,119],[100,84],[102,-77],[216,-139],[55,-49],[182,-137],[176,-172],[246,-334],[120,-198],[187,-455],[36,-40],[10,-112],[59,-117],[-4,-47],[120,-359],[67,-114],[154,-192],[56,-52],[127,-152],[82,-123],[56,-58],[180,-139],[81,-88],[71,-46],[62,-69],[69,-41],[85,-15],[117,33],[30,-53],[63,-28],[13,-50],[55,-13],[116,-60],[39,49],[68,36],[-9,44],[32,60],[-51,12],[-72,-11],[18,49],[67,-28],[235,-38],[36,123],[-37,88],[-96,18],[-24,-29],[-62,19],[-104,1],[-64,-27],[-102,35],[47,-66],[-106,-24],[-25,9],[38,70],[25,78],[52,16],[21,50],[40,24],[31,-30],[91,22],[28,-28],[142,-16],[114,-41],[10,35],[-59,45],[-49,-1],[-79,48],[36,189],[-71,11],[-44,-24],[-54,15],[7,47],[-23,37],[3,62],[37,87],[50,35],[66,10],[82,-24],[14,59],[81,63],[40,-1],[66,49],[93,-34],[6,-134],[20,-27],[11,-79],[82,73],[-18,59],[9,53],[31,17],[-53,71],[-45,-20],[-192,49],[-96,34],[-82,-22],[-22,24],[-18,97],[37,73],[48,5],[25,-35],[7,-80],[119,-11],[55,69],[11,74],[-10,68],[32,7],[62,138],[78,77],[118,60],[145,14],[26,32],[-39,88],[-56,18],[-22,-98],[-93,-33],[-48,26],[38,59],[-56,39],[-52,-3],[-39,-56],[-59,39],[-29,-10],[-84,-97],[-33,-92],[-56,22],[-22,48],[-14,158],[45,-4],[41,62],[64,20],[108,67],[-13,-84],[-70,7],[4,-38],[79,-47],[132,30],[-23,59],[205,64],[109,10],[1,-72],[37,-7],[-37,-64],[55,-33],[36,73],[45,54],[81,-55],[-4,117],[-120,-34],[-64,28],[40,40],[75,-6],[-3,33],[-151,23],[-144,34],[68,62],[5,42],[-58,32],[0,32],[126,30],[72,5],[81,-21],[-91,-44],[-15,-27],[-103,-16],[44,-51],[36,3],[106,46],[12,-38],[54,-21],[58,49],[46,-61],[-78,-42],[92,-74],[26,-118],[-23,-90],[-62,15],[-11,-41],[-53,-51],[-4,-45],[61,-36],[18,-52],[-35,-65],[5,-99],[36,-77],[-38,-17],[-2,-44],[-34,-32],[11,-58],[-40,-19],[11,-71],[-34,-93],[50,-48],[207,-35],[98,78],[69,4],[65,-18],[65,-110],[-122,-99],[-59,-27],[-39,-140],[-32,-81],[-153,-129],[-78,-98],[16,-118],[-29,-36],[-88,-25],[-3,-34],[50,-83],[84,-3],[87,-49],[6,-31],[136,-15],[100,6],[67,50],[65,-34],[52,6],[-45,55],[-1,50],[57,48],[44,-14],[71,-114],[60,4],[-18,-56],[67,-51],[27,52],[60,0],[58,52],[234,93],[14,41],[76,29],[11,44],[-68,83],[56,4]],[[36596,86631],[0,-14]],[[36596,86617],[0,14]],[[18968,79005],[54,-34],[-50,-33],[-4,67]],[[11282,77831],[49,-56],[62,5],[11,-35],[-80,-8],[-42,94]],[[32538,100499],[78,-63],[-84,-13],[-34,45],[40,31]],[[35109,86658],[-4,-62],[-77,4],[81,58]],[[7749,78316],[-1,-50],[-66,-13],[1,45],[66,18]],[[8621,77339],[1,-84],[-46,27],[45,57]],[[20060,78277],[16,-56],[-74,-22],[-2,50],[60,28]],[[6388,77389],[69,7],[-19,-68],[-61,26],[11,35]],[[36040,86500],[84,-39],[-40,-31],[-81,32],[37,38]],[[28479,80519],[77,-12],[-18,-54],[-102,17],[43,49]],[[18693,79590],[104,14],[17,-38],[-49,-18],[-72,42]],[[11687,77875],[62,-51],[-18,-47],[-71,41],[27,57]],[[34319,79899],[148,21],[-51,-43],[-97,22]],[[11188,77385],[58,-74],[-3,-50],[-48,1],[-19,104],[12,19]],[[10474,77105],[-39,-125],[-49,20],[58,101],[30,4]],[[7107,78206],[49,25],[94,5],[-6,-34],[-131,-30],[-6,34]],[[35864,86409],[143,-32],[-8,-39],[-113,34],[-22,37]],[[6458,77550],[70,-6],[-18,-51],[-56,-27],[-27,33],[31,51]],[[8056,77965],[103,3],[22,-50],[-153,29],[28,18]],[[35748,86336],[104,-11],[42,-52],[-42,-21],[-56,13],[-48,71]],[[28574,80480],[118,-12],[-29,-53],[-65,17],[-24,48]],[[10570,77112],[3,-37],[52,-11],[-8,-49],[-53,-60],[-42,14],[9,40],[44,55],[-44,75],[24,15],[15,-42]],[[18382,78388],[34,-44],[54,6],[11,-53],[-103,-1],[-16,77],[20,15]],[[5888,76106],[107,-61],[94,-25],[-20,-27],[-69,23],[-94,57],[-18,33]],[[5752,76463],[62,-16],[24,-64],[-21,-40],[-57,34],[-8,86]],[[8731,77741],[43,-56],[-58,-55],[-68,8],[50,95],[33,8]],[[5720,76848],[52,-1],[42,-60],[-6,-64],[-65,41],[-38,60],[15,24]],[[5871,76802],[29,-44],[4,-50],[-48,-18],[-31,62],[46,50]],[[19298,89420],[72,-23],[-59,-48],[-162,69],[-4,48],[153,-46]],[[29050,80645],[154,-16],[-62,-41],[-131,-9],[39,66]],[[5887,76160],[53,-12],[24,-39],[144,-50],[-50,-19],[-55,14],[-111,83],[-5,23]],[[33214,79930],[73,-4],[51,-23],[-21,-64],[-96,3],[-26,57],[19,31]],[[19350,90060],[126,-25],[32,-55],[-43,-50],[-53,24],[-64,71],[2,35]],[[6007,76121],[126,-5],[-10,-59],[-118,38],[2,26]],[[5587,76670],[47,-16],[63,-58],[56,-11],[14,-68],[-30,-19],[-81,66],[-70,71],[1,35]],[[9516,76168],[59,-8],[55,-50],[-1,-23],[-103,-18],[-69,72],[59,27]],[[9887,75879],[73,5],[57,-24],[-9,-48],[-80,-44],[-52,6],[-21,81],[32,24]],[[18682,79507],[100,11],[46,-11],[-53,-58],[-38,18],[-116,-14],[61,54]],[[6677,77726],[40,8],[43,-54],[62,-33],[-119,-52],[-62,44],[49,19],[-13,68]],[[23468,97965],[85,-8],[83,17],[34,-76],[-91,-35],[-119,30],[8,72]],[[32505,99009],[64,-8],[32,-71],[-53,-36],[-106,-6],[-110,27],[173,94]],[[6461,77372],[66,23],[19,-38],[57,-2],[-24,-96],[-144,51],[26,62]],[[6121,77697],[103,-5],[80,-69],[45,-4],[13,-87],[-72,64],[-114,47],[-71,10],[16,44]],[[5771,76301],[83,15],[26,-29],[34,-104],[-64,-43],[-93,147],[14,14]],[[34242,95493],[160,9],[108,23],[9,-47],[-43,-38],[-152,-24],[-96,6],[-27,25],[41,46]],[[21217,96286],[91,10],[36,-30],[27,-53],[-110,-83],[-105,-49],[-26,51],[52,21],[0,54],[53,25],[-18,54]],[[5899,76366],[21,12],[110,-63],[68,-71],[-91,-1],[-77,-18],[-42,87],[11,54]],[[6491,78044],[75,23],[14,-25],[-62,-63],[-20,-90],[-114,49],[77,92],[30,14]],[[32613,79955],[123,0],[41,41],[98,-18],[25,-32],[67,-13],[-23,-35],[-82,-10],[-67,8],[-182,59]],[[36607,95657],[1,-194]],[[36608,95463],[-31,-32],[-68,2],[-136,124],[111,17],[40,30],[-6,48],[89,5]],[[12014,78031],[91,-36],[-45,-34],[76,-25],[11,-41],[-74,-73],[-59,-19],[-28,47],[39,85],[-25,20],[14,76]],[[29464,80739],[99,-32],[89,22],[-130,-117],[-97,3],[-117,-20],[0,46],[144,46],[12,52]],[[21197,95994],[72,-39],[93,77],[89,-21],[120,8],[25,-32],[-101,-20],[-20,-56],[-70,19],[-67,-11],[-97,-65],[-91,56],[47,84]],[[8323,77984],[58,-16],[74,-44],[-44,-35],[-93,2],[-4,-50],[-47,-37],[-34,25],[-13,49],[50,69],[53,37]],[[11888,77718],[54,-51],[-20,-92],[60,-115],[-84,-21],[-39,44],[9,70],[-41,48],[21,102],[40,15]],[[6536,77388],[39,6],[72,-28],[78,-49],[32,-90],[-46,-104],[-39,25],[-14,60],[-80,44],[27,105],[-69,31]],[[31915,99078],[137,-4],[65,-24],[38,-49],[-86,-61],[-169,-9],[-89,76],[18,44],[86,27]],[[5934,76218],[130,22],[106,-89],[26,-59],[88,-91],[-72,9],[-34,26],[-41,83],[-154,16],[-55,44],[6,39]],[[5799,76654],[107,-80],[-37,-62],[-106,37],[28,46],[-71,23],[-42,31],[-77,120],[57,8],[141,-123]],[[36593,86026],[0,-79]],[[36593,85947],[-97,59],[-95,80],[-113,40],[-137,84],[70,25],[89,5],[83,-88],[72,-56],[39,-9],[89,-61]],[[28518,80653],[94,36],[54,-6],[73,-60],[45,14],[32,-32],[174,-30],[-70,-67],[-116,30],[-18,39],[-83,-13],[-20,41],[-118,-14],[-46,28],[-1,34]],[[19612,89273],[-15,-44],[89,-46],[107,-27],[81,-78],[-16,-19],[-141,4],[-114,-31],[-27,21],[-18,142],[54,78]],[[21566,95633],[121,21],[91,-24],[130,1],[76,-65],[-8,-69],[-32,-35],[-144,26],[-45,53],[-97,9],[-116,58],[24,25]],[[15043,80831],[111,-90],[-45,-107],[-84,5],[-92,-26],[-26,61],[30,74],[26,115],[80,-32]],[[14166,78965],[41,-5],[-5,-61],[18,-73],[-14,-33],[-65,-24],[-1,-81],[49,-62],[-29,-18],[-170,56],[47,51],[66,184],[63,66]],[[27922,80738],[59,3],[87,-21],[31,-63],[102,22],[149,-65],[-229,-14],[-14,25],[-98,-47],[-73,14],[-7,43],[-62,11],[-33,48],[88,44]],[[33760,80101],[71,7],[311,-117],[43,-32],[79,-26],[-99,-49],[-97,-19],[-42,44],[-146,50],[-30,47],[-89,19],[-65,45],[64,31]],[[23501,95679],[161,-9],[28,-94],[-36,-79],[-4,-58],[-112,-233],[-99,-107],[-117,2],[-161,56],[-9,23],[68,58],[118,32],[136,71],[16,177],[-23,90],[34,71]],[[36596,86532],[-2,-352]],[[36594,86180],[-69,60],[6,89],[-40,49],[-54,6],[-60,87],[-41,33],[-62,-1],[-141,-35],[-60,88],[96,2],[36,87],[-35,19],[94,51],[77,-3],[36,-41],[168,-84],[51,-55]],[[36604,97257],[1,-728]],[[36605,96529],[-138,-80],[-40,69],[-65,-1],[-28,59],[-157,84],[-40,39],[-71,-5],[-71,42],[31,44],[-55,170],[-24,16],[16,81],[134,4],[35,27],[147,20],[180,128],[44,-27],[100,5],[1,53]],[[30989,98264],[273,20],[67,41],[99,6],[132,-24],[113,44],[142,-23],[116,15],[117,-34],[167,-115],[138,-40],[19,-99],[-50,-97],[-83,-43],[-60,-79],[-349,35],[-136,-24],[-91,0],[-142,46],[-74,-18],[-139,-2],[-176,51],[-349,52],[-16,52],[54,104],[68,28],[56,59],[104,45]],[[36598,87257],[-2,-562]],[[36596,86695],[-54,14],[-115,58],[-38,-5],[-58,37],[-179,-94],[-20,44],[46,14],[75,56],[-35,47],[2,76],[-81,46],[-86,-6],[-179,26],[-109,71],[-2,35],[-64,70],[-88,71],[-29,42],[-21,93],[45,61],[111,42],[235,4],[124,-17],[83,-23],[157,-21],[128,-41],[80,3],[71,-71],[3,-70]],[[31303,101647],[40,-11],[18,-77],[-50,-26],[45,-37],[85,-118],[144,31],[102,-18],[-22,-74],[56,-28],[-1,-64],[168,-58],[78,2],[76,-27],[80,-64],[-46,-64],[24,-33],[142,-34],[-73,-88],[-73,-31],[-74,-78],[-190,-87],[-322,-52],[-133,5],[-134,86],[-67,18],[-52,84],[-69,56],[-107,31],[-104,57],[-94,87],[-255,165],[-78,93],[62,37],[115,-17],[162,61],[86,94],[97,47],[66,0],[176,71],[122,61]],[[27360,96198],[68,0],[243,-87],[-52,-65],[11,-71],[-30,-62],[-53,-31],[3,-65],[-60,-64],[3,-31],[-70,-34],[-3,-42],[-67,-18],[-17,-49],[-68,-47],[10,-42],[-55,-28],[39,-79],[-98,-20],[-20,-98],[-60,-36],[6,-71],[-219,-266],[-64,-32],[2,-38],[-56,-36],[-17,-51],[-61,-72],[-91,-71],[-79,-14],[-98,-50],[-25,-59],[-48,-14],[-62,35],[-105,10],[-45,59],[-126,3],[40,42],[-80,60],[-110,-21],[-250,16],[-193,64],[-20,61],[97,121],[169,135],[97,54],[72,86],[91,17],[-17,34],[54,25],[34,76],[84,46],[12,39],[74,21],[26,93],[146,101],[89,26],[34,40],[181,82],[118,-13],[98,14],[49,132],[38,28],[173,40],[68,49],[5,55],[96,83],[89,30]],[[36608,103226],[1,-956]],[[36609,102270],[-45,42],[-148,33],[-79,-54],[-72,7],[-113,-33],[-51,-42],[-109,-26],[-288,75],[-76,-22],[-98,28],[-90,48],[-29,60],[-89,19],[-1,41],[-75,33],[-142,28],[-215,7],[-6,-43],[61,-45],[34,-94],[-225,16],[-22,-48],[54,-45],[-31,-53],[-125,-11],[-311,11],[-35,14],[-59,135],[-47,47],[46,27],[-82,54],[-104,34],[-325,-46],[-228,-19],[-174,-57],[-120,-19],[-298,-118],[-83,-47],[-127,-24],[-170,182],[120,47],[28,69],[-14,91],[95,-1],[39,55],[108,38],[196,43],[76,-15],[61,66],[189,78],[218,53],[144,66],[232,25],[266,-6],[101,-44],[196,63],[106,1],[-65,59],[33,45],[166,-8],[-9,49],[78,18],[-83,64],[111,-1],[17,48],[64,24],[100,73],[126,38],[304,26],[-33,26],[189,74],[254,37],[62,-28],[32,-63],[116,13],[124,-68],[-46,-37],[141,-5],[121,-45],[74,-47],[-7,-50],[66,-10]],[[36609,101737],[0,-486]],[[36609,101251],[-210,-53],[-165,4],[-37,-55],[-81,4],[-63,63],[-113,6],[1,-70],[-142,-40],[-163,-24],[-130,1],[-161,-30],[18,-110],[172,-39],[19,-66],[91,-63],[162,13],[111,-10],[212,49],[149,0],[81,-46],[5,-81],[-55,-21],[-27,-138],[74,-39],[-38,-63],[29,-74],[-72,-8],[-36,-55],[78,-42],[26,-47],[-54,-29],[-105,-109],[-96,-57],[-56,10],[-194,-84],[-10,-31],[-102,5],[-94,-38],[-146,-16],[-36,-26],[-167,6],[-107,-35],[-127,11],[-59,39],[-124,-14],[-104,-78],[-90,-14],[-40,-30],[-101,-8],[-46,-25],[-114,4],[-52,-48],[-137,-55],[-154,-41],[-147,25],[-147,63],[-66,7],[-146,55],[-59,61],[-22,65],[-80,113],[-92,10],[-51,-61],[-233,50],[-46,74],[4,87],[-169,19],[-115,-24],[3,115],[57,103],[-28,30],[130,43],[-137,58],[3,44],[-106,17],[71,54],[-19,75],[57,81],[-143,62],[-31,98],[5,120],[37,58],[93,90],[-24,46],[170,28],[14,-69],[148,46],[46,37],[85,15],[111,64],[106,-44],[29,41],[-42,41],[143,57],[186,38],[54,-31],[78,3],[243,81],[44,33],[96,-42],[148,99],[120,-82],[164,75],[71,52],[180,2],[63,33],[119,26],[66,-8],[176,17],[74,-56],[137,-24],[86,4],[-16,68],[33,29],[295,24],[199,8],[62,-10],[304,8],[189,-18]],[[26067,99649],[65,-31],[46,35],[405,-6],[88,17],[129,-35],[105,22],[26,48],[104,-30],[139,61],[44,-25],[-74,-47],[184,9],[15,-61],[105,-10],[23,-30],[218,-5],[-5,-37],[172,-29],[70,-47],[162,49],[127,-26],[23,23],[-113,53],[-54,49],[-75,20],[28,43],[257,-66],[105,-64],[114,19],[-52,39],[68,29],[139,113],[-148,1],[-94,-21],[-17,67],[-90,-22],[-67,19],[-35,77],[-159,57],[57,44],[60,-10],[193,30],[97,73],[32,54],[-175,13],[19,32],[237,0],[304,59],[237,-115],[184,-36],[16,-64],[-69,-45],[113,-35],[184,-28],[183,-71],[52,-58],[165,-87],[70,-22],[31,-60],[-12,-62],[-100,-71],[20,-54],[-126,-13],[-122,-32],[-72,2],[-39,-65],[-65,-25],[-132,6],[9,-43],[-130,-45],[-217,25],[1,-77],[30,-62],[-34,-50],[-113,43],[-13,-63],[49,-46],[115,-7],[-46,-49],[43,-81],[3,-52],[224,-94],[94,-15],[40,-35],[101,-10],[16,-50],[86,-21],[47,-50],[-80,-85],[-171,-44],[-181,54],[-192,86],[-97,-4],[-38,-39],[82,-76],[15,-72],[114,-79],[100,-5],[66,-45],[72,-16],[44,-43],[-32,-24],[-13,-97],[68,0],[31,-72],[-14,-56],[61,-71],[-129,-33],[-101,-183],[-92,-12],[-196,-87],[-138,-18],[-83,-32],[-79,9],[-255,4],[-83,-68],[-143,36],[-79,-44],[2,-114],[74,-51],[-22,-48],[44,-23],[-32,-53],[5,-63],[79,-94],[-54,-46],[20,-65],[-115,-59],[-25,-50],[-152,-65],[-84,-3],[-56,-71],[-261,40],[-117,63],[8,36],[-128,64],[-83,-18],[-62,40],[39,49],[-220,152],[-11,37],[20,145],[-22,28],[78,102],[59,35],[-59,95],[63,50],[-69,56],[47,79],[-14,138],[167,99],[45,75],[16,128],[-63,99],[-89,-3],[-18,-69],[-127,-118],[-128,7],[-179,60],[-77,-27],[-6,-49],[64,-11],[10,-47],[-36,-76],[-127,65],[-68,-11],[33,-51],[-26,-88],[134,-55],[22,-37],[3,-126],[-27,-23],[32,-95],[-103,2],[-117,-65],[33,-28],[-58,-49],[-66,-15],[-123,41],[-50,78],[-143,43],[27,-59],[-87,-13],[-66,-76],[12,-66],[177,-16],[9,-32],[145,-28],[36,-91],[62,-52],[19,-55],[-49,-61],[47,-19],[28,-60],[-124,-132],[-146,-2],[-152,-51],[-36,-46],[23,-61],[-34,-27],[47,-40],[50,-84],[-116,-59],[20,-64],[-93,2],[-45,-59],[19,-46],[-75,-21],[-56,69],[-62,-7],[-106,76],[-34,120],[16,64],[-52,26],[15,56],[-103,39],[-65,121],[24,74],[-11,74],[-70,34],[-4,-92],[-103,-5],[-30,-41],[33,-49],[-111,-61],[154,-130],[40,-72],[-106,-73],[-38,-55],[69,-32],[83,-9],[-29,-56],[-111,29],[-110,0],[-38,-47],[128,-28],[51,-29],[77,-5],[-5,-43],[90,-47],[34,-117],[-25,-118],[-95,69],[-66,-27],[-92,-97],[21,-52],[-62,-21],[31,-87],[-113,-69],[-124,-47],[-119,-13],[-73,20],[-42,127],[-73,12],[-29,-118],[-39,-91],[-72,-44],[-101,13],[-116,52],[27,213],[-5,62],[34,67],[51,29],[-68,64],[10,52],[-127,-1],[-5,-69],[-37,-6],[-99,67],[-53,68],[-31,191],[14,84],[93,85],[-85,0],[-15,30],[-125,39],[-105,-13],[-24,-39],[-79,-15],[-31,-100],[45,-48],[-49,-67],[13,-51],[77,-62],[43,-92],[-20,-37],[45,-115],[-96,-31],[-14,71],[50,58],[-31,55],[-65,-31],[-56,20],[-38,-53],[-70,-31],[-49,11],[-53,-90],[-24,-112],[-124,130],[-84,48],[4,50],[-51,53],[-152,22],[-23,28],[-127,-2],[-21,44],[-146,47],[-41,-42],[-182,-13],[-56,-150],[-132,-66],[-21,-29],[-106,-59],[-196,9],[-138,65],[-37,67],[105,7],[-86,82],[74,34],[56,63],[57,25],[80,120],[-47,69],[-92,15],[-63,-47],[-94,20],[27,32],[129,43],[13,29],[-81,69],[-153,-58],[-53,-46],[-28,4],[-60,51],[-60,24],[88,23],[27,143],[109,32],[132,89],[-32,40],[30,88],[1,70],[89,30],[-1,25],[206,66],[8,34],[271,59],[40,-15],[125,89],[155,-39],[22,-27],[185,6],[-21,23],[166,30],[74,32],[60,112],[42,1],[24,97],[-22,58],[110,51],[43,112],[84,29],[18,43],[-22,132],[38,31],[114,-57],[156,60],[75,17],[95,88],[174,9],[72,29],[110,115],[51,0],[128,83],[-36,26],[27,59],[-71,22],[-5,64],[121,35],[185,103],[-27,49],[100,34],[29,30],[-36,84],[52,36],[116,16],[84,58],[-25,44],[131,52],[-4,85],[57,39],[67,-4],[74,34],[17,48],[136,46],[142,72],[54,76],[-28,36],[59,29],[7,83],[39,23],[59,98],[73,36],[97,10],[136,-18],[173,72],[-7,39]],[[36609,94541],[-1,-1043],[2,-796]],[[36610,92702],[-100,-17],[-70,-33],[-62,-87],[-91,35],[-145,11],[-58,27],[-92,-19],[-62,-115],[-71,-30],[-110,-10],[-49,25],[-53,-71],[52,-42],[50,-130],[-130,-34],[-107,-51],[-2,-37],[-65,-30],[-122,-26],[-86,-73],[-86,-20],[-69,-51],[-75,7],[-61,-28],[-32,-56],[-148,7],[-176,-125],[-67,-17],[-84,-59],[-344,-64],[-39,-41],[-247,-42],[-95,-42],[-191,-39],[-262,-28],[-266,-15],[-350,18],[-373,52],[-274,108],[-75,47],[-239,125],[-233,154],[-183,160],[-64,74],[-3,82],[69,62],[148,75],[42,43],[102,31],[48,39],[365,100],[43,19],[166,22],[40,23],[73,-18],[67,7],[114,57],[48,3],[72,-44],[75,11],[-47,74],[-75,11],[87,69],[86,7],[-11,52],[104,73],[246,83],[505,55],[385,20],[266,-12],[91,-37],[126,2],[115,51],[82,57],[52,61],[-110,33],[101,31],[31,-35],[63,-3],[129,62],[-22,47],[57,76],[121,32],[74,68],[62,15],[41,164],[108,2],[-4,60],[-134,32],[-40,47],[-120,-40],[-57,18],[-3,-78],[-46,-30],[-44,-91],[-82,-59],[-111,-35],[-100,28],[-103,-67],[-62,-24],[-9,71],[-158,-22],[-68,-63],[-204,26],[-91,-54],[-200,8],[-104,-10],[-66,78],[110,52],[81,89],[-61,70],[-74,28],[-50,-61],[41,-46],[-15,-53],[-141,-5],[-79,55],[-1,63],[54,50],[-1,34],[-83,79],[-44,-49],[-63,-168],[48,-116],[-29,-62],[-66,-45],[-255,-80],[-78,-1],[-114,95],[-10,-99],[-100,-42],[-140,-9],[-199,4],[-53,-29],[-63,10],[-34,-40],[-116,8],[-174,-21],[-51,63],[6,84],[42,119],[91,27],[105,50],[-49,35],[-65,-36],[-91,13],[69,188],[10,78],[65,151],[85,50],[158,49],[233,135],[-123,34],[-163,-73],[-267,-63],[-124,182],[-6,61],[-74,33],[-41,-189],[47,-76],[-5,-96],[-46,-69],[10,-29],[-90,-211],[-53,-40],[-99,39],[-72,109],[-43,37],[-224,68],[-5,-54],[-59,-28],[17,-38],[90,26],[106,-16],[38,-45],[13,-84],[52,-78],[76,-73],[-68,-145],[-97,-128],[-52,-40],[-96,-16],[-19,-25],[-105,-50],[-131,-43],[-63,-55],[-83,-41],[-44,2],[-130,-41],[-76,25],[-93,66],[-24,71],[-13,152],[40,53],[13,83],[-31,135],[-78,-2],[-24,-105],[-101,-85],[-39,-14],[-231,134],[-90,-26],[82,-47],[13,-99],[48,-40],[45,-107],[-15,-55],[-53,-57],[-122,-62],[-346,114],[-78,63],[-256,86],[13,26],[193,72],[-22,36],[-207,-23],[-35,56],[49,46],[40,105],[4,74],[-29,34],[-96,-23],[-164,-83],[-58,33],[-82,-29],[13,-36],[-64,-53],[-61,-83],[-229,57],[-70,67],[-51,-30],[-388,64],[-163,48],[-68,33],[-183,128],[39,70],[-24,40],[30,37],[112,50],[-41,25],[8,65],[289,296],[66,42],[211,41],[64,-9],[610,-3],[180,9],[56,25],[78,-35],[151,3],[130,15],[58,27],[178,116],[244,131],[144,28],[100,42],[124,-30],[37,24],[-64,39],[126,111],[78,44],[-13,69],[-222,-104],[-166,-38],[-72,4],[-156,-18],[-202,-67],[-50,-29],[-203,-41],[-92,-64],[-53,28],[-89,-36],[-210,-29],[-211,11],[-94,13],[-540,22],[-81,-5],[-9,48],[43,146],[37,64],[126,160],[80,79],[26,46],[100,63],[72,23],[308,1],[284,5],[78,17],[188,-4],[104,15],[101,46],[124,6],[70,73],[86,-46],[54,-7],[140,17],[117,-12],[98,54],[77,-16],[86,7],[66,27],[148,-23],[90,14],[167,86],[-112,39],[-419,-73],[-359,6],[-111,15],[-165,4],[-192,-50],[-258,-1],[-224,18],[-88,-20],[-92,13],[-268,57],[15,123],[44,79],[94,1],[84,26],[76,-27],[18,82],[-76,21],[13,43],[-179,11],[-31,109],[87,122],[113,94],[129,74],[147,34],[80,41],[136,18],[428,-42],[211,-2],[113,35],[87,-29],[139,7],[61,-11],[234,-78],[89,14],[84,-30],[244,27],[-79,25],[-67,-12],[-236,33],[-61,84],[-161,40],[-171,25],[-30,-9],[-238,16],[-202,3],[-119,25],[-72,31],[-36,124],[66,28],[44,52],[-79,25],[1,53],[112,70],[111,29],[-4,32],[149,87],[85,24],[-4,33],[142,-21],[114,33],[81,8],[65,35],[126,-8],[132,30],[47,71],[139,18],[-7,-47],[138,-23],[123,6],[88,23],[143,-38],[55,13],[86,-50],[80,1],[83,-83],[45,-67],[-12,-170],[-128,-55],[89,-27],[-62,-33],[108,-71],[39,-77],[64,-11],[-8,-50],[-72,-13],[6,-49],[147,-85],[56,30],[201,-3],[64,31],[90,9],[30,52],[127,7],[126,77],[111,15],[104,-50],[138,7],[29,41],[173,-40],[11,-74],[44,-37],[102,7],[0,-56],[189,1],[78,-34],[100,-19],[0,-49],[-86,-20],[-28,-33],[17,-71],[-17,-42],[101,-61],[41,-60],[-13,-52],[306,-76],[165,-32],[23,-52],[116,-58],[15,-31],[108,-3],[97,-93],[-56,-48],[-105,-6],[-188,-29],[-104,-37],[-118,-73],[-128,-14],[-96,-37],[27,-28],[89,39],[119,18],[104,-64],[79,5],[94,-40],[52,9],[35,46],[88,34],[29,-24],[91,5],[75,-21],[31,37],[86,29],[96,-14],[-2,-53],[-67,-19],[-53,-43],[130,-35],[38,-55],[-65,-51],[128,-58],[27,-42],[-96,-93],[57,-64],[5,-50],[-60,-35],[-8,-37],[64,-87],[99,-17],[-77,-53],[100,-43],[-33,-51],[57,-26],[40,33],[98,16],[149,-13],[74,61],[97,4],[21,37],[123,23],[62,-32],[245,41],[66,-96],[137,16],[147,-21],[63,15],[134,0],[98,-36],[77,2]],[[19128,91241],[130,36],[144,18],[131,28],[184,24],[172,39],[116,13],[80,-7],[72,19],[299,31],[127,4],[90,26],[157,25],[43,17],[81,-10],[290,31],[67,14],[114,-15],[291,20],[110,26],[148,8],[92,40],[54,-5],[299,123],[208,51],[213,24],[130,-11],[84,-39],[94,8],[78,-12],[76,-45],[58,4],[87,-129],[60,-49],[67,-95],[38,10],[165,-90],[93,-26],[59,-61],[100,-23],[173,-96],[149,-40],[41,-32],[169,-68],[181,-28],[139,-43],[169,-24],[63,-73],[-32,-80],[-66,-95],[110,-40],[59,48],[66,92],[-11,58],[78,56],[83,-32],[95,18],[182,-10],[47,-36],[12,-119],[39,-31],[-20,-59],[35,-77],[-10,-65],[-72,-27],[-59,-168],[-3,-54],[244,36],[52,81],[67,45],[18,59],[46,26],[28,159],[-96,27],[-8,39],[120,134],[153,49],[172,45],[64,-3],[122,50],[100,14],[95,37],[132,7],[181,-24],[48,-17],[238,-46],[42,3],[277,-76],[93,-40],[122,-72],[240,-173],[39,-38],[304,-228],[66,-41],[36,-47],[205,-177],[198,-182],[144,-112],[177,-155],[60,-73],[58,-25],[198,-169],[46,-78],[104,-8],[77,-75],[211,-169],[46,-53],[-1,-113],[35,-43],[-143,-64],[-83,-102],[-58,-2],[-66,-48],[-52,-64],[-62,-3],[-59,-66],[-79,-45],[-75,-1],[-45,-42],[-140,-41],[-209,-45],[-29,-32],[-89,-32],[-91,-12],[-46,-30],[-79,-7],[-84,-66],[-110,-26],[-73,-56],[-47,-59],[-39,3],[-127,-75],[-108,-88],[-138,-38],[-123,-66],[-13,-60],[-71,-7],[-122,-32],[-69,5],[-161,-111],[-77,-64],[-79,-20],[-27,-49],[-309,-187],[-17,-35],[-77,-7],[-121,-42],[-219,-122],[-97,-66],[-3,-74],[-77,-45],[-109,-2],[-113,-27],[-66,-50],[-130,-64],[-143,-120],[-109,-35],[-71,-73],[3,-47],[-28,-76],[19,-101],[-65,-57],[-27,-62],[10,-34],[-55,-68],[-4,-70],[-29,-69],[-10,-101],[31,-35],[-67,-33],[-34,-41],[-77,-47],[-107,-29],[-142,-90],[-148,-149],[-37,-9],[-94,18],[-141,2],[-130,18],[-51,51],[73,30],[-42,32],[-74,6],[-55,-46],[-4,-73],[69,-34],[38,-119],[37,-62],[-35,-107],[-14,-91],[-61,-55],[-25,-76],[-83,-73],[-26,-46],[-93,-85],[-38,-73],[22,-76],[46,-70],[6,-45],[-29,-95],[-11,-99],[-22,-79],[-11,-101],[68,-73],[21,-49],[-44,-85],[-25,-152],[-46,-131],[-73,-97],[-148,-121],[-168,-81],[-237,-72],[-286,-118],[-155,-34],[-59,22],[-98,81],[-42,102],[-47,53],[-60,10],[-59,-18],[-20,42],[-80,21],[-76,0],[36,-65],[-32,-41],[94,-12],[-98,-71],[-73,-70],[-95,-151],[-42,-92],[-85,-81],[-176,-89],[-230,-79],[-88,25],[1,-62],[-93,-65],[-95,-88],[-108,-139],[-24,-49],[-57,-14],[-77,17],[-51,-16],[-63,14],[-126,-26],[-104,84],[-47,7],[-16,56],[-101,96],[-123,159],[-28,69],[4,54],[-49,154],[-12,92],[-34,60],[-12,70],[-50,61],[-12,90],[-36,118],[-215,103],[-42,147],[-99,168],[-45,60],[-114,87],[-84,47],[-53,50],[-88,46],[-129,49],[-170,35],[-120,37],[-146,91],[-116,52],[-112,77],[-243,134],[-108,83],[-1,29],[115,-13],[48,14],[-45,56],[-166,9],[-221,-19],[-189,-37],[-148,-22],[-80,1],[1,58],[72,70],[58,125],[16,105],[-63,100],[-9,58],[65,72],[66,48],[-43,135],[32,81],[70,-22],[29,26],[98,34],[0,101],[-36,18],[14,54],[108,118],[43,94],[70,35],[-33,55],[47,52],[-17,37],[66,44],[71,75],[128,68],[81,70],[56,-10],[-16,100],[-108,58],[-24,39],[174,136],[-22,60],[-44,47],[46,34],[5,67],[-58,80],[-31,144],[-74,49],[-13,59],[71,28],[12,-56],[144,23],[78,34],[111,22],[25,-29],[172,49],[109,65],[43,43],[-65,69],[-33,87],[-87,30],[-37,46],[-70,26],[-39,-37],[-86,68],[-56,110],[22,70],[76,46],[26,103],[113,11],[51,37],[-63,20],[156,170],[-10,106],[43,145],[59,83],[100,34],[-11,102],[-23,21],[122,122],[17,70],[204,36],[-16,34],[83,32],[-18,58],[4,85],[65,44],[-49,70],[5,125],[60,21],[36,49],[40,-6],[63,43],[61,7],[-13,121],[86,50],[-59,66],[-6,94],[-61,43],[-97,35],[-90,-6],[-118,28],[-68,50],[14,143],[-29,62],[-40,-10],[-17,76],[-48,28],[-13,61],[-58,50],[0,97],[-104,66],[-21,62],[82,115],[-107,139],[3,40],[-54,20],[30,88],[-52,20],[-10,58],[-74,8],[-49,-24],[-38,42],[97,59],[-1,33],[-111,-1],[-55,23],[-21,41],[54,22]],[[36592,85911],[-2,-336],[1,-686],[-4,-1063],[-2,-686],[-3,-1012],[-2,-582],[-2,-731],[-2,-876],[-3,-860],[-2508,8],[-601,2],[-9,-430],[-352,-1],[-8,433],[-130,-1],[-1067,-5],[-770,-1],[-2176,-2],[-785,3],[11,-122],[105,-214],[198,-261],[340,-234],[-615,-29]],[[28206,78225],[-177,93],[-85,88],[-55,94],[30,47],[-70,68],[4,76],[-58,215],[-59,114],[22,59],[13,117],[41,9],[44,51],[98,57],[114,50],[97,26],[50,37],[118,28],[102,14],[35,26],[174,42],[189,59],[153,31],[36,-8],[101,24],[61,39],[239,48],[115,2],[148,24],[150,34],[197,22],[210,41],[36,-10],[142,46],[142,12],[105,-13],[351,65],[94,34],[224,12],[227,-29],[71,-54],[65,-26],[88,-9],[98,-27],[128,15],[78,-6],[60,-28],[82,7],[82,29],[276,4],[70,-49],[76,0],[145,-72],[65,-14],[49,20],[140,-15],[41,-47],[104,-1],[21,-25],[147,-30],[53,35],[-59,58],[162,7],[73,-12],[103,127],[73,-1],[30,34],[-101,19],[0,22],[133,-30],[8,-15],[172,-48],[36,28],[48,-13],[91,26],[192,-30],[56,2],[22,33],[63,-27],[75,-9],[-9,42],[-69,34],[-97,28],[1,39],[137,-19],[77,35],[5,36],[-67,39],[-105,9],[-65,24],[-51,-21],[-182,8],[-168,67],[15,43],[-55,18],[-30,72],[1,77],[-41,20],[-4,65],[-95,56],[-134,-6],[-26,56],[-107,2],[-59,25],[-51,-42],[-70,7],[-118,96],[-218,27],[-2,-46],[-128,71],[-144,53],[-49,60],[-77,60],[-36,-2],[-63,43],[-66,10],[-87,-24],[-73,83],[-48,-19],[-18,-50],[-83,-28],[-37,32],[-76,31],[-16,46],[-54,32],[-88,6],[-25,49],[-64,-18],[-108,24],[-191,-123],[-60,-6],[-171,37],[-118,-30],[-93,-96],[-84,-5],[-40,-23],[-89,-2],[-63,-25],[-52,43],[-106,-40],[-89,-6],[8,-33],[-153,-20],[-47,25],[-83,-24],[-58,12],[-42,-19],[-102,13],[-5,20],[-179,-30],[-158,-20],[-35,40],[-90,-25],[-74,11],[-118,-21],[-23,-40],[-117,-25],[-37,68],[-56,-28],[-62,14],[-18,56],[101,32],[-8,34],[-142,-6],[-67,22],[-71,-2],[-126,-30],[-65,20],[-78,-13],[-23,-46],[-144,-30],[-69,7],[-170,-6],[-22,37],[-125,-9],[-159,12],[-82,-10],[-57,-27],[-35,57],[-83,-5],[16,-53],[56,-7],[29,-31],[-57,-34],[-73,29],[24,56],[-23,30],[-58,-1],[-41,-55],[-54,7],[-39,46],[-93,46],[-44,43],[58,155],[-36,1],[-113,72],[-31,-2],[-43,54],[-124,76],[-111,55],[-152,125],[-84,91],[-73,124],[-60,53],[-3,52],[-64,53],[8,58],[99,132],[111,42],[57,52],[78,37],[73,63],[103,45],[56,40],[84,16],[42,44],[295,43],[159,49],[226,49],[213,76],[80,-19],[182,41],[12,76],[115,70],[126,23],[50,43],[97,16],[291,98],[86,-17],[29,-32],[83,24],[62,-7],[47,19],[126,7],[88,17],[69,-9],[44,25],[1,41],[-128,17],[-120,-22],[-92,55],[-65,12],[-108,47],[3,25],[137,23],[74,56],[52,8],[147,54],[85,-5],[156,50],[-5,-64],[127,-9],[71,-33],[-8,-31],[98,-9],[31,56],[178,62],[0,61],[-178,-74],[-92,22],[-51,-22],[-40,19],[-58,70],[109,41],[-144,44],[-75,1],[-92,18],[-188,-67],[-245,-73],[-88,-10],[-46,-25],[-96,3],[-48,22],[-256,-75],[-43,-23],[-159,-10],[-95,-43],[-53,-48],[-102,-21],[-139,30],[-78,-17],[-38,-41],[-74,-39],[-81,30],[-57,-13],[-12,-53],[-50,-25],[-58,18],[-16,57],[25,44],[1,82],[-89,20],[-33,82],[-87,-16],[-87,-37],[37,-71],[56,19],[102,-46],[-46,-157],[-70,-19],[-60,45],[-217,-50],[-9,40],[-69,21],[-21,-29],[-120,-24],[-126,18],[-60,-5],[-96,36],[-61,108],[-22,109],[76,74],[41,59],[177,89],[117,-9],[226,-46],[36,61],[79,29],[-7,57],[-84,-10],[-44,61],[-116,43],[-82,-42],[-5,46],[32,47],[130,65],[42,39],[-145,-11],[-160,22],[-1,-39],[-94,-26],[-13,-49],[-62,-45],[23,-43],[-61,-21],[-76,2],[-54,-46],[-70,33],[-22,36],[25,54],[-121,93],[-144,13],[-13,-34],[-118,34],[-89,5],[-65,-12],[-2,-75],[-43,-62],[-7,-55],[-113,84],[-50,52],[-47,81],[-18,150],[-34,108],[-2,118],[16,50],[-6,74],[71,191],[120,168],[106,115],[109,63],[69,54],[52,80],[6,79],[90,140],[85,68],[60,-14],[110,34],[141,58],[122,7],[68,55],[-5,89],[12,78],[-21,66],[-87,75],[-56,12],[-99,-23],[-126,28],[-52,-4],[-105,102],[-2,194],[58,124],[40,47],[138,114],[46,54],[63,27],[77,84],[23,46],[120,50],[76,76],[101,13],[93,59],[54,57],[93,68],[33,41],[77,27],[75,81],[55,87],[74,78],[26,53],[115,101],[84,28],[117,13],[155,67],[130,22],[124,41],[35,40],[69,19],[47,52],[91,46],[49,47],[124,4],[50,19],[111,82],[92,49],[104,35],[76,-7],[74,22],[51,37],[210,71],[72,42],[118,22],[45,24],[220,64],[97,80],[94,60],[54,-23],[56,13],[96,63],[108,30],[29,24],[87,16],[159,88],[36,67],[180,7],[103,-5],[174,-65],[142,-75],[77,-75],[-18,-13],[155,-178],[39,-77],[7,-56],[43,-71],[10,-136],[-36,-149],[25,-69],[-85,-76],[-15,-85],[45,-106],[-39,-51],[14,-133],[84,-111],[-72,-57],[-169,-11],[-97,-17],[-36,-71],[-85,-23],[-37,-69],[64,-74],[-10,-39],[29,-49],[-81,-18],[-37,-61],[-52,-20],[-18,-42],[-83,1],[-76,-61],[-70,-8],[117,-58],[38,-41],[179,-42],[137,119],[162,86],[56,54],[135,28],[98,-48],[64,13],[154,73],[195,80],[6,-35],[-69,-55],[-171,-91],[-18,-42],[49,-14],[51,57],[40,-8],[88,63],[119,45],[25,72],[-18,39],[35,63],[-20,36],[-196,17],[-33,57],[43,66],[101,101],[42,61],[101,198],[64,55],[89,117],[163,62],[102,1],[222,-50],[82,-38],[138,-15],[112,-35],[112,-56],[83,-69],[88,-37],[111,-26],[135,4],[70,-11],[66,-49],[77,-30],[101,-74],[107,-22],[26,-31],[98,-29],[78,-7],[158,-86],[-4,-102],[69,-8],[63,33],[65,-25],[63,-58],[-34,-14],[-24,-70],[80,-61],[-4,-115],[-38,-37],[-38,-125],[-104,-43],[-87,-89],[-71,-44],[96,-29],[-46,-67],[-72,-68],[-183,-103],[-94,-18],[-50,-46],[-143,-85],[-52,41],[-61,-48],[28,-50],[-74,-48],[-37,-90],[23,-25],[78,26],[-9,41],[137,99],[49,-32],[137,34],[40,63],[62,-41],[27,-41],[-80,-46],[-90,-8],[80,-77],[-52,-77],[30,-37],[105,-23],[24,39],[-127,-14],[-28,32],[71,56],[18,64],[52,-27],[49,70],[130,32],[63,60],[-198,-18],[-39,78],[70,75],[102,38],[149,137],[103,38],[52,-38],[-37,-36],[-97,-51],[26,-41],[-3,-59],[-100,-66],[37,-49],[66,55],[67,-1],[46,-33],[64,-13],[55,-38],[37,28],[-33,41],[-2,90],[112,90],[43,61],[-40,79],[53,35],[230,-33],[-97,88],[30,68],[45,22],[23,63],[51,33],[60,3],[61,-52],[108,-44],[-114,-92],[89,-106],[112,-21],[58,-65],[103,-32],[22,20],[-103,38],[-33,56],[-151,85],[-2,54],[120,0],[49,111],[61,-1],[42,-69],[109,-59],[68,-65],[39,-76],[48,-40],[63,-9],[81,80],[102,-83]],[[9871,75999],[20,79],[-44,9],[-42,-67],[66,-21]],[[23932,72884],[724,-480],[799,-550],[867,-593],[958,-396],[837,-357],[32,-26],[478,-342]],[[28627,70140],[-535,-477],[-768,-702],[-418,-2825],[-1575,-19],[-151,-819],[486,-39],[-103,-140],[-890,-1227],[3,-1093],[1,-567]],[[24677,62232],[-476,341],[-143,36],[-159,-25],[24,-50],[35,-132],[-88,-92],[-164,73],[-246,174],[20,-98],[-331,-131],[-217,264],[-115,-14],[-511,-392],[-920,9],[-1027,-11],[-625,-5],[-752,-434],[-43,-50],[-73,-41],[-22,-31],[-78,-19],[-48,-83],[-74,-45],[-23,-37],[-285,-129],[-37,-24],[-35,-56],[-92,-45],[-34,-58],[-37,-15],[-23,-45],[-53,-38],[-95,-4],[-49,-59],[-39,-12],[-56,-113],[-51,23],[-16,-33],[-2,-72],[-30,-64],[-80,-31],[-28,10],[-108,-59],[-46,-64],[-24,-56],[-83,-35],[-52,-35],[-38,-75],[-19,-7],[-11,-85],[17,-210],[-28,-80],[-3,-61],[-69,-32],[18,-82],[-40,-41],[14,-65],[-36,-138],[-14,-25],[37,-115],[23,-33],[4,-69],[-20,-43],[-15,-85],[-107,-72],[-59,-49],[-13,-33],[38,-87],[-10,-55],[-2035,-1641],[-197,-167],[89,-129],[52,-54],[25,-60],[-12,-45]],[[26921,65119],[112,-336],[300,-536],[368,-400],[1628,148],[-12,243],[24,88],[379,81],[199,-51],[-4,-223],[-220,23],[-3,-954],[482,-444],[850,296],[56,209],[323,-25],[336,255],[-50,34],[-3,44],[52,13],[25,-36],[157,161],[130,170],[162,130],[245,204],[130,98],[127,0],[140,-21],[585,-226],[-70,-415],[-414,-262],[-1178,-770],[-538,-76],[-302,-1105],[-149,-556],[38,-4],[-71,-625],[-47,13],[-35,-72],[36,-18],[-110,-116],[-134,-49],[-218,53],[-409,-1024],[-259,-79],[-59,-10],[-232,-99],[-133,-161],[-275,754],[-528,-16],[3,334],[-1186,-72],[-395,169],[-656,328],[67,1078],[394,36],[48,43],[18,58],[17,152],[560,35],[-135,1942],[-513,638],[-323,-21],[-149,604],[372,95],[90,80],[3,187],[-18,72],[-53,29],[40,105],[260,174],[125,-374]],[[24677,62232],[2,-662],[2,-737],[0,-635],[0,-664],[0,-497],[827,-368],[513,-235],[639,-327],[653,-342],[475,-255],[847,-455],[733,-394],[474,-262],[455,-248],[446,-296]],[[30743,55855],[-2,-6],[-623,-1736],[-225,-647],[-50,-264],[-97,29],[-68,-3],[-96,27],[-23,55],[22,53],[30,16],[27,52],[-3,56],[61,47],[-36,66],[-176,-71],[3,-271],[-237,-316],[-292,23],[3,-526],[20,2],[-63,-203],[3,-54],[-31,-45],[-65,-36],[-43,-81],[-80,-107],[-59,-136],[-58,-58],[-6,-50],[-23,-31],[2,-81],[-27,-48],[-39,-29],[-29,-86],[-26,-18],[-87,-115],[-37,-2],[-89,-78],[-5,-28]],[[45802,58312],[0,-960],[0,-734],[0,-1082],[0,-1012],[0,-699],[0,-715],[0,-576],[0,-751],[0,-628]],[[30743,55855],[302,113],[1184,696],[267,27],[157,29],[47,37],[10,42],[98,-37],[79,10],[140,50],[79,36],[159,39],[263,52],[48,14],[106,144],[98,96],[37,10],[84,105],[-2,20],[52,70],[173,134],[139,155],[48,41],[70,28],[74,173],[25,95],[3,53],[77,158],[75,116],[-6,66],[66,200],[141,80],[134,236],[193,158],[259,113],[234,85],[468,24],[232,-18],[431,-71],[24,-44],[130,-37],[40,-62],[495,-101],[108,-37],[2674,-79],[1927,-213],[45,-6],[3572,-343]],[[42259,63660],[168,-32],[1027,-217],[620,-139],[644,-150],[493,-120],[591,-148],[0,-859],[0,-1082],[0,-681],[0,-507],[0,-907],[0,-506]],[[28627,70140],[1900,-1426],[820,-649],[2031,-1697],[1154,6],[1247,-9],[1009,-973],[277,-274],[491,-469],[114,-153],[105,-125],[665,-89],[712,-101],[733,-112],[537,-87],[904,-152],[933,-170]],[[89801,52024],[-47,60],[-73,45],[-94,23],[-2,35],[-73,25],[-30,55],[-40,16],[-4,37],[-43,82],[17,70],[65,58],[77,-38],[17,1],[35,-16],[-2,20],[31,29],[93,-73],[33,-91],[36,-29],[6,-87],[57,42],[43,-78]],[[72994,31518],[-5,16]],[[72838,31876],[4,8]],[[73332,29931],[0,-2],[0,2]],[[72687,34463],[-8,3]],[[65943,37888],[18,0]],[[68971,37189],[12,-134],[28,-98]],[[59947,42776],[19,0]],[[41106,93248],[0,-11]],[[41106,93237],[17,-27],[-205,-54],[-42,-36],[-163,-22],[-215,-47],[-195,15],[-35,-29],[-86,-16],[14,-78],[-118,-35],[-26,-48],[-76,2],[-260,-55],[-70,7],[-50,67],[-60,-14],[-169,31],[-22,34],[-130,22],[-58,30],[-22,103],[-52,36],[75,69],[-23,98],[-91,40],[2,-94],[45,-83],[-213,-92],[-54,45],[-50,-52],[62,-61],[3,-65],[-92,-38],[-129,-30],[-332,-28],[-126,55],[-11,44],[42,69],[-38,42],[7,54],[-61,28],[-16,64],[-249,73],[-128,-59],[-31,-36],[-20,-105],[-63,11],[-36,-39],[-146,-74],[-116,-34],[-65,10],[-100,-118],[36,-34],[-131,-37],[-22,-55],[-49,-25],[-117,1],[-65,22],[-108,-6],[-63,19]],[[36609,94541],[191,6],[123,-13],[118,-34],[187,-19],[87,2],[148,-20],[49,-33],[215,-39],[4,62],[-65,78],[13,42],[-45,50],[77,28],[37,84],[87,35],[-64,104],[-91,70],[77,21],[-83,39],[-69,70],[-80,-9],[22,55],[-239,88],[-187,19],[-124,63],[-182,13],[-30,39],[73,14],[0,39],[-84,24],[69,48],[-73,56],[-121,-65],[-41,5]],[[36607,95657],[67,7],[117,60],[78,2],[78,57],[25,45],[64,8],[95,50],[27,43],[70,34],[-6,44],[-78,46],[13,29],[116,54],[-129,102],[-101,25],[-38,72],[-162,62],[-112,-1],[73,79],[-161,19],[-38,35]],[[36604,97257],[150,-4],[42,65],[-31,39],[-69,-24],[-80,20],[88,53],[26,97],[28,23],[113,-60],[-7,103],[103,36],[-15,59],[65,73],[-24,61],[69,25],[-12,62],[52,46],[67,4],[54,40],[-35,42],[68,70],[75,-10],[40,50],[77,23],[86,-21],[121,17],[34,-40],[149,68],[162,-10],[40,-42],[-112,-119],[79,-35],[127,15],[123,-44],[47,-68],[-78,-117],[-69,-43],[-44,-57],[-172,-4],[-1,-115],[114,-27],[-17,-50],[105,-9],[48,-37],[-36,-47],[-106,-88],[131,0],[-95,-74],[148,-54],[-150,-91],[8,-51],[242,-20],[127,-51],[30,-83],[65,-43],[-32,-25],[32,-67],[72,-34],[86,-75],[-175,-22],[-26,-71],[180,-29],[-38,-44],[-123,-20],[-178,-104],[-30,-66],[30,-25],[-109,-113],[112,-28],[-85,-33],[50,-69],[146,27],[95,-33],[101,43],[144,18],[187,-24],[60,-56],[54,-11],[-15,-54],[123,-41],[4,-19],[-106,-104],[-10,-29],[-90,-51],[53,-43],[-159,-32],[-48,-78],[13,-41],[-94,-54],[-45,-92],[55,-72],[113,45],[127,143],[41,106],[143,24],[257,58],[99,3],[77,-22],[92,6],[168,-41],[-78,-55],[-18,-86],[64,-97],[72,-70],[-2,-57],[79,-38],[-32,-39],[36,-77],[11,-85],[39,6],[-3,139],[45,69],[-24,33],[105,85],[137,3],[-192,58],[-56,30],[-8,52],[37,105],[-56,137],[22,101],[78,19],[37,53],[57,19],[87,92],[11,63],[67,17],[97,-6],[108,-30],[91,15],[262,-56],[94,-47],[107,-16],[181,-81],[101,-63],[55,-14],[125,-97],[95,-120],[53,-99],[-19,-52],[7,-82],[34,-45],[28,-86],[-86,-52],[102,-61],[-16,-54],[33,-41],[-40,-140],[-70,-49],[-15,-144],[-56,-34],[-131,-34],[-115,-128],[125,-45],[27,-40],[-10,-61],[-87,-39],[-26,-36],[76,-123],[-87,-95],[-27,-76],[-88,-7],[0,-41],[-65,-19],[-34,-136],[-43,-29],[57,-70],[70,-29],[-72,-43],[5,-73],[-176,-24],[-4,-32],[-76,-68],[96,-88]],[[36608,103226],[61,-19],[40,-54],[103,-21],[86,-62],[57,25],[94,-39],[41,-46],[73,-21],[85,-108],[77,-124],[-66,-13],[8,-44],[-53,-41],[-15,-119],[43,-51],[-44,-113],[-79,-72],[-124,6],[-314,-51],[-72,11]],[[36609,101737],[188,-18],[124,-67],[-40,-69],[28,-62],[-104,-185],[-67,-50],[-129,-35]],[[42698,89234],[-23,4]],[[42675,89238],[23,-4]],[[51690,86788],[-22,8]],[[51668,86796],[22,-8]],[[41106,93248],[0,-11]],[[41106,93237],[0,11]],[[51528,86846],[-71,25]],[[51457,86871],[71,-25]],[[67329,68483],[-55,76]],[[67274,68559],[55,-42],[0,-34]],[[51630,86810],[-98,35]],[[51532,86845],[52,5],[46,-40]],[[78638,63054],[-20,-64],[-37,25],[57,39]],[[79783,62579],[29,-15],[-12,-54],[-39,31],[22,38]],[[76763,76827],[37,-122],[-34,9],[-3,113]],[[88703,64599],[-53,-32],[-2,54],[55,-22]],[[83583,58960],[68,-69],[-22,-22],[-46,91]],[[71958,33044],[33,-55],[-27,-10],[-6,65]],[[86951,74874],[-60,-50],[-38,28],[98,22]],[[86633,67384],[1,-39],[-63,8],[-10,33],[72,-2]],[[88722,64485],[6,-67],[-53,26],[47,41]],[[88078,57018],[28,-15],[9,-44],[-46,-2],[9,61]],[[68045,79051],[92,-31],[-36,-37],[-56,68]],[[87064,59496],[61,-78],[-27,-6],[-34,84]],[[58219,97254],[150,-27],[-21,-40],[-129,67]],[[70902,49094],[2,-91],[-30,7],[28,84]],[[71981,40638],[-47,-67],[-19,15],[46,58],[20,-6]],[[79665,62586],[-13,-56],[-38,40],[51,16]],[[77941,105354],[28,-59],[-91,2],[-38,44],[101,13]],[[65811,70526],[-2,4],[-2,2],[-1,1],[-2,5],[-4,5],[62,26],[-6,-47],[-45,4]],[[88058,59473],[41,-31],[-43,-41],[2,72]],[[85015,79483],[8,-39],[-62,-12],[14,53],[40,-2]],[[86334,57070],[11,-31],[-30,-29],[-33,43],[52,17]],[[88953,63896],[27,-35],[-42,-41],[-10,57],[25,19]],[[79069,62824],[38,-45],[-42,-21],[-34,43],[38,23]],[[73374,44294],[5,-45],[-31,-7],[-17,43],[43,9]],[[88224,59326],[47,-31],[-46,-33],[-1,64]],[[65488,76252],[17,-66],[-68,32],[51,34]],[[79943,62432],[8,-44],[-71,-33],[6,46],[57,31]],[[48111,97956],[31,-58],[-91,7],[60,51]],[[86978,75148],[22,-68],[-61,17],[39,51]],[[86060,59823],[-25,-35],[-53,22],[20,33],[58,-20]],[[62628,73917],[88,-29],[-10,-43],[-75,47],[-3,25]],[[65432,76456],[15,-58],[-22,-16],[-61,51],[68,23]],[[75560,42442],[10,-72],[-41,5],[31,67]],[[69934,70620],[-14,-59],[-48,13],[1,50],[61,-4]],[[79223,115399],[15,-55],[-164,3],[9,42],[140,10]],[[75107,78474],[62,-60],[-44,-11],[-18,71]],[[69920,78839],[37,-16],[-4,-55],[-83,59],[50,12]],[[89155,55942],[10,-43],[-69,-6],[20,46],[39,3]],[[78365,63377],[32,-32],[-23,-37],[-54,40],[45,29]],[[59254,112396],[71,-40],[-107,-17],[-71,44],[107,13]],[[89788,63167],[7,-76],[-57,21],[-5,25],[55,30]],[[78176,74978],[-32,-52],[-42,48],[74,4]],[[71008,49585],[20,-6],[-20,-90],[-25,19],[25,77]],[[87251,65698],[38,-69],[-46,-22],[-13,39],[21,52]],[[86455,67401],[6,-56],[-69,16],[63,40]],[[89182,59321],[48,-70],[-72,7],[24,63]],[[50959,94043],[72,-8],[-28,-53],[-74,19],[30,42]],[[51434,94541],[-41,-73],[-59,40],[100,33]],[[69130,78126],[-14,-36],[-123,-10],[20,30],[117,16]],[[71870,96501],[21,-73],[-101,19],[80,54]],[[74679,61478],[-25,-86],[-29,54],[54,32]],[[78344,66579],[41,-82],[-75,42],[34,40]],[[87034,66434],[7,-34],[-27,-106],[-22,4],[15,98],[27,38]],[[65494,76479],[39,-78],[-76,22],[37,56]],[[93021,68724],[2,-60],[-59,12],[7,41],[50,7]],[[86328,68784],[52,-49],[-34,-22],[-60,44],[42,27]],[[92656,67872],[13,-57],[-64,15],[51,42]],[[80180,62089],[27,-56],[-56,4],[29,52]],[[90307,60964],[28,-24],[-29,-61],[-24,65],[25,20]],[[81663,59780],[10,-58],[-64,32],[-11,44],[65,-18]],[[65282,76324],[73,-25],[-40,-46],[-35,26],[2,45]],[[87816,73887],[-17,-66],[-35,11],[12,56],[40,-1]],[[70985,48670],[-5,-47],[-49,-6],[0,32],[54,21]],[[83514,53527],[-13,-49],[-49,9],[27,49],[35,-9]],[[81368,60270],[-22,-38],[-53,21],[2,27],[73,-10]],[[72569,28813],[-25,-46],[-28,17],[40,53],[13,-24]],[[73961,40842],[-41,-70],[-38,36],[24,26],[55,8]],[[65533,75724],[94,-14],[-35,-37],[-59,51]],[[73974,57872],[-11,-46],[-51,-18],[-12,50],[74,14]],[[87720,68404],[60,-73],[-36,-19],[-48,45],[24,47]],[[87116,66284],[10,-89],[-28,-15],[-31,83],[49,21]],[[50933,93140],[58,-46],[-110,-20],[-6,71],[58,-5]],[[80210,62139],[25,-12],[26,-79],[-39,-18],[-22,76],[10,33]],[[87279,65456],[23,-34],[56,-2],[-2,-48],[-82,29],[5,55]],[[72447,78473],[45,-60],[-78,-12],[33,72]],[[88376,73580],[-9,-26],[29,-61],[-65,5],[-2,44],[47,38]],[[85874,75972],[23,-26],[-13,-56],[-74,32],[64,50]],[[87038,65907],[-15,-137],[-23,4],[6,113],[32,20]],[[75729,62746],[-35,-51],[-62,36],[32,25],[65,-10]],[[77959,85155],[-31,-61],[-58,36],[89,25]],[[77804,64448],[14,-111],[-40,31],[-28,55],[54,25]],[[89419,73150],[7,-54],[-70,-10],[25,63],[38,1]],[[48173,94839],[15,-91],[-103,10],[42,63],[46,18]],[[80710,61794],[-1,-57],[-36,-31],[-29,35],[39,55],[27,-2]],[[81117,61304],[9,-33],[-48,-49],[-25,55],[64,27]],[[73898,46590],[71,-51],[-38,-27],[-33,78]],[[86836,65982],[21,-17],[-14,-82],[-43,-21],[20,119],[16,1]],[[71464,79080],[91,-18],[3,-50],[-68,-5],[-26,73]],[[86524,67422],[36,-60],[-25,-30],[-68,84],[57,6]],[[65260,76505],[51,-40],[-10,-45],[-74,38],[33,47]],[[86107,67305],[20,-26],[-26,-47],[-75,57],[81,16]],[[65876,76491],[42,-53],[-69,-27],[-40,46],[67,34]],[[63684,110059],[-13,-77],[-138,-24],[38,67],[113,34]],[[89725,53077],[5,-63],[-27,-19],[-18,72],[40,10]],[[87122,65716],[16,-70],[-33,-30],[-28,49],[45,51]],[[52406,97414],[-62,-10],[59,92],[36,-13],[-33,-69]],[[65609,76055],[58,-25],[-5,-55],[-78,44],[25,36]],[[52680,92305],[-63,-57],[-68,46],[104,44],[27,-33]],[[54643,104937],[-18,-64],[-102,39],[120,25]],[[88313,67272],[19,-30],[-38,-29],[-64,44],[21,25],[62,-10]],[[53014,99285],[21,-68],[-90,-1],[-38,40],[107,29]],[[85932,60318],[26,-30],[-11,-43],[-86,44],[71,29]],[[79569,62585],[21,-64],[-48,11],[27,53]],[[86707,66558],[-19,-48],[58,-13],[-18,-33],[-52,-6],[2,92],[29,8]],[[90493,71598],[-8,-51],[-66,9],[-25,28],[99,14]],[[43610,98890],[66,-23],[-6,-42],[-102,0],[-40,32],[82,33]],[[79748,57486],[-8,-51],[-37,0],[-20,34],[39,36],[26,-19]],[[51461,88350],[46,-14],[9,-47],[-103,3],[-6,47],[54,11]],[[78373,63459],[17,-81],[-62,59],[45,22]],[[53091,99093],[104,-27],[-85,-35],[-85,18],[66,44]],[[79166,62919],[-39,-92],[-40,39],[79,53]],[[70337,35450],[24,-80],[-18,-57],[-16,1],[-2,115],[12,21]],[[92226,70908],[-5,-78],[-52,-20],[-6,46],[63,52]],[[87475,74463],[51,-17],[-6,-61],[-72,26],[27,52]],[[89747,52822],[5,-74],[-51,15],[-1,34],[47,25]],[[85056,79684],[-29,-87],[-45,57],[-1,32],[75,-2]],[[93336,69290],[46,-66],[-18,-25],[-50,31],[-18,63],[40,-3]],[[68963,75490],[26,-33],[78,-22],[-13,-55],[-86,47],[-5,63]],[[78911,75048],[10,-57],[-20,-46],[-60,39],[70,64]],[[89423,66241],[0,-44],[-92,-33],[-7,50],[99,27]],[[84891,61249],[14,-37],[-26,-58],[-62,42],[12,32],[62,21]],[[92874,70679],[-86,-88],[-20,68],[56,36],[50,-16]],[[80389,61857],[3,-55],[-67,15],[64,40]],[[86441,67270],[26,-45],[-107,-12],[-16,71],[55,-26],[42,12]],[[65051,85368],[1,-56],[-90,1],[16,50],[73,5]],[[91585,65946],[17,-59],[-31,-34],[-30,44],[44,49]],[[75541,42750],[5,-76],[-41,-29],[0,90],[36,15]],[[90053,58023],[-19,-65],[-68,9],[51,71],[36,-15]],[[89608,52555],[-17,-61],[-34,13],[-45,33],[18,26],[78,-11]],[[73098,98574],[-23,-59],[-89,23],[112,36]],[[69868,29676],[17,-4],[12,-56],[-57,10],[-12,41],[40,9]],[[65777,76555],[48,-59],[-29,-22],[-81,24],[15,45],[47,12]],[[70944,85194],[49,-107],[-52,-9],[-34,77],[37,39]],[[64843,74680],[37,-19],[15,-87],[-46,-28],[-12,54],[6,80]],[[90292,61896],[13,-123],[-45,-25],[-34,97],[52,-36],[14,87]],[[86893,69116],[-18,-58],[-42,-7],[-45,37],[24,27],[81,1]],[[89331,62859],[1,-106],[-79,17],[78,89]],[[86761,66101],[23,-91],[-51,14],[-54,41],[10,40],[72,-4]],[[51417,89985],[60,-4],[-22,-90],[-92,24],[54,70]],[[72886,48005],[15,-73],[23,-28],[-36,-29],[-21,51],[19,79]],[[90548,71982],[-51,-75],[-20,75],[71,0]],[[68695,77876],[51,-31],[29,-46],[-48,-46],[-42,38],[10,85]],[[86522,75065],[50,-23],[30,-49],[-72,-13],[-33,16],[-16,59],[41,10]],[[86222,67283],[27,-43],[-70,-35],[-52,-6],[33,82],[62,2]],[[75465,40628],[12,-56],[-16,-23],[-44,76],[14,39],[34,-36]],[[86295,46673],[-14,-113],[-25,11],[-27,53],[66,49]],[[89520,59143],[-59,-59],[-21,63],[27,20],[53,-24]],[[63043,79581],[78,-16],[-28,-54],[-96,18],[46,52]],[[92173,71312],[-48,-41],[-67,-23],[-11,41],[102,38],[24,-15]],[[75557,42117],[41,-56],[-5,-77],[-49,49],[13,84]],[[86938,66369],[-33,-67],[-59,-6],[12,74],[80,-1]],[[74972,39347],[-40,-38],[-9,-28],[-39,-30],[-12,26],[17,61],[83,9]],[[72634,41673],[23,-106],[-48,64],[25,42]],[[79666,62872],[45,-54],[-22,-60],[-33,-1],[-24,55],[34,60]],[[80775,61155],[62,-39],[-53,-43],[-22,42],[-51,12],[-13,34],[77,-6]],[[67019,104531],[163,-93],[-189,-30],[26,123]],[[73189,47824],[43,-23],[-21,-50],[-67,-12],[14,55],[31,30]],[[54238,96096],[76,-26],[32,-88],[-97,-4],[-11,118]],[[78737,63177],[54,-35],[-61,-49],[-10,31],[-69,27],[86,26]],[[63199,74240],[-48,-23],[-23,62],[27,53],[52,-32],[-8,-60]],[[80853,61094],[22,-21],[-24,-64],[-31,-17],[-37,15],[0,50],[70,37]],[[89192,61087],[22,-12],[31,-147],[-67,82],[14,77]],[[69902,99896],[58,-15],[-32,-105],[-90,10],[4,81],[60,29]],[[68817,77689],[124,-34],[8,-61],[-124,36],[-46,31],[38,28]],[[72855,29117],[13,-71],[-16,-35],[-46,60],[22,51],[27,-5]],[[73959,62375],[38,-130],[-35,-17],[-18,97],[15,50]],[[72114,30434],[-13,-48],[32,-53],[-29,-29],[-14,47],[-7,73],[31,10]],[[84871,61373],[-12,-41],[-61,-32],[-30,52],[79,3],[24,18]],[[49028,107539],[110,-4],[-171,-69],[-41,49],[102,24]],[[79332,63351],[63,-56],[-31,-61],[-50,29],[-17,74],[35,14]],[[60792,112287],[17,-49],[-99,-54],[-153,51],[79,50],[156,2]],[[92346,70915],[28,-26],[13,-71],[-54,-18],[13,115]],[[87658,68489],[66,-73],[-41,-62],[-34,74],[-40,14],[49,47]],[[81711,59604],[50,-27],[-34,-32],[-104,26],[35,34],[53,-1]],[[83362,58334],[35,-36],[-16,-35],[-97,58],[52,22],[26,-9]],[[89207,58204],[9,-31],[-57,-53],[-41,31],[10,34],[44,25],[35,-6]],[[79259,83196],[28,-40],[-31,-64],[-57,13],[-8,54],[68,37]],[[89228,63719],[34,-31],[1,-46],[-55,-31],[-18,49],[38,59]],[[88879,55968],[2,-84],[-67,-22],[-21,19],[11,47],[43,1],[32,39]],[[84936,61388],[-3,-41],[21,-65],[-58,-13],[-14,115],[54,4]],[[71023,50306],[15,-28],[-46,-55],[-7,-44],[-32,-21],[-9,95],[25,-14],[54,67]],[[79677,62705],[37,-21],[-9,-67],[-37,3],[-62,59],[71,26]],[[81604,54862],[10,-53],[-58,-32],[-43,15],[28,50],[63,20]],[[72570,28171],[-50,-53],[-42,-30],[-21,28],[25,36],[54,31],[34,-12]],[[86975,65889],[-2,-36],[-34,-50],[-44,-18],[-48,26],[6,62],[42,-19],[59,0],[21,35]],[[78234,83955],[-39,-77],[-28,-19],[-99,6],[-20,48],[124,17],[62,25]],[[88120,48289],[9,-34],[-80,-46],[-22,8],[-8,63],[101,9]],[[81536,61094],[45,-54],[-27,-68],[-40,17],[2,105],[20,0]],[[90192,62156],[-25,-59],[9,-64],[-10,-44],[-56,72],[82,95]],[[78111,63457],[-17,-47],[-64,-12],[-38,67],[43,8],[76,-16]],[[86252,57201],[40,-73],[-33,-39],[-65,63],[58,49]],[[67258,68581],[-138,190]],[[67120,68771],[40,11],[75,-72],[-18,-51],[31,-28],[10,-50]],[[74047,79162],[-26,-31],[17,-59],[-57,-44],[-39,56],[33,24],[8,51],[64,3]],[[92657,68738],[19,-55],[30,-12],[-16,-55],[-51,7],[-32,74],[50,41]],[[68127,37959],[43,-41],[-4,-56],[-35,19],[-55,55],[51,23]],[[51793,98515],[-48,-35],[-137,26],[139,58],[46,-49]],[[86681,67878],[49,-135],[-7,-43],[-69,71],[-9,100],[36,7]],[[90257,58243],[19,-43],[-101,3],[-44,19],[28,49],[36,-23],[62,-5]],[[71084,49727],[12,-98],[-9,-57],[-32,13],[25,88],[4,54]],[[73855,53345],[26,-34],[-95,-60],[-27,40],[62,59],[34,-5]],[[79582,63082],[21,-24],[50,-4],[12,-68],[-54,-11],[-46,61],[17,46]],[[88216,56912],[19,-61],[-7,-46],[-68,28],[-10,69],[66,10]],[[88656,73923],[-3,-84],[-53,-34],[-46,106],[102,12]],[[85795,60650],[43,-45],[3,-74],[-65,23],[-24,77],[43,19]],[[75424,101174],[132,-19],[-48,-55],[-76,-24],[-107,39],[99,59]],[[73162,47497],[49,-114],[8,-60],[-66,83],[-14,75],[23,16]],[[86682,66800],[-23,-15],[2,-81],[-12,-60],[-46,9],[-12,41],[11,60],[44,51],[36,-5]],[[80117,62201],[2,-34],[-48,-9],[-164,32],[63,22],[23,-26],[124,15]],[[54851,98554],[58,-71],[-62,-49],[-143,33],[41,40],[106,47]],[[71195,50355],[-32,-93],[-29,-25],[-7,-58],[-24,0],[22,121],[45,51],[25,4]],[[86349,60510],[71,-135],[-44,-25],[-29,54],[10,32],[-8,74]],[[72787,85638],[64,-34],[12,-58],[69,-78],[-48,-9],[-78,110],[-45,43],[26,26]],[[89577,73283],[39,-55],[-68,-44],[-81,3],[-14,39],[54,10],[70,47]],[[80730,61920],[4,-42],[-38,-66],[-71,20],[55,43],[13,37],[37,8]],[[92215,66907],[48,-69],[-70,-79],[-21,80],[8,49],[35,19]],[[74217,46332],[75,-43],[47,-53],[-2,-28],[-61,22],[-73,83],[14,19]],[[86260,68878],[47,-32],[-43,-55],[-55,3],[-28,85],[79,-1]],[[87268,74634],[18,-40],[-102,-18],[-34,32],[47,53],[71,-27]],[[90556,71759],[45,-36],[-5,-86],[-56,-11],[-21,103],[37,30]],[[75451,43530],[18,-48],[-6,-84],[-22,-13],[-36,142],[46,3]],[[62691,82039],[48,-19],[60,-69],[-43,-13],[-108,28],[1,46],[42,27]],[[91312,66692],[47,-55],[69,-30],[-47,-24],[-41,11],[-52,44],[-18,43],[42,11]],[[89595,63036],[40,-82],[-45,-27],[-74,57],[4,35],[75,17]],[[75261,44407],[41,-76],[8,-76],[-16,-85],[-37,142],[4,95]],[[74587,41228],[-24,-103],[6,-47],[-34,-55],[-15,11],[-2,72],[47,39],[-12,27],[34,56]],[[86927,67897],[47,-73],[-67,-18],[-66,44],[-10,33],[96,14]],[[80503,56870],[95,-71],[-9,-41],[-62,21],[-19,32],[-45,17],[40,42]],[[50190,92395],[123,-13],[-1,-41],[-180,-32],[-30,59],[88,27]],[[75559,41309],[33,-75],[-15,-54],[-22,-6],[-33,33],[-3,50],[40,52]],[[90027,58309],[47,-94],[-65,-15],[-36,58],[54,51]],[[64898,85317],[82,-83],[-29,-35],[-61,-9],[-56,26],[64,101]],[[88319,67180],[12,-84],[-36,-76],[-39,-12],[-7,82],[70,90]],[[82139,59033],[33,-35],[-19,-32],[-57,8],[-44,-10],[-3,72],[90,-3]],[[73464,43828],[27,-38],[-30,-22],[-85,-18],[-17,21],[65,59],[40,-2]],[[65612,76465],[-9,-32],[99,-10],[10,-27],[-47,-55],[-38,-12],[-42,113],[27,23]],[[72523,28700],[-23,-49],[-50,-31],[-28,0],[2,46],[26,37],[73,-3]],[[65932,75788],[38,-51],[22,-70],[-29,-15],[-110,59],[79,77]],[[73106,41871],[7,-39],[-28,-23],[-68,9],[-29,62],[63,-18],[55,9]],[[92242,66736],[-8,-75],[-47,-14],[-37,77],[61,26],[31,-14]],[[86472,67214],[-10,-93],[-51,-15],[-49,22],[-6,61],[49,25],[67,0]],[[85585,60333],[96,-130],[29,-61],[-29,-17],[-69,80],[-27,128]],[[89572,55031],[13,-21],[-33,-56],[-35,25],[21,45],[34,7]],[[85750,67663],[41,-64],[-46,-36],[-81,6],[41,88],[45,6]],[[65821,85691],[64,-49],[-95,-48],[-40,-2],[-6,83],[77,16]],[[91194,66099],[16,-56],[-56,-4],[-101,47],[14,43],[127,-30]],[[77919,76937],[6,-30],[-96,-121],[4,76],[-47,42],[76,40],[57,-7]],[[79172,62648],[-11,-22],[-90,-33],[-31,-45],[-80,57],[42,39],[93,-27],[43,37],[34,-6]],[[72817,29117],[-23,-42],[-55,7],[-56,-10],[11,40],[65,26],[58,-21]],[[90431,65366],[30,-11],[34,-86],[-100,-28],[7,121],[29,4]],[[85698,61007],[52,-50],[-2,-38],[-39,-57],[-21,2],[-24,67],[10,84],[24,-8]],[[86276,75811],[-34,-44],[-77,-22],[-80,6],[-8,43],[58,14],[141,3]],[[89655,53041],[-3,-26],[-96,-165],[-37,21],[107,171],[29,-1]],[[87040,74344],[17,-24],[71,-16],[-4,-72],[-132,73],[-39,52],[70,8],[17,-21]],[[71973,42641],[13,-30],[25,-134],[-14,-38],[-37,123],[13,79]],[[73837,46692],[41,-34],[16,-54],[-87,29],[-71,68],[101,-9]],[[73940,78787],[-45,-44],[-32,115],[56,-2],[21,-69]],[[85806,76123],[0,-52],[54,12],[36,-24],[-19,-56],[-46,-15],[-52,41],[-28,90],[55,4]],[[89467,62999],[85,-94],[-44,-40],[-54,28],[-52,65],[9,50],[56,-9]],[[82024,59411],[120,-62],[-18,-42],[-130,66],[28,38]],[[86221,76041],[-109,-11],[-90,-61],[-48,3],[-14,58],[155,38],[106,-27]],[[71612,79088],[85,-30],[-22,-78],[-50,-3],[-60,41],[10,51],[37,19]],[[66948,70101],[34,-45],[-7,-80],[-63,-95],[-29,63],[40,54],[25,103]],[[74162,40896],[-87,-109],[-17,31],[-38,-23],[10,67],[26,-8],[74,41],[32,1]],[[65926,83017],[72,-56],[-24,-23],[-25,-95],[-75,20],[21,104],[31,50]],[[86110,67435],[59,-48],[26,-54],[-45,-23],[-123,35],[16,37],[67,53]],[[73005,40301],[5,-67],[-22,-40],[-47,-46],[-13,67],[77,86]],[[37292,98466],[105,0],[77,-35],[48,-75],[-280,63],[50,47]],[[89336,111790],[31,-45],[-231,-16],[-121,41],[116,41],[197,16],[8,-37]],[[80933,56415],[60,-28],[17,-44],[-44,-14],[-104,72],[17,26],[54,-12]],[[75675,62843],[-24,-64],[-83,-1],[-60,17],[1,54],[166,-6]],[[80579,61367],[-46,-77],[-86,-28],[-47,41],[95,38],[32,42],[52,-16]],[[78507,63706],[-6,-44],[20,-46],[30,12],[42,-50],[-34,-46],[-80,64],[-19,116],[47,-6]],[[60437,97185],[75,-44],[102,-27],[-29,-36],[-261,10],[-11,28],[124,69]],[[90110,61219],[55,-146],[-28,-50],[-22,68],[-45,78],[-10,49],[50,1]],[[81466,61295],[24,-38],[-49,-48],[0,-48],[-53,-16],[-36,19],[-5,87],[80,1],[39,43]],[[75530,40963],[-3,-46],[22,-19],[-13,-80],[-24,-30],[-65,-40],[-4,31],[67,107],[20,77]],[[75593,63085],[46,-59],[-19,-87],[-29,-16],[-71,85],[6,37],[67,40]],[[73608,43361],[18,-45],[-12,-57],[-40,-11],[-39,11],[2,40],[53,59],[18,3]],[[71453,77409],[88,-31],[5,-38],[-44,-53],[-29,1],[-59,77],[39,44]],[[87057,69371],[37,-53],[-15,-51],[-129,38],[17,72],[46,9],[44,-15]],[[80628,61286],[124,-52],[8,-34],[-58,-27],[-10,40],[-49,9],[-49,-10],[-30,48],[64,26]],[[91536,70999],[-58,-46],[-104,-15],[-37,63],[86,25],[113,-27]],[[87245,74089],[32,-83],[-130,-66],[-1,72],[99,77]],[[52173,86613],[-139,51]],[[52034,86664],[77,-16],[39,41],[9,79],[68,18],[40,-102],[-10,-27],[-84,-44]],[[74541,62356],[35,-30],[-2,-95],[-41,-31],[-68,35],[40,91],[36,30]],[[79259,63149],[84,-71],[-13,-42],[-74,7],[-41,43],[1,57],[43,6]],[[75505,42932],[32,-21],[27,-79],[-6,-25],[-62,-39],[-12,58],[0,108],[21,-2]],[[50420,97457],[144,-17],[78,-46],[-57,-39],[-169,34],[4,68]],[[85224,79631],[9,-49],[-20,-80],[-67,-9],[-55,58],[7,78],[126,2]],[[71856,44212],[5,-186],[-22,-100],[-38,103],[-8,53],[21,60],[29,1],[-4,33],[17,36]],[[72307,29550],[61,-59],[-145,-19],[-2,56],[56,23],[30,-1]],[[65437,76597],[67,-39],[-14,-53],[-87,-33],[-48,7],[-27,80],[76,15],[33,23]],[[77325,75617],[115,-40],[24,-48],[-7,-45],[-69,-25],[-35,25],[4,68],[-45,37],[13,28]],[[51382,94028],[114,-35],[37,-126],[-66,-59],[-26,70],[-2,74],[-57,76]],[[72539,39559],[-2,-21],[-106,-249],[-13,-44],[27,-177],[-38,-15],[3,63],[-21,69],[18,77],[132,297]],[[70162,96371],[38,-38],[-58,-59],[-75,-25],[-170,40],[29,27],[120,48],[116,7]],[[46557,94605],[91,-51],[-39,-40],[-178,-13],[-31,28],[21,55],[136,21]],[[85733,67532],[68,-54],[48,-3],[-4,-49],[-68,-23],[-61,26],[-39,92],[56,11]],[[73154,30072],[-44,-74],[15,-35],[-46,-24],[-36,27],[-12,30],[14,47],[50,29],[23,-19],[36,19]],[[51466,98243],[110,-26],[100,-90],[-79,-63],[-169,113],[38,66]],[[87782,111434],[-195,-54],[-180,-15],[-372,46],[149,31],[205,2],[119,-18],[274,8]],[[89572,60252],[49,-71],[20,-50],[-39,-59],[-52,40],[3,40],[-27,102],[46,-2]],[[89689,52998],[21,-49],[-33,-79],[-61,-27],[-4,-43],[-38,0],[80,191],[35,7]],[[92308,70687],[52,-91],[-31,-65],[-71,-11],[-41,76],[35,29],[20,61],[36,1]],[[75715,62994],[17,-58],[38,-57],[-15,-60],[-102,62],[-15,84],[77,29]],[[74031,46489],[70,-28],[49,-45],[45,-22],[-8,-56],[-114,74],[-42,77]],[[75437,40489],[2,-42],[39,-22],[14,-76],[-14,-25],[-61,-47],[6,130],[-11,28],[25,54]],[[72813,40881],[-15,-62],[7,-50],[-49,-119],[-37,23],[18,94],[67,86],[9,28]],[[49189,89808],[94,-9],[108,9],[106,-8],[30,-43],[-75,-15],[-72,8],[-143,-7],[-77,21],[29,44]],[[89742,63028],[-3,-31],[41,-46],[-48,-71],[-55,31],[-21,78],[86,39]],[[53122,95628],[-102,-4],[1,49],[-44,20],[16,54],[112,39],[49,-21],[-32,-137]],[[87929,64947],[19,-31],[-25,-119],[-123,54],[2,48],[37,5],[90,43]],[[91150,65092],[30,-30],[9,-90],[76,-91],[-35,-22],[-18,49],[-53,55],[-38,-31],[-42,80],[-1,42],[72,38]],[[74696,38735],[8,-31],[-42,-28],[-45,-75],[-28,-72],[-31,-6],[-29,-48],[-35,4],[102,119],[29,61],[63,85],[8,-9]],[[88901,73525],[13,-68],[31,-45],[-55,-40],[-73,19],[40,121],[44,13]],[[67804,78498],[200,-59],[89,12],[-21,-57],[-63,-9],[-89,16],[-118,49],[2,48]],[[79877,62765],[47,-33],[-47,-47],[11,-44],[-34,-58],[-41,3],[-45,28],[18,53],[52,93],[39,5]],[[85908,60218],[91,-100],[36,-61],[-48,-49],[-23,16],[-48,91],[-20,8],[-25,78],[37,17]],[[68543,75589],[34,-49],[116,-59],[-15,-50],[-74,24],[-81,30],[-33,-23],[-13,50],[21,20],[13,45],[32,12]],[[87431,59331],[41,-58],[25,-3],[93,-115],[-63,-8],[-39,29],[-30,72],[-53,49],[26,34]],[[88357,56339],[28,-25],[-59,-30],[-10,-34],[30,-96],[-31,-30],[-46,105],[-17,63],[37,58],[68,-11]],[[86960,69271],[54,-37],[28,-47],[-51,-4],[-19,-28],[-100,13],[-35,52],[48,58],[75,-7]],[[88758,73732],[25,-94],[-59,-39],[-85,19],[-12,67],[68,42],[63,5]],[[90465,61338],[-31,-21],[45,-88],[-92,-60],[-35,61],[-5,38],[25,39],[93,31]],[[53137,87109],[80,-62],[-2,-72],[-46,-62],[-76,29],[31,42],[-63,38],[-9,55],[85,32]],[[73338,74287],[-9,-47],[36,-76],[-58,-60],[-105,6],[23,82],[50,80],[63,15]],[[86815,59857],[91,-55],[100,-112],[61,-102],[9,-91],[-125,180],[-7,29],[-107,113],[-22,38]],[[75574,41984],[33,-34],[-22,-100],[13,-36],[-16,-42],[13,-68],[-6,-88],[-19,-29],[-25,28],[17,160],[17,33],[-6,54],[1,122]],[[89132,63976],[20,-49],[41,-51],[-18,-38],[-37,26],[-62,-21],[-80,24],[-24,50],[38,24],[71,-11],[51,46]],[[85469,60336],[46,-70],[32,3],[42,-51],[75,-116],[-25,-41],[-53,39],[-23,63],[-23,-7],[-38,64],[-1,36],[-36,55],[4,25]],[[80157,61647],[-9,-52],[24,-82],[-22,-38],[-42,-5],[14,69],[-31,43],[-67,40],[-26,-38],[-48,24],[43,47],[31,-26],[27,34],[60,1],[46,-17]],[[74902,39024],[2,-48],[-57,-67],[8,-37],[-42,-21],[-21,-51],[-35,-1],[-9,-37],[-38,-31],[-16,24],[61,69],[26,48],[47,46],[74,106]],[[82234,59263],[129,-81],[-23,-48],[-136,58],[-21,46],[51,25]],[[86068,61269],[74,-129],[-62,-61],[-33,6],[-26,80],[-7,101],[54,3]],[[51988,94849],[-46,-6],[-49,-82],[-181,-52],[-19,41],[51,61],[135,43],[47,34],[62,-39]],[[86894,69041],[37,-70],[42,-50],[53,-18],[-91,-39],[-39,20],[3,36],[-44,38],[-4,83],[43,0]],[[76731,63328],[28,-35],[137,-42],[-62,-69],[-63,47],[-54,-47],[-7,58],[-33,59],[54,29]],[[80244,61646],[42,-28],[34,-75],[-44,-68],[-41,-23],[-42,97],[25,17],[-19,50],[45,30]],[[78555,74184],[28,-17],[20,-82],[-10,-44],[23,-61],[-91,36],[-61,93],[91,75]],[[78764,63383],[53,-30],[16,-79],[-24,-62],[36,-32],[-7,-33],[-97,48],[-12,48],[27,26],[-34,71],[42,43]],[[85997,75261],[11,-65],[-68,-51],[-54,8],[-137,54],[-43,47],[86,10],[44,-11],[33,-38],[57,11],[31,47],[40,-12]],[[88147,73920],[19,-46],[34,-15],[-3,-122],[-33,-57],[46,-21],[-67,-71],[-44,45],[48,114],[-29,103],[29,70]],[[87042,74593],[53,-45],[86,-51],[-36,-37],[-107,-21],[-86,50],[90,104]],[[49797,91224],[10,-38],[106,-15],[-12,-49],[-140,-15],[-139,26],[0,57],[84,26],[91,8]],[[51722,88234],[118,-137],[-44,-15],[-135,10],[-109,60],[17,33],[82,44],[71,5]],[[73858,115241],[-175,-143],[-142,-20],[-11,101],[-70,46],[177,72],[221,-56]],[[91465,70774],[46,-76],[81,-32],[-19,-84],[-100,-9],[-48,101],[11,64],[29,36]],[[73451,60978],[31,-40],[4,-89],[-18,-50],[-67,-29],[-53,6],[20,128],[62,76],[21,-2]],[[91318,66003],[-10,-48],[59,-61],[-49,-41],[-59,-19],[-49,53],[-14,52],[9,58],[56,-17],[8,33],[49,-10]],[[89812,62742],[80,-107],[-72,-67],[-46,33],[5,47],[-36,26],[-14,51],[83,17]],[[86987,66125],[9,-60],[-33,-66],[22,-56],[-46,-55],[-80,22],[18,141],[12,29],[98,45]],[[69705,77766],[15,-60],[64,-70],[112,-21],[48,-29],[-10,-55],[-33,-14],[-74,38],[-7,29],[-229,113],[114,69]],[[91755,66835],[30,-110],[48,-86],[-4,-63],[-55,-2],[-8,50],[-65,84],[-5,63],[14,61],[45,3]],[[89383,62585],[35,-48],[-56,-26],[-97,-12],[-50,19],[-23,55],[45,60],[146,-48]],[[68862,77807],[133,-31],[31,-44],[-69,-38],[-100,-4],[-33,17],[-75,-5],[-2,58],[37,45],[78,2]],[[78941,63799],[28,-40],[49,-27],[-37,-45],[55,-8],[21,-74],[-33,-15],[-33,-86],[-51,8],[-7,55],[10,49],[23,9],[-21,29],[-2,51],[-26,69],[24,25]],[[81230,61473],[61,-35],[24,-35],[-11,-106],[-25,-53],[-69,-5],[7,62],[-20,34],[14,105],[19,33]],[[85599,60438],[95,-70],[43,-70],[41,-140],[80,-72],[-49,-28],[-93,161],[-101,160],[-16,59]],[[53132,87534],[47,-64],[4,-74],[-27,-20],[18,-52],[72,-84],[-49,-13],[-37,-52],[-62,-10],[6,160],[-34,83],[48,20],[14,106]],[[73569,43701],[48,-40],[-62,-48],[-19,-37],[-70,-29],[-52,40],[29,47],[28,10],[36,48],[62,9]],[[57805,111495],[157,-45],[175,-16],[-29,-53],[-116,-64],[-211,17],[-8,51],[-120,62],[152,48]],[[82102,82252],[-75,-122],[-154,-70],[-3,77],[45,62],[83,63],[84,38],[20,-48]],[[78382,63872],[72,-61],[0,-109],[-21,-42],[-49,42],[-27,61],[-68,60],[-20,40],[30,28],[62,-37],[21,18]],[[88190,57165],[25,-40],[41,-22],[21,-67],[-11,-46],[-29,-15],[-51,7],[-34,45],[22,62],[-59,11],[14,62],[61,3]],[[83428,54057],[27,-19],[-1,-63],[-21,-118],[-35,-75],[-28,-7],[-3,65],[-29,101],[49,53],[-2,43],[43,20]],[[92638,71044],[-1,-46],[34,-26],[-119,-67],[-80,-21],[-58,11],[-14,46],[56,25],[4,35],[79,-8],[42,43],[57,8]],[[72561,41895],[27,-26],[28,-60],[26,-114],[-36,36],[-22,44],[-43,27],[-59,-50],[-9,92],[43,54],[45,-3]],[[74398,58373],[-48,-65],[-60,-21],[-37,-51],[-48,13],[-17,31],[-17,95],[75,20],[28,-27],[59,11],[65,-6]],[[92605,67707],[3,-35],[-35,-125],[37,8],[0,-74],[-64,21],[-62,138],[-52,34],[-19,48],[42,18],[99,-55],[51,22]],[[52294,95247],[-67,-21],[8,-86],[-201,-3],[83,141],[180,97],[43,-8],[-8,-77],[-38,-43]],[[88405,56282],[48,-89],[-20,-40],[24,-123],[-58,10],[-40,60],[2,26],[-31,119],[75,37]],[[88495,74000],[-40,-52],[54,-13],[37,-37],[15,-92],[-31,0],[-92,-54],[-43,45],[22,28],[-8,156],[86,19]],[[71489,86158],[76,-16],[174,-176],[-64,-130],[-40,-25],[-38,69],[64,91],[-37,54],[-82,-17],[-18,65],[-52,46],[17,39]],[[79465,63017],[-6,-28],[76,-19],[-12,-44],[56,-47],[-50,-61],[10,-54],[-67,-64],[-10,77],[-81,14],[22,81],[46,-21],[39,20],[2,35],[-60,89],[35,22]],[[80484,61505],[2,-110],[-41,15],[5,51],[-77,-13],[-31,-41],[45,-23],[-19,-42],[-63,-25],[-50,42],[-35,69],[55,-7],[102,62],[90,34],[17,-12]],[[66760,97267],[127,-27],[156,-83],[-77,-135],[-178,77],[-33,31],[51,66],[-83,52],[37,19]],[[53163,87882],[60,-98],[-29,-59],[11,-81],[-66,-20],[-17,69],[-107,68],[41,107],[107,14]],[[88234,56272],[25,-32],[79,-173],[-54,-13],[-21,30],[-61,6],[-70,66],[32,54],[70,62]],[[69014,77684],[63,-6],[212,-95],[42,-60],[-29,-70],[-65,18],[-2,49],[-96,38],[-193,102],[68,24]],[[75340,43980],[23,-52],[61,-54],[29,-91],[-16,-69],[12,-71],[15,-17],[-3,-67],[-32,4],[-43,204],[-21,35],[5,50],[-38,98],[8,30]],[[88635,67636],[-14,-148],[-52,-46],[-93,9],[8,122],[79,65],[72,-2]],[[89992,61807],[61,-65],[29,-3],[32,-61],[13,-110],[-22,-51],[-60,2],[-62,121],[30,31],[-21,136]],[[51404,98749],[133,-60],[-49,-53],[-92,-26],[-28,-57],[-115,2],[-47,54],[8,64],[110,64],[80,12]],[[75495,43333],[24,-21],[13,-56],[-13,-50],[48,-44],[-33,-46],[-2,-55],[28,-32],[4,-66],[-54,-5],[-25,161],[4,38],[-35,110],[8,46],[33,20]],[[86339,67201],[28,-105],[-48,-37],[-87,16],[-39,23],[-75,-17],[-30,-42],[-41,25],[0,58],[27,48],[82,-15],[113,13],[70,33]],[[89349,63447],[31,-22],[4,-115],[37,41],[47,-12],[-13,-44],[41,-67],[-45,-34],[-34,-57],[-46,68],[-63,134],[-6,63],[47,45]],[[90333,61648],[-11,-62],[34,1],[7,-55],[36,-45],[-49,-23],[-23,60],[-32,-38],[-36,-7],[-34,-58],[-52,59],[-12,67],[53,16],[33,60],[86,25]],[[77874,85303],[-62,-97],[-64,-64],[-104,-10],[-88,27],[53,99],[140,56],[105,8],[20,-19]],[[46161,102116],[125,-83],[39,-117],[-50,-48],[-74,-9],[-72,46],[-128,-13],[6,64],[68,45],[-35,40],[39,59],[82,16]],[[71922,44485],[9,-56],[36,-114],[-17,-85],[-18,-32],[-41,20],[-35,-1],[-27,-10],[-9,64],[44,46],[4,70],[54,98]],[[89042,62962],[34,-47],[31,11],[96,-72],[17,-72],[-96,-61],[-64,42],[-38,64],[-28,94],[48,41]],[[90235,61310],[19,-41],[-12,-66],[84,-53],[31,-108],[-30,-6],[-17,-55],[-29,-4],[-52,58],[-11,77],[-32,68],[-8,72],[30,63],[27,-5]],[[78338,63724],[13,-23],[-27,-64],[15,-56],[106,22],[40,-42],[-43,-17],[-61,-53],[-110,30],[-22,-12],[-78,63],[-3,32],[93,2],[21,44],[3,79],[53,-5]],[[92447,68656],[60,-56],[-1,-20],[75,-91],[-11,-21],[-93,31],[-94,11],[-86,-17],[-36,51],[93,60],[63,58],[30,-6]],[[71374,50422],[71,-46],[-28,-79],[-64,-42],[4,-30],[-39,-68],[-68,-27],[-13,30],[6,64],[37,26],[20,62],[34,-21],[-8,77],[48,54]],[[91634,70877],[46,-95],[0,-84],[-74,0],[-112,68],[-53,82],[29,72],[65,-9],[34,-39],[65,5]],[[68499,78765],[25,-22],[83,-12],[90,-51],[-43,-16],[104,-56],[14,-106],[-151,43],[-75,90],[-81,69],[34,61]],[[54230,96168],[11,-30],[-75,-73],[-25,-78],[-144,-10],[-82,65],[-73,144],[100,-47],[64,2],[135,48],[89,-21]],[[64735,85514],[33,-34],[-10,-125],[-36,-79],[-171,104],[-118,94],[15,26],[177,19],[81,-27],[29,22]],[[86173,46658],[65,-74],[6,-51],[41,-59],[-81,-82],[-45,-13],[-58,37],[-3,69],[28,34],[26,-23],[34,45],[-18,54],[5,63]],[[74126,58385],[27,-42],[-1,-73],[-51,-23],[-255,64],[-6,47],[53,5],[23,22],[67,14],[84,-20],[59,6]],[[78982,63459],[28,-73],[11,-121],[21,-58],[-19,-30],[7,-91],[-58,14],[-3,39],[-48,71],[-50,42],[34,28],[30,141],[47,38]],[[72236,41224],[-53,-78],[34,-58],[-38,-129],[1,-56],[-35,-114],[-25,14],[-24,-55],[-33,-14],[69,281],[28,49],[-1,56],[17,59],[60,45]],[[48523,97949],[111,-10],[44,-37],[183,-88],[-99,-42],[-20,-43],[-75,-14],[-98,18],[9,30],[146,23],[-60,42],[-115,-34],[-212,38],[-34,44],[220,73]],[[79632,83828],[44,-67],[-69,-16],[-73,-54],[-30,-53],[-38,-176],[-51,-24],[-66,14],[-18,95],[45,77],[54,38],[26,55],[57,40],[7,39],[42,26],[70,6]],[[90218,61946],[-7,-81],[10,-73],[-13,-83],[-31,-32],[-36,-1],[-33,56],[-65,44],[-36,45],[7,35],[-46,16],[33,39],[122,-25],[26,43],[69,17]],[[78597,115774],[246,-68],[42,-46],[-251,-88],[-291,28],[-124,31],[-125,-17],[-184,25],[189,82],[282,-15],[-35,34],[251,34]],[[43643,95518],[141,-13],[119,17],[231,16],[69,-8],[35,-36],[-41,-39],[-259,-62],[-176,6],[-114,42],[-5,77]],[[53399,99337],[169,-14],[174,-80],[53,-41],[-28,-87],[-144,-17],[-136,58],[-100,64],[7,41],[-113,62],[118,14]],[[74434,101029],[69,-27],[-67,-52],[17,-27],[-93,-88],[-78,-4],[-111,-40],[-59,17],[-118,121],[30,45],[118,29],[292,26]],[[59955,90430],[62,-48],[-45,-96],[-40,-35],[-297,38],[-44,72],[26,34],[76,26],[129,14],[133,-5]],[[72133,85964],[57,-64],[65,-38],[54,-10],[-26,-47],[19,-77],[-57,-65],[-82,-22],[-48,20],[-97,217],[47,14],[34,64],[34,8]],[[54532,102223],[148,-67],[144,-142],[37,-66],[-150,-60],[-133,59],[-49,90],[-141,97],[6,56],[138,33]],[[72873,40134],[-31,-93],[20,-22],[-45,-51],[-37,-138],[-26,-179],[-16,-73],[-65,-189],[-26,5],[62,184],[23,129],[28,210],[22,134],[62,136],[29,-53]],[[72106,42204],[88,-48],[16,-51],[1,-132],[19,-79],[-24,-109],[-18,15],[-27,72],[-11,-96],[-35,6],[-15,34],[46,67],[-13,28],[14,46],[-21,26],[11,52],[-35,160],[4,9]],[[71781,42423],[16,-79],[25,-50],[-37,-105],[-37,-26],[-6,-97],[-31,-11],[-36,79],[-14,156],[68,126],[28,-18],[24,25]],[[89375,58433],[40,-23],[51,-66],[-40,-10],[-10,-40],[-51,-32],[-52,-1],[-27,-45],[-62,12],[-80,33],[-57,1],[19,43],[79,30],[22,55],[59,35],[109,8]],[[71790,32091],[59,-15],[5,-73],[-25,-35],[8,-42],[35,-5],[17,-47],[-26,-29],[-54,-10],[-75,-43],[-18,82],[-4,69],[23,38],[-5,41],[60,69]],[[72822,85916],[90,-61],[92,-26],[97,-136],[-91,6],[-73,-15],[-63,-63],[-132,58],[8,62],[-49,52],[21,71],[100,52]],[[86279,77996],[50,-46],[93,-21],[15,-47],[76,-4],[-38,-49],[-122,-31],[-123,-9],[71,-72],[-53,-6],[-67,30],[-63,-24],[-119,68],[17,37],[74,2],[153,85],[36,87]],[[71840,42658],[38,-111],[17,-10],[5,-119],[32,-157],[-31,-73],[-34,36],[1,45],[-25,23],[7,72],[-20,105],[-64,-8],[-26,-38],[-24,46],[6,59],[85,46],[33,84]],[[67161,78597],[245,-60],[7,-46],[-52,-54],[-100,-2],[4,-46],[80,-44],[5,-48],[-74,21],[-110,49],[-86,58],[-18,100],[10,49],[89,23]],[[87050,69049],[75,-56],[19,-33],[77,-40],[62,-5],[109,-103],[-6,-66],[-65,-19],[-57,20],[-39,41],[-68,4],[-89,32],[69,40],[-93,109],[-40,-4],[-62,42],[-13,57],[38,11],[83,-30]],[[43283,99108],[115,7],[102,-79],[-15,-44],[-127,-81],[-137,-50],[-132,-5],[-105,31],[-14,54],[23,66],[99,72],[117,30],[74,-1]],[[47791,94808],[121,-2],[62,-89],[-37,-50],[-106,-23],[-27,67],[-75,-5],[-172,-43],[-85,22],[-57,-43],[-194,-30],[-104,-32],[-126,30],[10,32],[276,59],[111,-14],[54,66],[349,55]],[[78033,103593],[53,-32],[116,-9],[171,-69],[109,-17],[34,-38],[-174,-113],[-143,20],[-116,38],[-119,16],[-125,95],[58,55],[4,51],[132,3]],[[62144,102712],[29,-44],[-16,-123],[-105,-67],[5,-60],[-69,-185],[-47,-93],[-102,-48],[-86,64],[-4,82],[79,144],[54,41],[155,8],[-100,56],[23,162],[105,12],[79,51]],[[68391,78560],[159,-25],[60,-26],[-3,-40],[137,-20],[-13,-63],[17,-78],[-73,-6],[-62,29],[-65,-7],[-8,42],[-84,-5],[-111,104],[-56,-1],[-32,77],[14,16],[120,3]],[[71577,50793],[109,-23],[15,-75],[-24,-55],[-48,-43],[-33,-60],[-40,-35],[-48,-12],[-24,17],[28,82],[-53,-30],[-9,55],[10,44],[40,62],[19,6],[41,73],[17,-6]],[[85546,75701],[92,-50],[125,-41],[83,-44],[46,3],[95,-30],[101,-53],[-19,-23],[-88,2],[-90,16],[-40,-14],[-61,50],[-122,37],[-24,24],[-103,22],[-105,54],[-111,40],[-120,-3],[-57,49],[28,32],[55,-3],[73,-52],[72,22],[82,-30],[88,-8]],[[89283,61107],[45,-30],[42,-54],[12,-59],[36,-78],[-6,-52],[23,-70],[-14,-35],[23,-105],[-48,-9],[-22,45],[-60,61],[-51,135],[-12,202],[-20,40],[52,9]],[[89235,63309],[41,-33],[-3,-76],[13,-81],[67,-37],[-32,-87],[29,-26],[-88,-107],[-65,46],[-19,80],[-27,29],[15,50],[-27,85],[16,114],[22,28],[58,15]],[[73167,75059],[9,-28],[-49,-54],[52,-41],[45,22],[27,-37],[-39,-57],[-54,-39],[-37,-55],[-99,-26],[-67,29],[7,60],[-32,26],[-63,-25],[9,138],[86,18],[41,63],[35,10],[92,-24],[37,20]],[[73152,75362],[42,-16],[113,-90],[103,-3],[-23,-92],[14,-48],[-36,-54],[-43,-8],[-91,27],[-37,74],[-46,52],[-57,18],[-167,107],[43,38],[112,-11],[73,6]],[[69857,77485],[43,-22],[14,-57],[-46,-35],[44,-106],[-72,-32],[-132,6],[-56,24],[33,57],[-51,51],[-70,33],[-4,-61],[-44,-21],[32,-56],[-35,-26],[-67,6],[-33,103],[-36,53],[65,9],[-52,50],[51,27],[158,-42],[8,27],[73,-9],[55,-40],[77,-10],[8,58],[37,13]],[[91024,71670],[61,-77],[49,-17],[20,-34],[-68,-82],[-247,8],[-111,8],[-38,-8],[-41,27],[16,62],[36,11],[62,91],[112,56],[24,-15],[-15,-64],[21,-42],[39,-4],[27,81],[53,-1]],[[87828,74237],[-85,-133],[10,-128],[-87,-60],[-194,75],[-68,-1],[-73,24],[-43,-6],[12,72],[68,16],[31,-24],[52,11],[4,60],[72,-1],[48,34],[46,-30],[85,36],[8,49],[47,21],[67,-15]],[[77789,75397],[116,-47],[14,-65],[-24,-74],[74,-26],[105,-94],[-33,-23],[-67,-4],[-86,24],[-78,-25],[-104,23],[-54,71],[-19,60],[14,50],[71,75],[16,35],[55,20]],[[67802,68916],[46,-29],[29,-75],[108,-40],[-69,-34],[37,-38],[84,15],[12,-83],[155,40],[68,-24],[-61,-38],[-39,-85],[-50,-53],[-46,20],[-48,-13],[-68,61],[-29,53],[-42,-15],[-35,30],[-69,20],[-6,74],[49,65],[-20,75],[26,23],[-32,51]],[[65574,100272],[204,-29],[35,-104],[33,-38],[86,-12],[53,-50],[-104,-62],[-143,-53],[-117,-23],[-56,31],[31,95],[-29,40],[-136,57],[-179,21],[-77,24],[173,103],[226,0]],[[44661,102193],[142,-11],[65,-46],[16,-131],[-93,-26],[-98,-58],[-147,-145],[-202,7],[-82,56],[12,68],[109,112],[78,45],[117,102],[83,27]],[[73676,53458],[8,-34],[-38,-71],[-90,-59],[-34,-8],[-8,-52],[-39,-1],[-43,-26],[-32,5],[-124,-77],[-78,-6],[-23,70],[44,20],[32,46],[17,57],[86,48],[28,-17],[64,26],[88,62],[64,-18],[78,35]],[[90494,72502],[39,-70],[19,-80],[36,-21],[97,-90],[43,-89],[-26,-54],[-90,-1],[-55,-27],[-149,-5],[-42,52],[9,56],[-18,53],[29,62],[54,51],[10,125],[44,38]],[[92422,67185],[29,-25],[-16,-73],[62,-24],[28,-75],[65,-5],[5,-54],[-78,-52],[3,-63],[-54,-28],[1,70],[-49,4],[-28,-43],[-37,38],[10,63],[-135,6],[-12,52],[35,26],[-48,51],[-1,93],[28,41],[37,-28],[72,7],[41,28],[42,-9]],[[80159,83722],[50,-42],[17,-149],[-38,-94],[-40,-57],[-114,-10],[-64,17],[-119,64],[-36,43],[29,131],[79,65],[75,0],[40,22],[121,10]],[[53520,108973],[277,1],[122,-14],[126,-67],[49,-64],[-15,-66],[-142,-14],[-71,-28],[-430,77],[-95,37],[-110,15],[-185,-19],[-269,41],[-44,27],[165,49],[149,15],[322,0],[151,10]],[[51817,86743],[-104,37]],[[51713,86780],[-24,38],[46,90],[70,28],[-22,48],[31,72],[93,78],[28,41],[112,13],[25,-90],[-44,-109],[84,-63],[28,-54],[-59,-46],[-74,-120],[-137,39],[-53,-2]],[[58706,99352],[117,-16],[115,-40],[100,-63],[17,-82],[-119,-107],[-99,-30],[-140,10],[-25,22],[-183,71],[-115,93],[11,70],[186,66],[135,6]],[[92285,71256],[35,-93],[-29,-47],[-45,-23],[-16,-36],[-123,-57],[-60,-50],[-40,-75],[4,-41],[-125,-30],[18,-22],[-22,-58],[-32,-14],[-72,61],[6,36],[-55,40],[29,25],[60,-14],[47,112],[89,46],[19,84],[50,-49],[34,10],[-37,80],[34,61],[71,14],[133,-5],[27,45]],[[51169,92020],[111,-27],[72,-40],[-17,-81],[-96,-176],[-90,-6],[-82,-78],[-171,-59],[-76,27],[-71,71],[61,73],[156,67],[-19,45],[18,50],[91,24],[113,110]],[[71629,32690],[74,-33],[37,-56],[-65,-104],[4,-66],[29,-9],[1,-60],[-16,-42],[-44,-25],[-41,-62],[-46,19],[-39,52],[15,24],[-1,90],[-20,78],[12,53],[-16,25],[16,46],[57,61],[43,9]],[[72747,37017],[-22,-41],[3,-32],[-70,-37],[-98,-34],[-45,17],[-42,-40],[-47,-24],[-11,-43],[-44,-24],[-178,-37],[-130,-53],[-11,-27],[-42,-26],[-46,-3],[-26,30],[88,105],[51,14],[30,25],[130,37],[50,41],[104,11],[63,40],[48,7],[71,39],[95,22],[29,22],[50,11]],[[78322,74806],[97,-91],[97,-185],[77,-63],[-36,-84],[-37,-56],[-30,-99],[-101,-5],[-32,59],[-9,78],[75,57],[-114,43],[-77,113],[-35,123],[17,77],[51,41],[57,-8]],[[74484,62427],[-58,-40],[56,-69],[-76,-125],[-28,-17],[-35,-61],[-72,-3],[-63,47],[-74,-3],[-52,38],[-54,9],[-6,98],[39,89],[58,20],[82,3],[39,-27],[37,49],[207,-8]],[[53305,92077],[69,-28],[59,15],[189,-140],[61,-72],[57,-103],[3,-72],[-119,-26],[-172,11],[-233,98],[-125,66],[-50,43],[-6,42],[38,56],[89,-13],[-14,56],[69,57],[85,10]],[[78686,58596],[50,-112],[11,-45],[-58,-26],[-138,-8],[-96,14],[-77,41],[-67,11],[-66,43],[-7,31],[-137,18],[-21,25],[-55,19],[-59,59],[13,47],[102,49],[42,3],[55,-32],[14,-50],[38,-58],[45,-38],[103,14],[81,40],[48,-17],[76,-3],[28,-23],[75,-2]],[[85886,78201],[84,-36],[69,-58],[-17,-28],[-75,-35],[-71,-61],[-51,-165],[-32,-58],[-99,4],[-106,59],[-92,63],[-98,9],[-55,41],[100,40],[51,63],[57,44],[41,70],[121,23],[79,-57],[50,34],[-90,71],[-10,32],[61,31],[31,-9],[52,-77]],[[42538,89262],[-438,76],[-1022,173]],[[41078,89511],[81,11],[192,4],[107,-6],[188,70],[34,25],[96,6],[143,-9],[26,-16],[235,-34],[70,-40],[2,-61],[221,-112],[65,-87]],[[72885,74503],[32,-71],[45,-31],[59,-85],[-20,-83],[-28,-43],[-89,-50],[-47,-57],[-25,-56],[-104,-30],[-134,168],[16,109],[-10,156],[44,88],[79,2],[41,-26],[68,15],[73,-6]],[[88825,64426],[-6,-168],[-49,-159],[11,-51],[49,117],[30,146],[59,55],[12,-43],[41,-48],[-78,-48],[94,-75],[42,-75],[-83,-48],[-44,-39],[-82,-10],[-51,17],[-34,-38],[60,-28],[25,-41],[-64,-29],[-31,-98],[-28,-15],[-57,19],[-78,-14],[-63,18],[-54,-7],[13,66],[32,62],[24,82],[35,18],[33,51],[55,41],[25,114],[65,-19],[41,100],[2,60],[54,87]],[[89994,61410],[30,-70],[25,-13],[5,-69],[-11,-72],[-20,-29],[14,-41],[48,-63],[34,-73],[-5,-106],[44,-102],[-59,-35],[50,-49],[30,7],[-15,-79],[47,21],[16,-44],[-19,-57],[47,-8],[25,-48],[48,-38],[-32,-22],[54,-74],[-29,-31],[-37,31],[-33,78],[-45,-2],[-79,24],[-16,71],[-25,1],[-13,65],[-40,-1],[-40,82],[0,162],[-40,-16],[-8,96],[22,57],[-4,51],[-33,38],[-15,46],[-40,22],[-8,92],[-22,29],[23,87],[99,34],[27,48]],[[89784,62065],[-18,-88],[-44,-69],[69,-13],[40,-24],[-53,-46],[-7,-54],[-55,-56],[51,-7],[30,-25],[17,-47],[31,8],[31,53],[32,20],[63,-134],[-32,-14],[29,-51],[0,-68],[-39,-36],[-69,-13],[-28,98],[-29,47],[-37,-6],[-28,42],[-65,46],[-35,76],[-73,-31],[-34,-29],[-85,79],[-64,-13],[-38,48],[-3,66],[13,44],[58,34],[54,64],[42,-83],[-5,-36],[65,14],[-14,104],[23,70],[103,58],[22,-122],[54,78],[28,16]],[[79681,83462],[83,-86],[-21,-79],[-49,-82],[-56,-34],[-13,-42],[12,-83],[47,10],[2,81],[64,38],[100,157],[50,-11],[65,-119],[69,-47],[15,-43],[-27,-35],[-89,4],[-79,-23],[-59,-64],[8,-66],[27,-50],[-9,-51],[35,-27],[14,-60],[-48,-34],[-65,12],[-26,88],[-73,-3],[-122,79],[-12,73],[19,53],[-45,65],[-6,56],[-78,95],[-3,104],[179,80],[14,23],[77,21]],[[89116,56558],[81,-63],[35,-73],[-13,-95],[58,43],[40,-48],[-1,-89],[39,37],[61,-50],[43,-133],[28,-52],[-16,-34],[-55,-35],[-66,1],[-15,-27],[-46,18],[-54,60],[-11,51],[-40,0],[-16,45],[-80,5],[-14,68],[-53,36],[10,85],[-43,17],[-30,57],[24,64],[-12,33],[55,83],[91,-4]],[[54637,95784],[63,-104],[-6,-77],[33,-123],[57,-62],[85,-166],[-27,-83],[-164,-20],[-258,-6],[-57,26],[-126,112],[13,60],[-15,105],[20,89],[-68,39],[-17,44],[40,89],[140,0],[87,21],[44,39],[156,17]],[[72399,29085],[22,-35],[46,-19],[41,-55],[-44,-42],[-44,-65],[9,-114],[-8,-57],[-24,-22],[-40,-75],[-48,-4],[-52,28],[-142,-32],[-23,-42],[-25,-2],[-24,114],[-8,81],[10,80],[42,-14],[69,37],[31,32],[48,79],[49,20],[91,97],[24,10]],[[72165,41489],[18,-73],[-37,-127],[-46,-218],[-22,-87],[-57,-111],[-67,-90],[-47,-45],[-122,-96],[-71,-68],[-60,-42],[-27,-5],[-19,-46],[-38,-20],[-37,26],[2,30],[-36,28],[22,92],[41,20],[23,104],[-15,63],[21,38],[30,-7],[20,33],[56,-32],[55,4],[43,38],[-6,65],[-20,36],[17,30],[63,-22],[101,-47],[54,29],[65,94],[33,101],[15,129],[19,69],[28,51],[1,56]],[[64846,104427],[121,-13],[412,-25],[108,-21],[80,-64],[-9,-64],[-132,-63],[-238,-50],[-286,-80],[-295,-60],[-370,-69],[-220,16],[121,130],[79,58],[35,72],[3,73],[165,1],[132,71],[294,88]],[[47327,97966],[165,9],[108,-8],[107,-36],[142,-3],[-20,-36],[-114,-34],[-133,-90],[-263,-97],[-90,-60],[-332,-103],[-83,-37],[-230,-68],[-111,-15],[-157,33],[-164,79],[120,33],[21,33],[254,91],[58,-7],[61,34],[118,14],[42,58],[82,18],[69,96],[81,31],[269,65]],[[73176,41205],[18,-12],[15,-60],[-6,-94],[11,-214],[-1,-90],[-42,-18],[34,-52],[-5,-90],[-26,4],[-1,-68],[-21,-46],[-53,-33],[-36,21],[-27,-32],[-16,-73],[-33,1],[-51,-67],[-55,18],[24,76],[21,149],[60,104],[37,94],[-48,9],[22,74],[18,20],[-21,50],[27,54],[-19,44],[48,66],[-7,20],[30,78],[67,65],[36,2]],[[72939,96138],[97,-46],[-64,-122],[-107,-58],[-17,-31],[-77,-18],[-149,-95],[-31,-66],[69,-91],[141,-85],[77,-13],[73,-102],[-73,-20],[-88,55],[7,50],[-76,-2],[-55,-29],[-114,13],[-74,37],[-59,-21],[-90,-74],[40,-84],[-30,-51],[-91,64],[-128,-3],[37,94],[-80,40],[-46,-15],[-107,6],[22,64],[157,21],[45,130],[117,67],[12,36],[71,27],[118,73],[55,53],[30,72],[70,6],[62,150],[105,-16],[107,5],[44,-21]],[[63352,79502],[49,-82],[47,-21],[66,-3],[107,-32],[47,-33],[69,68],[71,32],[83,-20],[51,-74],[-8,-30],[66,-83],[-15,-54],[63,-76],[-32,-31],[-210,-44],[-103,-10],[-158,39],[-59,23],[-30,53],[-44,-3],[-63,-52],[-93,13],[-65,59],[-65,15],[-31,29],[-1,75],[-52,55],[-61,38],[12,42],[93,24],[109,-19],[81,38],[-8,75],[84,-11]],[[89972,58227],[6,-44],[-25,-71],[-75,-18],[41,-37],[70,-30],[-54,-74],[-66,2],[-5,-46],[17,-41],[-59,-30],[-52,-78],[-48,7],[-55,-12],[-70,34],[-65,13],[-9,45],[-113,26],[-31,37],[-45,7],[-8,65],[11,32],[-32,46],[38,47],[49,15],[77,3],[-43,55],[21,91],[49,36],[60,-2],[15,-44],[56,-31],[53,32],[57,-34],[38,4],[27,52],[66,-28],[27,-85],[46,47],[31,9]],[[51892,88004],[77,-61],[56,-18],[-13,-73],[100,-49],[72,-97],[26,-121],[-11,-43],[-58,-91],[11,-38],[-65,-95],[-217,-61],[-112,-1],[-44,20],[-135,149],[4,64],[-43,134],[-8,96],[96,161],[200,114],[64,10]],[[52499,94870],[32,-25],[199,-100],[122,13],[99,-97],[-5,-38],[-108,-147],[-97,-54],[-39,-82],[-82,-8],[-58,24],[-7,74],[-141,78],[-60,16],[112,96],[-79,49],[-29,-58],[-118,-85],[-3,-120],[48,-40],[-81,-105],[-94,5],[-65,-43],[66,-43],[-9,-34],[-75,-26],[-55,9],[-115,-84],[-32,88],[-93,-2],[42,81],[-79,54],[-40,69],[34,66],[-36,52],[147,75],[157,32],[52,56],[117,-11],[35,32],[132,49],[122,6],[-45,147],[78,45],[51,-14]],[[45268,96115],[83,-2],[117,-91],[23,-89],[-90,-52],[-192,-35],[-61,-31],[-69,2],[-117,-35],[-307,-72],[-132,-40],[-99,-13],[-53,-29],[-232,-31],[-128,-35],[-181,-10],[-175,17],[-72,18],[27,56],[-34,64],[202,41],[47,25],[126,25],[35,-10],[148,45],[164,61],[34,25],[86,-4],[66,49],[116,20],[234,71],[230,26],[85,25],[119,9]],[[73784,78412],[39,-10],[107,-95],[64,-42],[38,-106],[10,-67],[-53,-63],[-56,-33],[-45,-69],[-111,-25],[-39,-26],[-57,0],[-142,-98],[-78,-27],[-47,-37],[-22,-49],[-58,6],[-18,41],[-90,34],[-99,-104],[-68,-29],[-39,-39],[-38,22],[-14,70],[10,53],[90,53],[30,51],[131,143],[27,42],[86,83],[59,25],[109,-24],[23,46],[-9,113],[104,-30],[-9,-49],[53,-30],[54,66],[-37,57],[-3,61],[43,7],[55,79]],[[81178,82078],[13,-60],[73,1],[126,-45],[177,-52],[172,8],[29,-68],[-32,-98],[-33,-29],[2,-61],[-56,-41],[-131,2],[-52,-10],[-201,-95],[-54,-37],[-93,-28],[-60,-82],[-160,-20],[-52,115],[-85,73],[-31,67],[0,56],[43,26],[78,-46],[52,35],[49,65],[6,82],[50,90],[-18,66],[52,49],[70,30],[66,7]],[[45641,95844],[120,-62],[77,-66],[-73,-69],[-381,-109],[-94,-43],[-32,-125],[-106,-139],[-94,-17],[-57,36],[-155,-24],[-60,-30],[-8,-51],[-119,-5],[-96,23],[-201,-24],[-128,17],[-58,44],[36,38],[104,45],[-55,27],[134,51],[73,51],[-8,48],[76,71],[9,36],[134,52],[486,128],[72,-1],[224,49],[180,49]],[[51448,86875],[-1303,451]],[[50145,87326],[33,66],[44,41],[59,14],[271,126],[106,20],[69,-26],[97,-6],[102,-27],[58,5],[32,-30],[118,-30],[83,-37],[47,-41],[76,-16],[57,-105],[-8,-115],[-34,-54],[-54,-36],[76,-28],[90,-123],[-19,-49]],[[59870,98193],[142,-55],[178,-160],[42,-65],[-19,-58],[29,-75],[-99,-67],[-51,4],[-19,-95],[-46,-71],[14,-75],[39,-53],[1,-52],[40,-38],[147,-70],[-110,-63],[-74,1],[-67,53],[-66,-4],[5,-82],[-32,-11],[-124,30],[-85,76],[-81,51],[-38,101],[-70,70],[-15,82],[-81,36],[-98,95],[-17,59],[-125,118],[-11,46],[41,93],[145,78],[122,14],[124,57],[55,-9],[140,38],[64,1]],[[77202,75536],[70,-60],[21,-52],[137,6],[66,-41],[42,-66],[-2,-111],[16,-89],[87,-111],[78,-82],[43,-5],[19,-100],[-51,-59],[-42,-10],[-18,-64],[101,10],[47,-16],[4,-62],[-80,-4],[-57,-26],[61,-84],[-48,-52],[-58,-25],[-45,37],[-89,-2],[-6,87],[-29,52],[-90,70],[-42,9],[-60,46],[-72,20],[-80,116],[-81,50],[-33,81],[32,116],[-13,93],[27,86],[34,29],[49,157],[62,56]],[[67112,68783],[-342,464],[-535,713],[-331,431]],[[65904,70391],[-38,53],[-4,6],[-2,4]],[[65860,70454],[-36,53]],[[65824,70507],[49,-22],[46,63],[202,31],[152,-67],[-20,-79],[-209,-12],[132,-47],[156,-100],[40,-39],[-32,-32],[-64,7],[-72,64],[-43,-36],[141,-58],[68,6],[13,-39],[79,-49],[115,3],[19,-43],[-83,-73],[-53,-28],[-12,-31],[64,-43],[124,-13],[41,-22],[83,-4],[49,-29],[-6,-105],[-41,-68],[-7,-96],[9,-52],[108,-76],[78,-101],[20,-45],[49,-40],[49,-62],[34,-105],[15,-154],[-17,-38],[12,-90]],[[75488,77480],[78,-81],[0,-94],[-59,-132],[-42,-30],[-26,-48],[-80,-82],[-95,-77],[-22,-90],[47,-43],[-51,-64],[-143,-33],[-64,-58],[-128,23],[-62,39],[-62,120],[-62,173],[-8,101],[62,134],[-32,177],[22,47],[51,9],[124,70],[85,8],[65,-18],[21,-31],[97,-78],[83,15],[160,3],[41,40]],[[45718,101165],[103,-21],[178,-8],[96,41],[154,-52],[246,-42],[183,-59],[230,-158],[132,-70],[58,-75],[-20,-39],[-87,10],[-137,-52],[-156,35],[-174,-17],[-124,16],[-59,-17],[-49,-54],[-185,-40],[-112,-7],[-128,11],[-157,-11],[-116,49],[-77,56],[-201,54],[34,28],[-162,124],[37,77],[-19,65],[29,54],[85,48],[111,10],[287,44]],[[82451,59091],[127,-76],[58,-23],[62,-46],[65,-25],[85,-75],[61,-41],[9,-86],[35,-19],[47,-86],[56,-36],[11,-43],[66,-82],[30,-56],[4,-46],[-62,-76],[-113,-28],[-38,-36],[-66,19],[-101,15],[-112,54],[-68,-27],[-80,16],[-12,24],[12,80],[-78,33],[-21,38],[17,29],[-20,66],[25,26],[-41,77],[-46,158],[22,31],[124,-13],[-7,81],[-44,-32],[-195,80],[-74,93],[-91,11],[-82,55],[-59,28],[-16,73],[94,-16],[9,21],[73,-42],[63,-9],[61,-38],[75,-7],[54,-52],[81,8]],[[75116,61422],[95,-72],[10,-50],[37,11],[81,-65],[31,7],[45,-42],[12,-60],[47,-5],[29,-43],[30,-79],[65,-50],[-2,-41],[-63,-70],[-8,-50],[87,20],[73,-49],[-70,-31],[13,-27],[-87,-87],[0,-61],[-33,-26],[-92,17],[-58,21],[-14,33],[-56,34],[-74,-16],[-47,43],[-67,29],[14,42],[-59,37],[-19,60],[-56,27],[-51,52],[-50,74],[5,41],[-66,27],[-52,53],[-68,25],[-32,45],[27,51],[-53,41],[18,83],[69,67],[99,13],[26,-43],[64,45],[58,-17],[142,-14]],[[85725,52760],[46,-110],[59,-80],[71,-46],[16,-98],[-44,-145],[-27,-66],[-31,-12],[-34,-94],[-16,-16],[-2,-87],[-16,-42],[-35,21],[-75,-5],[-65,-78],[-61,-22],[-19,-67],[-53,-40],[-34,-1],[-75,-62],[-64,1],[-39,35],[-26,141],[43,192],[21,132],[64,159],[5,64],[29,63],[7,74],[67,216],[103,32],[35,1],[150,-60]],[[72248,78557],[43,-29],[49,-91],[-24,-38],[70,-59],[27,-69],[-39,-56],[-185,-128],[-24,-27],[-116,-54],[-71,17],[-61,-10],[-35,18],[-70,-22],[-93,-9],[-29,57],[-100,61],[-52,-42],[35,-46],[19,-65],[70,-110],[52,-45],[22,-55],[-107,-75],[-175,106],[-85,-20],[-5,143],[33,141],[-51,-22],[-57,-162],[-54,10],[2,111],[-41,64],[-57,17],[-32,72],[-48,35],[-215,-2],[-90,-18],[-74,47],[-7,30],[91,129],[114,25],[43,-32],[103,-35],[37,16],[45,-57],[-23,-30],[24,-49],[62,-30],[9,49],[-32,28],[2,44],[-86,72],[-22,63],[22,76],[60,25],[45,-10],[52,24],[32,-81],[62,70],[102,8],[39,-46],[18,-56],[39,-48],[54,9],[75,-33],[11,-45],[62,39],[55,9],[78,72],[25,-37],[46,49],[-11,56],[51,-7],[62,74],[99,-28],[130,12]],[[48498,107433],[170,-2],[5,-37],[132,-81],[153,15],[167,34],[192,-8],[104,-85],[69,-17],[-7,-74],[-68,-25],[83,-70],[95,-41],[-5,-65],[77,-53],[-69,-116],[42,-87],[-33,-35],[109,-80],[47,-176],[-15,-36],[-102,-57],[41,-63],[-76,-51],[-86,-130],[-77,19],[14,68],[-88,74],[-85,0],[-177,55],[-124,9],[-72,37],[37,67],[-27,49],[72,96],[-115,81],[-141,29],[-6,29],[-122,26],[-171,-47],[-318,-15],[-155,49],[48,246],[-45,56],[92,32],[-22,58],[80,45],[24,99],[146,52],[6,47],[78,59],[123,20]],[[50807,90609],[44,-12],[64,-60],[29,-67],[-5,-53],[-94,-89],[-80,-107],[-183,-116],[-90,-30],[-68,-100],[-131,-60],[-48,3],[-136,-61],[-65,-18],[-247,-31],[-138,20],[3,-67],[-58,-25],[-71,60],[-12,39],[-441,2],[-206,74],[-55,99],[180,75],[232,56],[121,-7],[-62,69],[108,55],[137,29],[51,72],[223,22],[81,-9],[96,16],[259,114],[110,20],[119,44],[204,18],[129,25]],[[89584,55786],[-60,-83],[-14,-40],[78,-27],[50,25],[33,-14],[7,-46],[-43,-77],[-52,-75],[15,-100],[45,21],[-16,-82],[-53,-58],[10,-39],[-18,-34],[16,-37],[-74,-16],[3,-133],[-75,-96],[2,-58],[-59,30],[-11,41],[-64,17],[-31,22],[27,56],[13,60],[-44,38],[-70,-14],[-26,65],[-36,-2],[-12,50],[-36,23],[-46,58],[-24,79],[-97,22],[-67,62],[-42,4],[13,42],[-56,49],[4,33],[-67,6],[-19,154],[21,39],[61,39],[142,22],[48,40],[83,20],[61,4],[41,-14],[74,27],[58,-31],[46,-47],[33,21],[72,-7],[40,-35],[104,-14],[12,10]],[[73646,77344],[27,-49],[2,-73],[21,-13],[33,-89],[-38,-19],[-65,-93],[-47,-118],[-43,-35],[-67,83],[-44,-8],[-3,-91],[29,-37],[-29,-44],[-59,-8],[-30,-38],[13,-89],[-11,-66],[-72,-56],[-38,-78],[-94,-95],[-2,-114],[-114,-95],[4,-59],[-50,-26],[-70,11],[-41,-58],[-43,10],[-108,-29],[-45,-44],[-60,-3],[-50,-78],[-60,1],[-25,26],[-87,36],[-28,39],[-12,132],[94,133],[27,108],[56,107],[24,110],[46,32],[37,-16],[108,20],[45,54],[77,-34],[32,30],[25,64],[71,31],[-12,102],[8,51],[93,141],[60,44],[88,-35],[52,29],[-66,63],[-63,36],[-8,71],[20,50],[42,-3],[85,102],[59,-20],[75,50],[60,-29],[171,-24]],[[43173,97737],[258,-18],[125,-82],[-19,-48],[-67,-44],[30,-46],[109,-30],[-24,89],[64,39],[104,-44],[136,-118],[111,-7],[-115,-90],[244,-94],[61,-8],[161,18],[13,-78],[271,-73],[-44,-120],[-159,-103],[0,-18],[-189,-72],[-106,-13],[-151,-39],[-157,-25],[-136,2],[-55,31],[-110,19],[-178,-24],[-244,22],[-44,49],[334,-7],[-40,44],[-61,-20],[-78,31],[-89,-13],[-81,43],[-7,59],[-125,-10],[90,118],[-31,61],[42,27],[-65,48],[-174,20],[-16,88],[35,33],[-134,73],[32,89],[-19,28],[179,104],[101,35],[121,60],[97,14]],[[63840,74350],[99,-66],[44,-50],[80,-66],[40,-99],[-23,-111],[18,-76],[-4,-125],[34,-105],[-10,-91],[24,-15],[-5,-93],[24,-30],[-1,-182],[-25,-107],[-5,-76],[-23,-25],[-53,-159],[-68,-41],[-40,-87],[-57,-17],[-61,41],[-47,-2],[-50,74],[-50,21],[-32,-14],[-84,104],[-53,98],[2,49],[-52,121],[0,83],[100,105],[26,12],[-3,151],[-37,19],[-84,74],[-39,59],[30,91],[71,4],[19,22],[7,97],[-15,52],[115,166],[16,47],[37,20],[45,77],[51,58],[39,-8]],[[44528,96731],[153,-4],[82,21],[187,-11],[101,-68],[9,-61],[46,-61],[97,-74],[-12,-49],[-60,-26],[-11,-38],[50,-73],[-147,-114],[-111,-30],[-78,-42],[-78,-11],[-257,-72],[-228,-48],[-88,15],[-85,-8],[-292,3],[-260,-22],[1,62],[-85,20],[-148,-2],[-74,30],[-214,38],[-104,99],[-25,82],[46,40],[137,58],[-21,43],[98,49],[242,16],[394,98],[81,-5],[109,33],[73,-7],[149,54],[72,-3],[121,22],[130,46]],[[43205,94292],[108,-19],[188,-85],[41,-54],[66,-44],[64,-12],[-15,-65],[100,-129],[14,-115],[-32,-67],[110,-48],[16,-53],[55,-36],[-13,-99],[-49,-16],[-36,-66],[-66,-39],[-132,-124],[-232,-34],[-44,-30],[-74,1],[-89,-26],[-197,16],[-235,58],[-93,50],[-51,5],[-28,51],[-87,55],[-114,40],[15,77],[96,58],[100,159],[2,69],[49,52],[-59,35],[85,42],[-44,24],[120,121],[95,75],[23,84],[152,61],[191,28]],[[74031,60843],[25,-31],[34,16],[57,-23],[87,-13],[-6,-39],[-35,-23],[82,-60],[95,52],[36,-84],[5,-93],[17,-42],[48,-38],[-7,-25],[65,-66],[1,-37],[34,-62],[-20,-32],[16,-54],[-33,-12],[-28,-71],[13,-44],[-17,-47],[-102,-25],[-31,-43],[-95,-65],[-60,-18],[-4,-26],[-96,-52],[-59,1],[-89,82],[-36,66],[-59,30],[1,49],[-72,47],[6,33],[-36,22],[-43,87],[-40,19],[-63,106],[-123,181],[-42,39],[-42,8],[8,47],[-33,7],[-19,52],[4,82],[128,46],[81,46],[39,0],[28,32],[76,1],[47,25],[44,-56],[63,3],[45,-17],[18,26],[87,-7]],[[41159,100780],[107,3],[121,-41],[62,8],[173,-75],[93,-64],[96,-38],[104,-95],[119,-73],[69,-98],[100,-83],[12,-47],[64,-45],[50,-106],[-22,-49],[-75,-35],[62,-88],[-48,-35],[14,-47],[250,37],[99,-39],[8,-71],[187,-85],[39,-85],[72,5],[-13,-113],[79,0],[65,-123],[-22,-32],[20,-74],[-49,-105],[-127,-75],[-128,40],[-149,-97],[-135,16],[-94,112],[-61,28],[-176,23],[-13,-29],[-98,-14],[-60,30],[13,106],[-54,56],[-80,28],[-11,40],[-157,141],[7,30],[-49,114],[8,63],[-119,23],[50,60],[-85,42],[19,55],[-116,79],[71,74],[11,61],[-65,39],[-73,6],[-66,38],[61,26],[-34,65],[15,109],[-84,118],[-121,62],[-120,118],[50,49],[134,57]],[[58852,100481],[103,-38],[87,2],[216,-57],[163,17],[209,-59],[11,-74],[183,-51],[6,-32],[172,-81],[98,-71],[94,-95],[28,-215],[-26,-46],[18,-51],[83,-1],[20,-67],[-32,-60],[-49,-3],[-134,-137],[-96,-84],[-287,-92],[-24,27],[-113,-15],[-131,0],[-40,56],[-112,20],[-32,49],[-53,1],[-157,80],[-84,16],[-117,51],[-163,51],[17,36],[-179,97],[10,32],[-64,30],[-23,86],[43,70],[-31,49],[-10,138],[28,56],[-37,162],[38,56],[117,14],[78,52],[91,7],[81,74]],[[78277,74012],[154,-117],[-13,-78],[-62,-100],[28,-48],[40,21],[73,-15],[46,23],[75,-55],[63,-20],[127,-64],[36,-39],[83,-56],[69,64],[87,-6],[97,27],[14,63],[61,-11],[-52,-61],[54,-43],[41,-11],[63,-57],[19,-50],[-32,-34],[3,-67],[75,-196],[26,-29],[-22,-97],[-82,-115],[-77,-3],[-107,40],[-87,-10],[-177,2],[-86,27],[-118,11],[-135,-28],[-72,-4],[-129,-44],[-59,0],[-116,38],[-93,45],[-90,63],[-86,148],[-53,77],[-59,107],[-39,137],[-5,108],[43,142],[34,26],[56,-26],[86,11],[75,-15],[30,-22],[80,19],[-2,80],[18,38],[50,31],[-12,65],[59,108]],[[72502,41733],[-10,-202],[48,-21],[42,8],[28,-59],[49,-10],[5,-145],[54,-100],[39,-41],[36,8],[58,-10],[39,15],[-2,-212],[11,-49],[-30,-13],[16,-47],[36,-42],[-35,-49],[-38,-15],[-21,-67],[-43,-173],[-85,-310],[-66,-299],[-2,48],[66,309],[71,250],[45,138],[2,45],[24,133],[-18,160],[55,82],[-57,-5],[-34,-29],[13,-41],[-61,-42],[-34,-183],[-16,-201],[38,-33],[11,-37],[-54,-67],[-20,9],[2,126],[-14,84],[-38,-12],[-39,-82],[-50,-143],[-66,-286],[-58,-178],[-102,-240],[-38,-69],[-64,-58],[-33,6],[-61,80],[-18,39],[-29,-40],[-81,-171],[-41,-72],[-6,66],[66,127],[142,375],[47,100],[76,179],[-14,60],[-50,24],[-61,-75],[-112,-233],[-47,-136],[-80,-150],[-47,-72],[-2,-28],[-38,-92],[-17,-62],[-60,26],[63,175],[-89,-63],[-6,44],[-57,-5],[-38,28],[10,61],[142,214],[34,27],[51,124],[34,112],[35,84],[79,140],[101,114],[40,55],[35,72],[47,170],[7,99],[18,44],[28,208],[-9,81],[8,128],[-10,70],[35,-15],[-6,-37],[20,-118],[2,-124],[-36,-205],[-16,-31],[-12,-138],[-48,-235],[-21,-81],[-68,-67],[-19,-97],[9,-73],[110,202],[97,38],[40,84],[75,408],[28,258],[26,307],[13,65],[-8,59],[29,22]],[[53492,100887],[34,-175],[43,-10],[199,55],[71,-18],[76,13],[127,85],[167,3],[35,-23],[111,34],[176,-19],[50,-45],[121,-7],[110,-34],[71,61],[79,-18],[29,-37],[160,21],[48,-64],[101,-16],[67,13],[24,61],[119,13],[84,37],[255,-53],[107,-70],[137,-11],[92,-83],[78,-107],[-63,-65],[-68,-11],[-142,26],[-93,-76],[-11,-133],[-99,-55],[32,-91],[-6,-131],[-61,-15],[-43,-63],[-202,10],[-151,27],[-51,-63],[-73,60],[-197,-23],[-70,27],[-102,-4],[-26,41],[-92,-12],[-49,35],[-249,-18],[-255,45],[-102,-14],[-190,-49],[-173,-18],[-39,26],[-149,3],[-34,22],[-202,-7],[-90,-14],[-102,34],[-83,-47],[-198,59],[-65,32],[-67,110],[-127,71],[-60,94],[28,57],[-40,97],[73,23],[-37,81],[128,71],[48,-20],[79,92],[86,-4],[69,62],[94,-6],[163,46],[97,-5],[61,31],[-26,48],[158,8]],[[70330,32118],[25,-66],[42,-32],[27,-50],[29,-13],[48,-54],[10,-60],[33,-50],[18,14],[9,-79],[87,-121],[33,-76],[42,-120],[36,-202],[3,-50],[35,-119],[34,-64],[0,-111],[-30,-138],[-24,-53],[-65,85],[-51,35],[-54,22],[-128,65],[-100,20],[-72,71],[-43,20],[-35,56],[-64,59],[-71,45],[-83,37],[-119,18],[-95,31],[-41,34],[-124,64],[-93,67],[-78,23],[-130,68],[-50,65],[-63,49],[-9,57],[37,66],[43,129],[83,146],[30,37],[39,14],[29,34],[43,-18],[107,35],[90,55],[74,4],[72,26],[0,-39],[48,12],[30,-19],[55,19],[21,33],[67,-3],[48,-21],[20,-27],[93,-31],[71,22],[11,-21]],[[72092,57900],[53,-30],[24,-32],[76,-27],[26,-34],[-6,-46],[64,-69],[23,-87],[70,-39],[72,-126],[-4,-31],[-43,-34],[23,-112],[-24,-99],[-33,-66],[9,-85],[-5,-103],[28,-70],[-43,6],[-35,35],[-16,-79],[-48,-129],[-36,-37],[-8,-44],[25,-80],[-14,-90],[-32,-36],[-21,-74],[-45,-75],[12,-66],[-34,-115],[-49,-118],[-57,-37],[-35,-73],[1,-112],[-49,-81],[-67,-48],[-40,-13],[-65,61],[-25,7],[-28,102],[10,21],[-42,52],[-25,98],[-34,69],[-85,77],[-23,34],[4,59],[-32,14],[-95,5],[-37,48],[20,60],[-56,46],[-20,103],[7,47],[-20,44],[24,52],[-26,41],[7,167],[25,73],[5,86],[37,112],[-4,105],[39,59],[35,131],[32,48],[64,36],[-1,27],[55,73],[66,167],[7,74],[22,29],[101,62],[80,-38],[103,33],[113,72]],[[50340,103718],[104,3],[402,-19],[230,-32],[140,-54],[276,-80],[152,-34],[121,-78],[24,-38],[212,-41],[80,19],[144,-29],[129,-97],[77,-79],[104,30],[101,6],[8,-67],[-54,-47],[-100,-173],[217,-57],[210,-88],[106,65],[170,54],[112,-5],[223,-65],[444,-181],[224,-146],[24,-48],[-28,-45],[-151,-93],[-69,1],[-140,-62],[-7,-42],[-113,-63],[-102,-4],[-110,-52],[57,-44],[185,1],[41,-49],[103,-41],[26,-89],[102,-37],[18,-36],[108,-49],[-49,-45],[36,-84],[-53,-15],[-82,-154],[-123,-149],[-223,58],[-124,-25],[-42,-45],[-100,-5],[-215,-46],[-138,-73],[-215,-60],[-410,-44],[-46,18],[-70,104],[-130,-14],[-21,-40],[-90,-49],[-75,-66],[-15,-67],[-77,-74],[-79,-26],[-114,46],[-165,10],[26,51],[-12,145],[129,105],[-84,14],[-143,70],[-124,12],[-197,112],[-26,32],[-92,27],[-168,21],[-96,47],[157,63],[-74,85],[60,9],[198,-12],[59,-26],[251,-7],[70,9],[206,-14],[109,14],[47,57],[-74,45],[65,56],[-117,44],[-67,3],[-175,58],[-143,111],[-156,-1],[-179,-36],[-206,67],[-157,-11],[-69,37],[72,22],[149,5],[-100,128],[-181,27],[-78,42],[65,32],[-2,58],[-60,37],[-34,76],[45,49],[-163,33],[-41,48],[-136,58],[-51,80],[-17,74],[146,73],[219,-1],[37,56],[-48,97],[-158,89],[-53,67],[-61,14],[-13,62],[33,105],[-80,50],[75,75],[-72,58],[111,24],[120,91],[78,14]],[[54142,94835],[148,-20],[81,-33],[71,15],[161,-18],[226,-82],[60,-46],[163,-170],[50,-71],[74,-28],[25,-56],[64,-32],[57,-78],[171,-104],[117,-62],[8,-101],[-218,-17],[241,-23],[141,-90],[23,-34],[-26,-81],[-90,-85],[69,-62],[57,-121],[-7,-74],[-35,-32],[8,-88],[-163,-61],[35,-18],[101,11],[35,-47],[47,-116],[41,-38],[27,-134],[5,-119],[-28,-256],[-37,-161],[-48,-160],[-137,-53],[-142,-39],[-25,21],[-198,-15],[-41,12],[-169,-15],[-125,-22],[-51,53],[-122,-37],[-225,-39],[-116,14],[-97,34],[-61,67],[-89,71],[-96,-63],[-176,31],[2,85],[38,45],[-17,68],[-49,7],[-123,66],[-3,31],[-73,46],[-74,4],[-78,-78],[-22,49],[-52,11],[-27,-87],[74,-22],[-20,-42],[-110,-2],[-8,37],[40,95],[37,24],[-30,53],[-123,-25],[-78,40],[-175,-3],[-38,25],[-15,66],[-116,19],[-73,77],[-74,51],[-49,60],[50,42],[-50,139],[-51,-92],[-7,-116],[-67,-37],[-89,-6],[-62,24],[-28,47],[20,202],[-61,27],[-99,0],[-60,-67],[-75,9],[41,135],[0,105],[44,40],[1,49],[65,58],[57,127],[63,5],[79,45],[-57,52],[158,88],[202,-17],[38,36],[-72,58],[-3,51],[-66,53],[141,40],[83,136],[74,19],[61,-52],[98,29],[-72,57],[-127,42],[-172,-32],[1,-47],[-67,-19],[-44,41],[41,61],[54,40],[177,48],[105,-59],[-16,-40],[135,-17],[17,49],[64,-16],[-2,71],[-66,-19],[-87,54],[-14,71],[40,83],[97,62],[110,10],[21,63],[97,5],[88,42],[115,-21],[16,93],[71,29],[43,-56],[159,73],[162,40],[78,35]],[[49989,87378],[-367,122],[-906,286],[-1117,344]],[[47599,88130],[31,64],[201,68],[42,-27],[72,-108],[131,-66],[37,-37],[69,-23],[112,-4],[111,14],[25,51],[-120,-4],[-70,20],[-148,86],[-121,120],[-49,107],[-86,108],[-86,75],[-75,11],[43,-66],[-27,-52],[59,-75],[-2,-28],[-96,10],[-136,-44],[-43,-71],[-242,-20]],[[47231,88239],[-282,81]],[[46949,88320],[19,68],[-47,18],[-88,-12],[-95,37],[-67,45],[-49,57],[-1,70],[-102,38],[-42,-11],[-83,91],[-83,10],[45,111],[92,159],[43,16],[77,-12],[94,22],[24,111],[56,30],[257,-49],[97,39],[33,-20],[33,-111],[97,-51],[35,-118],[69,-79],[192,-74],[15,-75],[80,1],[-74,100],[-116,91],[-32,75],[92,136],[-29,84],[-92,16],[-73,55],[-70,-13],[-172,39],[70,92],[-154,74],[-78,-26],[-32,52],[61,50],[-120,66],[137,45],[40,50],[-40,16],[-15,67],[50,41],[82,19],[115,-3],[149,35],[38,56],[125,34],[86,-39],[54,0],[58,-34],[36,-51],[99,-43],[106,5],[92,-51],[59,-56],[82,46],[42,107],[98,55],[-32,41],[64,45],[-43,38],[-99,-27],[-37,-71],[-55,-34],[-134,-29],[-120,27],[-22,74],[-57,3],[50,138],[89,14],[124,64],[161,17],[125,-18],[81,-26],[-69,-94],[71,-94],[76,-60],[65,4],[211,-60],[28,-63],[86,-21],[59,-76],[126,-85],[23,-51],[-33,-49],[58,-40],[37,17],[-36,52],[56,105],[130,3],[120,19],[156,-10],[42,36],[235,69],[431,49],[271,108],[8,64],[56,65],[92,43],[72,9],[6,-54],[-75,-58],[81,-22],[141,92],[102,-28],[63,-68],[114,-9],[41,15],[120,-33],[58,9],[56,-88],[49,-28],[-5,-49],[114,-128],[60,-8],[32,-48],[9,-100],[-51,-124],[15,-48],[-92,-63],[-38,-2],[-142,-92],[19,-42],[-61,-22],[-164,60],[-53,34],[-78,-56],[47,-99],[-17,-47],[-88,7],[-40,53],[-69,24],[-14,-123],[-48,-25],[6,-60],[82,-59],[46,25],[43,69],[134,35],[4,-58],[113,-48],[55,70],[88,-39],[13,-72],[-62,-49],[-4,-43],[109,-43],[-32,-60],[7,-45],[-64,-26],[-39,16],[-155,-33],[-71,1],[-98,-50],[-97,7],[-77,-22],[-81,-81],[-116,-39],[3,-99],[-79,-41],[-29,-86],[-54,-59],[-180,-110],[-114,-115],[17,-45],[-97,-44],[-110,-87],[-77,-16],[-41,-50],[43,-16],[32,-51],[-11,-46]],[[76606,74437],[38,-10],[166,-74],[115,-90],[105,-42],[232,-28],[76,-37],[6,-61],[125,-111],[22,-91],[-2,-87],[-27,-45],[-7,-157],[-112,-175],[-13,-105],[29,-122],[32,-77],[3,-45],[55,-71],[-17,-101],[0,-161],[17,-202],[-2,-166],[-26,-74],[-22,-104],[-82,-181],[-2,-34],[-40,-60],[-85,-49],[-63,-82],[-41,-33],[-5,-46],[-40,-2],[-71,-54],[-28,23],[-55,-25],[-8,-55],[-34,-34],[-70,-26],[-47,7],[-75,-40],[-48,-48],[-79,-19],[-89,-54],[-15,19],[-140,-31],[-94,-2],[-63,23],[-38,-10],[-51,25],[-77,6],[-46,-44],[-92,-27],[-68,46],[-98,-69],[-21,10],[-78,-18],[-48,-27],[-124,49],[-229,36],[-49,74],[-93,230],[-32,124],[-40,106],[-37,23],[-13,41],[14,103],[-16,65],[7,89],[-34,121],[3,72],[-55,175],[-3,142],[57,187],[48,135],[9,60],[73,131],[6,44],[55,90],[117,238],[3,56],[28,66],[64,84],[37,30],[49,109],[77,78],[17,62],[120,129],[134,68],[116,23],[106,53],[33,0],[46,62],[38,-31],[-15,-51],[23,-22],[175,-16],[47,6],[56,42],[31,61],[96,26],[59,-19],[94,-4]],[[73862,89320],[57,-45],[263,-124],[269,-90],[213,-49],[64,-73],[177,-38],[25,-50],[63,-36],[-16,-85],[146,-154],[-44,-48],[14,-32],[94,-76],[-39,-27],[102,-28],[87,26],[109,-23],[18,-112],[83,-93],[55,-14],[43,-42],[10,-92],[-95,-67],[35,-53],[5,-69],[45,-16],[86,8],[100,-13],[89,-48],[109,-33],[-86,-73],[44,-55],[-40,-24],[15,-63],[68,-39],[-89,-53],[-4,-72],[206,-49],[63,10],[50,-48],[-2,-62],[-46,-28],[32,-84],[-174,-91],[-193,-40],[-134,-2],[-130,32],[-91,34],[-173,-8],[-109,16],[-216,16],[-81,22],[-102,7],[-183,70],[-155,31],[-190,20],[-15,-19],[-162,11],[-120,-4],[-131,-17],[-156,18],[-109,-28],[-136,-21],[-197,-71],[-212,-89],[-34,-30],[-70,-8],[-134,-74],[-167,-67],[-137,-36],[-137,-16],[-267,41],[-96,66],[-67,61],[-46,10],[-47,67],[-242,107],[8,23],[-27,150],[-42,34],[-27,69],[-43,24],[-40,174],[-37,25],[28,51],[41,182],[-61,65],[22,41],[53,28],[-21,117],[-71,39],[-40,52],[-59,-26],[-137,-1],[-15,21],[-159,36],[-64,-5],[-55,39],[-152,10],[-132,180],[43,31],[-57,50],[-5,49],[63,61],[-30,87],[18,33],[-12,69],[90,57],[68,-49],[29,37],[-67,18],[-16,39],[-108,90],[19,127],[-53,54],[89,69],[55,94],[0,114],[-29,68],[-55,46],[71,14],[138,-9],[73,30],[121,12],[93,-7],[122,-35],[43,-53],[190,-119],[53,-10],[24,95],[84,8],[15,-36],[130,-47],[300,-85],[68,-40],[23,-40],[350,6],[179,-18],[137,19],[15,65],[172,-5],[185,6],[105,-8],[91,16],[150,1],[67,13],[169,-2],[55,-15]],[[41798,105151],[126,-69],[202,-22],[109,32],[178,26],[129,2],[256,33],[111,33],[84,-1],[146,35],[304,25],[107,19],[91,-33],[138,2],[65,-54],[145,-50],[188,-89],[150,38],[45,-35],[170,-34],[44,-76],[88,-36],[62,-60],[45,-148],[84,-6],[47,-52],[-8,-57],[106,-22],[-6,-61],[91,-81],[-40,-46],[16,-80],[-53,-101],[-80,-51],[-42,-73],[63,-9],[131,54],[33,-53],[-47,-87],[19,-63],[85,-22],[59,33],[126,188],[-35,110],[5,49],[83,7],[68,43],[134,24],[144,70],[52,59],[190,11],[117,-38],[103,7],[49,-45],[158,-95],[9,-35],[95,-24],[13,-42],[71,-18],[109,-73],[119,43],[102,-49],[74,-62],[-39,-53],[-152,-138],[-38,-87],[-85,-30],[20,-57],[105,-13],[117,13],[20,-63],[140,-32],[56,65],[119,25],[159,-11],[94,73],[73,-3],[111,33],[72,-141],[59,-42],[121,-10],[168,-73],[143,-99],[22,-48],[-69,-16],[-53,-57],[-90,-45],[59,-41],[221,34],[77,-87],[-60,-46],[108,-6],[10,36],[100,7],[148,-61],[-49,-59],[-140,-38],[26,-103],[-29,-97],[-231,-86],[-45,-41],[146,-85],[-31,-56],[39,-118],[-48,-60],[20,-66],[155,23],[49,-31],[128,-31],[-4,-61],[42,-43],[39,-104],[162,-47],[-17,-44],[144,-116],[92,-43],[49,-100],[137,-42],[27,-29],[-115,-109],[-84,-105],[-4,-99],[51,-18],[-30,-78],[83,-19],[-185,-138],[-139,-26],[-67,-47],[-124,-2],[-128,-42],[-29,28],[-272,-7],[-58,-99],[-75,-2],[-33,45],[-137,22],[-52,44],[-172,-28],[-93,74],[-188,60],[-117,21],[27,46],[-106,119],[-123,117],[-22,97],[-69,20],[71,39],[-64,51],[4,55],[93,22],[8,57],[-136,28],[-22,67],[-147,55],[-12,79],[43,32],[-122,40],[-146,-55],[-79,-14],[-155,80],[-22,91],[-189,18],[-77,-8],[-84,65],[-99,18],[-76,-18],[-113,9],[-22,43],[-207,32],[-17,-41],[-70,-20],[-85,14],[-259,-79],[-118,-8],[-213,126],[57,57],[40,103],[130,43],[-123,31],[-89,46],[-84,-55],[-240,-12],[-90,6],[-114,-56],[-108,-18],[-71,-40],[-63,19],[-150,-44],[-91,-5],[-94,-44],[-95,-19],[-107,-137],[-172,-13],[-80,58],[-246,-7],[-110,13],[-197,140],[-111,26],[-54,100],[-84,6],[-10,81],[-200,159],[35,53],[-67,85],[6,32],[151,143],[127,60],[137,0],[238,-25],[118,-24],[166,-61],[51,-40],[106,-19],[186,-13],[255,15],[117,-46],[83,2],[74,63],[69,21],[-65,45],[-19,46],[120,50],[-66,47],[60,43],[-166,1],[-143,-13],[-426,37],[43,39],[151,70],[129,16],[278,-21],[-2,108],[115,65],[100,16],[-6,74],[-73,24],[-56,61],[-120,-56],[-98,26],[-88,-24],[-55,-72],[-81,14],[88,105],[-104,20],[-104,-74],[-107,-27],[-97,6],[-33,61],[-78,-38],[-43,46],[65,94],[150,77],[115,76],[64,5],[83,64],[-40,59],[-197,44],[-103,131],[-216,-4],[9,-62],[-109,7],[-113,-58],[26,-32],[-68,-32],[-113,-192],[-128,-36],[-48,-69],[-106,-29],[-142,-15],[-66,51],[42,82],[138,91],[-7,53],[69,33],[3,70],[58,14],[1,75],[81,62],[9,101],[-23,38],[-103,1],[-190,59],[-40,-38],[-169,-69],[-234,-13],[-47,-13],[-232,37],[-48,25],[5,57],[-53,298],[77,179],[212,198],[-82,38],[4,41],[68,30]],[[49621,97759],[281,-2],[143,-65],[-55,-66],[61,-65],[221,-57],[37,-47],[-92,-17],[-79,58],[-94,-5],[62,-68],[112,-26],[73,-49],[75,43],[43,-72],[321,-30],[151,-85],[-23,-59],[46,-131],[-81,-55],[15,-36],[-97,-207],[87,-15],[3,-103],[50,-46],[58,-13],[101,-112],[45,-21],[26,-85],[-21,-127],[-77,-95],[-38,-77],[33,-50],[-29,-23],[-40,-129],[-32,-25],[34,-58],[26,-102],[7,-124],[55,-28],[-58,-54],[-6,-77],[-49,-80],[-240,-87],[-90,-71],[127,-28],[79,5],[157,-59],[194,-26],[98,-27],[11,-58],[-72,-165],[0,-62],[30,-96],[-16,-37],[36,-169],[-10,-76],[73,-114],[68,-27],[-23,-37],[-199,102],[-27,37],[-11,106],[54,45],[-185,101],[-113,106],[-148,-82],[78,-88],[35,-110],[-75,-39],[-68,39],[22,65],[-19,49],[-100,4],[-9,-50],[-61,-32],[46,-62],[110,-59],[78,-13],[-25,-57],[-124,8],[-70,-27],[-34,-49],[171,-23],[-2,-60],[-145,-1],[-64,34],[-25,-130],[-43,-53],[17,-50],[77,23],[-12,64],[94,4],[27,-29],[-99,-51],[42,-48],[98,-40],[69,8],[90,-88],[-5,-39],[-61,-38],[63,-30],[111,-14],[-36,-36],[151,-48],[-5,-41],[-83,-54],[-116,-30],[-55,15],[-77,-25],[-111,125],[-118,51],[-28,51],[-95,-28],[15,-68],[86,-42],[62,-68],[65,-13],[-1,-53],[32,-88],[-31,-87],[-26,-17],[-128,25],[-98,-34],[-56,18],[-124,2],[-83,-47],[-98,-22],[-108,21],[-107,-51],[-109,14],[-137,49],[-39,118],[-79,-45],[39,-85],[-87,-33],[-134,-1],[-57,14],[-106,-11],[-94,-29],[-58,75],[-5,61],[66,46],[20,71],[77,84],[-24,48],[-83,-102],[-8,-40],[-81,-10],[-5,-65],[-44,-47],[-3,-46],[69,-38],[-147,-69],[-89,-7],[-219,21],[-117,-3],[-196,15],[-138,40],[-102,16],[-91,37],[-26,30],[-2,135],[25,74],[-68,139],[39,10],[-107,78],[-91,16],[129,94],[181,9],[54,-16],[207,17],[86,-11],[-2,49],[-274,34],[-66,-20],[-107,31],[84,38],[137,82],[-14,51],[-170,-57],[-86,4],[-125,-18],[-122,60],[-39,82],[101,9],[10,53],[144,-5],[26,43],[-95,58],[-19,32],[-108,62],[211,25],[471,28],[-62,80],[122,14],[87,28],[46,-54],[177,60],[-11,46],[-104,-14],[-176,-4],[-109,-16],[-208,11],[-86,38],[311,21],[6,77],[123,14],[99,61],[180,36],[39,47],[-108,14],[-80,-13],[-55,15],[164,107],[119,33],[115,-9],[99,40],[210,9],[67,-7],[276,4],[117,21],[-63,59],[-48,3],[-159,-28],[-138,-7],[-209,-41],[-76,-1],[-116,-32],[-166,-9],[68,60],[-289,-39],[-84,3],[-107,-35],[-66,4],[-160,-19],[-93,-33],[-102,9],[-76,-38],[-103,17],[-76,-33],[-76,-10],[-159,-47],[-150,-22],[-95,43],[-60,-23],[-52,-55],[-149,-12],[-38,26],[-263,17],[-32,-39],[-268,-44],[-104,-33],[-167,-37],[-87,-8],[-111,29],[-222,-45],[-76,0],[-122,-57],[-25,-44],[-70,-16],[-75,20],[16,85],[-73,2],[-59,43],[32,79],[-89,38],[-62,106],[92,14],[67,-50],[79,80],[-7,81],[165,32],[9,32],[-54,44],[266,52],[65,-36],[105,-13],[81,-60],[25,72],[-54,37],[-118,19],[32,55],[108,34],[-20,55],[-160,-42],[-87,11],[-11,75],[30,76],[75,54],[150,77],[85,6],[247,51],[115,-30],[3,-43],[56,-39],[129,-47],[36,-36],[161,-28],[-3,-106],[15,-57],[216,-38],[30,48],[241,47],[-31,41],[-116,-47],[-92,12],[-94,-23],[-74,45],[56,27],[0,55],[-46,79],[-39,21],[-130,-10],[-57,23],[28,49],[-95,129],[134,91],[128,44],[-23,53],[-111,-5],[-186,-54],[-93,45],[-71,65],[-43,11],[-12,66],[-79,78],[-8,116],[102,67],[76,30],[-36,39],[32,42],[155,62],[47,2],[142,52],[-68,23],[-180,-2],[-90,-33],[-24,33],[-124,8],[-88,-29],[-106,-12],[-78,13],[-55,53],[25,46],[106,6],[13,37],[-76,104],[85,45],[-61,65],[60,59],[82,24],[-79,47],[65,86],[75,14],[20,56],[183,22],[293,-28],[250,-87],[94,-141],[106,-31],[67,-75],[-56,-40],[18,-114],[-35,-31],[45,-50],[82,2],[98,-21],[95,-78],[168,-115],[35,-43],[84,-39],[-52,-91],[98,-37],[14,-32],[125,-8],[165,-57],[41,-87],[89,-55],[-20,-55],[65,-80],[74,-6],[55,-84],[90,-6],[39,-117],[93,83],[55,13],[116,-6],[40,73],[97,12],[-12,70],[-115,-27],[-227,-12],[-25,22],[63,64],[-64,4],[-73,61],[-15,94],[-92,-8],[-8,83],[-55,111],[-121,74],[106,32],[28,31],[98,-1],[121,-33],[94,12],[74,-30],[26,-36],[83,-3],[92,67],[-138,-24],[-133,82],[-60,12],[-68,48],[-3,32],[-169,-3],[-75,-30],[-94,30],[-121,15],[-109,29],[-24,62],[-57,58],[51,42],[160,34],[190,-22],[47,54],[178,-47],[134,-11],[-50,49],[-141,20],[-2,52],[-74,67],[-230,111],[-100,-1],[-47,-35],[-108,-2],[-18,22],[-171,-14],[-77,22],[-48,67],[-227,189],[-33,78],[103,47],[129,13],[70,42],[6,34],[65,58],[90,29],[154,97],[230,70],[70,9],[163,-29],[172,-63],[133,0],[37,55],[142,2],[113,-25],[6,-61],[-137,17],[-28,-17],[188,-37],[65,-26],[93,-114],[78,-51],[59,-70],[75,23],[80,-26],[-110,-40],[-6,-86],[58,-91],[62,-40],[97,-23],[5,45],[-61,83],[1,45],[137,51],[55,0],[2,-57],[55,-17],[62,29],[-47,76],[-48,25],[-93,101],[-66,142],[70,77],[102,18],[214,-1],[220,12],[43,53],[-54,34],[-114,-14],[-166,22],[-83,47],[138,46]],[[55344,85389],[-643,256],[-818,324]],[[53883,85969],[-65,84],[-41,95],[-91,16],[-35,29],[16,75],[-37,27],[15,58],[-26,36],[17,48],[-29,41],[-98,39],[-34,79],[-75,-21],[-76,64],[-23,79],[72,76],[-12,53],[-103,31],[-23,41],[6,189],[12,91],[38,136],[-45,70],[-34,11],[-10,98],[66,14],[9,132],[-44,37],[36,135],[153,9],[-23,56],[-46,19],[15,40],[-34,79],[3,248],[-41,115],[10,119],[-11,98],[-64,108],[19,132],[46,85],[-44,174],[43,20],[75,-43],[-8,72],[-37,63],[-124,20],[31,126],[28,49],[-16,68],[43,46],[49,-10],[56,53],[107,49],[67,9],[103,-50],[25,38],[129,-97],[41,-100],[119,-61],[196,-64],[99,-4],[208,41],[-72,38],[-226,-7],[-28,31],[-10,72],[-31,67],[-96,24],[-67,52],[-83,110],[13,26],[137,61],[9,39],[-158,-9],[-44,-40],[-91,93],[-56,28],[-51,98],[30,198],[101,42],[114,72],[119,41],[36,-3],[113,63],[136,44],[46,56],[69,-22],[177,28],[51,-7],[74,70],[37,-8],[217,28],[59,15],[182,5],[91,16],[47,-38],[63,-135],[110,2],[-19,111],[-91,41],[75,24],[58,42],[176,42],[87,7],[145,-11],[158,-35],[180,-26],[66,1],[220,-58],[56,-26],[75,1],[-5,-66],[59,-39],[23,74],[75,8],[22,-38],[333,-180],[39,-56],[0,-178],[131,-15],[44,23],[57,117],[50,-8],[115,62],[220,24],[235,15],[89,-46],[114,19],[69,-16],[227,-7],[202,-59],[98,5],[43,-47],[60,-13],[95,14],[116,-78],[227,-91],[80,-1],[43,47],[129,-56],[15,-59],[-80,-114],[-29,0],[-65,74],[-59,-47],[28,-47],[3,-110],[-29,-63],[-62,-78],[-107,-185],[-104,-127],[-73,-60],[-28,-51],[-125,-150],[-74,-20],[-149,22],[-10,-28],[74,-76],[-4,-89],[-62,-55],[-60,-116],[-96,-120],[-97,-165],[-47,-114],[-72,-64],[-212,-30],[9,-75],[70,13],[82,-29],[-12,-38],[-126,-219],[-74,-116],[-46,-46],[-16,-54],[-53,-46],[4,-54],[-95,-160],[-83,-98],[-56,-132],[-96,-105],[-79,-66],[-75,-107],[-102,-78],[-171,-80],[-130,1],[-118,26],[-34,24],[-205,50],[-153,2],[-48,31],[-272,47],[-53,56],[-40,14],[-64,-34],[-52,40],[-16,41],[-49,18],[-49,-55],[-171,23],[-55,-67],[-68,-16],[-66,16],[-138,-2],[-65,-31],[-130,10],[-144,-48],[-160,42],[-105,-3],[-30,-46],[-5,-79],[21,-41],[91,53],[71,-18],[61,15],[59,-63],[37,7],[191,-21],[62,50],[45,-12],[-6,-103],[-20,-74],[37,-50],[48,-27],[80,-8],[30,-48],[75,-52],[8,-38],[61,-75],[36,-74],[1,-56],[39,-92],[3,-58],[-37,-46],[-66,-11],[-81,-197],[-38,-50],[-74,-29],[-72,0],[-84,-50],[-11,-54],[-38,-55],[-2,-48]],[[55753,110866],[117,-29],[106,3],[270,-41],[278,-86],[198,-76],[509,-115],[239,-82],[93,-73],[81,-25],[132,-83],[38,-65],[-61,-39],[93,-67],[7,-72],[-136,19],[4,-54],[188,-51],[143,-153],[104,-85],[-4,-33],[150,-167],[97,-32],[26,-108],[165,-54],[-26,-83],[70,-93],[104,-32],[79,-51],[200,-19],[105,-58],[54,-110],[72,-54],[-186,-128],[-57,-117],[72,-5],[240,39],[147,-39],[288,-5],[174,-49],[70,-73],[109,-15],[-10,-50],[125,-46],[49,39],[-127,73],[-44,62],[280,16],[20,34],[231,-11],[167,-43],[70,-56],[129,-61],[69,-99],[-38,-64],[-108,-10],[-129,-70],[46,-23],[186,9],[-45,-77],[36,-89],[-188,-109],[84,-119],[14,-72],[146,-119],[117,-24],[36,-42],[120,-55],[5,-39],[176,-17],[104,-50],[120,-19],[63,57],[169,30],[-79,25],[12,66],[-97,37],[143,65],[-91,33],[-119,9],[-159,58],[-41,78],[-96,64],[81,51],[40,60],[-88,79],[39,105],[252,138],[72,13],[261,-15],[236,-24],[158,-46],[198,-10],[4,-180],[78,-153],[-40,-33],[55,-94],[-43,-81],[19,-82],[-97,-63],[-196,-45],[-278,-31],[17,-51],[76,-86],[-13,-45],[159,-17],[112,52],[176,5],[142,-45],[141,38],[106,-10],[136,-210],[33,-81],[117,-59],[-44,-40],[-225,-53],[-47,-106],[-122,-55],[-60,11],[-80,-51],[63,-29],[183,74],[117,32],[91,72],[202,59],[-13,-112],[-52,-83],[-88,-217],[28,-104],[-116,-181],[0,-83],[-155,-89],[-56,-16],[-122,-80],[-34,-79],[86,-82],[90,-17],[156,190],[243,83],[180,-66],[-41,-80],[69,-6],[118,48],[-70,99],[-119,16],[74,78],[121,56],[80,9],[357,-42],[206,-111],[61,-85],[81,-28],[-8,-60],[-130,-42],[71,-37],[12,-133],[-130,-6],[79,-89],[109,15],[152,162],[22,48],[-7,144],[57,131],[144,15],[102,-41],[107,-80],[-16,-82],[184,-256],[111,-68],[26,-91],[135,-16],[39,-59],[94,-20],[127,-140],[50,-129],[-352,-108],[-116,-135],[-148,20],[-4,-43],[-126,-19],[-9,-27],[-221,-25],[-25,-30],[-426,-101],[-246,-38],[-13,-21],[-207,-60],[-86,-87],[22,-44],[-50,-48],[13,-38],[-136,-70],[-102,9],[-155,211],[-86,-10],[17,-259],[48,-43],[-51,-105],[-79,-63],[-95,-28],[-88,-68],[-135,-73],[-87,-167],[-47,-12],[-17,-60],[-84,-94],[-6,-48],[-96,-62],[-76,5],[-168,112],[-69,25],[-122,201],[-35,120],[2,78],[70,219],[-54,140],[65,46],[127,48],[32,46],[-53,37],[102,71],[41,62],[-73,21],[-142,-157],[-81,-57],[-124,-4],[-97,-32],[-14,-60],[-45,-28],[-3,-100],[47,-70],[-75,-129],[-11,-115],[38,-68],[29,-119],[103,-184],[-61,-40],[26,-34],[109,12],[49,-23],[157,-190],[-42,-120],[-39,-20],[-101,-159],[-129,-26],[-73,-43],[-81,21],[-67,52],[-41,72],[-101,81],[-73,99],[-67,45],[-17,64],[-199,6],[-9,-71],[-60,-30],[76,-42],[-27,-53],[22,-64],[161,-163],[77,-107],[2,-52],[-60,-113],[-96,-103],[-10,-106],[-80,-269],[-76,-102],[-120,6],[-121,36],[-179,113],[-7,33],[-83,70],[-62,127],[-118,144],[-241,223],[-47,9],[-160,189],[-71,20],[5,76],[-91,133],[-71,50],[5,60],[-145,-32],[-23,-141],[76,-59],[-32,-55],[63,-88],[-7,-33],[75,-48],[-42,-31],[118,-37],[172,-135],[-12,-29],[162,-229],[67,-190],[124,-130],[2,-54],[-128,-24],[-73,64],[-64,128],[-158,-7],[-90,10],[-57,50],[5,61],[-95,128],[-174,76],[-99,23],[-140,-35],[-225,-10],[-231,25],[74,-65],[62,-6],[69,-54],[79,-24],[203,15],[49,-17],[-64,-47],[20,-95],[82,-100],[-84,-128],[-141,-17],[-243,-3],[-410,26],[-226,82],[-111,-28],[-396,65],[-100,74],[-71,11],[-67,63],[-97,-19],[-107,-85],[-102,40],[-101,116],[10,57],[-151,-7],[-33,33],[193,63],[-62,39],[-268,-53],[-181,94],[7,61],[-168,50],[-83,66],[-129,54],[-61,152],[41,45],[112,28],[251,-52],[90,12],[50,53],[115,34],[386,2],[215,45],[-22,73],[-87,37],[-248,-6],[-221,44],[-188,8],[-77,48],[-72,5],[-36,45],[-251,-37],[-11,-30],[-120,-24],[-103,-2],[-98,-33],[-94,2],[-68,68],[-121,80],[-28,40],[146,60],[-86,26],[-125,-21],[-62,20],[-66,72],[-209,185],[281,41],[215,-90],[186,-40],[249,-3],[-19,76],[-102,11],[-95,62],[-75,16],[-96,59],[-209,25],[-70,20],[-308,-22],[-86,59],[-78,110],[-183,110],[-166,165],[174,55],[146,68],[142,29],[79,-16],[126,51],[107,24],[30,40],[143,61],[67,66],[-52,43],[96,63],[172,25],[99,-2],[174,-42],[62,11],[142,-70],[70,33],[12,67],[183,-26],[90,12],[172,-33],[286,-5],[171,14],[389,68],[264,12],[252,24],[108,40],[125,-6],[312,12],[38,30],[236,-3],[201,52],[-30,56],[-379,-60],[-64,20],[-232,17],[-89,-17],[-120,14],[-192,-39],[-198,-20],[-79,16],[-108,-14],[-125,-48],[-53,17],[-264,-27],[-278,0],[-60,37],[-106,9],[-173,47],[-149,66],[114,55],[71,70],[273,-1],[91,-19],[91,12],[213,-23],[155,60],[155,20],[160,3],[382,49],[117,52],[-122,60],[-142,-28],[-127,0],[-261,-34],[-147,-70],[-113,22],[-257,-7],[-344,64],[-183,3],[-30,45],[170,59],[35,44],[-37,60],[-80,55],[-141,-36],[-251,-103],[-73,22],[-120,107],[-32,74],[-96,6],[-8,-87],[87,-104],[108,-63],[-11,-25],[-123,-46],[-142,-21],[-169,-49],[-20,55],[152,208],[-57,56],[-78,-32],[-29,-74],[-118,-136],[-16,-54],[-219,22],[-1,-72],[51,-24],[-50,-56],[-99,-63],[-130,-49],[-184,-27],[-111,34],[-63,126],[14,80],[94,58],[261,68],[-69,37],[-132,-64],[-130,38],[-130,63],[-65,-3],[-113,50],[-95,-87],[83,-92],[-106,-3],[1,-58],[-193,-15],[-177,-107],[-181,-32],[-22,-43],[-78,-12],[-168,47],[8,112],[27,91],[-88,-6],[-28,60],[14,58],[-102,16],[-84,-81],[-47,34],[-134,-2],[-125,66],[-77,2],[-24,48],[106,74],[-41,70],[-53,2],[49,164],[87,37],[273,3],[290,61],[124,40],[134,-5],[451,112],[39,42],[218,79],[-58,121],[58,67],[66,12],[14,48],[189,41],[-19,55],[-101,-17],[-28,-42],[-145,-3],[17,-45],[-194,-38],[-122,-89],[-100,-32],[-35,-67],[-52,-30],[-255,6],[-173,-31],[-113,-37],[-97,8],[-277,-34],[-206,10],[-219,43],[-54,33],[-30,64],[-98,79],[-194,100],[-13,124],[-101,51],[-49,63],[-93,-22],[-143,73],[10,43],[-99,40],[10,49],[286,49],[29,-119],[77,89],[148,14],[-13,35],[-114,33],[-301,42],[-73,31],[-58,149],[181,43],[-159,30],[-137,115],[44,17],[-27,73],[52,83],[141,3],[106,-22],[132,5],[161,-36],[61,-50],[187,-99],[220,-38],[44,-31],[427,-41],[327,-7],[136,11],[228,37],[530,-205],[20,39],[-219,130],[-75,27],[-197,107],[30,29],[229,122],[208,86],[165,8],[171,-14],[149,32],[-298,28],[-243,13],[0,90],[-50,36],[-109,-38],[-29,-73],[-60,-55],[-91,-42],[-227,-48],[-64,-31],[-312,-57],[-111,5],[-176,66],[-258,76],[30,29],[152,45],[206,1],[129,23],[-34,52],[-191,-19],[-127,18],[-58,49],[-104,-71],[-241,-61],[-192,75],[-224,74],[-196,85],[-103,-20],[14,84],[77,41],[-226,54],[11,53],[99,21],[156,-12],[95,-53],[182,3],[-101,55],[-5,29],[115,34],[240,11],[261,-33],[187,-42],[39,-37],[133,-41],[43,32],[-98,58],[73,48],[-196,46],[-186,88],[-57,69],[-171,63],[-137,33],[47,33],[190,32],[-53,32],[-20,86],[-87,67],[20,22],[282,-22],[322,43],[60,-7],[353,9],[106,35],[288,-117],[207,-35],[172,18],[197,-10],[303,-2],[145,-99],[161,3],[-95,120],[-203,85],[-407,49],[-201,-19],[-2,46],[-71,55],[-25,127],[305,51],[213,-26],[162,47],[-27,45],[-185,-28],[-105,41],[-427,-16],[-295,90],[9,36],[-113,14],[110,57],[117,19],[-84,37],[-105,-34],[-173,-13],[-134,-45],[-273,68],[-10,61],[154,81],[78,-3],[211,45],[-137,28],[-279,8],[-5,51],[166,57],[107,137],[-18,79],[136,62],[116,8],[152,40],[43,52],[156,-27],[126,-2],[124,-36],[63,-71],[-37,-51],[91,-111],[178,91],[9,75],[106,-26],[67,43],[284,4],[-35,66],[-104,32],[-135,-3],[-55,50],[-242,62],[122,61],[71,-14],[105,-64],[173,2],[135,43],[425,-74],[200,-8],[238,55],[-53,36],[112,25],[-90,47],[151,77],[-84,43],[-110,15],[-109,81],[-184,27],[-353,-50],[-248,1],[-308,37],[-106,66],[-99,26],[-8,86],[38,52],[150,48],[-56,81],[204,57],[230,-26],[186,-66],[61,16],[151,-69],[119,20],[-129,153],[33,14]],[[53213,98826],[103,-35],[211,11],[142,-116],[150,-68],[143,22],[72,-48],[75,-22],[74,18],[114,-32],[160,34],[143,-41],[2,-77],[36,-44],[151,-8],[73,-42],[-6,-44],[109,-23],[39,19],[156,9],[30,108],[131,17],[68,-36],[58,8],[146,-45],[40,-29],[-29,-42],[34,-59],[148,-74],[94,-80],[1,-32],[121,-42],[-21,-52],[36,-41],[133,-4],[-29,-104],[25,-93],[-99,-173],[-5,-83],[-57,-37],[18,-77],[-79,-36],[-121,-79],[-16,-70],[-95,-24],[4,-26],[-113,-53],[77,-44],[100,71],[71,24],[65,-10],[46,33],[38,90],[60,25],[108,137],[58,47],[34,62],[-17,57],[281,9],[125,-33],[105,-49],[62,4],[45,49],[134,21],[78,-59],[117,13],[131,47],[98,11],[91,76],[117,44],[184,26],[89,33],[51,-21],[229,32],[110,-8],[95,-54],[40,16],[142,-17],[91,-40],[90,-4],[24,-46],[150,-52],[10,-68],[80,-38],[107,-12],[113,-48],[77,-113],[-50,-63],[74,-43],[-2,-49],[-211,-31],[-53,38],[-160,-19],[-122,81],[-21,57],[-66,-15],[-14,-57],[-104,-9],[-81,21],[-215,86],[-79,5],[-86,-65],[108,-57],[179,-53],[147,-12],[168,1],[134,-64],[110,-9],[204,-43],[30,-64],[97,41],[100,0],[169,-37],[138,-52],[183,-21],[154,-68],[171,-52],[199,9],[48,-28],[209,-23],[77,-23],[109,-146],[-18,-44],[-74,-17],[-33,-76],[-157,-45],[-242,-37],[-289,-8],[-18,24],[-180,-7],[-82,16],[-120,-16],[-78,30],[-75,-13],[-89,22],[-8,-54],[125,-13],[-17,-42],[-111,41],[-98,14],[-48,44],[-73,-32],[-209,23],[-88,-11],[-201,57],[-147,2],[-79,83],[-160,44],[-89,46],[-145,27],[-31,-35],[141,-32],[80,-53],[171,-43],[12,-62],[-112,-25],[-29,-82],[150,53],[134,-9],[91,-41],[135,-1],[92,-38],[254,-47],[-116,-56],[-7,-38],[-120,-55],[175,-6],[102,45],[51,44],[214,-19],[232,-63],[-36,-57],[-111,-28],[-116,-9],[-116,20],[-93,-26],[-196,-21],[-117,5],[-84,-15],[-59,19],[-148,-4],[-32,-39],[176,11],[56,-39],[-156,-22],[30,-31],[118,-31],[-38,-99],[-119,-17],[-56,-37],[4,-126],[-66,-88],[78,-36],[34,65],[58,181],[122,8],[40,19],[99,166],[75,41],[85,-30],[-61,-60],[39,-33],[109,38],[22,53],[122,10],[61,-17],[-5,-63],[-52,-34],[9,-55],[110,64],[39,55],[129,10],[64,-112],[79,11],[-7,55],[56,71],[-31,56],[58,31],[105,-13],[20,-100],[119,-27],[33,-83],[123,-90],[54,-25],[-77,-77],[-1,-34],[-85,-66],[70,-78],[94,92],[110,23],[15,48],[144,-49],[81,-76],[174,-61],[68,-63],[-2,-53],[-74,-200],[12,-70],[-33,-74],[-81,5],[-118,-22],[-123,-41],[-120,7],[-13,-53],[97,-14],[19,-66],[-131,-10],[18,-34],[127,11],[56,33],[51,77],[115,4],[163,-20],[38,-57],[23,-98],[38,-26],[-16,-54],[38,-44],[66,-30],[94,-12],[-46,-50],[30,-50],[120,-21],[108,23],[6,61],[32,33],[-18,57],[-48,18],[-23,115],[-71,80],[-7,88],[-48,31],[45,33],[118,25],[27,51],[11,105],[75,-4],[86,-46],[171,-181],[161,-107],[116,-54],[57,-46],[-24,-47],[-114,-32],[12,-54],[107,-31],[61,81],[110,73],[177,88],[162,51],[101,-14],[44,-56],[-3,-71],[174,-102],[-58,-58],[-88,-33],[49,-32],[119,56],[57,80],[-107,107],[-22,92],[59,4],[81,53],[9,55],[124,53],[71,-24],[87,-60],[69,-18],[35,-110],[63,-61],[279,-136],[158,7],[76,-12],[105,-50],[153,-99],[-44,-44],[-124,-48],[-117,-24],[-39,-49],[82,-4],[184,38],[83,58],[101,17],[76,50],[106,8],[183,-7],[54,-33],[66,25],[-27,75],[-111,67],[-127,48],[-61,-1],[-35,62],[84,54],[235,63],[63,-15],[309,126],[0,-43],[82,-27],[221,15],[-18,73],[43,32],[97,-2],[36,80],[85,-8],[53,94],[168,-5],[106,-16],[253,-75],[108,-11],[13,24],[-171,23],[4,115],[128,33],[246,27],[29,40],[145,128],[130,-14],[74,22],[73,100],[-18,54],[170,-50],[17,36],[75,16],[35,-84],[188,-12],[62,-26],[28,-47],[85,-58],[151,-25],[9,25],[127,8],[21,-30],[95,36],[154,26],[129,66],[194,85],[114,10],[63,28],[197,35],[118,-4],[79,-22],[199,-19],[113,-41],[106,19],[193,-10],[203,-24],[209,-71],[235,-27],[-67,-106],[-64,-16],[-67,-53],[-76,-30],[54,-39],[-12,-79],[268,-16],[76,-67],[88,28],[57,-7],[243,37],[69,24],[155,7],[15,-41],[64,-19],[118,16],[80,-19],[73,-42],[32,-50],[89,-34],[17,-62],[-63,-20],[32,-39],[96,3],[45,-30],[-135,-42],[-95,-53],[-189,-47],[-116,-7],[15,-65],[268,15],[12,21],[253,29],[105,-8],[29,-47],[83,37],[71,-1],[87,-53],[-48,-52],[66,-90],[135,-25],[35,-45],[-63,-75],[33,-45],[-23,-38],[-85,-14],[-22,-38],[35,-61],[166,11],[-23,-65],[-69,-47],[19,-48],[-258,-170],[-119,21],[-125,-126],[-49,-109],[-128,-23],[-49,-53],[-202,4],[2,-25],[-116,-63],[-16,-59],[123,-63],[79,-20],[-77,-70],[73,-12],[115,7],[47,-17],[116,155],[82,-15],[124,44],[73,38],[44,-23],[70,17],[32,-31],[74,5],[62,-31],[-30,-72],[40,-15],[-5,-54],[79,-100],[100,-35],[28,-31],[-53,-69],[-168,-16],[-83,-32],[-51,32],[-59,-77],[-65,-20],[-56,14],[-88,-27],[18,-37],[-120,3],[-82,55],[-68,1],[-51,59],[-61,35],[-113,12],[-23,31],[-9,111],[-32,45],[-142,-100],[72,-81],[145,-76],[93,-64],[-99,-47],[56,-86],[-60,-40],[70,-50],[64,-97],[-119,-35],[-11,-73],[54,-22],[-18,-35],[62,-48],[-21,-61],[-67,-32],[-40,-55],[-91,18],[-179,-11],[-45,-50],[-85,9],[-234,-9],[-104,16],[-155,46],[-209,-1],[-22,-35],[-123,-24],[-82,-43],[-109,-95],[-125,-25],[-31,-52],[-107,-47],[-141,14],[-191,33],[-165,53],[-100,55],[-30,-18],[-106,32],[4,61],[-73,95],[-68,-6],[51,-92],[-66,-29],[-53,-64],[-162,29],[-116,-3],[-187,104],[-116,126],[-53,74],[-8,92],[-35,48],[30,165],[-1,54],[67,30],[-53,45],[-31,103],[-149,-49],[-68,52],[-127,137],[-109,69],[-56,-17],[-6,-58],[-31,1],[-33,16],[-45,12],[-44,8],[-40,17],[-27,2],[-69,43],[-155,15],[-27,-32],[119,-36],[42,5],[117,1],[46,-20],[36,-4],[43,-13],[44,-17],[41,-33],[32,-78],[71,-93],[169,-68],[-5,-62],[-65,-120],[3,-78],[-52,-38],[-29,-65],[-43,-14],[42,-135],[-13,-23],[-167,-126],[-74,22],[-158,-9],[-63,16],[-91,-15],[-47,-35],[-55,3],[-283,-85],[-83,-5],[-78,17],[-200,-6],[-103,-13],[-71,74],[-83,-45],[-148,-40],[-17,23],[-77,205],[16,55],[-43,111],[35,33],[16,68],[-31,12],[-75,-67],[1,-128],[-19,-138],[36,-61],[-61,-92],[-165,-50],[-136,23],[-22,48],[-20,126],[-80,132],[-42,163],[-81,-20],[30,-186],[39,-75],[-2,-79],[-40,-61],[-92,-52],[-200,-7],[-208,-30],[-196,-7],[36,140],[-3,85],[-45,48],[-68,33],[63,39],[-66,20],[-41,-38],[-9,-66],[34,-44],[-9,-70],[-111,-114],[-165,-38],[-218,116],[-124,101],[8,47],[-79,32],[-18,-90],[23,-50],[219,-176],[-36,-14],[-379,-13],[-15,39],[-68,10],[-108,-33],[-144,-7],[-77,14],[-40,48],[-31,95],[-79,3],[-18,-124],[-62,-32],[-263,-23],[-54,104],[-47,15],[-55,-73],[-135,-7],[-122,13],[-79,30],[-107,-18],[-144,18],[-111,31],[-95,0],[-52,141],[46,226],[73,86],[34,97],[2,91],[48,38],[-53,53],[15,56],[-78,15],[6,87],[53,45],[-33,28],[-82,190],[-50,-58],[64,-137],[-131,-57],[-80,-64],[-33,-52],[-34,-192],[-41,-56],[24,-19],[-47,-60],[-59,-19],[-34,61],[37,22],[-60,98],[22,156],[-86,6],[-94,-169],[-65,1],[-114,51],[22,-73],[128,-72],[-24,-160],[-62,-85],[-83,-49],[-92,-11],[-82,39],[-50,-40],[3,-44],[-179,-55],[-87,5],[-165,-29],[-217,1],[7,93],[-23,57],[-62,11],[-47,-105],[-158,38],[-93,62],[-69,27],[29,95],[-137,-86],[-191,56],[-107,97],[-27,7],[-13,78],[-38,81],[35,66],[-104,-34],[-54,-103],[-37,-6],[-95,37],[29,134],[111,68],[69,107],[60,64],[18,61],[-23,30],[30,59],[-95,0],[-56,-46],[-14,-80],[-74,-49],[-23,-60],[-103,-73],[-70,-96],[-80,30],[-60,-71],[54,-66],[-22,-36],[111,-142],[3,-31],[-77,-14],[-112,13],[-54,84],[58,55],[-3,56],[-57,36],[-58,-12],[51,-76],[-42,-91],[-118,-12],[-158,28],[-20,26],[-103,26],[46,58],[60,23],[-50,62],[-106,23],[-115,-25],[17,-59],[-89,14],[7,31],[110,45],[-82,19],[-34,37],[-170,64],[-34,55],[7,95],[41,94],[19,94],[-15,67],[-65,57],[53,54],[-149,91],[-42,94],[-45,12],[43,71],[-33,48],[69,21],[150,20],[44,-12],[126,46],[-11,41],[-141,-65],[-120,117],[84,31],[-54,30],[-123,-33],[-80,-38],[-70,35],[-7,72],[-74,7],[10,52],[-68,10],[-8,54],[-48,11],[49,131],[-19,81],[36,26],[-3,73],[43,72],[81,32],[-80,29],[-56,-25],[24,143],[68,123],[148,175],[10,34],[71,59],[101,30],[115,66],[-15,42],[-92,17],[3,40],[79,82],[-27,110],[-82,57],[23,63],[-35,53],[25,115],[-39,225],[-123,34],[-145,91],[-199,105],[-36,52],[32,40],[-43,52],[-72,17],[12,36],[-33,127],[6,136],[-140,99],[-21,129],[-145,48],[-73,55],[-66,141],[-68,36],[45,94],[-40,57],[-169,19],[-130,-11],[-54,-22],[-75,-77],[-112,-47],[-28,-40],[-77,22],[-26,59],[-109,-32],[-36,-84],[112,-68],[-14,-39],[-169,34],[-129,10],[-213,-4],[-74,51],[-108,2],[-34,-19],[-99,20],[-182,4],[-94,-10],[-17,58],[-105,50],[-27,-83],[-282,-133],[-73,-61],[-167,51],[-222,-1],[11,51],[-20,100],[56,54],[56,-77],[62,33],[174,25],[65,90],[-94,74],[-93,-7],[-98,47],[-57,-48],[-69,-21],[-109,69],[-76,-8],[-66,30],[-194,34],[-127,39],[-24,35],[-77,9],[-48,37],[13,35],[-142,149],[70,63],[72,-16],[138,-3],[175,50],[126,126],[9,75],[-62,-12],[-79,-58],[26,-28],[-96,-47],[-95,-14],[-193,3],[37,88],[-160,-24],[-113,104],[-10,55],[-165,-4],[-101,77],[19,77],[-247,47],[-147,-29],[-109,23],[-79,61],[-7,36],[113,31],[54,51],[-104,40],[35,111],[175,-78],[75,-48],[-21,-66],[77,-6],[99,75],[6,90],[127,-51],[110,13],[33,25],[-182,28],[-182,60],[-57,73],[-95,20],[-83,-41],[-76,85],[7,89],[114,60],[116,2],[-41,58],[-167,13],[63,47],[327,-11],[54,-32],[118,62],[147,13],[9,37],[-123,70],[77,36],[107,13],[184,3],[412,48]],[[65765,70595],[-75,110],[-300,0],[-586,0],[-367,0],[-807,0],[-778,0],[-572,0],[-660,0],[-541,0]],[[61079,70705],[-5,248],[-8,804],[-7,681],[-10,1088],[-6,693],[-2,516],[-2,925],[5,759],[4,578]],[[61048,76997],[91,-55],[-10,-52],[64,-77],[32,-102],[100,-152],[38,-26],[123,-122],[57,-20],[129,-118],[114,-56],[149,-123],[32,-18],[79,-94],[42,-79],[68,-50],[25,-72],[99,-158],[51,-170],[-10,-50],[26,-69],[-36,-47],[-6,-128],[22,-84],[46,-81],[3,-64],[33,-37],[40,-116],[-16,-25],[68,-130],[2,-59],[-19,-43],[4,-131],[-38,-95],[-24,-106],[-46,-10],[-41,-78],[-73,27],[-33,43],[-48,-9],[-66,33],[-44,-35],[-53,49],[26,114],[-18,164],[-40,41],[-59,-94],[10,-30],[-106,-59],[-51,-58],[13,-88],[75,-122],[6,-74],[41,-72],[-6,-142],[-61,-60],[12,-89],[-59,-76],[28,-14],[-58,-93],[64,-110],[31,-148],[31,-26],[14,-92],[32,-33],[-3,-41],[83,-194],[77,-52],[-23,-64],[15,-102],[34,-23],[117,-117],[60,-12],[36,-37],[37,-94],[60,-18],[-8,-32],[56,-91],[30,-12],[17,-57],[114,-119],[17,-57],[105,-167],[92,-34],[28,-91],[-3,-89],[65,-33],[9,-43],[53,-21],[-16,-79],[-51,-33],[-21,-63],[-53,-18],[18,-50],[-47,-121],[48,7],[29,29],[-12,130],[49,54],[15,37],[62,-11],[-26,-56],[45,-55],[-1,-83],[58,-80],[18,40],[18,101],[-16,42],[27,100],[105,-37],[67,5],[14,107],[63,-32],[59,-4],[-36,67],[-8,103],[-100,74],[-3,36],[63,48],[55,-54],[17,65],[89,42],[35,95],[72,10],[58,24],[25,-72],[74,-64],[58,8],[-17,60],[33,26],[31,-77],[43,-46],[49,2],[-28,82],[-13,111],[11,49],[50,5],[10,78],[-35,48],[35,44],[-11,115],[54,89],[-54,60],[10,98],[-37,48],[-12,70],[40,76],[83,197],[57,46],[33,85],[111,176],[77,50],[20,45],[95,145],[18,46],[44,3],[103,54],[27,61],[40,15],[5,48],[-27,111],[11,68],[49,19],[4,44],[-55,21],[-3,89],[24,28],[113,28],[10,31],[-70,12],[-28,38],[24,93],[34,5],[32,91],[-54,51],[71,40],[5,87],[58,101],[-30,103],[14,55],[0,82],[28,-5],[-14,94],[-1,100],[-19,148],[17,108],[28,10],[17,100],[36,55],[-10,37],[34,55],[51,-5],[35,-34],[70,53],[23,48],[-45,22],[-6,46],[111,-12],[88,-42],[7,-29],[-54,-40],[40,-22],[109,-6],[-31,68],[85,29],[53,-13],[48,-37],[66,24],[13,-26],[117,24],[100,-38],[111,-17],[52,85],[-47,35],[-10,68],[-68,17],[-25,36],[-175,-49],[-69,31],[-105,18],[-17,132],[203,13],[-64,93],[-7,50],[-77,29],[19,48],[44,19],[186,-50],[60,9],[20,-24],[66,-1],[-12,81],[-139,35],[-6,47],[-73,29],[63,39],[43,-27],[90,23],[2,49],[74,-22],[53,-50],[48,21],[100,-60],[75,25],[-44,58],[-40,-20],[-63,8],[-45,60],[-43,-46],[-47,29],[41,90],[-28,28],[-139,-23],[-82,36],[20,34],[-69,68],[23,41],[-32,28],[-121,-94],[-37,46],[54,93],[-108,16],[-9,-95],[-43,-15],[-103,45],[-19,48],[75,42],[-82,28],[-90,72],[6,51],[-76,80],[8,70],[-39,51],[-13,55],[91,9],[-40,73],[8,33],[-48,48],[-5,76],[76,26],[60,-38],[8,65],[-66,52],[-63,-15],[-36,76],[-20,146],[29,58],[49,40],[-23,26],[102,33],[-104,89],[-7,62],[-56,42],[28,124],[37,-17],[49,21],[19,109],[-44,55],[-17,50],[73,64],[48,-4],[-14,-123],[79,60],[50,2],[-79,79],[-2,71],[-52,17],[-123,-21],[-109,-6],[-11,40],[32,60],[69,14],[58,-27],[81,11],[108,-54],[139,-107],[106,-45],[105,69],[75,27],[58,-21],[35,31],[-5,58],[67,24],[106,-30],[32,28],[112,11],[37,41],[82,-14],[85,5],[108,-27],[32,-54],[43,14],[176,-70],[1,-81],[53,-19],[4,-40],[282,-82],[96,-53],[213,-79],[22,17],[85,-6],[149,-29],[58,79],[80,-4],[116,-38],[43,11],[111,-20],[32,36],[153,-43],[202,-13],[-27,74],[161,-28],[-29,-29],[69,-47],[4,-31],[167,-45],[113,6],[21,-41],[-164,-41],[-46,26],[10,31],[-58,29],[-32,-11],[-111,26],[-4,-70],[-58,-30],[136,-57],[-73,-67],[23,-43],[61,-33],[3,-74],[52,-10],[-15,-65],[-102,46],[-77,3],[-121,-13],[-206,30],[-100,5],[-163,80],[2,-33],[68,-51],[27,7],[84,-29],[51,5],[239,-69],[110,-17],[106,-53],[205,-78],[-1,-14],[124,-62],[-35,-106],[171,-137],[41,-73],[-36,-26],[-119,38],[41,-71],[-50,-23],[8,-44],[95,-45],[42,34],[33,-11],[103,10],[24,34],[-5,50],[123,-1],[166,-36],[59,25],[48,-8],[118,-73],[87,-92],[50,-20],[78,33],[60,-24],[23,-37],[8,-98],[21,-73],[59,-101],[-48,-27],[-36,45],[-84,-22],[-8,-51],[-82,-2],[-30,-57],[-5,-51],[-40,-79],[-60,-55],[-86,26],[-8,-91],[-42,-52],[-70,-1],[-126,-83],[-83,-20],[-74,-56],[67,-13],[166,80],[73,-37],[39,23],[98,-8],[15,-63],[46,-7],[-1,-116],[56,-4],[35,82],[74,-6],[12,42],[60,-12],[60,-49],[33,-90],[84,-134],[-3,-57],[-46,-6],[22,-88],[8,-109],[-17,-116],[-102,-98],[-27,-41],[-115,-59],[-130,-91],[-44,-60],[-73,13],[-75,32],[-76,-11],[15,-49],[-15,-129],[-145,-72],[-40,-52],[-69,63],[-35,67],[-37,118],[-114,36],[-60,39],[-21,40],[-70,58],[-6,39],[51,10],[29,-49],[38,-16],[3,81],[-40,60],[-3,55],[37,5],[126,-104],[42,75],[-37,39],[18,30],[79,-66],[56,49],[-56,61],[17,45],[43,-12],[12,58],[-53,40],[-33,108],[13,33],[-26,44],[-12,72],[27,45],[57,-19],[6,43],[-63,15],[-88,-81],[-54,3],[-75,55],[-43,104],[-37,27],[7,45],[-28,69],[-39,9],[-27,-165],[77,-60],[54,-88],[-7,-47],[51,-46],[6,-66],[-66,-50],[-179,-53],[-20,-60],[-68,50],[-42,13],[-55,61],[-17,58],[-74,20],[-33,-46],[-18,-52],[-22,-17],[13,-27],[-9,-43],[33,-15],[-18,-69],[15,-73],[-18,-88],[32,-83],[54,-73],[63,30],[-43,68],[6,41],[64,6],[70,31],[57,-19],[142,-97],[7,-35],[70,-41],[-10,-63],[77,-80],[9,-34],[-26,-67],[-80,-10],[-101,33],[-37,-4],[-93,37],[-109,87],[-8,43],[-55,-14],[-37,-50],[70,-40],[26,-35],[65,-23],[27,-38],[-17,-38],[-94,-15],[-82,37],[-12,-26],[23,-112],[185,16],[24,-69],[120,-52],[58,29],[68,-29],[43,52],[94,-18],[28,-63],[41,-27],[55,14],[21,-40],[-41,-80],[-51,-7],[-78,94],[-70,11],[-78,-16],[-56,42],[3,-90],[-114,6],[-45,28],[-49,-46],[79,-30],[-19,-49],[59,-19],[166,-10],[36,-53],[-8,-63],[-39,-14],[-9,-52],[-35,-76],[-43,-39],[26,-48],[59,-23],[43,-47],[89,-39],[18,61],[58,69],[26,8],[59,168],[37,-12],[27,-61],[-32,-116],[-34,-20],[-24,-99],[-102,-3],[17,-31],[0,-159],[-39,-39],[9,-29],[-53,-28],[81,-106],[29,-98],[-1,-67],[95,-118],[57,-28],[40,-55],[3,-49],[105,-36],[36,-40],[-19,-64],[91,-38],[137,-131],[11,-92],[45,-59],[183,-124],[52,-46],[15,-98],[85,-81],[43,-117],[34,-10],[38,-82],[-20,-56],[-56,-75],[-43,-188],[-48,-107],[-13,-88],[16,-72],[-21,-212],[-41,-69],[-24,-96],[18,-107],[-50,-34],[-31,-94],[-7,-87],[-61,-10],[-61,52],[-47,1],[-11,-64],[-61,-40],[-57,-18],[-87,81],[-29,0],[-116,-71],[-33,-62],[-46,2],[-3,-56],[-53,-51],[16,-43],[-12,-43],[-64,-84],[9,-41],[41,-29],[-25,-38],[-42,4],[-41,-82],[-35,-14],[3,-82],[26,-32],[11,-62],[-21,-36],[-114,41],[-43,-8],[-33,32],[-60,-22],[9,-36],[-29,-39],[-65,-2],[-63,-114],[-70,-53],[-3,-56],[-33,-78],[0,-35],[-130,-42],[-214,33],[-21,-36],[-123,-14],[-6,-167],[-55,-75],[-59,-17],[-7,-41],[-68,-20],[-58,-64],[-6,-27],[-79,-48],[-49,-56],[-22,37],[-60,-70],[-58,-29],[-13,48],[-114,-56],[-36,72],[-1,92],[-42,8],[-1,41],[73,-40],[37,35],[-17,67],[-54,67],[-48,32],[-44,135],[-63,45],[-121,17],[-53,73],[-2,49],[-83,-25],[-31,46],[36,50],[-42,9],[-21,54],[15,40],[-26,43],[17,42],[-11,50],[71,33],[-23,88],[27,104],[67,36],[12,77],[-2,103],[-37,41],[-25,-117],[26,-45],[-76,-66],[-78,-12],[23,-31],[-23,-48],[-67,-64],[-16,-80],[-37,-15],[-48,27],[-66,-1],[-80,31],[-32,91],[79,82],[-19,22],[-167,39],[-9,55],[-31,38],[2,42],[135,-70],[0,39],[-77,37],[16,40],[-41,68],[-4,65],[-33,56],[-52,1],[-27,69],[-61,15],[29,40],[142,-51],[37,23],[-114,42],[-106,13],[-52,55],[-47,-18],[-94,40],[-92,24],[-22,-17],[-4,-77],[-35,-39],[72,-12],[18,63],[32,-2],[50,41],[51,-50],[78,-33],[5,-25],[-95,-20],[-76,29],[-130,-30],[-52,28],[-11,-44],[-96,5]],[[89439,115134],[199,-30],[-2,-64],[-141,-40],[81,-118],[354,-147],[4,57],[139,1],[207,112],[191,31],[438,-7],[156,-97],[-2,-110],[-160,-97],[-155,15],[-198,-31],[304,-70],[-19,-57],[123,-9],[75,-37],[278,-44],[-178,-109],[513,-68],[-93,-55],[-80,-93],[16,-64],[-69,-23],[65,-94],[-285,-50],[41,-29],[313,73],[38,71],[75,13],[35,72],[296,-10],[190,40],[254,13],[85,-13],[1,-51],[78,-40],[288,-19],[246,6],[170,-37],[126,-76],[166,-62],[192,-160],[29,-140],[-49,-203],[-69,-67],[-277,-119],[-250,-68],[-103,-8],[-390,-69],[232,-69],[-378,-204],[-159,-63],[-112,33],[-130,-33],[58,-66],[-384,-146],[-320,-100],[-190,-27],[-173,-63],[-268,-31],[-20,-79],[-284,-93],[-147,-19],[-133,20],[-68,59],[-143,13],[152,-127],[86,-20],[-72,-57],[-233,-35],[-8,-38],[-436,18],[-67,66],[-181,5],[-416,-39],[-488,-103],[-242,19],[-147,-22],[11,-57],[168,23],[260,-35],[375,62],[61,-25],[-118,-45],[-507,-116],[-124,0],[-13,60],[-164,-2],[-4,-77],[-346,-10],[-149,27],[-871,-74],[-274,-5],[-332,-18],[-23,-22],[-441,-66],[-137,-2],[-378,179],[-146,39],[-123,60],[-287,102],[94,-107],[144,-31],[102,-61],[136,-35],[244,-106],[119,-95],[-123,-37],[-228,-3],[22,-29],[174,-19],[267,56],[310,10],[321,59],[200,-8],[178,19],[407,15],[135,-38],[179,-15],[133,-63],[88,-11],[-182,-69],[-250,-58],[-193,-61],[-646,-148],[-114,-41],[-234,-47],[-422,-125],[-366,-84],[-174,-29],[-189,-55],[-217,-24],[-139,27],[-189,3],[105,-76],[-185,-65],[-324,-58],[-226,-53],[-219,24],[-51,-23],[244,-42],[99,-3],[313,68],[-5,-38],[-93,-50],[-180,-62],[-184,-85],[109,-12],[430,152],[5,23],[336,135],[392,41],[359,83],[329,44],[437,79],[179,61],[579,127],[606,77],[208,51],[123,13],[148,46],[428,88],[626,116],[161,19],[436,72],[186,15],[104,-10],[133,27],[175,9],[48,-53],[-13,-52],[54,-42],[-21,-77],[-66,-75],[-200,-152],[-200,-85],[-580,-221],[-316,-107],[-146,-3],[-103,-45],[-169,28],[-169,-55],[-128,-114],[-91,-37],[34,-33],[-171,-42],[-88,-61],[-95,-151],[-496,-223],[-316,-112],[-381,-11],[-56,-40],[144,-59],[-238,-112],[-163,-24],[-27,-40],[49,-36],[-157,-82],[-214,-35],[-169,-66],[-153,-119],[-198,-104],[-104,-17],[16,-39],[-104,-32],[-72,-54],[-183,-26],[113,-49],[-227,-124],[-91,-121],[-110,-94],[11,-38],[-81,-114],[-73,-66],[-216,-87],[-275,-50],[-333,-23],[-169,3],[-63,21],[96,148],[-2,66],[-129,81],[-51,73],[-90,16],[-51,48],[-177,95],[-134,56],[-72,-45],[197,-64],[-30,-22],[190,-112],[68,-110],[75,-55],[-107,-92],[-19,-68],[99,-79],[179,-54],[221,-51],[118,-51],[24,-48],[-63,-39],[-107,-24],[-4,-73],[-62,-39],[-298,-12],[-70,25],[-271,21],[-125,-7],[-30,-35],[-411,-61],[-315,-85],[-73,-64],[-164,-18],[-215,57],[-79,83],[-219,103],[-106,0],[-108,75],[-96,17],[-110,-34],[204,-73],[42,-34],[279,-90],[31,-45],[109,-44],[-61,-27],[-225,-42],[-161,-1],[-121,-58],[168,-21],[161,0],[182,28],[169,3],[76,-19],[320,24],[413,84],[353,87],[177,-2],[171,-122],[-64,-59],[32,-49],[-230,-81],[43,-66],[-186,-46],[-127,-1],[-253,-52],[-145,-3],[-11,-44],[-171,-39],[-2,-57],[-52,-32],[50,-41],[117,17],[201,74],[166,-20],[163,-59],[-165,-120],[-15,-80],[-85,2],[2,-70],[-77,-40],[-210,-61],[-105,-6],[19,-40],[-81,-40],[-288,-39],[-110,-25],[-133,-7],[-164,-41],[-89,-47],[-155,-45],[-107,100],[-146,0],[-119,-37],[-89,-6],[-233,85],[-99,22],[-4,106],[-91,72],[10,43],[-55,45],[206,5],[10,34],[-393,-10],[-300,35],[-250,4],[-90,-16],[-90,25],[60,75],[-82,7],[-57,38],[-203,31],[-192,6],[-122,-41],[-363,-67],[-264,-15],[80,-30],[93,-79],[19,-43],[179,17],[52,-16],[203,15],[341,-4],[322,-72],[245,-42],[193,18],[121,-114],[-23,-25],[86,-43],[65,-111],[83,-72],[-16,-62],[-49,-29],[77,-64],[-7,-104],[-118,-52],[-51,4],[-127,-50],[-173,-1],[-171,-29],[-70,13],[-101,66],[-31,44],[-96,47],[-85,-10],[81,-138],[22,-84],[-135,-81],[-193,-21],[-225,22],[-277,-17],[-78,27],[-197,113],[-179,55],[-34,-74],[123,-96],[72,-86],[-39,-27],[0,-66],[-151,-22],[-143,2],[-159,26],[-205,17],[-147,54],[-50,59],[-74,1],[-13,-69],[-132,41],[41,51],[-55,31],[-64,-77],[-87,-6],[-80,31],[-77,128],[-156,66],[-150,22],[-167,5],[-223,28],[-219,-25],[-238,31],[40,50],[-93,21],[-113,-51],[60,-84],[296,-47],[99,-2],[93,30],[84,-13],[57,-41],[185,-14],[158,6],[118,-22],[89,-58],[-106,-21],[112,-101],[200,-84],[-3,-45],[-128,-40],[-173,33],[-70,-17],[-450,34],[-207,-14],[-104,31],[-138,120],[-73,96],[43,50],[-35,26],[-144,-70],[-106,45],[-77,-39],[114,-48],[53,-138],[123,-109],[-109,-34],[-233,59],[-126,8],[-219,-8],[-147,45],[-232,-25],[245,-88],[279,-13],[180,-52],[157,-94],[67,-20],[82,29],[537,46],[220,-32],[138,5],[234,-17],[121,16],[68,-55],[127,-59],[115,4],[104,-24],[160,49],[244,3],[429,-11],[223,3],[378,-13],[133,-46],[-102,-52],[-307,-40],[-12,-61],[247,-47],[-28,-51],[82,-30],[88,-118],[92,-67],[-32,-42],[-135,-30],[-33,-34],[-113,0],[-266,31],[-266,17],[-413,75],[-79,0],[-158,46],[-94,4],[15,45],[-129,65],[-33,58],[44,16],[-160,122],[-224,42],[-116,-19],[-355,13],[-190,-5],[-316,-42],[-282,51],[-406,-2],[-148,22],[-179,5],[-48,-37],[-140,6],[-116,-22],[-158,-55],[98,-13],[217,34],[605,-18],[186,1],[242,-42],[79,12],[113,-35],[168,21],[291,-26],[48,-19],[188,-19],[95,-29],[88,11],[135,-62],[12,-39],[-57,-35],[-95,-9],[-225,20],[-133,23],[-460,-24],[-392,-54],[-56,-30],[-134,-28],[-72,-59],[-163,38],[-114,12],[-25,52],[-101,41],[-84,6],[-215,-20],[-74,7],[-116,43],[-285,-5],[-182,-26],[-134,10],[-48,-35],[235,-7],[221,22],[190,1],[60,-36],[171,-20],[232,13],[100,-83],[79,-20],[-17,-36],[-200,-79],[-57,-35],[-15,-61],[-138,-86],[-130,-136],[7,-24],[-115,-80],[-45,-139],[116,-30],[37,56],[-3,74],[127,85],[92,151],[179,111],[28,36],[161,78],[299,30],[196,7],[171,25],[220,50],[220,26],[203,-25],[253,-10],[101,-27],[262,-9],[77,-18],[20,-43],[138,-2],[114,-24],[-50,-80],[-76,-28],[-183,-19],[-325,-53],[-113,-32],[-68,-46],[67,-39],[169,69],[100,-25],[281,2],[191,22],[24,21],[171,-29],[164,24],[166,-9],[227,-50],[110,-56],[95,6],[99,-60],[117,-41],[-14,-69],[-142,-17],[177,-47],[-16,-52],[-62,-39],[87,-95],[-170,-9],[-34,-69],[59,-23],[-6,-78],[48,-36],[72,11],[133,-83],[-91,-28],[-162,-12],[-25,-45],[-104,-39],[-30,-43],[-75,-25],[-83,23],[-162,-10],[-95,-46],[-135,-5],[-249,-33],[-212,-14],[-102,14],[-171,43],[-77,45],[-242,18],[-97,-5],[-268,-46],[32,-68],[155,1],[157,24],[176,-5],[122,-60],[31,-75],[232,-23],[61,-21],[281,-15],[135,-29],[107,-73],[66,10],[152,-85],[96,-22],[43,-93],[53,-15],[-101,-51],[-304,-34],[-17,-77],[-45,-26],[-97,-139],[-181,-38],[-227,77],[-232,15],[-180,30],[-279,-14],[-50,20],[-160,12],[-65,-40],[-138,8],[-214,-61],[20,-55],[184,-40],[32,-29],[131,-31],[175,-24],[167,-7],[151,-32],[66,-66],[117,83],[203,-32],[126,-6],[87,14],[141,-11],[29,-68],[-117,-99],[36,-51],[-30,-62],[-120,-63],[-102,-92],[-231,22],[-78,81],[-118,7],[-19,36],[-128,-67],[-19,-32],[-148,-8],[-11,-80],[-88,-75],[-215,-9],[-37,-60],[-152,-18],[-183,57],[-45,36],[-112,18],[-141,-11],[-181,2],[-54,29],[-108,-7],[-471,23],[-108,52],[-103,-13],[-154,29],[-184,-17],[-51,-104],[104,-42],[69,-146],[50,-24],[136,-21],[89,-70],[70,-8],[122,-62],[27,-57],[-10,-73],[-92,-74],[-55,-135],[73,-57],[96,18],[112,-52],[-28,-66],[64,-49],[90,-2],[-84,-75],[-88,-49],[-63,11],[-101,-40],[46,-84],[-58,-141],[-175,-64],[-75,-8],[-18,-57],[15,-76],[-96,-69],[-98,-27],[-80,10],[-98,-78],[-178,-68],[-112,-22],[28,99],[47,17],[60,113],[-95,7],[-156,-73],[-38,-79],[-75,-55],[-162,-71],[-172,0],[-107,31],[-205,12],[-122,33],[-114,-14],[-195,-64],[-80,-48],[-152,36],[-101,4],[-72,38],[-131,-24],[-194,42],[-121,43],[-104,13],[-231,99],[-39,37],[-95,14],[23,51],[-134,38],[-51,-7],[-130,41],[-19,109],[-186,66],[-45,48],[-97,42],[42,39],[-120,123],[87,17],[-82,43],[-115,24],[-117,44],[-13,60],[33,74],[-61,5],[-84,-54],[32,-104],[134,-35],[107,-94],[18,-55],[70,-41],[-18,-78],[-74,-137],[-72,-56],[79,-56],[54,7],[80,-33],[71,-80],[135,-32],[282,-16],[63,-100],[-287,-67],[-137,-23],[-73,19],[-182,-13],[-119,-40],[-164,58],[-106,3],[-89,27],[-49,-57],[73,-56],[269,-101],[-26,-129],[50,-58],[81,-48],[386,168],[49,48],[62,1],[84,60],[100,5],[140,89],[87,-36],[144,4],[64,-42],[89,7],[105,-21],[215,-68],[100,-1],[144,-58],[134,-25],[129,-3],[-120,-88],[-68,-32],[-30,-92],[-46,-2],[-115,-94],[6,-51],[231,102],[75,116],[133,82],[82,87],[148,41],[118,51],[89,9],[91,-41],[128,0],[113,-48],[67,18],[167,-64],[36,-70],[71,-34],[16,-37],[-58,-34],[81,-44],[22,-38],[-30,-63],[-88,-33],[-32,-76],[-118,-69],[-7,-49],[-144,-82],[-78,-100],[14,-45],[120,-32],[165,53],[90,4],[109,51],[142,-62],[-60,-114],[-25,-124],[93,-5],[47,-39],[105,-11],[61,73],[82,-3],[62,40],[3,97],[-32,79],[89,71],[114,23],[44,34],[-28,60],[69,43],[206,38],[105,-1],[51,-80],[114,-77],[57,-85],[-25,-51],[109,-56],[8,-41],[-96,-46],[59,-53],[87,-15],[65,-54],[-82,-65],[-9,-88],[35,-97],[-84,-104],[61,-60],[-22,-85],[-67,-30],[-136,1],[-56,21],[-52,-66],[-62,-34],[18,-37],[-92,-43],[-18,-40],[35,-50],[-56,-78],[-152,-35],[-38,-49],[9,-65],[-122,-30],[-57,33],[-63,89],[-4,61],[-40,71],[50,56],[-57,55],[-77,20],[-204,-154],[-8,-88],[-71,-82],[8,-42],[-79,-107],[-51,-22],[-157,-8],[-57,-91],[-83,-76],[-3,-87],[-102,-44],[-186,25],[-26,25],[-103,-84],[-135,-25],[-48,-39],[-126,-15],[-26,-27],[-171,-64],[-98,42],[-50,0],[-184,-64],[8,-26],[-101,-52],[-195,-1],[-27,-49],[-123,-41],[-71,-7],[-82,37],[-72,-72],[-177,-1],[37,58],[97,60],[-39,57],[-119,13],[78,85],[-7,40],[87,41],[28,68],[43,39],[42,113],[94,55],[28,36],[14,101],[-102,33],[-93,54],[-84,91],[-158,47],[-145,3],[41,52],[-3,94],[-79,-37],[-29,-84],[-62,-56],[-108,-52],[-221,-14],[-198,17],[-109,29],[-231,98],[121,183],[-132,75],[56,33],[178,49],[104,61],[64,80],[-31,20],[-108,-111],[-69,-10],[-246,-89],[-106,21],[-140,55],[-22,45],[-106,97],[-36,59],[17,37],[-81,56],[-29,69],[-122,63],[53,-106],[-16,-40],[91,-56],[-21,-40],[36,-78],[136,-163],[190,-71],[164,-45],[36,-64],[-93,-44],[-58,-60],[-1,-57],[105,-106],[26,-73],[-54,-78],[-105,-60],[-230,19],[-64,-14],[-97,15],[-120,-44],[-94,-10],[-153,119],[-95,9],[-164,115],[73,47],[27,47],[-49,51],[-11,106],[-56,101],[-53,24],[11,43],[-186,140],[-87,13],[22,38],[-36,40],[18,95],[-31,18],[-116,-80],[26,-30],[-16,-68],[70,-37],[78,2],[3,-100],[135,-123],[54,-35],[-13,-61],[30,-20],[-10,-64],[74,-79],[-39,-16],[-64,-87],[95,-80],[-24,-33],[-119,-17],[-195,13],[-57,24],[-216,5],[-47,23],[-65,111],[-161,63],[32,32],[-116,44],[-106,123],[9,89],[26,46],[-37,42],[-203,66],[-94,5],[105,-84],[78,-24],[-22,-87],[-49,-103],[3,-63],[82,-100],[-26,-107],[-194,-9],[-75,-46],[-148,-7],[-88,14],[-56,54],[-136,47],[25,45],[-57,72],[-40,95],[-107,44],[31,77],[-106,104],[-150,87],[-44,0],[-34,-71],[107,-100],[74,-47],[-17,-81],[7,-95],[53,-56],[-3,-71],[53,-136],[46,-30],[253,-79],[32,-40],[307,-99],[42,-54],[-46,-41],[-136,12],[-75,-21],[-96,19],[-272,-59],[-77,17],[-281,-27],[-32,75],[-121,-17],[-114,9],[-119,59],[-143,34],[-54,43],[-81,4],[-73,-23],[-72,41],[-93,18],[-106,-11],[-81,20],[-182,21],[-63,21],[14,47],[-71,32],[32,69],[-12,93],[176,82],[47,54],[-49,82],[-134,76],[-70,25],[-15,53],[-115,56],[-88,65],[-9,-69],[142,-74],[11,-52],[224,-100],[10,-55],[-154,-30],[-154,-89],[-95,-8],[-15,-39],[53,-29],[-119,-250],[-4,-50],[-106,21],[-129,55],[-54,-3],[-120,33],[-68,-6],[-74,50],[71,42],[-17,48],[-93,47],[-269,28],[73,93],[-19,77],[-120,54],[51,143],[-95,35],[49,42],[-67,33],[-33,-48],[12,-136],[-17,-44],[17,-79],[88,-53],[-65,-123],[29,-45],[93,-37],[25,-30],[-93,-91],[-125,-43],[33,-53],[-51,-27],[-145,37],[-98,127],[-70,8],[21,-92],[-110,-19],[-98,36],[-196,10],[-138,22],[-111,51],[25,62],[59,29],[-57,80],[60,22],[31,52],[-6,64],[-81,70],[0,94],[-49,72],[-70,31],[0,107],[50,28],[-34,53],[15,36],[-54,110],[-46,26],[71,54],[28,82],[-14,50],[-64,23],[-34,-123],[-114,-82],[-45,-75],[159,-218],[-101,-102],[108,-6],[87,-100],[-38,-86],[47,-66],[-20,-33],[-90,-21],[-42,-93],[20,-146],[-56,-14],[-81,46],[45,83],[-15,79],[32,38],[81,11],[-57,45],[-31,66],[55,83],[-49,116],[-85,-13],[6,-91],[-47,-11],[-28,-117],[-42,-43],[61,-77],[-5,-51],[-118,-91],[-5,-33],[-144,-1],[-36,119],[-93,-86],[-34,-3],[-107,51],[-33,83],[-190,80],[51,90],[-63,73],[-104,-36],[-164,83],[70,60],[4,57],[207,137],[24,34],[-62,114],[86,51],[-82,12],[-18,44],[-24,173],[-42,92],[135,91],[136,43],[127,78],[103,14],[127,54],[28,111],[274,29],[75,70],[14,61],[71,8],[85,68],[97,-27],[72,89],[-105,6],[98,68],[146,28],[123,-21],[100,-41],[170,73],[180,-11],[92,28],[94,-38],[-2,-50],[154,-11],[117,23],[-84,31],[115,150],[73,13],[98,-33],[205,35],[17,-56],[82,1],[38,-56],[151,-46],[-8,39],[-83,69],[193,47],[-109,12],[-123,-18],[-113,53],[-135,17],[-86,-42],[-47,44],[104,26],[-43,27],[52,49],[103,16],[94,33],[44,46],[-238,-17],[-95,5],[-30,26],[2,72],[104,31],[79,69],[193,-8],[98,15],[57,39],[-153,26],[-238,1],[-168,-42],[-102,-65],[-143,16],[-40,28],[-169,15],[-94,24],[-10,60],[45,35],[-72,31],[-22,60],[32,55],[124,62],[24,51],[-72,37],[4,88],[-92,1],[-106,54],[62,51],[-173,30],[-46,77],[-123,17],[-106,47],[-59,76],[34,90],[51,66],[-10,117],[11,115],[84,16],[43,38],[194,35],[202,74],[101,17],[326,77],[54,20],[173,-10],[120,-36],[245,10],[291,-92],[192,-28],[93,-60],[197,-75],[101,-143],[80,-59],[83,-26],[-9,-37],[53,-119],[55,-67],[76,-252],[16,-93],[90,-79],[2,-62],[-111,-101],[51,-12],[58,44],[151,65],[90,5],[60,-133],[82,-73],[35,20],[166,-18],[97,23],[130,-30],[81,-3],[106,-55],[41,-55],[85,-59],[293,-72],[81,-3],[-37,78],[-51,-1],[-62,76],[14,45],[-60,57],[60,50],[84,-23],[188,-29],[106,9],[100,31],[194,-27],[205,-58],[280,-28],[61,-34],[74,24],[-58,99],[-178,4],[-91,49],[-108,95],[-9,47],[235,22],[77,18],[75,51],[88,27],[90,65],[27,51],[123,78],[101,110],[112,146],[71,37],[29,60],[-21,32],[105,43],[52,108],[50,55],[-9,64],[104,36],[112,171],[19,68],[90,51],[-40,48],[56,48],[-78,176],[45,37],[117,13],[109,-7],[9,93],[-241,19],[-49,-39],[-87,-23],[-135,-125],[8,-91],[58,-78],[-72,-106],[-191,-102],[-60,-81],[18,-33],[-67,-32],[-61,-72],[-45,-16],[-57,-198],[-106,-100],[-29,-57],[-69,-41],[-8,-41],[-155,-153],[-238,-155],[-152,-48],[-82,-52],[-66,27],[-177,33],[-425,41],[-82,-38],[-174,40],[-110,7],[-94,40],[3,104],[243,121],[64,67],[94,47],[103,142],[7,98],[-90,-10],[21,-81],[-61,-85],[-171,-117],[-133,-46],[-71,-45],[-106,-39],[-101,78],[-225,74],[-81,50],[53,76],[-66,82],[5,41],[114,28],[53,140],[107,-25],[100,75],[76,17],[-58,63],[-140,-74],[-286,-61],[-90,46],[-10,61],[126,93],[119,44],[151,-24],[195,56],[117,-24],[8,-69],[162,119],[67,14],[121,-37],[230,-21],[-121,58],[-63,-7],[-120,43],[-131,8],[-12,-29],[-462,-51],[-139,23],[-117,-16],[-78,-50],[-131,-55],[-74,118],[-133,38],[-40,32],[33,51],[210,92],[22,22],[233,92],[176,83],[131,21],[69,-41],[109,-17],[25,-29],[111,5],[99,65],[150,66],[269,-9],[-167,43],[-113,-2],[-191,-74],[-172,-15],[-29,38],[-174,37],[-68,40],[110,220],[266,0],[145,70],[98,-1],[156,-42],[251,-46],[-32,64],[-227,65],[-185,1],[-82,22],[-108,-14],[-167,-84],[-58,23],[-36,83],[116,119],[63,131],[13,74],[-70,85],[34,31],[3,95],[82,193],[-15,60],[81,68],[20,54],[103,113],[-66,-2],[-96,-96],[-27,-68],[-88,-54],[-4,-79],[-135,-202],[-16,-131],[16,-75],[-119,-155],[-88,-74],[-123,-180],[-166,-150],[-70,-103],[-133,13],[-28,-21],[-161,-14],[-191,-35],[-51,-41],[-193,-18],[-69,-22],[-143,32],[-29,52],[26,100],[53,59],[-48,59],[172,6],[35,52],[176,141],[12,89],[44,66],[13,78],[54,33],[7,75],[-99,-1],[10,-41],[-75,-42],[-56,-63],[-57,-3],[-33,-163],[-67,-24],[-94,-100],[-114,13],[-92,-25],[-82,69],[-46,-47],[-18,-94],[-65,-34],[-154,-109],[-333,-19],[-95,-27],[-88,3],[-372,50],[-67,67],[65,69],[94,40],[134,25],[228,19],[-172,57],[-121,9],[-122,-31],[-82,4],[-25,35],[27,153],[-15,167],[23,60],[-40,113],[52,116],[199,174],[132,67],[20,30],[119,39],[102,-12],[132,12],[56,35],[-83,24],[-130,-21],[-95,29],[43,78],[136,149],[11,86],[95,138],[230,126],[258,57],[304,26],[280,45],[308,38],[178,39],[66,40],[114,15],[156,92],[137,10],[182,-33],[140,-66],[142,-50],[190,-33],[117,-4],[377,10],[83,-21],[236,-7],[237,-54],[136,-96],[76,-32],[132,-1],[56,-64],[120,-29],[148,-94],[183,-49],[150,9],[114,-88],[54,-72],[66,-25],[0,-59],[290,-118],[181,59],[-72,51],[-280,146],[-84,119],[37,33],[92,14],[28,37],[269,-50],[36,43],[-120,44],[-188,6],[-110,-39],[-122,-15],[-210,14],[-34,72],[-154,43],[-165,76],[-92,4],[-64,82],[20,50],[209,28],[112,-1],[152,-36],[144,29],[74,-49],[234,-12],[143,15],[256,51],[273,23],[92,-16],[39,-54],[108,22],[53,131],[-120,25],[-21,52],[83,100],[50,116],[110,72],[84,86],[-77,15],[-141,-60],[-26,-40],[-158,-17],[-143,-102],[-201,-203],[-84,3],[-249,-54],[-174,-7],[-27,28],[-370,92],[-441,17],[-163,-22],[-202,3],[-272,52],[-152,17],[-316,15],[-136,22],[-90,58],[-244,62],[-114,14],[-91,136],[33,45],[89,54],[135,108],[79,17],[334,-79],[181,-85],[71,-104],[94,-32],[141,-4],[98,-32],[296,-13],[103,105],[-104,-3],[-49,-40],[-120,44],[-134,23],[-2,68],[-163,51],[-91,64],[-95,90],[127,100],[-63,39],[-119,-70],[-84,-25],[-109,8],[-77,33],[-28,101],[-134,242],[-43,30],[37,129],[-59,31],[-7,78],[-98,28],[-99,73],[-231,66],[-53,41],[9,54],[-70,37],[-45,92],[19,31],[-81,81],[12,55],[-116,75],[-264,108],[-203,60],[-360,8],[-139,54],[-343,61],[-78,4],[-156,78],[-38,88],[75,78],[-25,87],[-2,190],[58,89],[105,19],[227,-28],[342,-66],[269,-5],[281,-103],[97,73],[-116,2],[-74,27],[-76,64],[-181,9],[-389,82],[-237,33],[-260,-3],[-80,21],[-59,54],[-123,256],[19,127],[66,121],[23,116],[48,100],[51,53],[98,31],[92,-8],[290,45],[197,-4],[188,-20],[100,-58],[338,-97],[299,-10],[206,23],[176,-10],[448,6],[336,-6],[294,-42],[198,-59],[135,-72],[255,-195],[118,-76],[173,-82],[173,-100],[203,-80],[135,-112],[263,-139],[155,-53],[15,-24],[171,-88],[71,-52],[27,-172],[38,-53],[69,-22],[-7,-106],[197,-97],[151,1],[-27,-93],[94,-104],[-152,21],[-12,-53],[33,-53],[91,7],[92,38],[98,96],[89,5],[232,-40],[136,-51],[302,-57],[298,-69],[18,36],[-83,36],[26,33],[202,56],[343,62],[200,25],[136,-6],[83,72],[69,22],[35,68],[-257,-31],[-229,-11],[-103,-24],[-135,6],[-279,-87],[-232,-19],[-87,22],[-115,-5],[-7,43],[-157,65],[-258,54],[-256,11],[70,84],[-98,46],[-31,50],[22,115],[-54,115],[-91,97],[40,51],[179,34],[103,33],[-387,70],[-320,82],[-75,59],[-131,36],[-128,61],[-187,158],[-82,34],[-69,64],[-215,138],[-213,197],[-155,85],[-72,18],[-76,73],[84,32],[232,25],[191,39],[230,9],[169,22],[125,30],[347,53],[117,-18],[517,70],[366,36],[338,52],[56,28],[180,-6],[55,24],[214,-15],[159,11],[-1,55],[-82,41],[203,83],[428,15],[407,23],[221,32],[359,5],[306,13],[268,22],[410,0],[117,-22],[147,49],[-93,49],[-143,11],[-224,-4],[-65,28],[-418,18],[-393,10],[-463,-51],[-131,-7],[-156,25],[-286,8],[120,65],[213,51],[172,70],[132,26],[130,63],[197,31],[360,84],[145,21],[83,33],[894,145],[397,29],[480,13],[24,-6],[652,14],[124,25],[-49,53],[65,26],[-111,86],[238,65],[223,4],[66,-18],[240,35],[267,28],[340,95],[181,39],[-2,35],[-252,-34],[-165,-55],[-114,-2],[-198,-39],[-127,0],[-233,-39],[-114,-38],[-120,-10],[-401,-109],[-252,-18],[-340,14],[-309,42],[-103,29],[-160,-31],[-146,17],[-300,-24],[-705,-95],[-203,-41],[-126,1],[-37,96],[96,25],[30,138],[-118,98],[218,102],[61,61],[291,102],[95,88],[64,96],[-20,73],[237,62],[120,58],[106,122],[120,22],[12,31],[334,110],[35,45],[340,43],[291,110],[128,38],[-27,44],[226,66],[-128,45],[-333,-75],[-268,-82],[-60,-39],[-296,-57],[-354,-89],[-242,-76],[-84,14],[-110,-97],[-2,-46],[-187,-102],[-190,-75],[-52,-51],[0,-130],[-203,-78],[-70,35],[-373,94],[-208,142],[-83,-26],[406,-245],[119,-38],[-27,-32],[-208,-57],[-141,-140],[-5,-59],[175,9],[38,-55],[-95,-113],[-155,-10],[-67,-82],[26,-67],[-51,-55],[-322,-111],[-439,-164],[-607,-146],[-308,-93],[-53,-30],[-805,-157],[-373,-48],[-88,4],[-125,-27],[-334,-46],[-532,-48],[-314,6],[-39,54],[94,219],[212,59],[127,70],[135,2],[256,75],[277,3],[195,69],[211,100],[20,51],[142,61],[-68,28],[-210,19],[-295,-113],[-310,-82],[-39,-54],[-483,-75],[-385,-93],[-104,-9],[-168,107],[-48,74],[225,24],[124,68],[176,136],[-149,37],[-178,-136],[-198,-53],[-100,-59],[-191,-63],[29,-29],[7,-119],[52,-38],[39,-89],[-74,-166],[-64,-80],[-196,-29],[-164,18],[-110,-47],[-351,-26],[-190,20],[-34,24],[-275,-45],[-281,-6],[-200,14],[-210,38],[-333,14],[12,60],[115,62],[91,80],[-107,6],[-233,-168],[-20,-36],[-144,-12],[-285,51],[-138,50],[-250,48],[-115,36],[120,159],[10,73],[69,25],[80,99],[126,89],[182,98],[176,123],[102,102],[101,43],[118,140],[117,61],[133,38],[288,54],[60,36],[256,22],[109,23],[17,42],[266,-28],[209,20],[455,60],[152,29],[103,-14],[415,57],[210,59],[225,19],[62,35],[223,-8],[316,22],[11,52],[172,9],[61,-22],[122,12],[-69,66],[-202,13],[-241,-16],[-281,-47],[-243,-30],[-109,-35],[-107,15],[-428,-77],[-337,-16],[-131,-28],[-50,24],[-268,-33],[-547,-37],[-261,-60],[-256,26],[-321,-40],[-25,-27],[-309,-98],[-135,-80],[-129,-48],[-92,-62],[-376,-311],[-138,-40],[-37,-67],[-264,-119],[-107,-60],[26,-94],[-54,-18],[-111,-126],[-166,-30],[-213,1],[-494,110],[-27,43],[-90,16],[-210,-3],[-263,101],[-74,54],[-190,77],[-419,127],[-345,118],[-97,61],[-56,105],[157,36],[161,63],[290,50],[711,88],[311,24],[401,-43],[189,-36],[181,-2],[285,13],[137,47],[142,-9],[70,19],[146,-12],[182,38],[275,118],[131,20],[207,52],[188,-23],[-44,51],[53,67],[397,188],[147,38],[66,42],[126,23],[220,71],[329,58],[103,28],[-10,38],[-195,20],[-49,43],[-303,-62],[-227,-29],[-253,-74],[-215,-31],[-33,-27],[-189,-20],[-98,-42],[-253,-147],[-23,-36],[-218,-68],[-166,-19],[-137,5],[-295,-34],[-119,-50],[-101,2],[-376,-64],[-84,11],[-284,-27],[-279,31],[-219,5],[-197,-26],[-408,-35],[-111,9],[-334,-67],[-197,-23],[-276,-10],[-145,-21],[-262,25],[-306,91],[-117,90],[7,63],[-86,118],[-20,81],[53,64],[95,7],[85,59],[193,61],[193,7],[138,-69],[285,-23],[227,26],[338,97],[-207,-8],[-250,-27],[-231,92],[-333,69],[-70,0],[-103,74],[133,45],[360,35],[12,23],[330,160],[222,59],[290,160],[239,43],[270,5],[464,45],[9,-74],[200,29],[472,-44],[73,22],[-402,36],[-321,92],[-140,0],[-85,-35],[-206,73],[-174,-25],[-43,-26],[-271,-7],[-202,-25],[-134,-45],[-363,-99],[-140,-28],[-354,-104],[-38,-34],[-252,-40],[-228,-75],[-155,-25],[-52,-44],[-173,61],[-41,81],[-251,24],[-92,50],[67,54],[315,89],[353,128],[142,70],[190,-5],[69,73],[153,48],[210,1],[61,62],[-171,-14],[-40,25],[-318,-7],[-71,55],[-90,19],[-80,59],[46,38],[-204,17],[-11,-96],[-97,-20],[-152,33],[-209,-3],[-64,-94],[-130,-36],[-94,9],[6,-181],[-98,-29],[-90,21],[-338,-104],[-18,138],[-85,72],[-139,13],[-89,38],[-193,16],[-87,32],[-1,68],[44,43],[214,34],[-36,35],[25,108],[177,-2],[102,102],[145,15],[120,-67],[183,56],[-71,93],[114,67],[309,44],[148,-13],[68,115],[101,-2],[257,46],[287,-6],[240,45],[235,10],[-29,-43],[75,-48],[12,-59],[116,-63],[266,-2],[15,50],[92,36],[5,59],[-261,60],[36,66],[111,34],[160,-52],[1,-48],[144,0],[-30,48],[76,24],[-123,111],[144,112],[211,78],[281,75],[469,31],[103,26],[4,48],[144,-13],[28,-62],[150,-11],[190,40],[73,-29],[190,-20],[143,-83],[115,-102],[-144,-88],[35,-61],[82,-27],[244,-38],[188,-84],[85,40],[-132,68],[-384,62],[53,41],[148,47],[225,0],[-217,96],[107,32],[35,42],[383,-1],[369,-16],[213,-63],[317,-151],[52,-52],[288,-114],[-84,86],[-133,64],[-54,64],[24,46],[506,-5],[145,-11],[135,-175],[92,13],[-90,107],[10,58],[148,1],[160,-78],[9,-134],[88,-101],[186,-8],[-26,45],[-113,43],[8,128],[-74,100],[-138,60],[-284,40],[-365,28],[-257,7],[-500,128],[-739,86],[-139,67],[-124,155],[34,52],[389,25],[95,-12],[581,37],[400,-4],[-15,21],[185,78],[141,21],[-65,62],[-128,64],[50,70],[-107,38],[48,97],[-16,52],[-204,2],[-42,78],[-74,25],[297,43],[142,0],[209,30],[555,-43],[24,-37],[-81,-33],[-129,13],[-23,-51],[186,-48],[212,-28],[54,-25],[229,-27],[-22,-58],[365,40],[457,-64],[212,-100],[230,-142],[-47,-25],[57,-105],[380,-134],[70,-118],[-55,-110],[-164,-50],[39,-46],[169,28],[143,49],[196,-24],[214,0],[438,-23],[130,-60],[145,-9],[-91,97],[-195,39],[-547,15],[-131,31],[-14,80],[-102,134],[-294,116],[3,123],[81,63],[369,-18],[269,-106],[116,-28],[73,-83],[177,-66],[459,-144],[511,-113],[143,-69],[251,-59],[151,-66],[194,-54],[212,-10],[277,-42],[65,16],[120,-48],[154,-123],[132,-37],[106,-71],[159,-12],[159,12],[-25,48],[-151,73],[-123,35],[-49,68],[-119,72],[96,79],[-228,24],[-161,-1],[-337,27],[-298,59],[-94,45],[-211,61],[-68,60],[67,83],[-68,23],[-248,3],[-268,48],[-200,67],[-282,76],[-114,71],[-172,66],[-636,202],[-85,71],[-15,77],[206,59],[-117,85],[99,123],[359,14],[193,-25],[424,-21],[267,48],[-185,19],[-328,56],[-193,65],[-230,54],[6,35],[-152,64],[28,87],[86,59],[145,28],[432,-38],[108,-32],[287,-31],[245,-84],[129,-32],[200,-117],[215,-152],[258,-125],[74,-12],[255,75],[-172,116],[36,15],[-190,73],[-277,206],[-5,39],[-172,33],[-179,107],[-82,125],[-173,80],[-143,9],[-133,83],[59,58],[253,31],[134,-17],[372,-3],[243,-24],[138,-54],[88,14],[178,-53],[47,-62],[170,-63],[-67,-97],[47,-41],[286,-89],[124,7],[-222,117],[91,57],[275,-31],[388,-82],[172,-19],[206,29],[220,-25],[382,26],[-39,25],[-340,-21],[-112,26],[-380,20],[-225,41],[-113,41],[-174,23],[-258,63],[-81,120],[24,34],[356,25],[129,54],[-274,-1],[-275,-19],[-155,10],[-268,99],[-1,64],[147,35],[119,64],[183,21],[215,56],[195,10],[146,-25],[163,24],[187,-47],[154,-63],[-28,-79],[97,-87],[83,19],[-32,54],[152,64],[72,81],[82,23],[231,-57],[66,-184],[160,-8],[283,-120],[16,45],[-234,90],[246,7],[85,135],[178,48],[399,-110],[357,-64],[122,-37],[51,-69],[154,-138],[283,-153],[29,-94],[93,-67],[441,-108],[191,-73],[49,-59],[2,-80],[-210,-95],[-47,-52],[319,38],[181,135],[142,41],[122,62],[132,11],[0,47],[-194,21],[-308,74],[-225,77],[-222,38],[-31,142],[-54,46],[454,72],[-232,1],[-171,-15],[-185,20],[-116,61],[-136,132],[-29,56],[-215,83],[-147,20],[-364,113],[-163,103],[32,44],[128,20],[-72,42],[-153,1],[-11,50],[199,44],[521,60],[563,-49],[482,-35],[214,-31],[118,17],[283,-48],[98,6],[123,-58],[331,81],[567,-36],[359,-88],[74,-48],[185,-70],[37,-81],[117,-58],[92,-125],[-10,-39],[198,-57],[229,-112],[96,-18],[130,-62],[202,-35],[307,-85],[127,-48],[106,-8],[-14,-102],[-124,-87],[52,-99],[107,10],[13,64],[109,85],[-76,27],[60,40],[115,4],[-1,62],[-73,17],[-67,77],[-263,86],[-451,90],[-253,172],[-74,103],[-225,59],[-1,77],[262,72],[145,138],[398,77],[-113,38],[74,36],[171,1],[180,63],[324,-2],[448,26],[489,-11],[7,-45],[-177,-88],[-38,-52],[21,-82],[87,-62],[181,-63],[-10,-34],[364,-82],[345,-61],[144,-13],[-108,85],[-197,37],[-197,79],[-215,126],[-4,34],[112,83],[284,56],[-28,65],[160,-16],[351,51],[640,4],[320,9],[216,-98],[-158,-83],[58,-26],[287,0],[-113,-82],[-107,-21],[19,-41],[281,57],[473,73],[53,-52],[-35,-77],[160,-164],[90,21],[52,67],[-151,67],[217,-4],[88,55],[202,18],[232,-34],[130,-47],[-63,-85],[348,37],[561,-29],[89,-41],[167,-13],[63,84],[139,-7],[87,-37],[-77,-52],[153,-9],[137,34],[114,-24],[138,18],[243,-21],[-102,-55],[-38,-58],[-132,-74],[-271,-84],[-248,-93],[-139,-18],[-457,-121],[-146,-17],[-349,-71],[-90,-59],[-245,0],[-158,-23],[-173,-57],[4,-32],[-259,-66],[147,-21],[145,42],[769,57],[372,-24],[158,42],[60,42],[371,106],[265,12],[297,134],[517,114],[168,51],[304,59],[297,-48],[-121,-114],[158,-21],[160,117],[-19,98],[38,62],[217,41],[258,26]],[[86178,79591],[134,-165],[135,-185],[0,-74],[32,-104],[66,-13],[51,-50],[29,-144],[12,-120],[45,-146],[4,-111],[51,-126],[-65,-19],[-29,-35],[-76,17],[-155,-15],[-133,39],[-124,68],[-77,18],[-117,50],[-132,3],[-90,-27],[-108,-6],[-48,-29],[-20,-72],[-81,-45],[-43,-105],[-73,-94],[-10,-39],[-63,-17],[-96,10],[-59,-8],[-82,29],[-155,35],[-177,-65],[-82,-64],[-107,-32],[-71,-72],[-83,-3],[-75,-32],[-36,-45],[-133,-17],[-74,34],[-90,11],[-73,33],[-232,23],[-47,-24],[-71,-11],[-118,-72],[-106,40],[-13,-16],[55,-68],[154,-4],[55,53],[162,55],[66,-8],[116,-53],[99,-35],[51,6],[83,-38],[115,7],[139,74],[104,11],[97,74],[119,22],[121,62],[222,-35],[49,-36],[100,-41],[100,-70],[114,-35],[132,-75],[149,-68],[87,-14],[81,11],[99,67],[379,-53],[178,8],[78,-16],[235,-172],[205,-110],[107,-105],[9,-34],[74,-99],[36,-113],[-21,-148],[-64,-96],[-44,-34],[-101,27],[-88,60],[-87,40],[-75,4],[-95,23],[-56,-16],[-29,-49],[19,-57],[-103,66],[-60,51],[-81,-17],[-83,-53],[-158,29],[-30,-17],[-145,74],[-122,72],[-56,56],[-87,39],[-185,137],[-57,20],[-217,-58],[-269,71],[-52,-1],[-193,59],[-75,39],[-90,14],[-96,-15],[-64,-65],[-40,-12],[-111,-87],[-33,-45],[34,-37],[44,38],[29,55],[69,11],[60,31],[30,47],[100,14],[194,-76],[97,-21],[64,-26],[250,-67],[80,-9],[135,33],[78,-19],[110,-124],[0,-23],[-64,-42],[-79,24],[-116,9],[-128,37],[-60,-5],[-125,31],[-120,-15],[-114,-43],[-97,6],[-136,37],[7,-28],[109,-43],[121,-15],[197,36],[115,-16],[-51,-43],[-142,-74],[-12,-39],[-55,-28],[-123,-15],[-62,-28],[-171,-12],[-73,-54],[38,-15],[40,32],[77,3],[41,-27],[-18,-94],[-39,-111],[5,-86],[-58,-20],[41,-42],[51,41],[23,62],[-8,54],[32,45],[17,95],[71,71],[85,33],[71,-8],[56,48],[58,17],[115,89],[75,29],[93,-41],[128,-39],[37,0],[94,-70],[49,-4],[95,-82],[121,-59],[80,-67],[97,-42],[45,-32],[-59,-41],[-93,-7],[-43,13],[-135,-37],[13,-28],[-25,-51],[-136,23],[-86,53],[-88,20],[-81,32],[-103,-67],[-97,-12],[6,-44],[196,49],[75,-64],[101,-48],[155,-14],[-10,-81],[-44,-40],[96,-10],[37,-20],[4,-92],[-126,37],[-39,-5],[-163,76],[-152,33],[-111,-54],[147,-10],[108,-29],[36,-40],[66,0],[12,-27],[88,-45],[125,-38],[150,-35],[-1,-35],[68,-9],[38,-31],[-139,-8],[-196,56],[-50,31],[-130,21],[-115,35],[-46,1],[-93,45],[-64,-18],[-63,25],[-79,10],[-24,-36],[35,-29],[99,-40],[6,-57],[-75,3],[-88,-18],[-69,50],[-48,18],[-35,-31],[-84,32],[-89,-14],[-93,38],[-74,66],[-61,12],[-179,71],[-166,-19],[8,-34],[144,9],[98,-48],[18,-41],[-96,7],[-95,23],[-41,-9],[-30,-61],[109,4],[60,-20],[202,-12],[161,-43],[-48,-81],[37,-51],[38,13],[61,69],[97,-26],[53,7],[68,-32],[31,-40],[68,25],[66,5],[45,-50],[155,6],[90,-36],[85,-15],[105,-59],[12,-27],[81,-3],[-35,-69],[-5,-68],[-68,16],[-63,58],[-69,-7],[-29,-40],[-101,-31],[-157,50],[-125,23],[-96,-5],[-117,-46],[-8,-60],[-35,-18],[-21,-59],[143,27],[42,74],[78,24],[152,-36],[33,-38],[-38,-47],[-151,-32],[-119,-5],[45,-34],[158,-1],[97,23],[47,-21],[35,79],[95,0],[17,-18],[111,-3],[26,-59],[78,26],[13,-31],[-10,-86],[69,21],[113,-11],[4,48],[65,-27],[-29,-41],[25,-30],[0,-167],[-14,-84],[-40,-45],[18,-36],[55,62],[33,133],[-8,40],[7,143],[77,9],[29,-20],[57,24],[23,46],[55,31],[78,-69],[81,27],[34,-57],[-33,-56],[-99,-9],[-17,-47],[37,-175],[-28,-123],[74,61],[-10,225],[101,-9],[52,34],[36,-44],[82,58],[46,-28],[-15,-41],[27,-58],[62,-15],[38,-39],[-47,-20],[-101,0],[-25,-49],[49,-5],[67,25],[43,-26],[51,-2],[35,40],[56,-1],[-32,170],[70,-26],[96,-98],[46,41],[114,16],[52,44],[84,-75],[-3,-36],[-82,-15],[-10,-66],[-43,23],[-85,15],[-37,-97],[1,-31],[-83,-49],[-55,33],[-158,69],[-120,20],[-47,-22],[-83,-12],[-116,-62],[-46,3],[-71,-38],[-73,-6],[-104,-25],[-133,-113],[28,-98],[37,13],[-4,54],[57,25],[50,66],[94,-20],[87,4],[0,-91],[13,-39],[-155,-71],[7,-20],[164,50],[24,44],[-14,75],[90,63],[76,98],[115,-26],[53,45],[95,-28],[134,-67],[-44,-47],[-148,-69],[-73,-97],[-40,-33],[-13,-54],[11,-130],[-61,-81],[-36,-26],[-63,18],[-74,54],[-78,28],[-3,-32],[63,-23],[59,-47],[78,-31],[81,-4],[66,127],[26,31],[-6,110],[12,29],[63,40],[45,62],[74,38],[81,11],[82,-7],[32,-50],[139,-61],[88,-26],[-38,-51],[15,-42],[-50,-32],[-2,-60],[-21,-43],[-66,-18],[-10,-35],[81,-6],[2,-47],[-56,-40],[-26,-46],[-76,-60],[6,-108],[-28,-65],[48,-16],[30,61],[9,99],[56,45],[50,80],[46,2],[42,76],[60,31],[35,-37],[-17,-50],[12,-54],[-12,-123],[-59,-157],[55,-7],[53,118],[25,111],[-7,65],[23,67],[-5,67],[104,29],[42,-6],[136,-52],[75,-13],[-30,-74],[-31,-31],[-66,-17],[-58,20],[-29,-23],[28,-48],[104,5],[103,51],[44,0],[32,-141],[48,-60],[-29,-23],[-64,-9],[-58,-39],[-37,-51],[-9,-96],[-46,-66],[9,-111],[-24,-35],[-99,-25],[-158,72],[-107,21],[15,-44],[51,-5],[155,-84],[23,-34],[135,31],[23,-74],[-13,-56],[40,-2],[19,64],[-7,85],[32,105],[-9,96],[62,48],[-2,69],[33,47],[33,-15],[42,36],[74,2],[93,90],[105,32],[-92,-160],[42,-66],[77,-186],[-46,-64],[-40,-85],[-9,-76],[17,-43],[-4,-92],[-36,-58],[10,-98],[-28,-87],[2,-51],[-21,-74],[0,-66],[52,26],[17,92],[24,30],[19,86],[2,112],[18,31],[11,130],[-18,96],[30,65],[98,41],[75,52],[10,86],[33,26],[5,44],[-33,52],[48,114],[56,61],[36,9],[131,-31],[58,22],[41,-58],[-34,-126],[4,-75],[-75,-197],[-48,-81],[-56,-33],[38,-102],[71,-54],[124,-118],[49,-187],[15,-91],[40,26],[-54,218],[-6,52],[-214,219],[54,24],[44,107],[6,52],[44,51],[25,148],[49,26],[65,3],[165,72],[37,109],[-18,32],[68,18],[24,85],[102,19],[78,-15],[85,-71],[84,-39],[84,-57],[-37,-68],[-106,-54],[-12,-26],[-104,-23],[-131,-228],[-61,36],[-31,-104],[56,10],[77,-10],[11,-75],[-66,-60],[5,-46],[-92,-17],[-53,-62],[-46,-218],[41,-69],[24,24],[-22,45],[27,68],[1,62],[38,69],[29,-7],[99,60],[10,61],[61,27],[27,51],[118,-2],[22,-64],[-5,-145],[-48,-87],[89,25],[21,215],[-3,53],[29,105],[145,19],[128,-41],[91,-93],[-30,-76],[95,23],[36,-39],[-7,-35],[-73,-85],[-83,-4],[-140,-53],[13,-20],[149,45],[99,-4],[52,28],[37,62],[31,3],[61,-57],[40,-86],[-4,-51],[-45,-68],[4,-57],[44,-15],[82,41],[65,-31],[-6,-99],[-20,-19],[2,-80],[42,-34],[-27,-40],[-35,0],[-10,-59],[-31,-26],[-73,-20],[38,-33],[130,7],[55,-14],[86,-137],[-7,-88],[13,-94],[-75,-46],[-26,-44],[-71,21],[-61,-4],[-100,21],[-199,11],[-43,-20],[-115,50],[-85,-1],[-209,88],[-23,-51],[108,-56],[58,-16],[150,-18],[66,-40],[158,-18],[124,6],[-51,-77],[-112,-60],[-118,5],[-160,-5],[-102,-35],[-147,-89],[41,-39],[72,39],[153,68],[171,-3],[74,-16],[49,5],[98,45],[69,55],[170,35],[127,-20],[-30,-61],[-10,-69],[-129,-41],[-91,17],[-209,-104],[-96,-14],[-161,-53],[-84,-63],[-50,-70],[-10,-53],[-13,-175],[-18,-39],[56,-21],[42,81],[14,77],[-6,52],[17,62],[54,61],[78,31],[71,12],[102,39],[16,-15],[88,35],[122,76],[41,-27],[175,9],[103,90],[26,71],[89,11],[16,-53],[126,27],[72,-1],[46,28],[25,-27],[60,10],[55,-39],[-20,-99],[11,-83],[-40,-38],[-54,-125],[-91,-73],[-97,-36],[-103,-96],[-20,-42],[18,-139],[27,-10],[-5,129],[19,34],[129,118],[30,-5],[97,43],[78,89],[23,59],[60,81],[-13,115],[16,53],[67,115],[22,72],[39,71],[37,26],[89,-58],[-39,-66],[-92,-55],[44,-19],[89,60],[14,85],[-25,48],[45,64],[50,-19],[39,8],[66,-63],[54,-84],[-12,-30],[35,-112],[-15,-67],[-52,-99],[-78,-37],[-73,-2],[-29,-23],[-97,-37],[-56,-82],[27,-26],[56,-217],[10,-69],[-14,-70],[-71,-25],[-66,-41],[-165,-45],[-32,-19],[-57,-70],[10,-38],[-4,-96],[-114,-65],[-89,-16],[-64,13],[-1,-47],[67,13],[116,-18],[74,26],[69,51],[27,44],[6,52],[-21,51],[33,67],[69,-55],[21,-227],[-34,-102],[10,-60],[-31,-85],[68,-16],[18,147],[24,77],[30,32],[7,55],[-32,85],[-8,74],[25,51],[117,-18],[58,53],[66,102],[63,-31],[106,18],[7,64],[39,12],[75,-18],[18,-48],[4,-156],[30,-77],[17,-109],[-24,-130],[-42,-102],[24,-69],[-30,-44],[13,-74],[-22,-48],[42,-13],[42,69],[-19,68],[30,91],[-11,38],[61,65],[34,12],[-36,130],[28,127],[-20,72],[-12,111],[74,53],[29,-25],[71,4],[46,25],[65,-132],[17,-116],[54,-94],[63,-46],[8,-78],[51,-60],[10,-70],[49,-24],[7,78],[-64,109],[-5,55],[-43,48],[-47,123],[12,88],[20,36],[65,13],[67,46],[47,4],[6,60],[-38,91],[1,72],[16,41],[39,-11],[84,39],[186,5],[45,-32],[2,-48],[-50,-18],[-46,-59],[9,-139],[-22,-66],[61,-4],[41,96],[79,42],[66,0],[23,-27],[-49,-69],[119,19],[51,-35],[-47,-113],[-72,23],[-132,-7],[-60,-20],[-23,-48],[41,-40],[30,74],[55,-8],[62,12],[84,-27],[63,13],[121,-27],[15,-78],[-71,-65],[-25,-44],[104,23],[67,-4],[111,-109],[-21,-65],[108,-93],[38,-77],[65,-32],[-4,-138],[10,-87],[-73,-39],[-16,-57],[-45,4],[-53,-42],[19,-42],[-122,-14],[-59,15],[-29,36],[-18,77],[-32,68],[-74,88],[-78,44],[-74,-7],[-87,37],[-80,97],[-14,-36],[16,-43],[-55,-38],[-33,-60],[-51,-36],[44,-42],[46,32],[51,77],[37,0],[63,-42],[72,-6],[46,-24],[120,-155],[16,-69],[43,-59],[95,-78],[-6,-70],[-79,-47],[-57,-7],[-127,-41],[-68,35],[-38,-17],[-31,-91],[74,43],[50,-1],[123,-24],[154,34],[50,-30],[23,-47],[-7,-42],[43,-6],[5,-42],[-96,-56],[-62,19],[-38,-59],[-38,-9],[-99,23],[-36,-19],[-33,-69],[-100,-49],[-72,34],[-25,43],[-50,-14],[-14,60],[-53,11],[-12,-35],[-49,-21],[-55,6],[-51,135],[-8,76],[32,45],[-15,29],[-147,-16],[-66,27],[-96,19],[-97,-1],[-50,-16],[-22,-45],[-52,36],[-4,-56],[107,-16],[60,39],[44,2],[36,-101],[61,-57],[104,-127],[-143,-106],[-41,-9],[-48,-49],[-124,-75],[-89,-20],[-18,79],[-60,-6],[-29,136],[15,55],[-25,37],[-60,44],[-52,-45],[70,-46],[32,-41],[0,-126],[26,-42],[62,-21],[3,-43],[32,-38],[85,-1],[155,97],[13,-72],[40,-20],[16,-42],[93,18],[16,-47],[96,-37],[96,-21],[32,5],[26,-59],[-37,-3],[5,-69],[29,-28],[75,53],[23,-50],[-54,-79],[-53,-53],[122,13],[18,-39],[73,27],[-15,-83],[-36,27],[-50,-16],[-17,-51],[-78,-13],[-63,41],[-101,-72],[-67,-35],[-64,78],[-81,10],[-72,60],[-67,8],[-49,-26],[-85,48],[-94,-26],[-87,91],[-23,45],[-28,132],[-39,60],[-30,9],[-134,-72],[18,-17],[108,53],[53,-55],[8,-95],[23,-96],[67,-51],[17,-36],[43,-20],[115,13],[21,-30],[96,-3],[85,-75],[90,-8],[34,-58],[-7,-76],[-43,-34],[79,-30],[-15,-74],[6,-60],[50,-93],[45,-45],[-89,-15],[-112,-33],[-64,1],[-20,61],[-51,-34],[-63,39],[-66,5],[-55,114],[-37,8],[-23,41],[-46,-14],[31,-57],[-2,-47],[61,-44],[52,-12],[12,-40],[125,-70],[25,-62],[-21,-113],[-51,48],[-45,12],[-45,44],[-55,28],[-28,-14],[-87,36],[11,-57],[89,-88],[113,-15],[4,-46],[54,-15],[8,-66],[-23,-139],[-39,42],[-91,-25],[26,-28],[-20,-40],[-57,16],[-47,39],[-17,50],[-51,34],[8,135],[-21,11],[-2,137],[-38,-20],[10,-54],[-2,-147],[33,-52],[-43,-57],[-40,-112],[-34,9],[-16,60],[-47,67],[-59,-4],[-37,45],[-37,16],[-58,-34],[-39,0],[14,65],[-28,83],[-64,61],[-24,48],[-1,60],[-35,114],[-41,77],[-17,97],[-55,88],[-25,69],[4,74],[-52,-1],[-11,-68],[3,-91],[15,-54],[34,-29],[66,-166],[24,-78],[12,-98],[-7,-53],[14,-49],[50,-56],[-6,-27],[-120,42],[-90,-12],[-74,1],[-31,-29],[131,-85],[51,8],[108,-16],[47,-88],[-33,-43],[-7,-137],[-33,-10],[-48,21],[-47,-40],[-37,30],[-44,74],[-50,2],[5,-51],[-35,-33],[88,-36],[15,-39],[-14,-50],[49,-12],[89,1],[59,-35],[26,-70],[-90,-41],[-116,64],[-36,50],[-50,-18],[-77,26],[159,-136],[57,-69],[29,-65],[-33,-62],[64,-40],[57,-73],[-30,-69],[-69,19],[18,-71],[109,8],[-3,-86],[-61,20],[-72,-40],[57,-23],[46,8],[61,-19],[12,-94],[-85,34],[-23,-32],[-61,-28],[33,-83],[86,-3],[34,-34],[-32,-41],[-109,-59],[71,-118],[-23,-93],[-90,-18],[37,-63],[-31,-30],[-46,54],[-15,112],[-17,0],[-2,-203],[18,-56],[-13,-71],[14,-93],[-85,6],[-52,122],[35,95],[-48,43],[-87,-87],[-48,40],[-69,20],[-12,23],[33,61],[75,2],[-29,40],[46,34],[-12,32],[-81,-62],[-56,11],[-17,69],[41,30],[-53,25],[-11,61],[50,61],[17,93],[41,89],[-54,8],[-13,-96],[-25,-42],[-50,2],[-3,-101],[-18,-21],[-79,36],[-50,69],[-34,-42],[4,-117],[-11,-63],[-60,1],[-36,91],[-40,41],[-46,-10],[-20,28],[40,95],[0,77],[52,11],[70,34],[-26,47],[-48,19],[-64,-14],[-9,-47],[-69,-99],[-23,14],[-14,71],[-38,16],[-16,153],[-24,36],[70,64],[5,68],[-14,43],[55,143],[60,50],[8,45],[-38,11],[56,66],[-44,13],[-27,-33],[3,-50],[-41,-24],[-38,-123],[-58,-14],[-61,-136],[-5,-120],[15,-50],[-11,-49],[17,-69],[-56,-120],[-17,-93],[-55,-81],[-22,132],[-41,-29],[-12,99],[-30,26],[-52,-7],[-20,43],[31,67],[-49,49],[77,60],[-62,27],[-45,-4],[-53,-56],[-44,44],[9,31],[-89,32],[-4,33],[69,23],[-79,29],[12,40],[68,18],[37,29],[65,-23],[-30,69],[-58,0],[-13,29],[58,26],[22,34],[118,39],[51,43],[28,54],[64,1],[27,-18],[63,16],[37,-18],[27,53],[4,81],[-37,-17],[-7,-69],[-137,27],[-99,-21],[-42,-53],[-107,-5],[-43,-32],[-45,42],[-147,-56],[-19,-81],[-75,-7],[-35,71],[-74,91],[26,66],[-4,61],[-37,18],[20,40],[76,7],[77,35],[88,56],[88,108],[38,92],[6,105],[-50,-10],[-15,-78],[-127,-170],[-66,-5],[-54,-23],[-55,-1],[-59,33],[-29,37],[40,32],[-13,60],[-88,-77],[-28,-65],[-53,63],[60,81],[-20,46],[14,58],[89,-6],[101,17],[54,53],[-12,39],[63,19],[83,91],[148,-3],[59,23],[-20,39],[-175,-24],[-53,-20],[-135,-92],[-14,-55],[-119,20],[-142,-20],[-110,32],[-11,47],[45,47],[-13,38],[32,69],[-2,38],[37,52],[-38,17],[-37,-50],[-18,-53],[-47,-1],[25,101],[30,60],[10,80],[41,54],[7,52],[61,58],[22,73],[46,3],[50,55],[95,21],[11,41],[113,18],[98,86],[77,14],[57,-27],[64,-58],[52,22],[-80,66],[-25,59],[43,112],[59,56],[7,142],[20,33],[-18,101],[48,37],[10,55],[100,111],[43,5],[31,32],[25,64],[51,-3],[49,20],[36,44],[89,34],[-32,24],[-52,-2],[-52,19],[-57,-74],[-75,-1],[-81,-93],[-49,8],[-35,-66],[-80,-76],[-71,-127],[16,-33],[-18,-46],[0,-100],[11,-65],[-69,-29],[-62,-62],[-82,-1],[-62,-43],[-155,-83],[-47,-13],[-90,-49],[-23,-40],[-106,-39],[-48,9],[-38,-19],[-100,8],[-47,-18],[-147,4],[-129,-70],[-40,11],[-59,61],[2,133],[-17,74],[62,86],[10,59],[81,20],[2,36],[207,130],[53,46],[-33,36],[48,50],[65,41],[23,35],[-4,102],[51,115],[9,88],[0,123],[-35,0],[-8,-115],[-61,-65],[7,-71],[-25,-79],[-6,-66],[-76,-78],[-62,-100],[-54,-17],[-78,-85],[-107,-45],[-90,-58],[-130,43],[-62,58],[-30,56],[-48,17],[19,38],[-16,45],[-48,15],[-23,52],[55,22],[-102,40],[-7,67],[-57,-40],[-88,39],[102,-119],[-7,-24],[-112,-36],[-36,11],[-66,92],[-11,54],[24,69],[38,0],[33,69],[-62,45],[38,43],[-103,18],[22,60],[82,43],[-1,46],[-64,-26],[-51,-55],[-50,-1],[-21,-26],[-83,52],[4,47],[58,142],[-49,0],[-7,-53],[-67,19],[-55,69],[62,107],[-41,47],[8,50],[-75,6],[73,52],[77,97],[-14,12],[-91,-29],[-43,2],[-116,106],[-149,97],[-70,8],[210,-140],[117,-127],[-95,-53],[-52,-43],[-40,6],[-44,-38],[-57,37],[-79,-15],[0,-24],[58,-35],[52,24],[23,-61],[-23,-16],[-90,-9],[-44,39],[13,74],[-35,48],[-63,20],[-53,42],[-18,47],[-73,32],[-62,-48],[-24,12],[-53,119],[-75,10],[79,-106],[-72,-68],[-27,20],[-33,72],[-35,-10],[25,-57],[-48,-8],[-34,22],[-47,-12],[-88,69],[25,-71],[95,-42],[109,-10],[117,-26],[95,-6],[74,22],[81,-53],[56,-86],[-9,-58],[38,-14],[77,-77],[56,-22],[-48,-99],[40,-51],[-4,-44],[-56,-3],[-67,82],[-78,-15],[86,-85],[36,-6],[41,-45],[36,-73],[-42,-67],[-61,18],[-31,-25],[19,-41],[-88,10],[-134,39],[-41,88],[-15,60],[-36,43],[-2,69],[-73,7],[-3,46],[-44,29],[-67,18],[23,50],[-125,178],[-33,-5],[9,-65],[49,-6],[46,-94],[-70,-1],[-20,44],[-65,9],[-51,97],[8,49],[-76,-22],[-28,-45],[86,-106],[-6,-103],[57,-30],[29,-76],[49,-55],[31,-124],[37,-57],[-9,-72],[-37,-26],[35,-92],[51,7],[78,-56],[29,-75],[34,-23],[44,14],[50,-11],[52,-122],[32,-22],[134,-44],[52,-173],[62,-5],[38,-49],[-26,-49],[-74,-42],[28,-65],[-18,-60],[66,-73],[-4,-34],[-75,11],[-35,40],[-54,-17],[-74,11],[-51,52],[-12,-140],[-55,-13],[-60,63],[-44,-46],[-47,14],[-49,42],[-49,17],[-5,41],[-59,56],[-10,-81],[15,-111],[-42,-31],[-40,0],[-3,47],[-70,0],[-53,34],[-4,26],[-60,41],[17,62],[-61,99],[14,29],[-26,85],[12,115],[29,34],[-45,68],[-80,33],[-31,28],[-67,8],[-64,48],[-31,151],[-79,44],[-15,-56],[34,-53],[-57,-12],[-42,30],[-21,98],[-75,56],[17,-74],[-46,-23],[-143,-29],[-36,26],[-70,-31],[-128,7],[-41,-34],[135,1],[27,-28],[83,21],[81,-27],[90,65],[35,2],[81,-100],[60,-118],[101,-97],[55,30],[-39,37],[20,31],[57,28],[53,-37],[55,-82],[45,-27],[48,12],[-32,-128],[-3,-86],[-42,-66],[-32,71],[-7,55],[-66,21],[-39,-48],[6,-56],[68,9],[42,-36],[10,-45],[-27,-19],[-53,9],[-44,30],[-68,108],[-40,10],[-28,-33],[48,-30],[21,-44],[95,-86],[-56,-27],[-19,51],[-82,-38],[-12,-70],[113,-31],[44,44],[80,-4],[-10,-80],[-44,-40],[35,-39],[-46,-37],[60,-18],[80,-43],[-33,-54],[-83,5],[-36,-51],[113,1],[67,-30],[22,-32],[76,62],[59,1],[37,67],[50,6],[-10,-105],[26,-30],[-81,-76],[-57,13],[-40,-104],[-34,-42],[91,-24],[29,19],[33,-44],[-40,-30],[44,-47],[-5,-72],[-46,-21],[-58,-106],[-28,43],[-36,-29],[112,-92],[82,102],[30,15],[26,-60],[68,-10],[60,-45],[51,27],[91,1],[-4,47],[-53,-31],[-10,61],[-43,-31],[-2,-35],[-68,11],[-102,44],[17,72],[38,49],[92,26],[45,59],[39,-24],[62,33],[82,-61],[19,63],[52,30],[61,-38],[59,5],[60,-63],[6,-159],[-90,-51],[5,-33],[71,-7],[-19,-49],[-38,34],[-61,-21],[-55,1],[25,-84],[76,21],[11,-50],[-21,-20],[-142,34],[1,-34],[98,-53],[46,-57],[63,39],[103,-6],[55,-17],[23,36],[91,-63],[-49,-51],[51,-42],[-20,-77],[-74,-103],[-34,26],[-62,-10],[-115,21],[3,-44],[-39,-37],[-69,22],[-59,54],[-15,-15],[69,-56],[18,-35],[58,-22],[36,31],[25,67],[36,6],[25,-69],[28,21],[125,-66],[-30,-41],[-36,-110],[32,-12],[35,40],[42,-38],[-4,-52],[-92,-4],[74,-74],[52,34],[84,-43],[64,85],[-3,-86],[-33,-50],[13,-74],[-28,-170],[-130,-23],[-30,-93],[140,87],[76,-87],[5,100],[13,44],[38,33],[13,89],[66,-8],[40,52],[27,-49],[-43,-90],[8,-62],[-39,1],[-26,-39],[19,-90],[-46,2],[-73,-30],[42,-31],[80,-8],[81,-55],[12,-51],[-5,-84],[-26,-33],[16,-52],[-10,-44],[47,-19],[-27,-215],[30,-49],[16,-89],[-27,-48],[21,-22],[62,29],[37,70],[-36,12],[-17,38],[-11,113],[25,121],[20,45],[13,98],[-20,92],[9,52],[-50,91],[43,23],[58,-47],[84,-23],[-14,-89],[2,-75],[32,0],[12,88],[49,-34],[-46,-67],[19,-32],[92,-33],[9,-50],[58,16],[83,-58],[94,-19],[74,-54],[-37,-42],[-18,-72],[10,-90],[-25,-45],[-88,8],[-72,-31],[-45,-4],[-47,-78],[-49,-35],[28,-126],[36,35],[-27,61],[39,71],[59,58],[66,3],[88,-28],[-33,-73],[42,-31],[-15,-69],[47,0],[33,65],[-2,85],[51,124],[37,120],[60,37],[15,-85],[-8,-84],[-35,-41],[1,-55],[-17,-51],[39,-107],[26,32],[-30,99],[73,81],[30,-26],[-15,-86],[68,-177],[38,-8],[44,-98],[19,28],[-51,102],[-24,28],[-44,141],[31,74],[-79,115],[75,42],[-44,26],[-45,120],[46,54],[62,-79],[24,54],[97,-69],[-17,-102],[50,25],[22,48],[41,-43],[28,-99],[-35,-15],[-51,-90],[17,-105],[-2,-59],[25,-19],[14,130],[20,99],[58,9],[45,-53],[11,-56],[32,-51],[-44,-89],[14,-59],[-1,-76],[-58,-65],[-93,-72],[-54,20],[-23,-46],[74,-13],[-21,-170],[14,-55],[49,-28],[52,49],[43,-22],[94,9],[84,-14],[40,32],[9,59],[76,23],[5,-100],[-70,-89],[86,32],[28,45],[13,62],[42,23],[40,-9],[-21,-115],[30,0],[39,60],[72,-6],[-99,-66],[5,-31],[126,36],[14,-64],[-19,-120],[-79,-32],[-43,-43],[-61,-8],[-38,-31],[95,-39],[32,-65],[-32,-92],[-28,-27],[-135,-17],[-92,61],[-130,44],[-72,-12],[-38,-48],[115,1],[33,-15],[14,-43],[43,-35],[-11,-38],[-107,-7],[33,-43],[80,21],[39,-19],[81,22],[31,-24],[-54,-68],[71,12],[34,-13],[41,-62],[-97,-5],[-20,-61],[-42,-45],[40,-23],[69,99],[121,-115],[33,-49],[-5,-39],[38,-18],[-19,-51],[8,-44],[50,34],[40,-32],[26,-58],[-80,-46],[-38,-1],[-91,-34],[29,-38],[69,17],[76,-22],[145,29],[31,-11],[2,-46],[-33,-27],[32,-37],[71,115],[74,26],[26,-18],[20,-54],[35,81],[38,-59],[36,-16],[29,-67],[-77,-57],[-140,-78],[-47,-79],[-56,-13],[19,-42],[-15,-46],[-38,-20],[-63,-115],[36,-18],[22,-51],[-21,-68],[72,25],[33,-28],[45,9],[68,-68],[13,21],[82,38],[26,-86],[92,-56],[7,-31],[55,-34],[27,-79],[1,-57],[-36,-48],[6,-50],[-56,29],[-23,-10],[-71,121],[-11,-27],[41,-58],[30,-70],[48,-26],[30,-37],[28,-103],[-6,-91],[23,-22],[-19,-57],[52,-88],[-2,-38],[-46,-91],[-51,-16],[-75,28],[13,-53],[62,-33],[49,8],[13,-34],[19,-130],[-63,1],[29,-47],[-48,-10],[-29,52],[-43,-8],[30,-67],[77,-25],[33,7],[5,-59],[-62,-13],[-42,18],[-24,-80],[-69,75],[-35,10],[-28,38],[-15,107],[-49,13],[23,40],[-27,52],[17,82],[-35,11],[-4,70],[-23,34],[16,53],[-37,37],[3,112],[-37,63],[-11,89],[-27,4],[-64,59],[7,78],[-49,133],[-69,34],[-53,85],[-12,102],[-67,39],[-55,94],[70,-6],[-62,71],[-25,-13],[-66,27],[-45,-24],[33,-45],[53,-31],[60,-62],[59,-87],[33,-85],[-6,-26],[31,-60],[105,-62],[28,-118],[-43,-55],[-82,-11],[-7,-54],[8,-88],[56,-92],[10,-82],[-82,-30],[-47,-53],[104,22],[-43,-98],[32,-27],[28,15],[65,-9],[79,-256],[12,-68],[-20,-77],[-33,-3],[-46,115],[-23,-31],[11,-68],[-75,-16],[-62,44],[27,-81],[65,-9],[48,20],[49,-60],[-68,-45],[-51,-100],[86,51],[84,0],[13,-50],[-8,-61],[78,1],[28,19],[40,-46],[21,-77],[-17,-34],[-84,27],[-27,-21],[71,-47],[50,-10],[-8,-77],[-55,0],[44,-55],[11,-52],[-8,-61],[-34,-25],[61,-56],[29,-99],[16,109],[47,-15],[43,-65],[-11,-99],[-104,44],[-12,-53],[24,-52],[-134,-18],[-97,60],[-2,49],[-64,4],[-38,62],[-68,28],[-36,33],[15,53],[-21,38],[-41,-27],[19,-66],[-32,-19],[-55,14],[27,-63],[-21,-43],[17,-120],[71,-116],[49,-45],[7,-37],[38,-48],[7,-97],[84,-65],[-15,-73],[24,-14],[1,-67],[-16,-111],[-32,-41],[-87,-64],[-38,-55],[-78,-24],[-55,17],[-14,65],[-51,85],[-39,133],[-28,64],[-50,-5],[11,60],[28,63],[20,97],[-13,42],[-32,29],[26,68],[52,43],[-53,42],[16,61],[3,76],[-38,-6],[-22,-92],[-44,-84],[-29,-33],[-59,33],[-97,-62],[-9,32],[-55,32],[-26,84],[5,56],[-17,57],[-31,0],[-60,66],[-15,48],[38,18],[43,93],[-15,91],[-74,55],[8,-75],[19,-20],[15,-69],[-15,-35],[-66,-16],[-16,-58],[9,-67],[39,-39],[-23,-59],[-40,43],[-6,42],[-71,83],[-31,-49],[-66,38],[40,47],[-2,36],[37,20],[-65,45],[-48,-12],[-65,81],[-26,62],[-43,5],[-42,51],[11,56],[-32,80],[-51,36],[-52,-2],[79,-85],[-6,-97],[28,-57],[101,-88],[-17,-102],[17,-60],[-50,-7],[-74,39],[-11,62],[-98,76],[-12,-26],[-53,52],[-24,-44],[-78,52],[-17,57],[-33,18],[-58,107],[39,20],[-33,46],[-19,83],[-57,81],[42,98],[-78,138],[-76,64],[-24,90],[54,52],[-16,22],[-66,-63],[4,-54],[54,-98],[48,-42],[51,-105],[-38,-91],[59,-91],[-13,-126],[-57,-74],[88,-108],[-41,-19],[-51,39],[-39,82],[-25,-33],[-42,7],[-40,82],[-43,61],[6,62],[-22,49],[62,68],[-11,66],[-40,74],[-33,-179],[-33,-14],[-57,39],[-55,126],[-64,71],[8,38],[-25,48],[97,56],[-28,48],[-29,-1],[-22,109],[30,36],[3,69],[30,51],[-37,31],[-17,-45],[5,-64],[-33,-58],[-5,-58],[37,-114],[-117,2],[-84,110],[-1,-53],[36,-55],[-44,-28],[-24,66],[-67,76],[-16,41],[-62,61],[-30,84],[6,34],[-55,75],[-19,-78],[-52,84],[-36,23],[-41,103],[-28,19],[-14,99],[17,34],[-58,42],[-28,-4],[-8,66],[-29,101],[-74,99],[-87,-17],[-18,89],[-38,32],[-24,156],[-62,-33],[38,-49],[21,-128],[22,-21],[27,-73],[-16,-27],[-11,-118],[52,-90],[10,-71],[19,-10],[74,-185],[44,-77],[-2,-53],[-38,-65],[-62,4],[-33,78],[-44,-1],[-33,60],[-19,115],[-45,21],[-65,104],[-8,36],[-42,43],[-52,27],[-24,-33],[-49,40],[-7,109],[-56,110],[-32,-57],[-94,-18],[25,61],[-34,109],[15,46],[-59,18],[44,-107],[6,-41],[-52,-22],[-50,15],[-26,41],[-56,33],[-5,73],[-41,61],[-14,53],[-126,40],[-2,-53],[-108,107],[-71,6],[-15,-15],[28,-81],[-56,19],[-41,-36],[-42,57],[-58,-18],[-40,60],[-65,18],[-34,-11],[-4,-44],[51,-36],[41,-70],[14,-84],[37,-57],[29,-17],[41,-96],[-6,-52],[67,-138],[19,-1],[78,-87],[44,-88],[71,-62],[41,-55],[45,-23],[59,54],[44,-61],[-48,-33],[33,-77],[8,-48],[65,-31],[-19,-24],[58,-64],[30,-60],[28,-19],[26,-122],[39,-10],[34,-56],[30,-80],[4,-45],[58,-31],[11,-109],[61,39],[11,37],[94,-46],[77,-21],[32,-37],[-57,-46],[-19,-47],[19,-53],[-41,-10],[-26,-94],[37,8],[40,59],[42,21],[-31,38],[21,56],[69,5],[47,-41],[13,-43],[67,3],[58,43],[50,-6],[48,-73],[-13,-25],[-52,1],[-90,-30],[-24,-61],[-61,-48],[38,-83],[36,-42],[-54,-34],[37,-25],[50,51],[-28,88],[33,29],[0,41],[41,39],[51,-23],[98,39],[3,-52],[49,-66],[-81,-17],[-76,-66],[-9,-95],[49,24],[30,62],[59,-20],[68,64],[80,-48],[145,-180],[-8,-69],[-82,-9],[-6,-49],[134,33],[-10,-56],[55,19],[54,-41],[-96,-65],[87,2],[54,-17],[50,-66],[73,-152],[-35,-88],[83,-8],[43,8],[-43,-83],[14,-50],[49,44],[41,-6],[17,-38],[42,62],[70,-2],[43,-32],[-38,-107],[92,40],[-1,-83],[99,-13],[-4,-104],[85,-76],[4,-47],[62,-77],[0,-24],[-44,-49],[26,-36],[-40,-72],[23,-47],[44,48],[49,19],[45,-39],[55,-114],[-113,-99],[-46,1],[114,-140],[11,-47],[67,-42],[-12,54],[-44,54],[-6,112],[52,-5],[66,-40],[12,53],[37,12],[16,-61],[32,-41],[-8,-46],[83,-131],[4,-66],[75,-13],[42,92],[16,1],[63,-88],[6,-29],[46,-34],[-17,-38],[-44,-19],[-16,-44],[-33,8],[-65,-24],[-5,-35],[36,-116],[0,-146],[-79,85],[-53,34],[9,45],[-33,16],[7,-91],[66,-66],[36,-118],[-26,-46],[27,-25],[33,7],[23,-77],[73,-158],[-7,-90],[-70,15],[-21,-36],[-38,15],[-154,-32],[-43,20],[-13,-26],[-78,10],[-19,46],[-37,-7],[-71,54],[-61,-1],[-49,25],[-14,40],[-82,32],[-53,60],[53,26],[-37,35],[-42,-5],[-36,36],[-5,43],[-45,38],[-40,-19],[-17,26],[-92,17],[-44,34],[-35,-23],[-59,2],[-14,27],[-47,8],[-67,-15],[-7,32],[-60,40],[-49,49],[21,45],[-20,27],[-78,-105],[-59,-4],[-24,86],[38,53],[1,29],[-70,11],[-15,68],[-117,-60],[-27,2],[-40,36],[-39,86],[-13,-34],[-55,6],[-36,-51],[-56,35],[-29,-25],[-66,28],[-66,122],[-21,-35],[-62,-17],[-63,53],[-23,5],[-37,-46],[-46,26],[-29,51],[-37,-25],[-55,7],[-82,43],[-31,-18],[-72,26],[-92,20],[-13,-16],[-71,17],[-48,27],[-71,-11],[-50,37],[-25,-1],[-31,44],[-32,81],[-52,-1],[-5,36],[49,6],[7,34],[-25,78],[1,79],[-26,-4],[-1,-77],[31,-77],[-37,-19],[-36,30],[-74,33],[-44,148],[8,47],[47,24],[45,81],[-43,48],[-7,-102],[-52,-36],[-12,-41],[13,-85],[-16,-66],[-29,7],[-39,49],[-57,-15],[-73,54],[-31,3],[-19,62],[-85,28],[-22,63],[-37,-23],[-54,61],[-13,70],[-46,58],[-19,76],[20,40],[-9,44],[20,82],[-66,-46],[25,-53],[-14,-77],[-38,15],[-18,71],[-36,32],[22,105],[-11,40],[-40,9],[15,-153],[-48,1],[-35,142],[-31,65],[-32,-18],[-12,61],[55,69],[51,-30],[-22,99],[-58,-27],[-16,70],[87,64],[69,27],[-81,45],[-50,-28],[-76,53],[-38,2],[11,-112],[-49,26],[19,65],[-60,-8],[-41,37],[-60,17],[-45,79],[-51,-3],[6,-37],[63,-115],[-50,5],[-21,-41],[-32,7],[-33,100],[-50,-4],[-10,49],[19,87],[32,72],[45,9],[-9,43],[41,52],[-36,16],[-57,-61],[-7,-61],[-49,-118],[-18,-112],[27,-22],[-21,-47],[-115,18],[-45,-30],[-58,-14],[-54,36],[-66,69],[-13,39],[-44,-8],[-107,108],[-41,88],[-51,41],[-42,-10],[-34,23],[-27,-23],[-91,25],[-48,24],[-83,0],[-74,28],[38,113],[-65,43],[-46,-60],[-119,37],[32,40],[54,-5],[-11,119],[-34,36],[-35,-29],[-24,-86],[-44,-29],[-64,21],[6,45],[-28,115],[71,-33],[76,12],[8,66],[57,-1],[22,35],[-3,77],[28,110],[-20,50],[-49,11],[-15,-73],[23,-45],[-24,-119],[-63,-4],[-40,23],[-24,-26],[-78,0],[-43,-78],[17,-52],[-34,-54],[-59,98],[-45,22],[-106,13],[-45,82],[53,27],[2,61],[-103,-20],[-73,67],[-89,17],[-30,34],[6,42],[-43,43],[9,87],[-117,61],[-14,41],[31,21],[41,-35],[30,76],[-43,40],[-72,25],[-1,20],[62,58],[-87,30],[1,34],[63,25],[32,59],[-84,2],[-109,27],[-63,40],[-72,88],[4,-91],[-92,27],[3,51],[-25,50],[65,-2],[32,21],[74,-20],[14,25],[78,-19],[81,-8],[71,-27],[147,-39],[41,59],[34,15],[25,56],[71,66],[69,-17],[9,44],[-17,85],[-41,-31],[-28,45],[7,52],[60,-2],[46,-65],[38,26],[41,-7],[41,23],[-8,47],[8,92],[57,52],[-61,24],[-55,-77],[20,-62],[-54,-12],[-49,46],[49,30],[11,32],[-19,70],[-79,-42],[-31,-78],[-53,-6],[-77,31],[29,81],[37,16],[-37,62],[-30,2],[5,74],[70,90],[-39,20],[-28,-69],[-65,36],[44,45],[-47,14],[-47,-102],[45,-18],[28,-72],[-34,-38],[-39,78],[-60,28],[27,40],[18,68],[-14,35],[42,26],[-27,45],[-37,-41],[-6,-61],[-29,-32],[-67,36],[-18,58],[28,46],[-14,37],[-65,87],[-40,-21],[-46,92],[11,103],[-24,14],[-15,-98],[17,-86],[-37,-52],[-6,-68],[53,42],[61,-34],[37,-3],[-29,-124],[-28,-72],[28,-65],[-55,-23],[-13,-45],[-52,32],[1,38],[52,20],[-42,168],[-34,-36],[22,-35],[-11,-39],[-46,-13],[-16,-40],[-62,111],[-81,70],[-30,0],[-35,-98],[11,-98],[-69,-35],[-22,64],[12,45],[-53,-3],[-14,127],[-35,57],[62,44],[44,-8],[-3,69],[40,27],[16,93],[42,85],[-51,49],[-14,36],[21,105],[-33,28],[-40,-91],[1,-38],[46,-29],[11,-48],[-28,-30],[-37,23],[-35,51],[-7,-104],[-22,-56],[-82,-65],[64,-45],[-41,-19],[-6,-45],[-59,33],[-19,-30],[-113,7],[31,46],[81,20],[-7,50],[-45,8],[19,47],[-66,8],[-31,48],[-52,-38],[-32,20],[8,39],[36,19],[-35,130],[-18,33],[65,53],[-14,119],[17,81],[-14,38],[-83,-57],[-17,54],[39,113],[-37,14],[-15,-144],[48,-61],[29,-82],[-21,-31],[-64,-28],[-33,32],[3,73],[-88,81],[-1,-32],[-86,36],[-25,61],[-75,13],[6,64],[43,66],[56,-16],[5,70],[-48,-36],[-31,35],[58,38],[-23,53],[5,36],[-53,44],[-22,-14],[-94,93],[4,52],[-24,55],[-32,-12],[-53,74],[42,51],[-25,45],[-58,-43],[-46,1],[-46,53],[-13,-123],[-93,-2],[-45,28],[17,86],[-31,17],[17,99],[48,64],[-19,96],[-33,-93],[-42,-10],[-90,108],[27,47],[8,74],[39,0],[-1,84],[48,92],[59,-20],[37,8],[58,102],[-8,33],[27,39],[61,6],[17,133],[-33,-8],[-16,-44],[-74,-3],[21,70],[-18,66],[-72,-7],[39,-116],[-3,-65],[38,-79],[-29,-34],[-145,-71],[-65,-24],[-56,-2],[37,-49],[-12,-144],[-71,-80],[60,-96],[-67,-79],[10,-53],[-29,-16],[-71,14],[-20,40],[15,55],[-13,45],[21,52],[-12,91],[-26,65],[74,59],[10,96],[-60,-3],[-41,41],[2,106],[97,15],[65,37],[88,0],[47,-58],[46,18],[7,28],[-62,34],[6,73],[-29,34],[-40,-16],[-6,-38],[-84,-43],[-5,109],[-28,51],[-71,38],[24,-88],[20,-21],[-69,-113],[32,-45],[-98,8],[6,-27],[-37,-37],[-89,81],[2,38],[-43,49],[-61,-12],[45,-49],[1,-79],[39,-44],[5,-66],[42,-49],[36,22],[17,-63],[-50,-41],[-41,55],[-41,-57],[-34,0],[-24,70],[-38,-8],[-6,-66],[16,-35],[-35,-57],[46,-54],[-49,-49],[17,-75],[-35,-63],[-114,-34],[-24,103],[46,30],[-43,41],[62,44],[-32,40],[15,38],[63,-4],[-23,105],[-84,139],[11,46],[63,17],[16,-62],[66,12],[-53,60],[-89,63],[-35,-50],[-22,57],[32,42],[34,13],[32,-34],[57,24],[0,46],[-35,17],[-33,53],[53,106],[-16,70],[7,73],[-26,24],[-26,90],[-70,-31],[28,-64],[31,-25],[-22,-62],[-43,-27],[-37,-78],[-25,40],[-31,-10],[2,-63],[34,-49],[1,-69],[-24,-59],[-36,7],[-55,120],[-55,16],[-108,128],[-11,72],[-43,6],[100,-181],[33,-37],[41,-99],[-60,-67],[-45,83],[-2,69],[-41,-33],[-63,26],[-25,29],[0,67],[-68,28],[-58,64],[-30,66],[-4,93],[40,58],[-3,36],[29,48],[34,21],[43,82],[-22,39],[-2,96],[19,30],[-45,41],[-64,-33],[33,-53],[-96,-52],[-44,-55],[53,-70],[-16,-125],[-46,0],[1,41],[-74,45],[-8,-45],[-49,-28],[-85,78],[-78,29],[-41,36],[0,-104],[74,-28],[62,-40],[54,2],[40,-71],[-5,-30],[38,-68],[60,-41],[87,-35],[67,-52],[21,-51],[47,-26],[41,-82],[63,-65],[8,-27],[-70,-48],[-11,-49],[-88,80],[-12,-48],[29,-38],[64,-11],[30,-32],[-25,-34],[-40,17],[-26,51],[-29,-67],[87,-83],[49,-9],[12,-44],[-57,-51],[13,-39],[-77,-6],[-104,-74],[-64,8],[-28,-23],[-74,8],[-51,21],[-54,81],[-49,-25],[-108,101],[-52,21],[-5,26],[-77,46],[-1,-55],[39,-31],[-87,-24],[-51,59],[-41,14],[-14,39],[-62,49],[-129,85],[-13,24],[-85,-3],[-13,41],[-53,-41],[-36,46],[-93,54],[-53,102],[-65,-26],[7,-46],[41,-78],[-52,-20],[48,-101],[47,-32],[54,-79],[38,-14],[53,-74],[-115,62],[-27,-11],[-37,33],[-40,-49],[-1,-74],[-28,-39],[141,-100],[-37,-52],[-83,60],[-1,-47],[-81,33],[-67,-13],[18,68],[-78,23],[-30,-14],[3,-55],[-83,-60],[-62,32],[-44,-4],[-1,-66],[-76,31],[-72,-31],[-30,18],[-64,-2],[29,-52],[86,-51],[32,8],[80,-15],[-156,-124],[-45,76],[-39,-78],[-56,-6],[-51,26],[-26,-10],[-16,73],[-88,36],[-32,-88],[-57,11],[-31,61],[-57,-43],[10,-106],[33,-63],[28,15],[34,-44],[-3,-78],[-78,7],[-14,23],[-127,18],[22,63],[-95,23],[-23,32],[-71,-9],[-89,57],[-41,7],[-41,76],[-24,-34],[-82,-3],[-80,-64],[-99,-64],[-15,67],[11,76],[-71,45],[-6,49],[-62,-27],[-36,44],[38,50],[-11,22],[-104,7],[-30,48],[-68,13],[32,-54],[-1,-54],[-48,-58],[-14,55],[-70,24],[-34,-14],[-10,84],[-46,-20],[-67,18],[3,45],[-20,48],[59,-9],[16,31],[-76,56],[-56,-78],[-34,35],[-66,34],[26,45],[56,8],[-1,68],[-129,79],[15,83],[-37,46],[-109,62],[60,36],[1,43],[-56,66],[21,26],[-31,45],[-11,74],[46,19],[-3,64],[-68,-12],[76,173],[71,74],[-1,63],[24,16],[-10,65],[-46,146],[-27,4],[-2,78],[11,115],[80,78],[30,-1],[6,60],[71,-4],[-5,66],[28,41],[78,5],[91,80],[55,3],[81,65],[67,96],[55,17],[116,-42],[35,41],[77,58],[36,2],[63,32],[16,50],[-97,121],[9,26],[-69,61],[-39,49],[-54,99],[45,102],[12,57],[37,14],[26,-39],[65,-18],[16,-30],[74,30],[-4,28],[-165,164],[-10,53],[116,58],[74,1],[43,-40],[106,-27],[37,-41],[10,-66],[55,-3],[29,-24],[110,3],[23,75],[69,-28],[70,11],[30,-70],[60,-2],[71,15],[33,-30],[58,-8],[62,-46],[109,-55],[79,-52],[78,-24],[92,-50],[116,-44],[99,-49],[31,-47],[98,-5],[48,35],[-59,81],[-6,54],[48,40],[57,-7],[47,-39],[60,-17],[66,0],[110,95],[36,-164],[62,-9],[67,-30],[51,12],[59,-32],[59,4],[66,-39],[37,-3],[152,37],[21,36],[-1,98],[18,19],[-13,97],[-26,64],[26,52],[123,-74],[55,59],[17,-17],[56,34],[73,-43],[76,1],[1,87],[78,28],[31,-18],[-25,-48],[44,-21],[-12,-40],[-38,-14],[7,-40],[68,-70],[111,0],[60,57],[8,51],[33,6],[106,107],[9,80],[43,69],[47,28],[116,47],[-48,100],[89,42],[84,-10],[67,-89],[48,2],[61,76],[44,20],[84,-37],[82,-64],[18,-53],[42,-51],[68,11],[51,-11],[12,-27],[70,-44],[42,30],[-40,32],[1,80],[-49,102],[1,29],[-45,120],[-55,62],[-3,48],[20,46],[-33,50],[-83,33],[-9,28],[54,101],[-29,68],[2,35],[-30,44],[-162,127],[-90,13],[-82,62],[-87,152],[-51,58],[-103,164],[-38,33],[-182,244],[-52,129],[-10,84],[18,60],[47,77],[62,55],[120,71],[141,111],[162,104],[60,60],[49,6],[-8,45],[117,111],[115,156],[87,59],[179,149],[66,77],[54,182],[44,63],[167,134],[148,68],[64,3],[46,66],[-27,48],[-1,74],[27,70],[39,157],[128,221],[27,196],[39,46],[71,51],[89,83],[109,14],[121,-9],[51,12],[74,58],[49,66],[34,70],[20,156],[27,71],[-13,25],[71,42],[7,30],[-140,60],[-82,77],[45,82],[-47,97],[-37,124],[-4,84],[-18,43],[-58,44],[-3,68],[31,6],[34,59],[-35,16],[-39,154],[-1,71],[-34,25],[-58,-26],[-100,125],[-16,37],[21,74],[89,88],[-10,72],[-57,86],[-61,35],[-54,89],[32,43],[-32,54],[-72,19],[-60,-106],[-20,21],[-25,167],[-35,40],[-42,12],[18,61],[36,24],[-55,71],[-5,38],[76,64],[-47,43],[8,90],[-43,33],[-25,81],[1,168],[-16,81],[-26,60],[3,49],[-33,14],[-56,-53],[-54,2],[-83,62],[-8,71],[-85,54],[-59,-35],[-2,-68],[-58,9],[-101,56],[-48,14],[-148,-35],[-67,17],[40,50],[57,-21],[50,50],[-97,25],[-40,-31],[-54,15],[-152,105],[-13,36],[29,37],[-54,65],[-39,15],[-40,54],[67,69],[29,75],[-2,61],[113,37],[62,49],[-7,76],[-63,39],[30,25],[32,72],[-1,71],[-42,37],[53,63],[-91,20],[42,55],[-76,18],[-92,57],[-96,-21],[-14,49],[-50,18],[-165,11],[12,-86],[82,-39],[38,-93],[90,-94],[42,-87],[77,-78],[-36,-128],[-78,-47],[-69,29],[45,34],[-4,50],[-128,-44],[-41,28],[-78,-42],[-45,39],[-132,41],[-38,55],[-12,58],[-83,13],[-37,57],[0,44],[49,48],[-49,24],[1,36],[-88,43],[-58,81],[-41,10],[-53,64],[7,79],[64,23],[126,86],[-9,34],[52,23],[-125,57],[-68,-14],[10,-60],[79,-45],[-32,-46],[-44,-19],[-138,-7],[-23,29],[-97,37],[103,133],[93,7],[86,49],[-44,99],[50,34],[-29,49],[-86,0],[-163,-61],[-132,-41],[-61,20],[201,56],[-4,113],[-139,-67],[-31,48],[81,60],[21,48],[162,42],[185,23],[4,56],[-81,8],[7,42],[-93,18],[-47,66],[62,38],[49,91],[4,53],[102,108],[59,41],[83,-5],[74,44],[169,67],[82,52],[145,44],[25,77],[45,45],[111,39],[-14,41],[-139,-57],[-34,-46],[-17,-63],[-37,-25],[-50,10],[-97,-40],[-43,-41],[-76,-17],[-86,-38],[-99,-61],[-77,52],[-53,11],[-54,-22],[-90,8],[-6,-62],[26,-41],[23,-196],[-25,-48],[-41,-41],[-24,-6],[-8,-31],[-38,-39],[-105,-59],[-22,-58],[-106,-46],[46,-27],[-5,-57],[-33,-49],[-22,-112],[-42,-39],[5,-41],[-58,-28],[-91,61],[0,35],[-60,10],[-86,78],[-97,174],[-62,27],[-64,-34],[-50,8],[1,-100],[32,-57],[58,-34],[-27,-56],[6,-40],[-53,-61],[-212,-121],[-137,-32],[-31,-27],[-63,-15],[-65,-108],[-74,-67],[-160,-74],[-109,-93],[-132,-56],[-136,-12],[-71,8],[-65,46],[-37,88],[17,100],[114,132],[63,133],[3,79],[-122,4],[-44,155],[31,51],[-14,49],[25,58],[-26,47],[47,59],[292,86],[137,-29],[35,-23],[106,-30],[49,-73],[72,-18],[73,29],[61,84],[94,25],[27,49],[61,40],[88,1],[59,-17],[37,26],[-6,43],[28,30],[-25,43],[16,169],[-24,132],[-205,211],[-142,44],[-47,57],[-3,37],[-131,74],[-109,52],[-49,50],[-97,-22],[-148,-11],[-20,101],[-54,57],[-84,54],[-23,52],[-133,96],[3,131],[28,34],[82,22],[55,119],[47,30],[47,-42],[69,11],[100,-43],[65,-10],[-20,92],[-70,-20],[-14,25],[-101,5],[11,61],[-131,-6],[-80,40],[-63,-88],[70,23],[55,-28],[-37,-99],[-58,-34],[-69,21],[8,-52],[-73,-137],[-186,61],[24,102],[-58,7],[-25,-58],[-47,-14],[-94,28],[-17,62],[-104,-19],[-19,97],[53,85],[34,-35],[108,59],[37,38],[48,-32],[0,-62],[100,38],[46,65],[-18,67],[8,47],[-107,-23],[3,53],[-34,42],[24,50],[61,-1],[75,22],[22,58],[89,44],[-21,19],[-84,-52],[-34,10],[-40,-55],[-99,-12],[-100,9],[-68,20],[84,70],[18,38],[-106,-19],[-43,-69],[-88,2],[-48,26],[-96,-7],[43,52],[-12,37],[39,48],[127,33],[48,50],[96,13],[60,46],[-38,18],[-68,-36],[-86,-5],[-60,-79],[-51,-26],[-67,-2],[-18,-34],[-136,-58],[-24,34],[-53,-2],[7,-45],[-59,-60],[28,-109],[-17,-62],[-98,-78],[-45,38],[-10,94],[-39,96],[21,78],[-11,253],[-28,163],[49,274],[-32,123],[48,76],[-40,94],[-112,104],[-60,-2],[-51,25],[-23,52],[-53,-41],[-56,-1],[-72,-78],[-38,5],[-57,85],[-81,-7],[55,-72],[-23,-69],[-111,8],[3,63],[-67,-5],[-42,-60],[-70,39],[-2,64],[-69,124],[-91,71],[47,63],[58,10],[-16,53],[-55,54],[-82,12],[-28,-35],[13,-75],[-74,21],[44,76],[-67,4],[-35,49],[10,43],[-49,43],[-18,50],[-56,-8],[-76,54],[-56,-11],[41,-58],[-28,-31],[-42,95],[-53,21],[-67,3],[4,107],[30,57],[-75,19],[50,44],[42,-13],[105,9],[-33,44],[82,105],[72,-16],[2,-77],[53,16],[-37,113],[-46,55],[-26,98],[-42,5],[1,-67],[26,-54],[-53,-10],[-73,53],[-21,35],[13,57],[-55,33],[-39,-74],[-95,-60],[-16,-35],[50,-43],[88,55],[63,-12],[-28,-43],[3,-46],[-81,-69],[-69,-147],[-4,-184],[-25,-82],[-211,53],[-11,100],[-19,36],[-67,14],[-61,39],[-4,58],[94,30],[-43,75],[-52,16],[-11,-185],[82,-50],[-9,-45],[45,-37],[-46,-76],[-71,73],[-53,-43],[-45,-6],[-19,-95],[63,-69],[107,-43],[70,38],[127,-81],[47,-97],[94,3],[53,-25],[27,101],[78,4],[72,-51],[45,-52],[56,-146],[56,-91],[67,-74],[23,-71],[-11,-76],[13,-29],[-2,-152],[26,-36],[53,-25],[-12,-51],[41,-182],[-65,-108],[-70,-35],[-36,-74],[-180,-3],[-110,-21],[-119,1],[-95,13],[-48,-11],[-158,27],[-146,-45],[-65,-52],[-108,-10],[-83,85],[-38,16],[-37,144],[-42,22],[-77,108],[-22,80],[-96,-2],[-19,-53],[-223,50],[-11,-25],[-113,-68],[-38,48],[-91,8],[-45,79],[-67,14],[-30,35],[-150,9],[-61,23],[-95,-22],[-31,62],[-63,-12],[-75,-34],[-60,11],[-58,85],[-44,-18],[-85,-2],[-36,28],[-55,-13],[-199,11],[-83,42],[-110,8],[-201,51],[10,-74],[36,-24],[9,-56],[114,-32],[29,8],[94,-47],[42,-53],[90,-69],[60,66],[45,8],[157,-130],[38,-74],[-9,-36],[26,-47],[85,-75],[105,-77],[69,-73],[28,-48],[113,-112],[35,-95],[-85,-94],[-89,-15],[-43,34],[-108,50],[-83,77],[-66,127],[-71,32],[-35,-4],[-86,86],[12,32],[-110,30],[13,22],[-62,59],[-11,32],[-101,-7],[-30,31],[-65,23],[23,62],[-75,4],[-129,31],[-2,29],[-74,64],[-77,42],[-54,56],[-7,46],[-116,71],[-51,63],[-76,18],[-74,54],[-40,3],[-206,105],[-124,30],[-153,97],[-29,7],[-212,110],[-105,105],[-42,22],[-11,-4],[-38,5],[-48,33],[1,13],[-227,130],[-3,-30],[147,-56],[81,-46],[-6,-14],[45,-24],[7,-9],[22,-5],[74,-63],[58,-68],[98,-69],[20,-64],[65,-1],[116,-42],[154,-77],[65,-18],[131,-72],[8,-27],[115,-41],[76,-80],[120,-56],[65,-49],[56,-73],[10,-51],[61,-63],[137,-32],[100,-59],[11,-38],[-65,-17],[-16,-67],[32,-49],[-50,-8],[-12,44],[-69,-18],[23,-98],[-136,-17],[-60,87],[-30,2],[-55,-70],[-57,-132],[11,-59],[-90,15],[-110,64],[53,67],[-51,62],[-39,-7],[-93,27],[-25,-72],[-85,51],[-162,55],[9,40],[-79,86],[-34,16],[-62,-26],[-87,74],[-131,73],[-42,52],[-77,53],[-97,-24],[-46,26],[-69,-39],[-70,3],[-43,-57],[-50,12],[-41,-23],[-164,-48],[-97,-17],[-111,4],[-226,30],[-77,40],[-123,15],[-238,-8],[-73,12],[-95,49],[-115,7],[-15,-22],[-106,5],[-188,74],[-26,41],[-19,88],[65,40],[-34,45],[-90,-92],[-47,-26],[-70,12],[-99,46],[-116,21],[-66,-13],[-70,44],[-56,10],[-93,-32],[-301,29],[-86,-4],[-124,-55],[13,-112],[121,72],[122,28],[52,-10],[76,-45],[70,-10],[65,-40],[61,-15],[87,-69],[74,-79],[-58,1],[-72,28],[-59,5],[-171,48],[-74,-7],[-137,-40],[-149,36],[-35,21],[-116,111],[-89,14],[-71,31],[-227,146],[-26,46],[-111,93],[-70,84],[3,22],[-103,69],[12,96],[23,63],[-25,81],[15,62],[-47,38],[22,75],[48,60],[160,104],[51,15],[61,69],[-52,8],[-185,-110],[-60,-54],[-88,-14],[-22,-104],[-44,-15],[20,-118],[-64,5],[-68,-23],[-68,2],[-92,52],[19,42],[118,42],[64,7],[-58,58],[-57,-24],[-1,-34],[-65,3],[-68,34],[28,45],[-71,60],[16,40],[68,-6],[-6,44],[-84,32],[-117,-55],[-56,-141],[-92,-1],[-33,-16],[33,-65],[50,40],[123,0],[112,-51],[-19,-82],[20,-74],[-13,-66],[-132,18],[-164,38],[-81,40],[-48,-17],[-131,26],[-63,23],[-125,-4],[-51,-20],[-113,42],[-51,-41],[35,-57],[61,9],[113,-17],[-4,-50],[-47,-6],[-101,-90],[-129,-14],[-79,27],[17,40],[-110,44],[-6,49],[-35,19],[-66,-23],[-165,99],[9,36],[74,-38],[50,19],[64,-5],[49,-70],[97,-5],[63,-28],[31,30],[-46,73],[-92,8],[-46,24],[-27,46],[-108,77],[-56,7],[-80,54],[-134,35],[-4,58],[-34,15],[-85,-36],[-109,46],[-42,-17],[-87,34],[-55,50],[-81,48],[-72,78],[-76,124],[-45,100],[-55,67],[21,91],[-64,54],[-19,46],[-84,80],[-56,32],[-138,126],[-53,63],[-97,296],[156,73],[63,-7],[52,25],[21,51],[-61,70],[-137,52],[-78,101],[-51,31],[-61,93],[86,7],[112,-20],[74,-41],[50,9],[47,-112],[40,-9],[122,8],[118,34],[112,-3],[53,-40],[46,0],[31,43],[131,9],[40,-28],[148,-10],[141,-78],[-1,-53],[24,-63],[51,-37],[126,-23],[97,-2],[54,-18],[187,5],[73,32],[126,19],[114,-14],[315,3],[19,72],[47,69],[111,9],[188,-39],[34,41],[-185,47],[-121,6],[-58,33],[2,34],[-101,30],[-1,43],[-99,24],[-35,28],[-92,34],[-77,51],[-105,48],[-58,92],[-56,56],[40,92],[-27,63],[4,54],[-113,-2],[-73,-36],[-93,-105],[-49,-14],[-33,41],[-64,20],[-42,-10],[-192,9],[-159,36],[-69,-12],[-230,39],[-78,37],[-143,16],[-69,20],[-54,-12],[-51,40],[-136,-21],[-111,28],[-42,-9],[-228,53],[-75,-7],[-95,34],[-70,40],[-26,-11],[-82,48],[-29,40],[27,81],[-88,72],[-1,42],[-53,73],[16,94],[45,54],[-36,119],[11,24],[-53,94],[49,49],[-41,62],[101,110],[65,33],[-15,57],[54,43],[-8,73],[25,47],[-44,24],[-8,40],[-60,15],[43,58],[-70,12],[-18,32],[22,66],[-79,39],[15,43],[-47,51],[-44,-1],[-48,42],[0,64],[86,45],[39,67],[-5,81],[45,55],[-42,43],[-14,63],[136,58],[72,47],[19,32],[90,53],[16,-32],[134,53],[49,55],[-2,46],[-83,27],[-184,-43],[-108,60],[6,45],[-78,126],[20,65],[-45,112],[10,65],[67,61],[24,68],[59,30],[-79,58],[9,79],[108,35],[-19,37],[56,33],[-16,203],[34,49],[24,120],[86,46],[55,3],[21,-41],[82,27],[-27,53],[86,81],[-43,55],[-65,-7],[-17,89],[48,137],[59,22],[65,-11],[37,-40],[87,11],[39,30],[11,51],[-108,21],[-37,68],[50,45],[-6,49],[77,35],[1,145],[21,24],[-60,58],[26,125],[61,-12],[86,49],[-98,67],[-43,4],[30,66],[35,20],[12,79],[51,97],[78,26],[-51,34],[54,90],[76,74],[91,3],[128,-19],[1,31],[-171,34],[-7,50],[53,85],[38,33],[110,33],[39,-25],[112,-6],[0,29],[-90,14],[-51,76],[100,75],[18,62],[123,131],[112,74],[81,1],[35,40],[-23,44],[63,47],[72,90],[37,14],[75,92],[214,139],[74,58],[101,39],[128,78],[274,131],[158,68],[278,84],[165,14],[65,42],[163,21],[119,47],[171,39],[252,-5],[56,10],[280,12],[455,-46],[177,-32],[56,-21],[116,3],[54,23],[66,-17],[154,-9],[135,-24],[132,-54],[128,-104],[57,-27],[-30,-33],[-28,-92],[-64,-92],[-114,-56],[-130,-101],[-64,-12],[-41,-45],[-234,-177],[-106,-16],[-66,-53],[-1,-38],[-202,-159],[-143,-132],[-117,-134],[-67,-100],[-113,-125],[-75,-197],[-2,-60],[-35,-15],[-81,-145],[9,-86],[-36,-19],[-8,-78],[-47,-17],[-92,-177],[-104,-116],[-115,-112],[-67,-99],[-19,-54],[12,-94],[-52,-142],[-17,-80],[20,-37],[51,-82],[-19,-50],[53,-78],[144,-154],[77,-52],[114,-116],[134,-207],[30,-77],[-19,-86],[-131,-163],[-55,-81],[-30,-78],[0,-135],[-27,-47],[44,-75],[0,-101],[-22,-62],[27,-120],[-5,-57],[53,-170],[48,-31],[-24,-50],[37,-43],[123,-194],[18,-77],[69,-108],[35,-74],[125,-58],[-22,-48],[103,-45],[18,-44],[114,-131],[85,-50],[51,-49],[43,-98],[205,-174],[30,-69],[87,-24],[14,-49],[86,-7],[67,-22],[55,-42],[8,-36],[81,-26],[101,11],[71,-46],[85,-21],[13,-96],[-29,-42],[10,-62],[77,-24],[18,-57],[13,-127],[-128,-6],[-186,58],[-36,24],[-51,-31],[-75,21],[-27,-28],[84,-63],[-112,-53],[-80,4],[-56,26],[-54,-37],[-1,-55],[74,19],[-18,-94],[-66,14],[-52,-78],[-154,35],[-86,60],[-67,-57],[-59,8],[-72,-36],[-84,17],[-44,-27],[-3,-56],[-62,-41],[-33,-49],[-161,-55],[23,-60],[-64,-64],[-192,-59],[-156,-21],[-37,-17],[-145,-16],[-113,-24],[-29,-52],[98,-33],[226,-5],[49,29],[78,10],[48,29],[107,8],[128,47],[120,108],[138,57],[81,51],[76,82],[107,50],[90,-2],[175,18],[36,48],[195,11],[128,-54],[52,-45],[53,50],[19,88],[136,-70],[-63,91],[133,-9],[86,-66],[14,-117],[-26,-46],[2,-80],[-49,0],[-31,49],[-68,42],[-110,-82],[100,-4],[64,-39],[-60,-28],[12,-44],[82,-96],[-11,-92],[-56,-91],[35,-71],[40,25],[127,2],[52,109],[21,79],[-43,60],[1,66],[-50,56],[0,154],[23,116],[-17,40],[22,75],[121,53],[2,51],[-55,23],[-52,55],[-15,58],[-8,170],[74,150],[-20,52],[68,66],[58,11],[88,-16],[54,69],[6,85],[-24,51],[-5,99],[-110,116],[16,55],[-16,39],[93,22],[-84,124],[-65,23],[-167,-3],[-35,-20],[29,-87],[-46,-25],[-129,53],[-160,28],[-46,-5],[-99,22],[-84,34],[-65,94],[-168,172],[-100,21],[41,39],[98,-22],[52,51],[-69,79],[-58,99],[-20,80],[-126,53],[-68,58],[-108,61],[-156,33],[-38,29],[39,108],[45,13],[144,-46],[30,101],[109,12],[130,31],[41,-19],[47,89],[-44,96],[56,-17],[97,101],[-90,50],[-11,97],[73,23],[33,31],[-137,64],[37,47],[167,-46],[15,46],[113,0],[-40,-85],[67,10],[1,67],[119,-12],[56,-22],[95,-4],[71,-44],[84,-78],[-14,-32],[224,-154],[65,2],[40,-61],[56,1],[93,-100],[-5,-30],[57,-59],[31,15],[140,-103],[15,-180],[29,-52],[45,60],[-24,57],[40,58],[-75,137],[-146,76],[-67,133],[31,37],[-101,0],[-67,64],[-103,17],[-62,49],[15,21],[-74,59],[-83,128],[-192,83],[62,59],[78,115],[43,32],[131,7],[170,-37],[62,26],[43,49],[-41,24],[-41,-49],[-91,22],[-127,1],[-210,-10],[21,107],[67,37],[51,66],[-98,8],[-229,-143],[27,-58],[-83,-3],[-60,51],[-49,14],[-68,-22],[-96,37],[-147,120],[-87,32],[-74,186],[-46,34],[13,50],[147,33],[-35,49],[-102,19],[-64,32],[-41,96],[-29,31],[28,33],[0,191],[-14,40],[36,68],[-11,146],[41,173],[-67,58],[109,93],[8,77],[43,20],[240,19],[91,-18],[209,-75],[204,-134],[264,-58],[96,-5],[60,-34],[170,-53],[92,-63],[32,-41],[78,-42],[140,-28],[54,2],[68,-54],[107,-47],[9,27],[-102,69],[-255,70],[-106,74],[-71,80],[-126,34],[-4,27],[-84,52],[-194,54],[-90,34],[-134,128],[-80,-3],[-70,40],[-34,109],[-96,1],[19,-53],[-274,42],[-170,-4],[-14,47],[49,32],[18,129],[65,100],[61,16],[49,-112],[113,-107],[120,-41],[-40,137],[-55,69],[6,50],[54,23],[142,-22],[88,-70],[167,-74],[344,-66],[85,1],[64,-23],[196,-15],[34,-30],[79,-21],[249,28],[133,-54],[19,-26],[142,-59],[62,13],[-167,63],[-78,70],[-92,40],[-100,9],[-50,-14],[-157,34],[-66,37],[-87,23],[-179,67],[-122,9],[-174,37],[-142,74],[-117,79],[-200,69],[-84,37],[24,95],[-3,81],[29,58],[172,119],[250,105],[75,-77],[37,-129],[64,-49],[115,-42],[147,-144],[103,-16],[-68,102],[-149,139],[-92,43],[-22,109],[-43,78],[6,35],[94,39],[294,99],[155,69],[258,-74],[54,-25],[169,-48],[47,-68],[-30,-46],[50,-131],[66,-110],[40,45],[-7,65],[-45,115],[40,72],[-26,73],[-46,53],[-64,37],[-112,27],[-201,79],[-13,18],[207,89],[76,53],[80,29],[66,58],[179,41],[153,69],[111,28],[90,64],[153,-32],[27,-19],[90,111],[92,59],[39,79],[158,-28],[473,-11],[120,20],[249,16],[253,-17],[76,-13],[135,18],[179,-122],[1,-91],[29,-42],[164,-132],[94,-194],[-1,-78],[22,-26],[-13,-112],[46,-73],[-19,-24],[31,-65],[-48,-167],[-21,-123],[29,-70],[107,-58],[132,-53],[131,-36],[307,-123],[26,-73],[41,-36],[45,-95],[-44,-39],[-44,-117],[22,-25],[-94,-67],[3,-107],[41,-37],[-36,-54],[116,-102],[-7,-60],[55,-110],[77,-33],[147,-41],[66,-59],[4,-90],[27,-57],[-155,-79],[-63,-66],[-70,-46],[-18,-50],[-62,-36],[-5,-50],[45,-106],[-74,-5],[-188,-113],[-63,-56],[-60,-81],[-36,-5],[-132,-120],[-40,-80],[-105,-154],[-95,-55],[-37,-118],[-109,-79],[7,-42],[54,-15],[68,88],[71,54],[75,139],[84,44],[124,136],[21,104],[94,-5],[57,13],[81,89],[140,95],[73,-19],[33,-145],[-34,-44],[-25,-82],[18,-90],[-85,-20],[-111,-81],[-15,-42],[-62,-57],[-82,-105],[-54,-118],[-10,-79],[-100,-13],[98,-54],[74,-65],[130,-58],[92,-78],[64,-22],[24,-75],[-89,-10],[-73,36],[-42,55],[-48,20],[-59,-25],[-190,-17],[-52,18],[-10,-79],[-82,-44],[10,-24],[205,-16],[49,40],[47,-22],[45,-74],[-45,-79],[16,-89],[-32,-25],[-17,-65],[-119,-68],[10,-43],[101,5],[5,36],[102,70],[33,71],[-25,84],[81,18],[53,37],[113,1],[43,66],[140,40],[40,64],[42,30],[-34,92],[-82,77],[-81,133],[69,24],[59,-44],[98,19],[16,65],[42,39],[-1,53],[-46,85],[13,38],[71,67],[111,-103],[47,-107],[56,-61],[7,-40],[61,-45],[165,-87],[168,-52],[15,43],[-90,27],[-184,103],[-128,172],[-49,104],[-65,42],[-60,68],[95,88],[29,67],[86,45],[52,10],[82,45],[39,87],[-28,85],[26,43],[60,23],[52,-50],[52,-12],[24,-42],[-86,-137],[60,-83],[62,-24],[87,-98],[-67,-89],[-17,-69],[-72,-46],[-57,-85],[-7,-40],[44,-34],[31,89],[62,8],[-2,37],[75,49],[85,-19],[45,-65],[-10,-119],[59,74],[-20,60],[-43,61],[-55,18],[73,72],[-8,57],[135,79],[24,138],[59,-21],[116,-92],[40,-43],[88,-51],[76,-124],[100,-36],[-57,-73],[0,-54],[37,-43],[6,-51],[-60,-127],[-21,-128],[10,-46],[-104,-140],[-38,-100],[-88,-64],[7,-44],[45,-32],[62,7],[46,48],[96,-36],[61,-7],[204,-89],[89,-23],[61,-78],[91,-80],[47,48],[-83,69],[-11,88],[-52,32],[-143,46],[-96,52],[-10,36],[-61,32],[-31,44],[76,170],[5,132],[-27,41],[28,104],[123,-77],[183,-87],[91,-28],[61,-62],[55,-153],[12,-72],[45,-120],[-7,-86],[72,-98],[42,-32],[78,-104],[27,-60],[195,-103],[75,-27],[74,-5],[-263,154],[-108,169],[-100,109],[6,44],[192,64],[7,-85],[52,-27],[80,-78],[76,-119],[-10,-51],[195,-128],[30,-128],[54,-10],[5,137],[33,54],[-67,8],[-117,49],[-59,49],[-16,49],[-83,113],[-71,51],[-51,68],[1,64],[-89,15],[-121,-22],[-61,59],[-36,67],[10,29],[-70,198],[-86,75],[-128,35],[-131,63],[-177,108],[-48,72],[92,64],[65,73],[-48,84],[-40,23],[38,67],[71,-23],[103,43],[50,40],[85,-37],[21,-42],[-26,-66],[14,-70],[-19,-42],[10,-110],[70,-12],[1,-66],[49,-2],[22,53],[-58,53],[-24,75],[28,29],[-3,113],[40,37],[126,-48],[41,-2],[67,-44],[77,-29],[155,-19],[169,-75],[98,-30],[66,-65],[109,-55],[16,-31],[-39,-89],[55,-42],[35,17],[-44,47],[50,48],[178,-13],[118,27],[41,-5],[299,-129],[37,18],[-180,81],[-136,69],[-83,8],[-118,-20],[-123,14],[-63,66],[-380,215],[-117,20],[-45,29],[-122,37],[-112,65],[-67,20],[-105,61],[-58,49],[-48,65],[-51,28],[8,121],[22,24],[-24,58],[54,43],[17,53],[56,56],[30,72],[52,6],[83,78],[141,96],[168,57],[87,76],[124,-6],[76,20],[88,65],[108,42],[75,48],[113,-30],[166,10],[159,-8],[58,6],[203,-12],[243,-64],[36,-22],[104,-114],[-26,-62],[9,-44],[107,-15],[216,-59],[119,-7],[174,-55],[-17,-168],[37,-93],[28,-30],[-74,-48],[33,-24],[67,23],[36,63],[-47,101],[10,50],[87,102],[223,16],[26,-17],[218,-57],[64,-43],[157,-58],[256,-75],[19,-38],[-19,-54],[80,-197],[21,-73],[62,-127],[53,-60],[64,-99],[25,-67],[-57,-38],[-67,-122],[-173,-118],[-45,-73],[-63,-7],[-112,54],[-137,39],[-128,-6],[-141,-24],[-236,-94],[-168,-99],[-44,-82],[-2,-56],[-52,-98],[-50,-49],[-56,-24],[-94,-95],[-48,-125],[-61,-51],[28,-36],[101,105],[2,36],[109,125],[119,73],[70,110],[23,110],[144,95],[164,74],[160,40],[154,5],[75,-24],[136,-76],[114,-41],[-33,-69],[-59,-38],[-253,-49],[-103,-85],[-27,-54],[-6,-63],[17,-95],[-83,-84],[-17,-34],[29,-80],[-74,-103],[-31,-23],[-62,-160],[-120,-69],[40,-35],[122,83],[52,128],[128,152],[-6,117],[72,62],[22,61],[-13,123],[65,88],[88,22],[128,-2],[131,45],[77,90],[33,120],[34,56],[94,40],[60,-6],[83,-34],[311,-57],[433,-41],[44,-73],[99,-203],[9,-44],[-66,-106],[-33,-17],[9,-58],[36,-32],[-5,-43],[-71,-117],[-116,-54],[-47,2],[-87,-36],[-49,15],[-44,84],[-47,-46],[35,-34],[-23,-38],[-123,-55],[-68,-102],[-117,7],[-93,-98],[-30,-8],[-93,51],[-110,14],[-119,-39],[-42,-26],[-108,1],[-2,-47],[180,11],[47,31],[65,12],[81,-11],[103,-74],[-36,-66],[-70,-45],[-103,-36],[-111,-70],[-7,-62],[-112,-44],[-67,-42],[-47,-50],[27,-28],[152,94],[47,-7],[76,57],[7,44],[92,35],[64,43],[147,51],[36,85],[57,61],[142,40],[60,-97],[-12,-47],[-98,-155],[-74,-31],[-23,-41],[-82,-47],[-136,-2],[-48,-17],[-86,-73],[12,-34],[-59,-57],[15,-48],[71,124],[79,49],[87,10],[101,-13],[38,-65],[-58,-84],[15,-48],[154,-82],[16,-74],[-13,-63],[-95,-54],[-61,-94],[-33,-25],[-27,-97],[-87,-48],[-39,-50],[-20,-60],[-52,-27],[-20,-57],[119,44],[67,93],[56,31],[54,57],[15,61],[60,56],[48,88],[68,33],[48,59],[-5,137],[-23,44],[-101,62],[-16,39],[33,71],[-35,77],[58,63],[99,38],[72,76],[-4,50],[30,29],[-12,74],[32,38],[45,-4],[160,66],[25,32],[16,81],[31,21],[152,30],[55,-23],[-24,-53],[-15,-111],[-29,-73],[-98,-39],[-25,-79],[17,-67],[78,-121],[47,2],[-90,131],[-9,79],[23,40],[113,49],[44,74],[29,117],[103,132],[248,35],[63,-17],[21,-141],[41,143],[48,11],[2,-68],[-22,-79],[-65,-58],[-69,-29],[-88,-87],[14,-71],[-105,-44],[-10,-82],[-57,-93],[-41,-35],[9,-44],[-46,-129],[35,-54],[-182,3],[-87,-71],[-82,-29],[-33,-42],[158,41],[60,46],[104,-18],[-44,-147],[20,-147],[-134,-43],[19,-30],[64,13],[26,-55],[-38,-16],[-39,-105],[-104,-97],[42,-5],[81,58],[75,133],[39,19],[14,76],[38,30],[9,96],[-6,99],[10,65],[99,93],[-32,81],[41,69],[25,92],[58,34],[64,117],[97,11],[90,-59],[30,-83],[-55,-69],[8,-41],[-17,-102],[-38,-62],[75,-104],[17,-59],[-69,-56],[58,-20],[24,44],[69,24],[-19,115],[74,55],[37,-18],[16,-92],[26,-58],[-139,-41],[-13,-52],[23,-34],[-51,-57],[-41,-10],[-41,-50],[-20,-87],[-56,-35],[-3,-137],[-34,-77],[-5,-88],[16,-37],[-31,-111],[-154,-49],[31,-35],[63,23],[50,-11],[65,48],[42,102],[-12,124],[54,100],[-1,81],[47,40],[57,139],[46,4],[59,62],[9,58],[55,26],[60,-1],[82,-74],[81,-13],[34,-37],[125,-43],[4,-72],[-108,-21],[-117,-47],[-28,-40],[32,-93],[9,-119],[-47,-69],[-54,-140],[-55,-37],[23,-25],[80,54],[98,190],[22,88],[-31,128],[66,36],[85,19],[38,-29],[45,38],[23,68],[-7,64],[52,127],[-28,29],[12,57],[-45,112],[11,27],[202,13],[57,25],[4,35],[-47,113],[-51,37],[-16,42],[116,16],[19,32],[78,23],[43,61],[35,91],[-6,99],[26,90],[34,16],[139,-83],[108,-15],[42,-40],[66,-15],[126,-56],[258,-43],[122,-82],[157,-55],[62,-36],[99,-33],[26,-55],[61,-32],[42,-57],[11,-69],[156,-115],[71,-135],[91,-144],[21,-79],[-183,-176],[-31,-9],[-118,-176],[-28,-88],[-44,-71],[-39,-3],[-251,80],[-73,38],[-95,26],[-241,-85],[-58,-105],[21,-71],[-36,-57],[-28,-88],[-117,-11],[-39,-41],[-36,-77],[15,-51],[-31,-61],[-115,-38],[-96,-54],[-68,-9],[-125,-49],[-111,-16],[3,-36],[119,20],[31,21],[126,7],[73,17],[176,86],[69,12],[41,-49],[59,-19],[10,-32],[-49,-39],[-33,-83],[-48,-33],[-52,-91],[6,-53],[-61,-113],[-134,-80],[-87,-10],[-67,-39],[17,-26],[91,-47],[24,48],[195,88],[41,40],[71,140],[12,59],[43,58],[63,35],[85,19],[165,11],[61,28],[57,62],[94,24],[101,65],[133,52],[86,-3],[118,14],[71,33],[147,-88],[18,45],[-114,86],[18,80],[42,55],[26,152],[97,70],[75,14],[81,40],[89,69],[56,67],[110,54],[102,-72],[104,-110],[30,-182],[18,-63],[54,-97],[-33,-71],[-84,-86],[-44,-65],[-66,-29],[-47,-112],[-3,-102],[-33,-47],[-128,-102],[-160,-82],[-53,-4],[-55,-56],[-30,-93],[7,-43],[-69,-67],[-131,27],[-178,55],[-174,-12],[31,-157],[-17,-35],[-163,-135],[-22,-124],[-36,-27],[-138,-11],[45,-30],[131,-5],[21,-28],[-31,-92],[-11,-109],[-50,-98],[92,9],[14,81],[27,24],[64,272],[-10,86],[70,43],[19,37],[69,61],[27,84],[-17,62],[56,15],[102,-48],[160,-55],[79,-17],[-36,-133],[4,-65],[-38,-54],[-18,-79],[15,-19],[-33,-75],[-32,-148],[-35,-40],[-2,-59],[63,-46],[-42,-133],[-82,-76],[-1,-85],[-57,-48],[10,-127],[-83,-65],[-26,-98],[34,-7],[30,81],[82,67],[51,62],[27,78],[4,74],[20,71],[45,37],[10,64],[36,99],[-19,32],[15,61],[32,11],[1,101],[68,152],[1,61],[41,86],[1,65],[30,96],[36,27],[-22,61],[60,117],[3,94],[196,40],[53,53],[51,24],[57,58],[48,23],[79,78],[132,52],[155,111],[139,21],[99,65],[66,21],[64,68],[116,39],[58,48],[65,-15],[78,-38],[-25,-86],[-89,-124],[-72,-76],[-78,-104],[-225,-181],[-126,-49],[-44,15],[-110,-10],[-45,-33],[-29,-71],[25,-20],[4,-72],[71,-97],[-1,-61],[-99,-70],[-123,-24],[-4,-41],[142,35],[163,94],[-4,84],[-57,94],[-35,84],[28,25],[239,-4],[98,20],[191,109],[80,69],[97,-3],[-31,49],[46,45],[114,-89],[40,115],[5,61],[171,89],[45,34],[45,-13],[17,-51],[138,34],[92,-3],[11,-61],[68,-45],[23,-58],[135,-47],[-70,-62],[-32,-47],[-33,-100],[-32,-9],[-32,-44],[-15,-45],[-22,-5],[-45,-45],[-61,-15],[-100,-50],[-132,-104],[-74,15],[-106,-4],[-26,-49],[-57,29],[-38,-44],[-22,-66],[-93,-22],[-150,43],[-58,-3],[-172,-41],[-92,-74],[-125,-58],[-41,-38],[-48,-84],[-70,-59],[-81,-44],[-8,-40],[-69,-41],[-7,-72],[-34,-109],[65,41],[40,142],[132,85],[109,101],[61,83],[133,53],[103,55],[84,25],[107,-8],[113,-35],[133,27],[39,33],[47,92],[94,20],[60,51],[82,-11],[48,63],[135,84],[75,21],[57,39],[24,30],[12,35],[29,40],[32,11],[45,104],[94,91],[99,-37],[185,-96],[175,-76],[153,-46],[100,-48],[51,-38],[65,-83],[3,-107],[-52,-60],[-96,-173],[-44,-32],[5,-86],[-72,-12],[-83,103],[37,133],[-29,25],[-95,-68],[-27,-74],[34,-110],[0,-97],[-68,-61],[-60,-28],[-99,-17],[-82,-36],[-60,13],[-83,-11],[-102,-42],[-71,1],[-44,-25],[-104,-17],[-26,-22],[-73,-4],[-94,-71],[-104,-32],[-92,-48],[-233,-161],[16,-50],[-108,-131],[-131,-9],[-72,-24],[-101,-142],[89,4],[43,89],[49,22],[143,-33],[72,-86],[34,-67],[-38,-37],[-155,37],[-193,-61],[-100,-98],[19,-41],[-65,-50],[-18,-40],[-68,-12],[-36,-70],[-48,13],[-34,-59],[94,-11],[97,66],[114,134],[46,28],[48,80],[49,28],[142,21],[98,-39],[81,17],[70,97],[-89,154],[26,104],[62,75],[57,29],[29,51],[108,24],[125,58],[314,64],[98,-62],[49,-5],[65,50],[-134,70],[24,28],[98,-57],[111,-15],[108,39],[175,-13],[46,-143],[-92,-77],[-66,-74],[28,-50],[-10,-39],[-78,-96],[-61,-50],[-285,-105],[-121,-125],[-40,-21],[-44,-73],[-48,-43],[-2,-34],[-51,-94],[-84,-67],[-28,2],[-111,56],[-73,13],[-141,-6],[-101,-86],[-48,-72],[-2,-101],[-84,-131],[-30,-19],[-16,-169],[35,-29],[30,135],[42,20],[29,63],[63,71],[5,104],[106,129],[110,9],[61,-14],[125,-81],[87,6],[99,92],[60,87],[22,67],[30,18],[159,154],[39,18],[79,1],[42,35],[64,15],[167,-17],[53,-37],[52,55],[-12,71],[82,36],[74,103],[-47,51],[141,11],[20,47],[124,-6],[61,63],[80,54],[32,56],[-47,36],[-102,-9],[-46,68],[42,63],[-4,121],[47,13],[18,59],[42,18],[86,67],[-8,66],[127,53],[20,-62],[153,-74],[64,-12],[80,-55],[39,-82],[182,-130]],[[86685,65816],[-46,-13],[-2,18],[-11,18],[-43,11],[-39,-17],[-25,-50],[-104,7],[-80,-33],[16,-40],[120,44],[100,-1],[15,37],[49,9],[8,-10],[15,-10],[27,30]],[[54268,48407],[8,-10]],[[65765,70595],[-58,-13],[4,-55],[-42,-8],[-33,-37],[-12,-63],[-64,-77],[1,-23],[137,-69],[22,-28],[-77,-164],[44,-32],[86,-11],[8,74],[-64,45],[-8,56],[20,58],[-10,48],[69,1],[116,94]],[[67112,68783],[8,-12]],[[67258,68581],[16,-22]],[[67329,68483],[-9,-66],[-54,8],[-20,-55],[-42,-8],[-45,-40],[-20,41],[40,86],[-48,26],[-47,-18],[-97,0],[-3,38],[-61,68],[-80,19],[-51,64],[-6,78],[-38,52],[-48,13],[-29,-36],[-60,-2],[-41,-89],[-65,58],[-33,62],[8,88],[-48,54],[-12,78],[-32,-13],[-26,54],[-37,-36],[-90,-126],[-32,-25],[42,-69],[53,-8],[49,-48],[33,-71],[130,-136],[10,-143],[-114,-24],[-94,116],[-93,37],[-26,31],[-61,-56],[-67,10],[-32,25],[-34,74],[-44,42],[-36,-6],[-77,-71],[-30,24],[-28,71],[-34,29],[-65,-4],[-24,44],[-88,-58],[-87,-4],[-26,46],[-33,238],[-26,45],[9,38],[-22,109],[11,58],[-20,94],[-68,85],[-36,133],[-43,40],[-119,-52],[-47,-6],[-74,-74],[-97,-21],[-64,-71],[-50,-7],[-52,46],[-105,-47],[-77,10],[-44,-28],[-122,66],[-67,-11],[-33,51],[-70,46],[-19,-11],[8,-74],[-75,-5],[-13,33],[-57,3],[-92,46],[-21,-70],[-36,-31],[-64,12],[-98,53],[-41,-49],[23,-73],[72,-80],[60,-47],[-2,-32],[-69,15],[-87,35],[-39,-14],[15,-48],[69,-87],[-12,-18],[66,-66],[-1,-37],[30,-73],[70,-62],[109,5],[58,-51],[104,0],[41,-10],[140,-98],[63,-14],[73,-38],[45,-66],[40,-16],[130,-18],[29,-50],[-5,-58],[-43,-41],[-14,-71],[-36,16],[-42,-67],[51,-129],[-38,-18],[29,-42],[-40,-35],[-43,-7],[-87,-52],[-26,-53],[-76,-12],[-56,-125],[-77,-41],[-15,-41],[-46,-16],[-56,14],[-21,-146],[-37,-38],[11,-66],[-46,-54],[47,-31],[-7,-71],[-22,-18],[-68,-176],[-9,-68],[-82,14],[-29,-41],[-62,-20],[-23,-55],[10,-48],[-113,-77],[-24,-64],[-85,-9],[-35,-46],[-73,1],[4,-37],[-31,-59],[-16,-69],[-47,25],[-32,-22],[-31,-83],[55,-77],[-11,-78],[-54,-9],[-16,39],[-63,-82],[-24,-50],[-134,-48],[-21,-25],[-79,-27],[-45,8],[-92,-18],[-55,28],[-46,-7],[-110,10],[-44,-21],[-86,11],[-79,-6],[-160,52],[-40,27],[-70,93],[-132,47],[-38,126],[-107,97],[-36,47],[-12,48],[-48,28],[1,40],[-146,96],[-8,42],[-146,49],[-62,53],[-89,24],[12,37],[84,-1],[69,-24],[73,-7],[46,44],[-67,24],[-68,8],[-99,38],[-81,63],[-21,-15],[-56,29],[-20,-57],[-94,63],[-59,19],[-36,48],[-36,17],[-24,76],[-51,28],[-123,108],[-94,107],[-35,14],[-52,58],[-18,-79],[-81,58],[15,39],[-86,62],[-17,-5],[-52,75],[-104,59],[2,21],[-77,50],[2,-59],[36,-7],[48,-51],[-38,-13],[-69,37],[-71,-2],[-26,26],[-67,-39],[194,-100],[81,-91],[-85,18],[79,-105],[-25,-43],[-96,30],[-30,44],[-54,43],[-72,6],[-21,28],[-80,44],[-28,-32],[-37,28],[-76,-68],[-47,-16],[-88,11],[-74,36],[-135,10],[1,-44],[177,-29],[133,-55],[83,-56],[114,-18],[85,-48],[29,-45],[72,-46],[41,-1],[14,-48],[69,-16],[11,-26],[135,-99],[9,-47],[64,-111],[39,-10],[40,-51],[81,-42],[9,-64],[-17,-39],[56,-58],[-13,-33],[68,-114],[80,-51],[51,-56],[68,-24],[43,-86],[0,-83],[39,-41],[21,-67],[57,-57],[128,36],[39,-41],[78,5],[176,-21],[82,1],[41,-45],[145,-15],[166,-36],[79,6],[173,-12],[58,-48],[51,51],[76,-11],[48,22],[218,-69],[-49,51],[1,28],[113,12],[115,1],[-4,-35],[178,-10],[24,-15],[110,-6],[66,-16],[46,-31],[42,2],[70,-32],[36,-2],[51,-36],[-15,-63],[45,-67],[63,-24],[27,-92],[-72,-69],[-20,-81],[37,-92],[-44,-24],[-59,-57],[-17,-44],[-63,-19],[50,-35],[38,-77],[-34,-37],[-48,11],[-61,-47],[7,-30],[-72,-130],[-42,-130],[-52,-117],[21,-91],[-63,-48],[-51,-15],[-29,-48],[-48,8],[-1,63],[-51,15],[-14,-166],[16,-28],[-26,-66],[-6,-57],[21,-46],[-59,-47],[-15,-54],[20,-37],[-66,-34],[-45,-4],[-33,-76],[-111,-23],[-42,-39],[-8,-62],[-41,-44],[-6,-110],[-17,-19],[22,-86],[-4,-50],[-66,-90],[-2,-28],[-66,-66],[-46,-31],[-52,-122],[34,-87],[-7,-45],[-31,-61],[-88,-75],[-48,-8],[9,48],[-65,-23],[-30,-54],[-31,0],[-50,-85],[-41,-30],[-51,15],[-119,-11],[-26,-26],[83,-52],[-64,-37],[-93,-95],[-46,-4],[-88,-76],[-45,4],[-30,-50],[-103,35],[-26,-22],[-45,42],[-88,14],[-80,64],[-52,-25],[-104,131],[-13,-34],[56,-87],[55,-165],[-79,-30],[-32,53],[-111,113],[32,-91],[37,-61],[-27,-10],[-57,64],[-18,70],[-50,82],[-29,14],[-84,-37],[-63,111],[-70,27],[11,-120],[23,-91],[-60,38],[5,51],[-55,30],[-9,45],[-36,1],[-35,-52],[-21,85],[-94,74],[-27,59],[60,45],[37,-25],[20,34],[-40,83],[-10,51],[15,32],[-23,107],[-33,-24],[15,-91],[-24,-30],[-65,63],[-16,-55],[61,-7],[28,-43],[6,-87],[-208,57],[-48,-30],[-4,-55],[-51,40],[-42,-12],[4,-47],[36,-22],[57,24],[28,42],[44,-22],[37,-98],[-23,-45],[72,-45],[-8,-26],[33,-41],[-2,-47],[-82,-39],[25,-51],[68,3],[23,-91],[-20,-23],[21,-75],[-105,17],[-65,-5],[36,72],[-61,24],[-98,17],[-42,-38],[-71,127],[-21,-47],[21,-94],[59,-35],[20,-52],[-11,-39],[42,-96],[97,-84],[12,-64],[25,-34],[-41,-37],[-18,34],[-59,-102],[-5,-83],[-51,-33],[26,-62],[-54,-21],[-8,-68],[-52,-38],[42,-78],[-45,-5],[-38,-42],[-88,-12],[-13,115],[-55,-53],[-17,-54],[-85,1],[-26,-28],[-87,123],[-56,141],[-56,3],[73,-113],[13,-60],[59,-19],[-40,-34],[-7,-69],[-86,1],[-39,-26],[-229,-62],[56,-24],[45,26],[51,-15],[38,-52],[24,-69],[-43,-13],[-53,16],[-84,-28],[-104,98],[-20,-31],[-37,64],[23,71],[-54,24],[-17,37],[-82,18],[-75,47],[-73,23],[-86,13],[-26,72],[-38,-65],[-79,56],[-31,87],[-149,109],[-19,-49],[-82,10],[-70,52],[27,52],[-16,53],[-93,-90],[-46,39],[-35,-38],[-98,9],[-27,-16],[-56,16],[-56,95],[-43,-45],[32,-27],[-69,-45],[-51,16],[-131,94],[-62,9],[-49,-22],[-52,43],[-64,87],[-42,39],[-69,24],[-73,-29],[-60,1],[-43,21],[-70,69],[17,51],[-111,59],[-25,-24],[-41,37],[-48,-18],[-36,131],[-104,-59],[-55,4],[-35,82],[-142,59],[-46,-8],[-68,17],[-6,34],[-66,48],[-52,-16],[-5,42],[-120,153],[-74,55],[-37,91],[-4,42],[-53,25],[-83,144],[-16,-48],[44,-30],[57,-103],[34,-23],[11,-60],[-21,-29],[42,-69],[95,-86],[26,-42],[20,-88],[-13,-28],[-97,-8],[-63,9],[-59,-73],[64,-88],[40,-93],[-25,-48],[59,-3],[139,-85],[41,26],[35,-11],[41,-66],[13,63],[23,10],[-20,67],[-68,42],[20,33],[-46,49],[-2,76],[22,55],[79,7],[98,-97],[46,-21],[24,-59],[39,-16],[69,3],[39,-80],[100,-6],[69,-56],[140,-61],[43,12],[228,-174],[10,40],[83,95],[66,-41],[58,-155],[-17,-50],[-3,-69],[37,5],[10,54],[53,36],[34,-3],[95,26],[9,-72],[81,-7],[76,-95],[-20,-20],[-77,-1],[-41,-26],[19,-36],[48,-23],[-35,-44],[-50,0],[-120,-43],[-10,-80],[-106,-68],[-105,-50],[26,-50],[27,-9],[57,67],[62,-63],[-2,-33],[13,-34],[74,-72],[-18,-93],[65,-36],[17,48],[-27,109],[-21,-34],[-67,67],[-32,41],[14,81],[34,20],[-4,58],[92,17],[53,-41],[6,49],[-14,66],[29,33],[78,19],[40,51],[66,-25],[-13,100],[43,11],[23,46],[94,21],[15,20],[78,33],[53,34],[93,-51],[48,-86],[66,-55],[15,-46],[-20,-70],[-40,-14],[12,-49],[82,-28],[65,-7],[23,-101],[117,-70],[25,-65],[-10,-35],[110,62],[35,-7],[34,-38],[28,9],[110,-33],[-8,-44],[107,-15],[38,42],[75,-83],[17,-49],[60,-9],[54,-74],[-14,-56],[37,-15],[35,-42],[38,14],[74,-7],[-10,-61],[-84,-30],[12,-138],[41,-10],[16,-43],[-46,-21],[53,-64],[11,-50],[-20,-56],[48,-14],[-4,-64],[-44,-71],[26,-21],[7,-55],[51,-64],[-32,-92],[19,-17],[-15,-55],[-45,4],[-75,-114],[58,-34],[-13,-47],[-52,-7],[6,-42],[-71,-58],[-75,28],[-28,37],[-57,-14],[-76,7],[-87,-79],[-67,-45],[-24,20],[-37,-34],[19,-62],[-36,-47],[-72,3],[-30,-50],[-62,-5],[-6,-61],[-89,-52],[-73,31],[-74,-13],[-37,16],[-78,3],[-139,82],[-64,-3],[-43,-27],[-58,38],[-101,24],[-128,46],[-32,-36],[69,-71],[14,-53],[-15,-29],[-84,55],[-27,-30],[-64,83],[-20,-33],[-39,45],[-45,0],[-51,22],[-17,-47],[-41,10],[-23,-81],[44,-65],[9,-44],[36,-51],[14,-48],[35,-23],[7,-39],[110,-53],[65,-67],[65,6],[115,-60],[65,5],[56,27],[48,-103],[-7,-113],[-47,-12],[-14,-49],[-63,-36],[30,-39],[-139,-8],[-49,38],[-70,0],[-15,26],[13,52],[-69,62],[-28,-6],[3,-55],[-90,-12],[-19,-39],[-52,-51],[-78,-9],[-42,29],[-82,81],[-17,63],[-30,33],[-30,71],[-37,53],[-80,49],[52,-89],[37,-38],[9,-59],[55,-64],[14,-94],[33,-3],[18,-94],[25,-78],[-48,-20],[19,-54],[50,-41],[66,-26],[50,-60],[76,17],[7,42],[55,-9],[0,-30],[46,-10],[17,-37],[77,39],[30,-77],[53,4],[3,-43],[-62,-33],[-44,21],[-50,-11],[-17,23],[-47,-35],[-68,15],[31,75],[-48,26],[-47,-21],[-74,37],[-58,5],[-25,-47],[-58,19],[-26,-10],[-5,69],[-37,3],[5,44],[80,-57],[24,51],[-12,65],[-73,77],[-143,-19],[-29,-39],[20,-35],[45,-157],[-40,-57],[118,-95],[50,-22],[53,-62],[5,-48],[-18,-175],[52,-121],[48,-43],[-94,1],[-71,-33],[39,112],[-24,46],[-50,34],[-19,106],[-77,90],[-40,30],[-21,-45],[-85,60],[-71,-2],[-19,19],[-101,26],[-60,-1],[-17,18],[-53,9],[-137,51],[1,29],[-44,32],[-83,-16],[-13,8],[-3,15],[-10,2],[-31,25],[-24,42],[-27,-13],[-56,54],[-11,-33],[-41,-17],[81,-69],[50,47],[28,-41],[14,5],[27,-4],[3,-17],[14,-11],[98,8],[27,-65],[75,-32],[114,-12],[52,-69],[61,-38],[23,17],[45,-35],[90,-30],[50,-54],[41,-24],[-18,-56],[-14,-111],[-41,20],[-51,62],[-93,-46],[-102,-3],[75,-108],[-76,16],[-20,32],[-48,2],[-19,35],[-47,39],[-32,-29],[63,-36],[25,-39],[42,18],[11,-59],[-64,28],[-22,30],[-67,-9],[-58,21],[-44,-23],[24,-31],[52,7],[21,-18],[79,8],[53,-37],[-56,-22],[-12,-44],[50,-51],[76,17],[73,-3],[9,-33],[-63,-92],[-88,52],[-8,-51],[34,-57],[-36,-18],[-54,42],[-43,-9],[15,-84],[68,-101],[-86,13],[-59,56],[-21,77],[-50,23],[-23,-43],[-95,22],[0,-27],[74,-16],[17,-73],[112,-106],[-17,-51],[-44,-13],[-22,40],[-82,-8],[79,-95],[-40,-99],[-16,42],[-69,44],[-33,3],[-27,46],[-170,87],[-37,-38],[96,-67],[29,-47],[4,-48],[-102,-15],[-46,68],[-29,16],[-1,48],[-79,87],[-36,-3],[-33,71],[-43,-55],[51,-15],[62,-47],[26,-40],[44,-6],[2,-40],[16,-45],[62,-52],[-50,-17],[60,-85],[28,-24],[45,17],[100,-72],[52,-91],[45,20],[56,-23],[55,19],[-5,-118],[-98,-8],[-59,35],[-18,29],[-55,14],[-20,-78],[-58,56],[-56,17],[-20,-22],[-50,20],[-117,95],[-21,40],[-90,41],[-15,-88],[77,25],[44,-54],[70,-48],[59,-21],[25,-104],[61,-43],[128,35],[53,-6],[36,19],[48,-3],[20,-22],[-66,-62],[-80,-35],[-86,-2],[-38,-72],[-117,-75],[-23,-56],[-97,-73],[-18,-85],[-60,3],[-69,-47],[-22,-82],[-101,-150],[19,-32],[-11,-38],[23,-92],[-26,-42],[52,-10],[35,37],[57,-11],[5,-50],[54,-76],[-45,-36],[-23,-51],[-36,-40],[-144,0],[-34,-39],[-4,-46],[28,-16],[-13,-46],[40,-101],[-28,-50],[-30,-5],[-20,-52],[40,-45],[-37,-109],[90,-26],[18,-38],[-121,-20],[-45,-48],[-49,1],[-14,-115],[11,-47],[-45,-127],[-15,-81],[2,-100],[-9,-33],[-97,-48],[-21,-20],[-26,-98],[-57,-117],[-29,-36],[-26,-87],[19,-112],[-74,-133],[-36,-49],[-44,-203],[5,-71],[-66,-68],[-52,28],[-46,-19],[27,-60],[-34,-54],[9,-64],[42,-102],[16,-96],[-27,-89],[2,-31],[-65,-167],[-15,-67],[15,-60],[-5,-115],[-34,-59],[23,-123],[32,-61],[-25,-54],[-35,-5],[-24,-39],[-19,-116],[-37,-77]],[[42259,63660],[7,764],[4,524],[3,462],[5,795],[3,553],[4,700],[5,475],[1,550],[1,744],[1,566],[1,659],[-4,253],[812,0],[557,0],[353,0],[586,0],[470,0],[514,0],[704,0],[396,0],[558,0],[440,0],[499,0],[367,0],[528,0],[484,0],[470,0],[513,0],[529,0],[396,0],[557,0],[485,0],[410,0],[661,0],[410,0],[852,0],[528,0],[572,0],[440,0],[646,0],[733,0],[426,0],[646,0],[543,0],[469,0],[543,0],[692,0]],[[65860,70454],[-47,-12],[-45,23],[56,42]],[[56156,62174],[51,-31],[-18,-37],[-54,47],[21,21]],[[67281,68357],[28,-83],[-41,-5],[-7,43],[20,45]],[[66038,67764],[34,-31],[-24,-31],[-45,24],[35,38]],[[66005,68516],[48,-34],[-37,-45],[-32,30],[21,49]],[[55755,62213],[37,-52],[-37,-20],[-35,35],[35,37]],[[59894,62091],[55,-68],[-63,5],[8,63]],[[66203,66646],[8,-54],[-85,-5],[20,39],[57,20]],[[55832,56291],[83,-90],[-53,10],[-57,44],[27,36]],[[56941,57201],[36,-20],[7,-62],[-64,50],[21,32]],[[67234,68305],[7,-66],[-61,-12],[-9,48],[63,30]],[[57536,59071],[117,-36],[-93,-23],[-24,59]],[[56726,56945],[34,-20],[27,-48],[14,-61],[-43,13],[-34,45],[26,35],[-24,36]],[[67390,67642],[48,-21],[-21,-52],[-62,-16],[12,84],[23,5]],[[60076,62621],[48,-41],[15,-72],[-37,-15],[-49,99],[23,29]],[[56522,61970],[75,-15],[-33,-82],[-59,53],[17,44]],[[67096,67079],[7,-74],[-60,-23],[-18,43],[71,54]],[[67438,68153],[12,-106],[-85,-27],[38,104],[35,29]],[[67494,67966],[35,-12],[-34,-80],[-69,-16],[30,79],[38,29]],[[68571,59626],[-33,-62],[-25,21],[58,41]],[[58701,60942],[21,-75],[-71,1],[-38,25],[11,34],[77,15]],[[58124,61437],[41,-29],[-16,-73],[-55,-8],[-3,81],[33,29]],[[66287,68890],[28,-1],[17,-74],[-70,-23],[-37,70],[62,28]],[[65740,68143],[12,-71],[-83,-19],[-30,40],[31,51],[70,-1]],[[61732,66469],[49,-23],[18,-36],[-76,-22],[-47,79],[56,2]],[[58497,61039],[-1,-47],[53,-21],[-6,-32],[-88,14],[-26,49],[68,37]],[[66164,68420],[95,-40],[31,-58],[-72,-33],[-68,113],[14,18]],[[66548,68531],[103,-93],[-15,-63],[-94,67],[-16,42],[22,47]],[[59189,61039],[33,-42],[-73,-103],[-46,79],[-13,46],[90,7],[9,13]],[[67365,68311],[54,-87],[-4,-62],[-35,-22],[-50,26],[8,128],[27,17]],[[56367,62070],[38,-17],[46,-100],[-33,-35],[-41,40],[-57,11],[-39,29],[-9,59],[95,13]],[[69956,62974],[38,-36],[8,-39],[-55,-31],[-30,-42],[-86,14],[-10,76],[31,2],[47,59],[57,-3]],[[59006,60945],[63,-41],[53,8],[35,-59],[-5,-86],[-115,27],[-55,123],[24,28]],[[58490,58703],[135,-46],[34,-30],[43,-10],[-3,-55],[-56,-10],[-57,16],[-125,71],[0,64],[29,0]],[[58108,61237],[65,-26],[56,-3],[89,-56],[20,-50],[-27,-28],[-54,14],[-54,-37],[-72,66],[-1,43],[-86,68],[64,9]],[[67690,67534],[55,-12],[69,-47],[-30,-71],[-68,35],[-84,-29],[-6,-34],[-100,-4],[-55,55],[-25,75],[31,16],[75,-3],[138,19]],[[56290,56546],[28,-46],[-13,-46],[37,-7],[38,-54],[5,-55],[-25,-48],[-65,-32],[-67,20],[-11,81],[-56,61],[-11,-49],[-46,31],[-47,-2],[-1,57],[30,37],[52,16],[87,7],[26,-13],[39,42]],[[65662,67996],[74,-29],[84,9],[37,-16],[44,-74],[8,-46],[39,-2],[8,-42],[-53,-49],[99,-92],[23,-104],[37,8],[-5,-90],[51,-23],[5,-101],[67,-82],[-4,-54],[21,-61],[-5,-43],[28,-24],[-1,-47],[53,2],[-8,-42],[-35,-14],[53,-52],[-1,-85],[-33,-24],[-10,-58],[-64,-37],[15,-49],[-93,-21],[-19,-25],[-63,90],[-50,52],[-17,93],[2,58],[-45,73],[-75,52],[-67,30],[-102,93],[-35,73],[-3,85],[-19,38],[12,37],[-11,62],[27,170],[-53,121],[20,86],[-28,40],[41,59],[4,39],[47,16]],[[66472,68311],[54,-28],[63,-70],[90,-16],[56,-60],[88,7],[34,-78],[42,6],[11,45],[47,-12],[1,-79],[69,-93],[58,-37],[64,-61],[82,-34],[81,-74],[38,-79],[-34,-104],[11,-48],[-25,-30],[-72,-25],[-45,-55],[57,-8],[39,-26],[-17,-49],[62,-6],[51,-39],[8,-31],[77,-15],[61,-53],[-34,-69],[29,-12],[30,56],[208,15],[130,-30],[11,-31],[-80,-48],[33,-104],[-62,-4],[-46,-27],[48,-35],[-116,-30],[-21,40],[-58,49],[-121,28],[-38,-21],[-99,80],[-12,-31],[65,-55],[-51,-24],[-66,22],[-4,36],[-71,20],[-12,-42],[-47,-12],[-11,39],[22,45],[31,1],[20,119],[82,31],[36,52],[-156,1],[21,63],[-8,29],[-81,-60],[-27,1],[-65,-37],[14,-62],[-62,2],[-113,95],[-61,6],[73,101],[-25,32],[-5,94],[-36,46],[30,51],[-8,57],[-89,69],[33,98],[-17,38],[-46,34],[-45,-32],[-16,86],[-91,-56],[-54,44],[-51,91],[-1,64],[-43,18],[19,54],[-7,105],[15,61],[55,1]],[[69062,59495],[36,-37],[67,-35],[147,-53],[28,17],[57,-13],[38,-79],[-65,-124],[8,-23],[-44,-79],[18,-43],[-38,-60],[29,-85],[-15,-157],[-69,-106],[-71,-57],[-59,-109],[-88,-40],[-39,3],[-38,-39],[-30,0],[-71,-77],[-22,-53],[-39,-50],[0,-66],[-40,-49],[-35,-85],[-114,-73],[-59,-79],[-65,-66],[-82,-165],[-71,-87],[-151,-126],[-19,-23],[-141,-116],[-70,-48],[-34,13],[-8,89],[-167,147],[-138,-21],[-72,-47],[-51,-50],[-75,-119],[-29,-7],[-38,-52],[-72,-33],[-28,53],[8,72],[-11,120],[8,134],[-25,90],[-83,81],[-63,98],[-32,29],[-68,134],[4,79],[23,69],[102,120],[48,31],[77,79],[61,96],[16,83],[22,21],[37,85],[64,49],[19,140],[-36,36],[11,60],[33,66],[-1,72],[25,44],[66,79],[42,36],[57,76],[106,71],[36,-25],[64,13],[53,-46],[-4,-92],[41,-21],[13,-32],[91,-35],[38,-1],[115,87],[8,24],[230,159],[96,6],[128,-39],[110,-1],[65,51],[-9,29],[77,75],[82,19],[17,-18],[58,6]],[[65174,67696],[38,-118],[-43,-124],[14,-57],[42,-67],[74,10],[-11,46],[22,35],[170,-14],[8,-26],[54,-17],[51,-127],[-25,-25],[44,-47],[-17,-63],[11,-55],[40,-31],[8,-35],[55,-78],[18,-75],[-45,-110],[-131,-51],[-18,-23],[-105,54],[21,-60],[-5,-56],[48,-54],[46,-13],[77,-79],[73,-42],[16,-41],[54,-58],[30,-79],[-13,-21],[0,-152],[45,-133],[43,-64],[17,-85],[-17,-38],[53,-28],[103,15],[34,64],[-2,31],[37,86],[-18,138],[33,85],[64,87],[32,84],[30,22],[26,105],[60,52],[55,-23],[61,-44],[26,-45],[-19,-69],[15,-26],[61,-5],[13,-78],[95,-6],[11,-24],[65,-13],[52,-100],[4,-87],[-42,-2],[4,-54],[-37,-32],[114,-117],[8,-35],[110,-73],[37,34],[67,-25],[66,19],[18,-53],[-50,-3],[-5,-33],[94,3],[24,-13],[55,31],[44,-11],[12,-44],[138,29],[61,-12],[48,13],[31,-43],[62,1],[38,-23],[11,-46],[51,-77],[31,-98],[-18,-52],[27,-32],[-3,-67],[56,-36],[93,-123],[80,-55],[113,-32],[67,-57],[77,-82],[63,-26],[71,-139],[129,-103],[111,-16],[16,-65],[37,-23],[50,9],[43,55],[87,27],[64,-41],[78,-91],[65,-17],[13,-45],[111,-34],[38,-33],[25,-98],[37,-26],[69,-85],[7,-25],[128,-102],[12,-75],[89,-97],[-7,-71],[-25,-68],[2,-60],[36,-22],[-4,-40],[16,-166],[-30,-69],[28,-69],[1,-61],[30,-18],[41,-79],[50,-69],[25,-12],[27,-99],[-25,-80],[-25,-43],[-64,-55],[-32,-45],[-51,11],[-43,-26],[-43,11],[-69,-26],[-34,-53],[-41,9],[-60,-86],[-17,-108],[14,-28],[61,-26],[95,15],[64,47],[42,-7],[193,88],[139,7],[70,42],[-19,83],[23,34],[39,-16],[7,-47],[77,13],[44,28],[38,-33],[2,-48],[103,-57],[106,-8],[24,-50],[67,-55],[56,-20],[49,3],[-19,87],[-49,49],[-7,90],[70,57],[-34,111],[31,-5],[142,-96],[29,-56],[40,-26],[1,-49],[29,-33],[14,-86],[88,5],[100,-37],[-5,-95],[-39,-38],[17,-68],[57,-20],[-20,-38],[-65,-46],[-54,44],[-33,-39],[70,-46],[159,-19],[177,-91],[35,-64],[96,6],[15,-35],[44,-9],[1,-36],[-74,-125],[-85,35],[-178,-45],[-42,5],[-33,-37],[6,-30],[-20,-83],[-42,-29],[-29,-72],[-63,-24],[-75,-82],[-78,-45],[-48,-45],[-50,-98],[-71,-9],[-36,-39],[9,-136],[-70,-45],[-60,-1],[-190,87],[-38,35],[-65,13],[-10,38],[-91,27],[-162,128],[-59,27],[-21,-24],[-48,-7],[-66,23],[19,42],[-95,82],[-23,57],[-42,-5],[-32,-34],[-81,9],[-20,53],[-109,38],[-70,82],[-162,-14],[-54,-39],[-40,-9],[-20,-52],[-139,72],[-55,-1],[-15,43],[10,49],[-46,29],[-26,67],[17,73],[34,35],[-10,33],[134,106],[79,18],[-43,103],[-5,57],[-63,72],[-49,36],[-38,4],[-17,44],[-37,24],[-62,0],[-99,21],[-57,-9],[-101,5],[-19,33],[-91,26],[-13,-24],[-107,-41],[-32,-37],[-52,-17],[-72,71],[-23,77],[109,160],[25,55],[30,19],[56,85],[-1,39],[31,32],[-74,89],[-20,41],[-70,-4],[-60,-28],[-40,-53],[1,-35],[-53,-64],[-60,39],[-25,45],[-69,-26],[-74,-85],[-78,47],[-79,-46],[-29,-102],[-50,-111],[-37,2],[-35,-32],[-5,-60],[34,-104],[47,-95],[-5,-79],[-34,-88],[9,-44],[49,-80],[-30,-38],[5,-87],[-32,-55],[-33,-3],[-92,57],[-50,-24],[18,-36],[-60,-37],[-5,-58],[-81,-65],[-28,-64],[-41,-2],[-67,-50],[-46,-75],[-1,-31],[-51,-64],[-39,5],[-36,46],[-47,33],[-72,-13],[-129,-147],[-30,-64],[-9,-75],[-55,-89],[-27,-188],[5,-102],[-69,-86],[-22,-48],[-47,-56],[-7,-54],[-47,14],[-52,-19],[-161,-194],[-63,-56],[-59,-29],[-85,-81],[-50,-9],[-151,-82],[-74,-59],[-70,6],[-24,-13],[-65,25],[-97,-25],[-87,5],[-3,46],[-66,46],[-53,100],[-14,81],[6,70],[-18,33],[-20,102],[16,13],[-32,168],[17,67],[-20,82],[20,115],[40,71],[-6,34],[27,63],[-15,79],[-27,53],[30,40],[3,79],[18,122],[0,64],[-33,80],[-118,48],[-29,48],[-33,-13],[-12,-42],[-115,-19],[-149,-16],[-110,-56],[-39,1],[-65,-42],[-91,-43],[-48,6],[-135,64],[-105,18],[-78,-15],[-106,-60],[-49,-58],[-12,-38],[-45,-33],[-5,-38],[-206,-94],[-49,12],[-78,-7],[-66,12],[-76,72],[-54,103],[-8,132],[29,46],[-17,99],[21,42],[62,53],[122,221],[7,35],[54,84],[90,113],[113,99],[50,30],[72,21],[76,63],[103,41],[24,36],[73,11],[62,53],[20,37],[46,33],[44,5],[47,29],[41,-18],[77,47],[13,35],[9,108],[-27,5],[2,90],[-51,42],[-89,118],[26,91],[-59,44],[-20,98],[8,38],[-20,57],[-6,86],[39,83],[-15,35],[-39,15],[8,113],[-26,64],[1,211],[10,106],[28,88],[40,71],[30,16],[-6,46],[38,111],[30,25],[-20,64],[64,135],[-10,43],[42,29],[-9,56],[33,32],[-36,51],[31,35],[43,91],[-39,57],[-14,60],[-31,16],[-11,53],[8,75],[75,193],[16,58],[-2,110],[13,55],[-28,112],[3,110],[-22,125],[14,52],[57,131],[-37,14],[-12,58],[26,56],[-19,31],[7,61],[31,97],[2,93],[28,63],[-9,21],[34,90],[-9,37],[43,126],[13,127],[27,91],[-8,18],[54,117],[92,122],[110,84],[56,101],[87,64],[68,84],[120,39]],[[57109,60270],[5,-56],[47,45],[-52,11]],[[56694,60991],[86,-148],[-3,63],[-83,85]],[[55742,57727],[15,-50],[-60,-8],[-32,-66],[58,13],[49,39],[11,37],[-41,35]],[[57187,60686],[-29,-98],[37,-83],[66,-44],[19,-29],[65,44],[-33,60],[-37,23],[-88,127]],[[56652,60698],[-74,123],[-70,46],[-12,70],[-40,29],[-56,-11],[17,-64],[75,-18],[50,-64],[17,-59],[34,-26],[99,-173],[64,-53],[42,6],[-71,86],[-22,-8],[-62,63],[9,53]],[[23821,77894],[71,-77],[111,-78],[63,-82],[120,-117],[168,-114],[60,-8],[105,-53],[73,-24],[61,-53],[106,-35],[128,12],[281,-95],[57,-3],[159,-30],[139,6],[107,-23],[50,-31],[114,-43],[138,-11],[110,-49],[142,-36],[67,-30],[82,-63],[106,-146],[39,-23],[73,-83],[106,-22],[76,-49],[148,-69],[64,-67],[104,-64],[35,1],[136,-67],[63,7],[76,-44],[117,20],[114,-25],[188,-60],[36,-44],[121,-73],[92,-44],[193,66],[-19,63],[50,3],[42,-24],[47,-90],[56,-55],[48,39],[77,-25],[47,-38],[60,-7],[58,14],[62,-24],[154,11],[5,48],[86,-46],[102,-68],[-5,-15],[115,-59],[62,-11],[88,-35],[40,-3],[41,59],[-135,56],[-50,37],[-25,49],[57,3],[-17,45],[-278,160],[51,22],[24,67],[42,22],[138,-31],[160,-75],[29,-27],[83,-31],[57,-5],[61,49],[6,29],[-60,69],[-71,42],[123,2],[100,-60],[83,12],[113,-58],[119,-76],[83,-19],[78,-65],[90,-15],[52,-63],[84,-65],[30,73],[111,-29],[25,-49],[104,-87],[37,-4],[18,-63],[47,-78],[11,-53],[103,-1],[120,-36],[44,-56],[91,-76],[-16,-68],[64,-60],[-21,-22],[53,-52],[48,-12],[49,-60],[137,-68],[24,-25],[-2,-61],[82,-25],[30,-132],[33,-63],[5,-80],[-61,23],[4,-72],[47,-54],[96,28],[-18,47],[12,47],[41,-8],[62,-98],[-52,-77],[-1,-48],[-59,-28],[-1,-68],[-70,-68],[43,-84],[14,-64],[-129,-15],[-57,32],[-44,0],[-94,-56],[-53,3],[-61,26],[-13,46],[-71,29],[-90,-24],[-19,-21],[-98,-29],[-219,50],[-93,57],[13,-56],[120,-111],[43,-80],[-92,-3],[-55,-97],[-49,-5],[-231,84],[-83,21],[-30,-32],[63,-89],[-8,-40],[-43,-31],[-39,-86],[2,-93],[-12,-50],[16,-40],[64,-35],[55,25],[23,-32],[-53,-34],[-48,6],[-23,-52],[-43,9],[-62,-19],[-34,-52],[-85,-20],[-117,-58],[-37,14],[-47,-44],[65,-29],[37,-40],[126,-47],[81,11],[32,-62],[115,-89],[156,10],[1,-56],[47,-43],[82,5],[49,27],[66,11],[71,29],[70,3],[88,-50],[5,-64],[96,4],[37,23],[85,-30],[81,-93],[123,-49],[143,4],[87,-12],[132,0],[5,-29],[94,-14],[49,-40],[59,7],[114,-29],[29,15],[99,10],[97,-9],[241,19],[29,37],[152,-28],[44,-70],[132,-21],[80,27],[98,-15],[140,14],[9,-20],[131,-4],[48,18],[72,0],[41,23],[34,-18],[75,42],[54,-17],[31,39],[-40,73],[111,23],[90,-30],[126,36],[28,26],[74,9],[-21,-52],[53,-113],[34,13],[42,-51],[35,15],[0,63],[-55,9],[-22,54],[3,69],[129,21],[15,-23],[91,-31],[52,-4],[51,-39],[62,5],[-7,40],[51,18],[50,45],[48,-30],[-36,-62],[68,-24],[41,46],[51,154],[54,57],[101,58],[66,-11],[24,-36],[-84,-63],[77,-9],[-6,-53],[74,36],[40,3],[31,-53],[65,8],[126,79],[30,0],[73,81],[23,51],[116,87],[27,-3],[117,51],[95,118],[136,70],[144,26],[27,-65],[15,-81],[80,-4],[-78,69],[-25,76],[48,44],[2,72],[48,7],[80,-14],[80,-111],[26,-118],[-32,-82],[-10,-89],[46,-79],[39,6],[-15,70],[-46,43],[21,32],[84,-11],[107,-63],[-2,-32],[37,-81],[111,-64],[-72,-42],[11,-62],[73,-41],[-85,-31],[31,-46],[111,-75],[56,-19],[64,6],[26,33],[-26,68],[34,64],[64,0],[29,58],[44,-28],[-18,-49],[57,-36],[72,-23],[27,37],[63,14],[140,-34],[103,-178],[1,-56],[28,-67],[15,-208],[66,-36],[-41,-65],[-36,-11],[-46,-68],[7,-95],[37,-43],[48,-4],[57,-49],[18,-42],[10,-131],[77,22],[37,206],[28,64],[-7,210],[21,26],[-3,105],[14,113],[80,22],[58,-45],[13,-129],[72,-182],[4,-58],[-23,-67],[11,-84],[48,-160],[-7,-54],[65,12],[3,93],[-19,25],[44,37],[23,114],[83,-56],[31,-149],[-61,37],[-23,-60],[27,-84],[-16,-58],[82,-47],[36,28],[-41,63],[-10,70],[21,70],[94,-74],[38,9],[28,-67],[158,-143],[78,-141],[-14,-40],[30,-40],[6,-48],[35,-60],[20,-68],[-42,-12],[20,-140],[33,-63],[0,-64],[-62,24],[-16,41],[-44,10],[-26,46],[-40,-24],[0,-38],[-45,-32],[-44,63],[-46,19],[-50,-77],[-13,-67],[13,-74],[-65,56],[-72,17],[-95,94],[-121,98],[-27,51],[-78,92],[-51,-5],[77,-175],[1,-68],[50,-97],[39,19],[0,104],[117,-100],[50,-85],[-18,-32],[88,-31],[29,6],[99,-38],[78,-148],[-25,-53],[5,-133],[-56,-7],[9,-110],[56,-66],[84,-50],[-19,59],[-66,11],[29,47],[0,45],[43,42],[49,-18],[63,-65],[25,-78],[-17,-110],[-16,-28],[34,-70],[60,-74],[29,56],[-12,50],[24,36],[44,-18],[-2,-36],[54,-60],[41,-95],[7,-56],[-21,-30],[26,-47],[47,-35],[70,-87],[52,-103],[88,15],[19,-82],[61,-107],[86,-70],[5,-48],[62,-110],[64,-83],[32,-20],[43,18],[5,56],[-45,32],[-45,121],[-63,89],[-106,81],[-39,54],[10,60],[-72,76],[-66,40],[-21,58],[15,100],[-90,105],[-10,51],[-46,72],[-73,26],[-23,71],[75,22],[-15,104],[14,75],[-14,47],[0,92],[-44,109],[-2,47],[-41,69],[21,101],[33,61],[33,-78],[77,-52],[24,58],[-64,250],[17,23],[88,-78],[15,-44],[52,-22],[-12,-31],[26,-49],[-25,-18],[37,-129],[-100,-77],[-53,94],[-72,0],[65,-135],[90,-10],[42,-70],[-41,-71],[15,-35],[86,18],[44,-65],[33,42],[-78,90],[-13,63],[56,-19],[63,80],[-11,48],[-82,130],[76,1],[78,-69],[0,-18],[88,-87],[72,-55],[49,-108],[12,-60],[26,-27],[48,9],[-52,57],[-42,82],[38,27],[-63,102],[-14,104],[-77,85],[-18,43],[-119,62],[-79,94],[95,-14],[-38,69],[115,1],[63,55],[-52,42],[155,68],[-6,16],[-129,-45],[-35,4],[-33,70],[-45,-67],[-77,72],[-62,96],[-65,59],[14,21],[-55,56],[-32,123],[8,104],[-15,54],[-59,14],[-55,104],[-16,59],[103,-17],[-23,150],[43,31],[38,105],[-64,84],[-70,38],[31,49],[-87,96],[-20,55],[-43,21],[-65,104],[-74,24],[-30,79],[-46,33],[-73,105],[13,73],[58,118],[28,105],[75,-18],[10,47],[69,-4],[55,75],[76,14],[27,69],[49,62],[-12,55],[-95,15],[-28,50],[53,26],[-15,89],[56,21],[10,58],[47,-20],[40,46],[61,5],[85,-38],[22,12],[85,-38],[67,45],[73,10],[53,105],[23,8],[40,76],[42,18],[35,-22],[-36,-44],[-13,-74],[77,9],[22,51],[43,12],[98,-57],[15,65],[32,30],[110,2],[53,-70],[36,45],[5,52],[-41,116],[27,18],[-60,84],[106,17],[64,-129],[35,16],[7,86],[-29,52],[33,79],[63,-22],[40,-65],[72,-62],[43,-101],[41,54],[44,11],[-69,75],[-84,15],[-30,41],[24,54],[71,91],[6,56],[-27,87],[84,33],[66,-11],[112,141],[58,-21],[26,-41],[-61,-33],[-32,-39],[28,-37],[47,44],[8,35],[72,45],[37,48],[81,-25],[39,44],[14,53],[53,-36],[82,28],[2,88],[27,32],[27,-153],[38,7],[50,63],[-19,48],[44,68],[0,104],[-32,46],[-59,12],[9,91],[72,41],[-22,50],[71,36],[-51,67],[-122,-70],[-37,58],[-75,26],[-113,-53],[-53,-2],[4,-57],[-79,-35],[-48,13],[-31,-49],[-123,-12],[-76,-78],[-47,-19],[-125,-3],[-67,-12],[37,-54],[-49,-25],[-15,-43],[91,7],[37,-67],[-104,-46],[15,63],[-53,15],[-42,-32],[39,-107],[120,-31],[24,-49],[-60,-97],[-65,-26],[9,-54],[51,-68],[-7,-38],[-68,-11],[-13,50],[-71,105],[-89,15],[26,61],[-87,100],[-32,2],[-10,-93],[-55,-19],[-86,29],[-72,0],[9,-44],[-47,-10],[-31,-99],[-85,-53],[-6,-63],[-117,-41],[-18,42],[-77,89],[-56,26],[-54,3],[-79,-27],[-33,64],[-77,4],[-26,22],[-106,-17],[-25,-33],[-79,4],[-42,30],[-50,-26],[-21,-109],[-50,-74],[96,-77],[105,-32],[-1,-78],[96,-30],[88,-69],[-86,2],[-134,34],[-57,-7],[-82,-41],[-25,-61],[-92,9],[1,66],[-71,9],[-48,-19],[-58,38],[-106,-53],[-118,-108],[-60,-13],[-44,55],[17,72],[103,34],[19,94],[-58,78],[-59,-52],[24,-106],[-52,-2],[-18,45],[21,90],[52,79],[1,110],[-59,-16],[0,50],[-34,16],[-97,-112],[-123,-37],[-77,-46],[-11,-26],[-83,36],[-45,44],[94,80],[19,37],[-19,82],[49,87],[98,69],[52,79],[20,68],[34,36],[41,110],[24,9],[41,111],[87,184],[104,73],[146,10],[106,16],[55,-11],[120,27],[224,22],[86,28],[182,36],[91,58],[132,8],[222,139],[147,52],[143,71],[61,64],[167,-4],[52,39],[13,42],[124,44],[49,48],[146,47],[63,37],[59,10],[-10,47],[45,46],[95,-31],[46,-37],[84,-21],[24,-57],[140,-32],[107,6],[48,-55],[20,-50],[114,-101],[117,-90],[15,-33],[84,-81],[3,-50],[-110,-123],[56,-77],[11,-81],[60,-60],[-21,-26],[53,-50],[9,-49],[-38,-31],[38,-68],[92,5],[31,-83],[-2,-85],[-28,5],[-65,79],[-110,-67],[-84,-89],[26,-60],[39,44],[39,-19],[127,-10],[21,-61],[-26,-42],[57,-27],[5,-41],[76,-39],[13,-61],[79,-20],[56,-98],[137,-34],[6,-17],[19,-9],[12,-20],[33,-1],[-6,-29],[89,2],[46,75],[53,-43],[144,25],[85,-69],[-37,-106],[-40,-53],[-23,-86],[84,0],[4,-56],[25,-52],[3,-61],[65,-34],[-33,-34],[21,-69],[30,-39],[103,27],[45,31],[67,4],[62,-26],[38,-44],[59,-12],[38,36],[169,60],[81,-26],[9,-38],[45,-18],[101,13],[100,48],[36,113],[60,-71],[46,-10],[95,54],[-5,53],[-34,49],[53,107],[108,31],[25,-68],[51,-39],[24,-50],[-61,4],[-9,-166],[33,-119],[77,11],[1,-52],[77,-85],[63,23],[67,-24],[5,-102],[19,-75],[43,-12],[61,58],[47,24],[32,-17],[11,-51],[82,-158],[61,-29],[40,-40],[74,-3],[79,-63],[39,23],[108,-7],[31,-24],[53,6],[56,-59],[15,-60],[149,-63],[150,110],[65,-66],[65,25],[32,48],[14,83],[62,-26],[-15,-52],[110,-65],[-24,-40],[82,-77],[24,75],[50,15],[46,-115],[30,5],[20,57],[55,-29],[24,-63],[111,21],[29,38],[46,-59],[44,64],[-50,16],[-11,60],[40,28],[46,-84],[35,3],[37,47],[32,-34],[64,71],[-19,103],[15,15],[69,-79],[37,9],[-2,48],[69,8],[7,-55],[-19,-47],[106,16],[77,49],[57,17],[-26,39],[89,17],[102,67],[25,33],[10,60],[51,1],[0,-48],[66,6],[104,-62],[42,59],[47,5],[38,38],[83,-16],[115,15],[116,-25],[12,-51],[147,-2],[78,-49],[25,58],[50,-2],[52,-55],[68,15],[131,-5],[38,-47],[102,34],[37,-30],[28,36],[92,-27],[45,-36],[20,-58],[52,31],[91,-158],[239,38],[137,-85],[12,118],[67,49],[59,-56],[63,54],[42,86],[11,65],[42,-14],[44,-77],[90,-7],[74,18],[7,26],[74,-8],[17,-21],[72,33],[-75,104],[-34,115],[-57,18],[-26,-41],[-42,15],[-45,79],[-63,73],[-24,-20],[-45,67],[-29,89],[-18,111],[19,23],[-37,57],[40,87],[59,-15],[45,28],[-30,81],[81,-2],[66,-89],[-14,-61],[13,-30],[63,-29],[69,-89],[111,-83],[55,-87],[68,-67],[-10,-91],[52,-80],[13,-56],[60,-158],[34,-45],[66,16],[67,-46],[-1,-65],[19,-50],[66,-31],[101,-13],[88,-73],[21,-68],[42,-3],[32,33],[41,-40],[30,-92],[62,-18],[96,35],[131,36],[121,118],[84,-11],[30,58],[90,-32],[30,37],[-73,84],[42,47],[22,67],[-161,-141],[-6,73],[33,18],[84,105],[-6,99],[-32,19],[-15,89],[-68,34],[-29,143],[-32,-55],[-44,-30],[-87,-16],[-74,81],[-18,43],[-41,27],[-51,61],[-91,69],[-59,126],[-20,-10],[2,-76],[-39,-34],[-94,-34],[-32,30],[-103,-48],[11,-39],[-48,-26],[-74,61],[-30,-18],[1,-48],[-45,-33],[11,-111],[-24,-51],[23,-47],[-12,-65],[-50,27],[-69,106],[-42,25],[5,86],[-158,211],[-70,59],[-25,42],[-27,120],[-27,53],[-69,57],[-53,101],[65,10],[-19,45],[50,80],[38,2],[42,-94],[-32,-76],[59,-134],[27,45],[76,-5],[9,54],[-23,173],[-36,33],[-88,34],[-98,-1],[-2,66],[32,41],[-61,50],[-79,103],[0,29],[-87,77],[-4,47],[-34,55],[23,26],[80,21],[54,-73],[97,-71],[32,31],[4,74],[-73,40],[5,91],[44,-28],[58,-105],[31,-22],[55,22],[85,-76],[25,-50],[55,-35],[92,20],[39,26],[41,-25],[48,22],[-67,36],[67,76],[87,-59],[46,94],[54,43],[55,-27],[30,-3],[5,-13],[23,-8],[7,-25],[42,7],[-9,41],[-78,70],[-30,-11],[-56,26],[-39,67],[25,47],[-45,19],[-67,88],[-20,62],[41,54],[47,-20],[153,33],[17,-44],[39,-11],[34,48],[29,-51],[39,-16],[54,-78],[-31,-87],[59,-98],[77,-21],[19,40],[-102,45],[27,179],[76,1],[72,-30],[137,14],[-1,-27],[84,-82],[43,-16],[34,-115],[44,-10],[-25,-46],[114,-73],[36,-62],[76,-17],[-1,-93],[-26,-26],[-61,30],[-16,-46],[29,-47],[35,8],[118,-101],[38,43],[67,-16],[165,70],[32,-57],[-29,-76],[33,-34],[-2,-49],[57,-19],[-27,107],[101,75],[0,27],[63,40],[28,-8],[12,-112],[-28,-44],[-8,-66],[-52,-95],[-66,-9],[-20,-25],[6,-99],[-85,-22],[-36,-62],[-83,-27],[20,-38],[-24,-94],[48,-62],[33,17],[42,-22],[28,59],[10,66],[61,-3],[43,28],[17,-72],[40,-7],[14,52],[35,7],[-14,79],[18,42],[-72,7],[92,142],[78,47],[70,69],[25,-1],[127,48],[43,31],[240,105],[-43,-126],[-89,-99],[-19,-61],[15,-62],[52,-70],[-13,-71],[-58,-126],[-38,-41],[58,-13],[-69,-95],[1,-53],[-28,-28],[-25,-156],[-6,-99],[-37,-36],[-14,-132],[14,-135],[44,-72],[-12,-87],[31,-17],[-27,-130],[24,-27],[-19,-62],[-99,36],[-37,105],[-65,100],[-9,-77],[31,-80],[13,-82],[-21,-66],[-80,-72],[-74,-53],[-41,15],[-7,-60],[-88,-46],[-17,-57],[-54,-52],[-8,-74],[32,-27],[48,98],[15,-3],[39,56],[13,-8],[23,38],[19,7],[15,24],[20,-19],[-24,-97],[62,23],[18,54],[54,-68],[-36,-36],[-1,-39],[62,-24],[46,37],[41,-16],[31,-63],[43,-9],[55,40],[20,69],[63,-91],[-62,-111],[-13,-51],[-32,-28],[1,-39],[-33,-62],[0,-37],[-74,-133],[110,-21],[36,29],[25,-138],[62,56],[239,179],[74,78],[25,78],[-4,35],[66,32],[0,-74],[35,-13],[26,-61],[66,57],[0,54],[22,37],[50,-17],[29,-79],[-40,-24],[16,-48],[-98,-118],[-28,-57],[-101,-117],[-99,-134],[16,-27],[78,81],[113,39],[62,8],[51,45],[79,-37],[-18,-45],[35,-45],[-19,-64],[32,-20],[49,53],[93,-9],[43,55],[72,134],[5,44],[-27,41],[93,38],[25,48],[-66,55],[-74,30],[-41,44],[-6,49],[-45,109],[2,46],[-20,100],[-37,41],[23,61],[26,3],[63,76],[-37,137],[-26,18],[-97,117],[-18,72],[-65,50],[-60,-2],[-16,73],[-141,68],[6,54],[-21,60],[69,81],[51,6],[-25,49],[60,12],[56,87],[24,90],[-21,59],[0,60],[25,20],[-16,52],[25,64],[96,172],[-31,50],[9,37],[-26,44],[53,19],[162,8],[33,-20],[-21,-48],[42,-34],[43,65],[107,92],[53,-98],[61,-37],[96,53],[-2,-63],[35,-25],[51,0],[121,52],[44,38],[32,60],[-13,26],[25,50],[45,32],[40,55],[55,45],[56,6],[64,88],[127,100],[162,101],[28,35],[-10,91],[-30,148],[10,42],[74,55],[18,51],[129,123],[125,52],[48,1],[72,31],[78,86],[106,12],[-11,29],[63,32],[59,121],[33,30],[-125,88],[-80,-42],[-35,20],[11,160],[39,73],[4,52],[-32,64],[66,19],[31,86],[-23,19],[56,67],[23,100],[-64,65],[-27,120],[18,111],[-12,52],[-87,13],[-73,-14],[-67,-35],[2,136],[-60,5],[94,118],[-70,-1],[-41,-54],[17,-38],[-23,-94],[-60,-129],[2,-28],[-65,-26],[-64,-84],[-10,-53],[39,-93],[73,19],[59,62],[27,-25],[4,-64],[-79,-84],[-78,-40],[-23,-62],[-57,-37],[-126,-47],[-15,41],[-41,5],[-33,-35],[-78,-24],[-56,-49],[-48,59],[-58,-28],[-34,73],[-87,31],[-1,95],[25,84],[34,60],[3,110],[-35,37],[22,42],[-2,53],[-45,44],[8,53],[47,7],[72,-16],[32,-74],[51,3],[54,75],[7,65],[59,111],[51,16],[87,-25],[65,55],[15,59],[-47,30],[38,86],[49,-21],[67,89],[-19,14],[-78,-38],[-123,-13],[-93,101],[51,204],[-29,24],[39,63],[-39,78],[14,70],[54,36],[146,24],[147,57],[94,2],[43,-60],[56,59],[48,-5],[29,58],[71,88],[148,78],[33,-35],[-62,-64],[-89,-148],[-26,-3],[-40,-60],[-71,-44],[-68,-118],[-37,-30],[29,-64],[-23,-20],[13,-56],[62,23],[-70,-122],[53,0],[53,65],[24,-7],[92,105],[52,45],[57,77],[34,72],[95,36],[37,39],[15,62],[54,27],[55,65],[54,18],[70,0],[-8,-112],[-17,-58],[40,-14],[-67,-88],[16,-91],[24,-20],[-46,-155],[-47,-33],[80,-81],[124,-26],[-98,-176],[59,-74],[31,18],[63,75],[35,-16],[31,167],[-32,13],[48,146],[47,-1],[43,31],[-6,67],[-63,-74],[-27,34],[33,40],[0,85],[61,62],[-24,84],[84,14],[40,71],[99,114],[-201,43],[-90,9],[-179,39],[-72,-9],[-53,-81],[-129,-47],[-70,-64],[-72,-15],[-37,105],[13,54],[44,78],[45,43],[13,74],[-29,25],[10,48],[-65,53],[-87,47],[-48,-40],[-77,-9],[-76,-118],[-65,47],[-48,-60],[18,-46],[-84,-58],[-187,22],[-114,-12],[-138,12],[-55,57],[-31,94],[-83,46],[9,38],[-83,91],[-25,113],[-34,71],[-89,53],[-1,84],[-103,6],[-84,-34],[8,-36],[55,-52],[16,-84],[-107,-116],[-46,-2],[-123,71],[-78,73],[-65,7],[-84,65],[-117,29],[-99,76],[-77,15],[-77,76],[-137,96],[4,32],[-98,64],[-35,53],[-56,-20],[0,-70],[-57,19],[-65,78],[-14,-53],[-91,45],[-26,-29],[-49,53],[-57,26],[-42,78],[-121,48],[50,34],[72,-5],[-42,57],[55,40],[-66,38],[49,24],[23,51],[-80,43],[-66,18],[-43,-23],[-79,71],[-31,69],[-42,35],[-60,90],[-41,31],[-55,77],[-32,109],[-4,116],[-23,56],[-27,133],[0,104],[21,146],[49,117],[52,71],[93,58],[62,-19],[23,238],[84,200],[25,-1],[25,-102],[59,0],[29,125],[57,42],[90,-81],[60,-38],[102,-26],[54,37],[-90,14],[-118,55],[-66,54],[-16,56],[22,41],[-23,34],[79,32],[64,96],[-122,-39],[-76,-38],[-34,-48],[-7,-75],[-25,-8],[-151,107],[-31,49],[-42,1],[-42,48],[-62,167],[-70,21],[-103,72],[-30,68],[22,142],[72,125],[44,233],[49,89],[-10,72],[98,55],[12,58],[37,10],[-25,57],[-54,-21],[27,-33],[-42,-44],[-112,97],[-36,74],[154,101],[-33,73],[20,29],[-4,89],[-66,78],[34,52],[39,0],[61,37],[29,-17],[89,14],[7,83],[39,51],[44,137],[164,75],[179,-36],[56,-67],[-14,-42],[58,-89],[96,-53],[34,-50],[59,-37],[125,27],[18,66],[30,12],[-66,64],[82,14],[26,24],[20,76],[-83,40],[-43,56],[54,126],[54,11],[30,71],[-92,-15],[-373,56],[11,20],[-70,73],[-41,11],[-7,64],[81,34],[-59,65],[76,61],[59,1],[60,28],[64,-2],[36,39],[19,66],[42,9],[110,129],[69,27],[93,-5],[141,10],[-50,68],[61,131],[26,109],[-11,69],[44,55],[-36,26],[12,120],[51,41],[152,23],[99,33],[78,-1],[231,59],[189,-2],[73,-36],[-33,-41],[110,-69],[24,-37],[-35,-53],[-73,-26],[43,-28],[-28,-119],[-130,17],[-79,-102],[55,-52],[-12,-133],[60,-23],[86,211],[29,-1],[-5,-96],[40,12],[31,57],[70,-13],[-63,-150],[18,-156],[-64,-133],[0,-27],[-121,28],[-132,54],[-22,-110],[-42,-87],[30,-25],[75,175],[116,-27],[33,-50],[70,-57],[36,48],[-37,75],[27,57],[71,65],[2,43],[35,50],[83,69],[2,98],[62,50],[28,-9],[52,-114],[67,59],[71,22],[-12,-66],[40,-37],[116,-16],[119,81],[109,-50],[-21,-82],[26,-21],[-139,-178],[8,-35],[124,-62],[-2,-41],[72,-82],[132,-78],[89,-36],[95,-8],[0,-67],[192,-144],[0,-66],[21,-81],[49,-72],[59,-25],[65,1],[76,-63],[-31,-68],[53,-65],[14,-60],[-11,-52],[20,-65],[-21,-23],[49,-62],[14,-53],[45,-67],[0,-66],[-25,-53],[27,-31],[-47,-104],[40,-65],[-17,-127],[-34,-66],[-10,-74],[17,-100],[-19,-42],[40,-80],[-23,-46],[-50,-36],[-26,55],[-51,46],[-45,-2],[102,-153],[81,-28],[130,-10],[31,-51],[77,-42],[55,-175],[-28,-72],[135,-15],[89,-41],[63,-13],[131,-77],[22,-100],[-50,-28],[60,-28],[27,114],[59,-13],[51,-55],[7,-56],[-38,-11],[-88,17],[-15,-69],[66,-63],[25,-53],[-59,-7],[29,-57],[72,-44],[38,1],[24,-58],[-27,-49],[71,-1],[31,-34],[-8,-93],[12,-148],[43,-41],[-6,-109],[60,0],[51,78],[68,5],[-56,80],[14,72],[82,-19],[112,5],[27,-25],[10,-94],[-23,-42],[28,-156],[67,-51],[113,-111],[21,-45],[3,-68],[-81,-6],[-43,-25],[-173,-23],[-37,17],[-56,-30],[-109,-22],[-137,24],[-8,40],[-60,65],[-106,32],[-73,67],[-54,-10],[-46,-42],[-69,-26],[32,-51],[-61,-59],[-36,-112],[-88,-34],[87,-50],[13,39],[138,35],[119,1],[67,12],[115,-32],[118,-77],[35,-112],[-83,-53],[-74,-63],[-61,-78],[-37,-17],[-26,-75],[-68,-20],[21,-37],[-53,-57],[-69,-26],[-66,-83],[-70,-44],[-124,-32],[-13,-41],[19,-63],[-39,-34],[-37,45],[-64,-79],[-99,-43],[-36,-73],[137,19],[137,-26],[-141,-33],[-10,-82],[45,11],[6,38],[147,39],[34,20],[175,-125],[90,-1],[75,-28],[21,-39],[-88,-6],[6,-49],[102,-61],[6,-45],[51,-28],[45,-52],[66,-5],[87,-69],[89,-32],[103,-85],[-19,77],[105,68],[-15,65],[148,49],[-15,27],[57,26],[-49,40],[34,61],[85,41],[-1,42],[162,16],[36,-28],[57,17],[41,-54],[20,-68],[-10,-36],[-49,-33],[4,-34],[-92,-85],[-130,-11],[-154,-56],[60,-40],[82,56],[85,8],[22,-22],[72,50],[157,48],[71,-41],[-44,-18],[13,-56],[93,-7],[80,48],[5,-46],[61,16],[123,-45],[58,-55],[48,65],[69,111],[52,-17],[-60,-144],[-47,-35],[21,-30],[73,138],[37,46],[45,1],[132,-67],[75,-59],[7,-78],[57,-32],[-61,-27],[-7,51],[-50,-8],[-53,-67],[-72,-19],[-39,31],[-2,47],[-96,-2],[26,-45],[48,-1],[6,-41],[-47,-44],[-149,-96],[-5,-35],[-59,-66],[30,-59],[4,-91],[-11,-63],[-72,-23],[-108,33],[29,47],[-32,37],[-92,-59],[-34,46],[20,26],[74,29],[12,68],[65,72],[-23,19],[-108,-132],[-64,-44],[-68,-23],[-73,23],[-119,72],[-113,83],[-11,-11],[130,-114],[129,-79],[54,-10],[42,-77],[83,-72],[55,0],[34,-83],[83,-69],[8,-22],[91,-49],[63,-83],[138,-90],[-22,-96],[-34,-39],[37,-29],[-21,-79],[92,2],[58,-110],[-46,-34],[20,-52],[140,-81],[32,-47],[-47,-28],[64,-79],[-123,-9],[-55,-45],[33,-31],[47,43],[56,17],[10,-121],[-51,-39],[-43,-104],[33,-71],[29,-13],[0,-57],[-50,-137],[-43,-30],[61,-48],[32,-47],[-45,-45],[-8,-64],[58,-25],[-17,-100],[-49,-77],[-86,-61],[-1,-32],[80,-98],[70,-12],[151,-60],[56,-32],[-24,-65],[27,-35],[-37,-95],[42,-37],[-4,-30],[37,-44],[-28,-27],[70,-53],[62,-12],[78,47],[20,41],[-49,39],[-7,69],[82,49],[33,98],[68,67],[10,67],[-23,67],[9,42],[113,31],[-20,85],[59,36],[22,94],[-96,64],[-32,97],[2,87],[42,102],[54,29],[46,84],[116,27],[47,167],[-26,54],[32,80],[-52,61],[4,88],[-25,60],[-7,122],[-15,55],[53,139],[93,157],[58,17],[37,54],[58,48],[41,66],[45,112],[45,72],[13,92],[132,108],[170,32],[126,-66]],[[36592,85911],[1,36]],[[36593,86026],[59,56],[-58,98]],[[36596,86532],[0,85]],[[36596,86631],[0,21],[0,1],[116,21],[-15,26],[-101,-5]],[[36598,87257],[84,-23],[7,45],[80,18],[61,-10],[63,-80],[-148,-62],[40,-60],[54,-35],[73,-12],[49,-44],[216,-138],[-16,-99],[200,44],[84,1],[31,-44],[-38,-40],[76,-106],[90,-36],[65,19],[50,-48],[-136,-57],[-2,-179],[25,-55],[149,46],[188,11],[55,-64],[75,-37],[2,-54],[39,-88],[-76,-115],[-24,-150],[8,-39],[-22,-98],[7,-73],[57,-34],[35,-112],[21,-28],[22,-124],[48,-109],[-21,-103],[77,-2],[-6,49],[82,-2],[-8,-60],[-31,-19],[33,-57],[9,-83],[-19,-137],[-17,-29],[21,-67],[83,-14],[48,-50],[-51,-50],[15,-44],[58,9],[29,60],[60,-18],[-9,-88],[-44,-23],[-51,-63],[-21,-79],[59,-107],[-63,-66],[41,-74],[57,-19],[3,-44],[44,-29],[3,-54],[-73,-11],[75,-59],[93,48],[89,-14],[55,-129],[-21,-69],[139,-48],[25,-49],[63,-6],[10,50],[76,-4],[-16,42],[-100,85],[-25,55],[7,73],[25,35],[91,-12],[55,-65],[70,44],[-6,47],[51,82],[70,64],[59,28],[101,15],[84,-18],[65,78],[-107,24],[-128,82],[-14,58],[27,24],[101,-32],[125,40],[-34,50],[-127,83],[-27,34],[-2,75],[-70,41],[-61,10],[-81,45],[-32,84],[-2,71],[54,12],[-99,152],[-79,62],[-49,125],[26,69],[-23,32],[-20,129],[-38,-5],[-21,89],[45,13],[46,-48],[55,-5],[8,43],[-62,104],[-40,-8],[-46,64],[79,1],[-25,67],[-54,41],[-43,75],[119,14],[7,57],[-89,7],[-91,64],[-37,66],[116,58],[-30,43],[32,21],[18,69],[-136,123],[-39,14],[31,64],[-34,57],[15,99],[-61,46],[-28,78],[46,51],[-39,35],[-25,105],[-50,69],[35,48],[-49,37],[-10,44],[56,10],[-44,121],[8,37],[-38,57],[64,27],[-42,36],[-12,73],[-58,7],[-35,66],[125,6],[-52,54],[-84,54],[8,38],[-63,68],[26,59],[-5,83],[45,39],[143,53],[59,-24],[193,-29],[-2,56],[-126,43],[-104,78],[-40,61],[39,53],[-53,25],[23,35],[116,-18],[36,19],[-76,58],[44,48],[86,-11],[131,-42],[153,-25],[82,-2],[47,-31],[182,-78],[72,-50],[15,-31],[113,-82],[61,-71],[181,-85],[62,13],[34,36],[-133,86],[-33,45],[51,38],[-4,68],[228,116],[163,-73],[23,-111],[27,-42],[59,-27],[73,2],[63,28],[69,-18],[30,-94],[54,-52],[-3,-48],[174,-123],[-18,-22],[113,-97],[82,-4],[40,-68],[66,-17],[63,-137],[59,-13],[114,-110],[20,59],[-93,30],[-25,51],[-74,41],[-58,73],[81,43],[110,-17],[47,-120],[-38,-11],[45,-59],[93,-51],[49,-80],[53,-36],[95,-13],[14,-33],[88,42],[48,-91],[87,-109],[-130,8],[20,-65],[72,-44],[50,-74],[-32,-42],[53,-83],[-72,-18],[-49,97],[-35,-25],[60,-82],[-54,-22],[-6,-36],[88,-60],[51,-84],[43,-35],[-29,-30],[-6,-70],[27,-47],[8,-121],[52,-36],[14,-52],[-25,-52],[64,-19],[-13,-80],[13,-58],[-87,14],[48,-120],[118,-104],[40,-123],[1,-80],[42,-51],[69,-188],[61,-82],[-12,-82],[-45,-37],[32,-77],[-15,-47],[110,-119],[3,-40],[54,-70],[-18,-47],[25,-46],[42,-13],[-24,-71],[2,-69],[29,-50],[-40,-23],[47,-107],[104,-113],[53,-12],[5,-39],[49,-18],[80,-66],[82,-134],[-21,-77],[70,-26],[38,-69],[-24,-36],[86,-73],[-2,-37],[47,-45],[-35,-27],[-39,-202],[76,-97],[15,-55],[-35,-34],[0,-54],[58,-85],[1,-104],[-66,45],[-67,15],[-109,-81],[-3,-116],[74,-93],[9,-34],[-25,-78],[-37,-21],[9,-67],[-62,-25],[-20,-84],[-45,-48],[-82,-41],[87,-137],[3,-33],[81,-89],[-9,-22],[58,-47],[37,1],[29,-48],[107,-16],[41,-71],[111,12],[49,-60],[10,-86],[38,-13],[36,-58],[-7,-48],[49,-95],[22,-220],[90,-13],[45,-33],[59,16],[118,-98],[30,-4],[83,-98],[31,-116],[28,-7],[37,-72],[65,-83],[52,23],[144,-2],[31,20],[60,-12],[31,-69],[56,-4],[43,-40],[71,-121],[122,-30],[55,45],[57,-26],[83,39],[103,-2],[8,-30],[127,-50],[35,-47],[94,-10],[63,-65],[20,-42],[45,-14],[17,-39],[67,-3],[35,-52],[97,-25],[27,-58],[5,-68],[59,-45],[98,-13],[64,-45],[28,7],[42,-63],[170,-33],[-1,45],[70,55],[81,27],[71,-88],[22,-51],[-41,-36],[-45,-103],[5,-56],[50,-68],[9,-51],[89,-7],[37,-29],[64,25],[21,-55],[80,82],[20,36],[68,-11],[46,-31],[55,6],[77,33],[30,60],[-1,56],[70,-32],[44,10],[39,-131],[-9,-111],[-22,-53],[36,-31],[84,-186],[-31,-67],[40,-82],[40,22],[35,-70],[-54,-27],[-7,60],[-58,4],[30,-84],[36,-61],[18,-80],[-20,-45],[16,-155],[-38,-144],[-70,-29],[48,-91],[-21,-90],[-40,-35],[-60,52],[-64,-78],[-60,88],[-68,-17],[-26,-48],[-84,-4],[-48,24],[-5,79],[-45,63],[-38,85],[-61,101],[-14,90],[3,83],[52,26],[5,65],[-23,80],[-73,-114],[-11,-66],[-42,-73],[-24,-199],[-20,-45],[-124,-107],[29,-111],[-51,24],[17,101],[-69,71],[-68,-7],[-32,48],[-52,31],[-43,-61],[-68,101],[-11,66],[-28,35],[0,104],[-48,61],[-79,-107],[-61,74],[2,70],[-24,71],[-50,58],[-48,-28],[19,-52],[15,-135],[-57,21],[-77,-17],[2,-27],[61,-79],[-53,-135],[-52,17],[17,39],[-25,110],[-33,-52],[-96,-52],[-18,-97],[-41,24],[-35,-49],[-98,100],[-33,-59],[75,-100],[2,-41],[99,-30],[59,8],[-19,-85],[12,-206],[-35,-54],[16,-37],[-34,-26],[-78,-20],[-71,43],[-51,-9],[-113,-71],[-46,94],[-43,1],[-32,-38],[-86,48],[-13,53],[-38,28],[-133,49],[-35,53],[-61,44],[-58,78],[-35,76],[-49,-9],[-29,-42],[-45,76],[-103,-33],[-109,59],[-36,-27],[55,-43],[8,-58],[49,12],[43,-75],[-20,-68],[98,0],[42,-96],[29,-38],[165,-36],[53,-93],[6,-87],[58,-174],[20,149],[-9,87],[58,-12],[58,-104],[-25,-51],[28,-42],[24,-130],[-60,-38],[-20,-92],[27,-50],[-12,-63],[28,-103],[-8,-66],[-85,-45],[-81,-93],[-34,2],[-26,-60],[22,-91],[-29,-94],[68,-33],[-17,67],[44,109],[98,76],[11,45],[45,14],[20,57],[-14,32],[52,69],[3,60],[28,40],[44,1],[42,50],[-17,64],[88,102],[92,-19],[6,37],[99,60],[55,13],[109,-11],[-15,70],[39,37],[-13,65],[53,0],[3,52],[103,-57],[53,77],[77,-24],[32,21],[58,-60],[46,34],[105,-78],[53,-20],[73,-155],[-49,-41],[-64,-23],[14,-48],[-21,-43],[-50,0],[-53,44],[-53,-9],[-6,-69],[83,26],[6,-69],[40,-28],[35,-95],[-38,-116],[-49,4],[-29,85],[-67,57],[-55,-56],[77,-158],[105,-78],[26,64],[-7,55],[55,28],[45,83],[65,13],[-2,-82],[81,-43],[46,-68],[66,-59],[37,-78],[-42,-27],[-51,-147],[-15,-72],[-49,-22],[-13,-52],[39,-21],[35,-62],[-13,-39],[-98,-11],[-29,-24],[-81,-20],[-53,69],[-57,15],[-44,-66],[-22,-80],[-85,23],[-67,-54],[-60,-5],[-70,56],[-46,-24],[46,-66],[-29,-43],[-75,-35],[14,-55],[-111,-49],[-49,-2],[-100,75],[-13,23],[-69,11],[-8,-88],[59,-32],[-4,-39],[-85,-63],[-33,31],[-54,5],[-7,-46],[-56,-58],[-80,22],[-42,-16],[-63,54],[-44,12],[-48,67],[-24,-19],[-111,-40],[-42,19],[-67,-16],[-25,-35],[47,-41],[3,-42],[-49,-14],[-74,49],[-77,30],[1,55],[-84,1],[-5,-26],[-65,-8],[-35,27],[-57,-6],[-93,56],[-112,0],[-25,65],[-69,13],[-38,-21],[-61,0],[-5,-32],[-63,9],[-61,31],[-84,67],[-44,-4],[-99,66],[-22,72],[-61,-1],[-52,-46],[-6,-67],[-73,-99],[-155,-11],[-139,19],[-66,28],[-126,3],[-76,19],[-52,29],[-90,-1],[-109,122],[-27,61],[65,3],[-3,40],[113,29],[37,38],[48,3],[43,53],[66,40],[56,70],[-8,66],[-37,-3],[-142,59],[-34,-12],[68,-78],[-40,-39],[-75,19],[-7,38],[-84,9],[-122,29],[-66,34],[-75,2],[-47,-28],[-76,149],[-60,30],[-90,18],[-94,47],[-142,10],[-142,-74],[-122,-17],[-63,24],[-33,-54],[-55,59],[-95,23],[-49,52],[-76,-32],[-19,170],[109,44],[72,89],[-31,86],[-33,14],[-21,185],[12,45],[-88,40],[-44,64],[-32,80],[-141,76],[-84,-30],[-20,-51],[13,-61],[-59,21],[-44,-43],[-14,-55],[14,-86],[-47,-28],[-203,-50],[-28,-65],[35,-30],[-17,-36],[14,-74],[45,-109],[-13,-55],[-120,-76],[-33,-99],[-79,-15],[-25,-85],[-32,-27],[-36,-89],[-52,-34],[-44,-57],[-3,-41],[-143,-114],[-114,-50],[-299,-57],[-56,0],[-103,-24],[-86,-41],[-51,17],[-142,-27],[-134,23],[-173,-3],[-38,11],[-100,-3],[-38,-60],[36,-56],[-86,-110],[-64,-47],[-62,-66],[-152,-106],[-64,-31],[-22,-40],[-97,-65],[-216,-80],[-155,-20],[-115,-6],[-95,-61],[-92,-35],[-110,-57],[-117,-28],[-96,20],[-61,-33],[-187,-23],[-104,57],[-106,-10],[-52,-38],[-78,-126],[-61,19],[-33,65],[-112,17],[-61,35],[-43,-10],[-33,-50],[-116,-59],[-37,10],[-75,-61],[-74,-10],[-94,-33],[-39,39],[37,92],[63,-29],[62,11],[-45,51],[-76,-20],[-92,-6],[-26,-27],[-71,-20],[-125,15],[-104,23],[-65,-8],[-30,-67],[204,-23],[43,-34],[-23,-34],[27,-38],[-163,25],[-15,19],[-154,13],[-109,20],[-94,-12],[-42,13],[-51,-26],[-109,-2],[-32,-33],[-173,-6],[-147,20],[-135,-54],[-46,41],[-97,-85],[-103,14],[-40,-25],[-149,40],[-41,-49],[-150,-66],[-58,7],[-87,47],[-66,-24],[-60,17],[-64,-50],[-178,-24],[-85,16],[-14,41],[34,45],[97,18],[78,0],[59,-28],[33,25],[-7,45],[-51,64],[-44,29],[-68,14],[-135,81],[-65,14],[-33,37],[7,41],[-87,73],[2,138],[-57,47],[-20,46],[-95,76],[0,45],[-36,12],[-3,58],[-74,55],[17,63],[46,14],[-7,73],[-28,14],[-10,55],[48,22],[-19,84],[72,37],[7,172],[14,32],[-70,10],[-29,24],[95,30],[-83,74],[23,62],[-46,31],[94,39],[-114,10],[3,20],[83,35],[-105,36],[37,107],[-45,67],[-76,5],[-52,47],[-80,3],[-38,44],[-68,37],[-60,-35],[-57,35],[-93,-24],[-69,76],[-112,31],[-45,-16],[-69,19],[-107,-39],[-230,-29],[-98,13],[-144,-26],[-18,54],[-80,-12],[-69,24],[-20,-66],[-90,-38],[-91,0],[-139,62],[-100,-39],[-142,14],[-56,40],[-188,9],[-100,41],[-165,3],[-35,76],[-69,46],[-106,6],[-92,25],[-64,45],[-87,37],[-25,47],[-60,17],[-122,12],[-10,56],[-129,89],[2,69],[65,1],[34,47],[-57,49],[22,75],[-41,50],[-160,10],[-59,-13],[-42,61],[-37,-20],[-43,66],[54,21],[17,33],[-39,108],[-36,1],[-96,51],[-19,36]],[[40319,89353],[37,43],[179,74],[163,13],[73,28],[68,-10],[106,19],[45,-37],[88,28]],[[42538,89262],[15,-2],[16,-4],[106,-18]],[[42698,89234],[88,-68],[54,-22],[70,-85],[20,-62],[-41,-119],[2,-57],[-52,-75],[39,-117],[-41,-94],[10,-84],[-46,-125],[-61,-62],[-3,-36],[-63,-85],[-7,-52],[-69,-53],[-34,-77],[-46,-39],[-11,-44],[-49,-55],[-2,-37],[-69,-27],[-39,-97],[5,-85],[-43,-92],[-69,-15],[-122,-77],[-5,-74],[-118,-48],[67,-44],[-55,-54],[48,-60],[-93,0],[-191,145],[20,47],[-36,22],[-82,94],[-95,35],[-170,163],[-74,108],[31,15],[-133,90],[54,45],[-55,44],[-42,1],[-57,42],[-74,14],[16,53],[-45,115],[-109,59],[93,53],[-113,49],[-1,31],[-97,35],[-102,110],[-46,1],[-35,87],[-133,59],[-137,21],[-39,60],[-148,70],[-136,-26],[-70,7],[-38,65],[76,78],[17,51],[114,87],[90,119],[72,119],[31,72]],[[51690,86788],[-22,8]],[[49989,87378],[55,-78],[-61,-117],[50,0],[112,143]],[[51448,86875],[9,-4]],[[51528,86846],[4,-1]],[[51630,86810],[32,-65],[-18,-62],[-138,-93],[-41,-77],[-8,-58],[44,-27],[-60,-55],[111,-24],[78,98],[40,19],[127,116],[237,82]],[[52173,86613],[126,-95],[35,-56],[-2,-55],[26,-56],[-8,-61],[29,-60],[-25,-17],[110,-102],[24,-69],[-7,-81],[43,-137],[-119,-8],[-55,-40],[-24,-83],[-40,2],[-59,-65],[-71,-9],[-47,-32],[-32,-57],[35,-113],[81,28],[32,-16],[-6,-54],[-86,0],[45,-58],[67,-23],[8,-96],[25,-52],[28,-163],[-36,-100],[-97,-4],[-167,-51],[-67,-30],[-95,4],[-11,-24],[190,-18],[34,-23],[74,-5],[51,49],[119,10],[14,-61],[-28,-159],[-85,-50],[-53,42],[-120,-56],[-48,-50],[25,-48],[83,23],[110,71],[66,18],[36,-25],[-14,-109],[-49,-117],[-12,-59],[-212,-100],[-29,6],[-9,83],[80,38],[-13,34],[-78,-2],[-15,-96],[-70,-38],[-130,-7],[-41,-43],[11,-42],[-52,-84],[-55,-44],[-36,-75],[-142,-94],[-43,-5],[-88,-67],[-94,-46],[-122,-33],[-49,35],[-36,-14],[-156,27],[-46,54],[-41,15],[-108,-18],[-89,28],[-79,-11],[-125,-42],[-88,20],[-32,51],[-82,78],[-83,145],[19,29],[5,88],[24,13],[28,91],[28,21],[64,129],[-57,75],[-31,-39],[45,-35],[-11,-41],[-73,-25],[-72,-61],[-93,-167],[-30,-26],[19,-89],[72,-44],[13,-62],[46,-48],[-6,-79],[94,-49],[20,-59],[52,-23],[8,-43],[101,-75],[-8,-41],[98,-52],[-35,-114],[-66,-98],[-67,-59],[-12,-39],[-100,-50],[-146,-154],[-36,-63],[-119,-81],[-119,21],[-40,-57],[-90,53],[-53,3],[-50,87],[-83,93],[-24,69],[-70,0],[-76,-92],[-175,-10],[-72,152],[3,54],[-36,71],[2,70],[-47,51],[-17,102],[-19,33],[33,97],[-27,33],[-65,6],[-138,67],[-49,65],[-22,57],[6,127],[-68,67],[-17,100],[-55,55],[-53,10],[-61,72],[-38,114],[-155,10],[-103,57],[-22,65],[-72,103],[-124,52],[-50,48],[-43,78],[8,74],[-123,71],[-6,71],[-78,109],[42,16],[-101,65],[-18,53],[-50,58],[-79,36],[-84,14],[-88,-19],[-84,26],[-63,-71],[-66,37],[-18,89],[-39,42],[46,27],[-74,36],[-103,147],[-12,40],[-100,15],[-64,-36],[15,-45],[-73,-64],[-49,-12],[25,-60],[-16,-39],[-63,28],[-75,78],[-113,62],[-74,-1],[8,-69],[-114,88],[-46,9],[-110,137],[39,42],[-18,63],[-51,31],[32,30],[-66,115],[40,50],[-76,65],[-60,7],[-32,60],[-66,-13],[-119,40],[-21,43],[-138,100],[-63,-4],[-102,121],[-114,63],[-34,69],[-58,35],[15,28],[-58,58],[-11,94],[-24,20],[14,177],[26,1],[110,152],[33,76],[-2,110],[50,61],[32,94],[-4,53],[67,46],[88,17],[13,60],[115,-15],[4,58],[79,-19],[102,31],[79,-17],[60,-38],[15,-47],[109,-20],[90,-104],[60,13],[-16,-144],[41,-67],[74,-63],[125,-26],[105,-73],[11,-89],[60,-82],[-29,-42],[74,-18],[90,-55],[32,-45],[-93,-7],[28,-76],[54,-34],[68,-16],[197,-6],[15,-32],[66,-5],[21,31],[78,-37],[91,2],[58,43],[22,98],[37,38],[62,19],[58,-28],[-43,-43],[38,-50],[71,12],[-11,49],[39,37],[55,5],[35,-51],[48,-10],[61,41],[19,72],[42,25],[44,61],[-32,63],[15,33],[-96,133],[3,34],[-57,71],[56,64],[-98,85],[22,81],[50,66],[139,-3],[-5,-41],[-126,-58],[-10,-29],[62,-93],[55,-12],[68,41],[36,-53],[-1,-52],[-76,-15],[-58,-97],[20,-36],[110,12],[127,38],[43,-15],[75,28],[-93,97],[100,31],[-91,86],[-93,53],[37,89],[31,24],[-24,59],[-101,14],[49,84],[-88,48],[-11,96],[-153,-51],[-58,-113],[-85,29],[33,71],[-14,40],[-107,38],[14,46],[89,114],[69,6],[-62,86],[33,7]],[[51817,86743],[-50,-12],[-54,49]],[[47231,88239],[-37,-29],[-100,10],[-89,31],[-56,69]],[[55344,85389],[-22,-9],[-35,-91],[-106,-153],[-22,-167],[-41,-106],[-44,-37],[-57,27],[-79,-29],[-30,-74],[122,-26],[49,61],[23,-64],[59,-19],[-65,-73],[-178,65],[-83,-13],[-68,47],[-90,20],[-87,-32],[-159,-9],[-43,14],[-148,-54],[-253,-56],[-40,9],[-120,-30],[-48,63],[-11,54],[18,52],[-10,60],[18,44],[63,63],[-67,25],[65,51],[94,40],[221,54],[-1,21],[-213,-53],[-128,-22],[16,91],[-47,31],[-14,131],[29,57],[-15,37],[14,92],[-17,41],[42,179],[-40,62],[-1,137],[88,69]],[[52480,72077],[32,-61],[-37,-8],[5,69]],[[47802,87728],[-3,-67],[-57,21],[60,46]],[[32745,72713],[84,8],[-7,-30],[-77,22]],[[53166,72834],[-3,-72],[-44,11],[47,61]],[[44700,77708],[36,-79],[-41,2],[-24,53],[29,24]],[[54716,84634],[17,-68],[-53,-6],[36,74]],[[59529,77019],[4,-43],[-52,-10],[-5,50],[53,3]],[[59991,76337],[12,-43],[-76,-6],[32,47],[32,2]],[[51978,73645],[48,0],[33,-39],[-83,-1],[2,40]],[[56149,77455],[67,-35],[-51,-29],[-36,18],[20,46]],[[50047,84016],[-81,-66],[-10,61],[91,5]],[[37253,73408],[125,-60],[-32,-17],[-93,77]],[[42813,73868],[59,-48],[-44,-22],[-15,70]],[[34775,74279],[4,-21],[-97,-55],[-12,28],[105,48]],[[41029,76669],[86,-56],[-34,-23],[-52,79]],[[41972,74565],[54,-85],[-58,8],[4,77]],[[56881,81213],[37,-59],[-38,-15],[-37,40],[38,34]],[[39336,88471],[97,-55],[-32,-17],[-71,25],[6,47]],[[55229,77512],[-34,-56],[-59,41],[93,15]],[[57122,78260],[27,-34],[-54,-37],[-23,41],[50,30]],[[38305,86267],[-33,-92],[-68,24],[101,68]],[[47928,87430],[97,-49],[-34,-28],[-81,58],[18,19]],[[30857,73297],[107,8],[-3,-23],[-104,15]],[[58013,78641],[17,-15],[-108,-55],[-21,30],[68,37],[44,3]],[[46869,86745],[116,-46],[-80,-17],[-36,63]],[[58226,78751],[6,-42],[-35,-33],[-52,31],[81,44]],[[50561,73026],[87,-17],[-45,-40],[-42,57]],[[58614,78071],[7,-50],[-91,-14],[41,58],[43,6]],[[33851,74000],[52,12],[60,-43],[-102,2],[-10,29]],[[32290,74830],[51,-8],[-11,-53],[-58,8],[18,53]],[[37501,72826],[36,-8],[21,-43],[-46,-23],[-35,56],[24,18]],[[58731,77888],[-12,-62],[-63,-23],[-10,37],[85,48]],[[53272,77189],[79,-45],[-47,-43],[-30,27],[-2,61]],[[47550,73150],[68,-9],[-49,-54],[-43,24],[24,39]],[[30893,75671],[105,-10],[-19,-52],[-86,62]],[[41799,75366],[81,-48],[-47,-29],[-34,77]],[[34510,72863],[53,10],[10,-81],[-67,45],[4,26]],[[53336,74940],[-82,-125],[-57,0],[139,125]],[[34248,74060],[79,-9],[-62,-41],[-17,50]],[[59716,74287],[-17,-64],[-50,20],[31,41],[36,3]],[[31380,73036],[25,-38],[61,-18],[-34,-60],[-52,116]],[[37532,73156],[58,-65],[-76,12],[18,53]],[[59009,76850],[66,-11],[-24,-51],[-59,39],[17,23]],[[37524,73091],[29,-25],[3,-51],[-88,23],[56,53]],[[37223,74030],[39,-3],[29,-68],[-22,-23],[-49,61],[3,33]],[[52064,82691],[-5,-105],[-47,19],[-8,74],[60,12]],[[58494,78114],[50,-21],[-13,-55],[-54,-18],[17,94]],[[38074,73228],[9,-40],[-60,-48],[-18,29],[69,59]],[[49446,73769],[43,-18],[61,-67],[-40,-9],[-64,94]],[[58657,77029],[77,-45],[-62,-39],[-39,61],[24,23]],[[52747,72630],[-12,-49],[11,-77],[-39,1],[15,117],[25,8]],[[50684,74661],[75,-28],[51,-58],[-40,9],[-6,12],[-28,-4],[-52,69]],[[52758,71803],[19,-74],[-72,-24],[13,61],[40,37]],[[32536,74193],[34,-7],[-27,-73],[-59,25],[3,34],[49,21]],[[47811,81179],[5,-49],[-88,-28],[-22,30],[57,39],[48,8]],[[56780,78376],[27,-60],[-39,-18],[-73,13],[85,65]],[[44768,77727],[51,-51],[-48,-42],[-32,66],[29,27]],[[38727,73135],[8,-48],[-84,-97],[20,98],[56,47]],[[59873,76087],[52,-28],[-26,-31],[-65,6],[39,53]],[[53556,77929],[82,-57],[2,-51],[-60,12],[-24,96]],[[31886,73203],[94,-43],[-100,-20],[6,63]],[[37639,86770],[22,-37],[-53,-26],[-64,27],[95,36]],[[58990,76981],[21,-30],[-45,-51],[-68,13],[36,49],[56,19]],[[48282,76672],[49,-82],[-82,-22],[-3,36],[36,68]],[[50524,74732],[41,-23],[11,-66],[-54,4],[2,85]],[[38179,86347],[82,-33],[-25,-47],[-63,12],[6,68]],[[38262,73758],[-22,-95],[-60,-73],[-13,63],[95,105]],[[58238,78592],[27,-24],[-27,-84],[-54,66],[54,42]],[[37920,86395],[68,14],[2,-70],[-89,1],[-54,30],[73,25]],[[38063,74184],[35,-70],[-31,-52],[-49,26],[43,47],[2,49]],[[31289,72924],[37,-46],[-43,-34],[-45,6],[-24,36],[75,38]],[[41020,74808],[25,-54],[-27,-36],[-50,15],[1,45],[51,30]],[[34485,74444],[76,19],[53,-33],[-56,-28],[-63,7],[-10,35]],[[38614,70252],[57,-27],[-35,-65],[-41,19],[19,73]],[[37585,72907],[29,-9],[36,-60],[-24,-41],[-40,6],[-25,65],[24,39]],[[47658,76539],[60,-3],[13,-44],[-39,-30],[-34,77]],[[57463,80688],[74,-84],[-24,-55],[-83,69],[33,70]],[[47193,75251],[103,-35],[-37,-34],[-78,11],[12,58]],[[59491,77914],[41,-20],[15,-77],[-39,-33],[-30,40],[13,90]],[[42216,75001],[51,-69],[-11,-33],[-101,56],[-3,36],[64,10]],[[31141,76031],[147,-42],[17,-36],[-63,-15],[-101,93]],[[44092,80996],[26,-28],[21,-96],[-64,-38],[-10,53],[32,36],[-5,73]],[[37448,74131],[85,-65],[1,-48],[-96,45],[-21,27],[31,41]],[[42141,74502],[13,-49],[-91,-49],[-8,54],[86,44]],[[59855,76260],[-27,-88],[-76,14],[-8,41],[77,35],[34,-2]],[[38023,74068],[35,-72],[-18,-35],[-49,-8],[-3,79],[35,36]],[[38611,71888],[100,-77],[24,-78],[-116,92],[-8,63]],[[35156,74780],[33,-38],[-38,-90],[-47,24],[-19,68],[71,36]],[[58167,78675],[52,-8],[-6,-59],[-50,-53],[-46,44],[25,70],[25,6]],[[59030,77823],[27,-1],[-38,-98],[-41,-32],[-42,22],[54,102],[40,7]],[[35733,75191],[85,6],[52,-53],[-17,-48],[-120,95]],[[37500,73228],[206,-100],[-1,-50],[-37,-22],[-168,172]],[[51855,83802],[75,-31],[-42,-59],[-83,6],[-2,60],[52,24]],[[47970,80308],[51,-58],[-71,-109],[-18,62],[38,105]],[[31731,73397],[163,27],[167,10],[-8,-21],[-91,-27],[-79,11],[-33,-16],[-119,16]],[[51393,78812],[39,-65],[-61,-52],[-58,16],[44,101],[36,0]],[[58906,79636],[97,-52],[20,-48],[-64,-25],[-53,11],[-12,94],[12,20]],[[31409,73374],[209,24],[-11,-28],[-62,-33],[-139,4],[3,33]],[[39497,70702],[58,-28],[92,-87],[33,-71],[-76,7],[13,37],[-25,48],[-98,72],[3,22]],[[37216,87004],[83,-42],[76,-4],[-40,-69],[-144,57],[-23,44],[48,14]],[[45053,75899],[59,-42],[-9,-74],[-125,40],[30,51],[45,25]],[[47440,86931],[17,-14],[164,-30],[-4,-38],[-60,-22],[-131,29],[14,75]],[[52564,72473],[66,-33],[13,-35],[-61,-48],[-49,23],[31,93]],[[51902,77955],[39,-5],[-26,-66],[-39,-22],[-40,52],[9,78],[57,-37]],[[39365,74023],[67,-54],[-10,-42],[-48,-22],[-60,26],[-26,47],[77,45]],[[58649,78215],[-15,-43],[27,-36],[-17,-38],[-93,30],[25,87],[73,0]],[[59117,76789],[22,-72],[-43,-34],[-89,23],[-10,79],[82,-32],[38,36]],[[39476,74117],[138,-20],[-55,-43],[-55,0],[-28,-44],[-36,92],[36,15]],[[44149,81150],[49,11],[65,-61],[-7,-56],[-62,-14],[-25,33],[-20,87]],[[59839,76657],[33,-20],[33,-153],[-61,12],[-30,64],[-5,80],[30,17]],[[36069,73655],[33,-42],[-46,-78],[-84,7],[12,37],[85,76]],[[31487,75406],[131,-108],[68,-27],[30,-48],[-98,10],[-93,94],[-38,79]],[[33033,73976],[43,-3],[46,-44],[88,11],[-3,-33],[-68,-26],[-33,25],[-60,-17],[-34,24],[21,63]],[[31431,73226],[90,1],[39,-66],[-98,-9],[-31,74]],[[38130,73299],[54,0],[63,-84],[-18,-10],[-112,27],[-30,27],[43,40]],[[38152,86500],[64,-25],[17,-34],[-50,-80],[-70,21],[-45,51],[4,40],[80,27]],[[38413,73815],[19,-27],[-17,-65],[-37,-41],[-45,-13],[-41,21],[29,81],[55,39],[37,5]],[[41978,75174],[104,-25],[10,-71],[-17,-55],[-53,101],[-44,50]],[[52321,72213],[51,-19],[-24,-46],[-24,14],[-15,-22],[-51,-12],[-28,40],[91,45]],[[59699,76949],[48,-21],[10,-96],[22,-52],[-55,-10],[-4,55],[-50,-5],[-38,41],[3,40],[64,48]],[[32233,73234],[242,-3],[-31,37],[90,33],[80,0],[18,-56],[-81,-21],[-139,-6],[-179,16]],[[52494,74252],[-1,-66],[-49,-86],[-51,-20],[-44,36],[145,136]],[[44400,81030],[16,-6],[42,-125],[-31,-43],[-75,56],[-9,83],[57,35]],[[47249,74804],[-4,-57],[127,-75],[-4,-39],[-102,25],[-35,81],[-49,39],[67,26]],[[39955,74508],[35,-39],[-41,-63],[29,-41],[88,-34],[-31,-93],[-45,83],[-63,74],[28,113]],[[31802,75229],[90,-26],[56,3],[49,-31],[7,-31],[-89,-4],[-124,17],[-41,22],[52,50]],[[37425,72950],[90,15],[35,-30],[6,-42],[-80,-67],[-75,53],[24,71]],[[40055,74548],[42,-43],[-11,-78],[-87,-16],[-15,45],[71,92]],[[38223,72499],[42,11],[63,-34],[49,-54],[28,-54],[-141,41],[-39,55],[-2,35]],[[38975,71170],[30,-23],[5,-103],[-32,-39],[34,-80],[-44,-57],[14,-67],[-40,-13],[-2,105],[19,66],[-4,81],[29,21],[-9,109]],[[50595,73279],[38,-56],[68,-52],[19,-71],[-25,-19],[-60,47],[-66,2],[12,45],[-18,36],[32,68]],[[58166,78448],[28,-22],[-50,-44],[-41,-62],[-146,73],[46,37],[163,18]],[[36403,73786],[15,-43],[-45,-11],[-33,-51],[-174,-59],[-18,27],[44,41],[211,96]],[[38639,84856],[12,-57],[53,-65],[-87,-78],[-47,74],[8,43],[-38,58],[71,48],[28,-23]],[[49395,82882],[34,-17],[33,-84],[-28,-90],[-104,42],[-19,55],[84,94]],[[52839,73072],[-16,-50],[52,-27],[-97,-66],[-67,9],[-46,24],[44,42],[130,68]],[[39099,71612],[41,-8],[44,-73],[30,-158],[-54,-40],[-22,65],[20,46],[-37,50],[-49,98],[27,20]],[[47172,80020],[55,-23],[79,9],[-30,-114],[-58,-66],[-72,77],[-5,38],[41,57],[-10,22]],[[51820,84011],[42,-14],[-13,-58],[-46,-39],[-127,-39],[-45,29],[50,85],[139,36]],[[58687,78015],[39,-21],[-65,-134],[-72,-47],[-44,97],[34,66],[87,16],[21,23]],[[60000,76281],[3,-174],[-154,66],[23,66],[40,28],[88,14]],[[36582,73939],[32,-85],[-80,-88],[-77,-18],[-33,14],[62,103],[96,74]],[[57861,78740],[121,-69],[-49,-30],[-49,4],[-136,-74],[-24,88],[37,43],[100,38]],[[35482,73384],[-68,-116],[-20,-63],[-28,1],[-80,-70],[-120,-52],[-25,33],[82,42],[52,43],[34,52],[97,42],[15,52],[61,36]],[[48080,74541],[12,-17],[10,-32],[-28,-36],[24,-32],[3,-110],[-57,-27],[-66,38],[-27,46],[5,48],[27,30],[55,28],[3,21],[49,22],[-10,21]],[[38969,70747],[37,-45],[3,-73],[-16,-51],[-5,-102],[-111,-129],[-26,19],[40,56],[28,-2],[20,91],[4,206],[26,30]],[[43016,74081],[31,-56],[-81,-71],[8,-97],[-92,-58],[-10,144],[32,39],[50,7],[1,47],[61,45]],[[38554,72298],[50,-56],[-15,-66],[0,-82],[55,-56],[-23,-78],[-62,-1],[-64,22],[-42,88],[97,-11],[22,38],[-18,202]],[[51157,78990],[96,-25],[62,-48],[-44,-58],[3,-60],[-43,-3],[-36,41],[-43,2],[-36,44],[41,107]],[[38648,70772],[74,-89],[-32,-23],[83,-105],[20,-5],[-20,-94],[-51,-24],[-57,143],[-17,197]],[[49374,73754],[44,-84],[-28,-43],[21,-115],[-9,-51],[-47,23],[-67,81],[-16,88],[73,39],[29,62]],[[36941,74220],[7,-45],[-35,-58],[-91,6],[6,-97],[-39,-23],[-35,-58],[-89,-18],[-49,36],[113,72],[11,46],[56,44],[81,25],[64,70]],[[35547,75110],[20,-10],[146,18],[-24,-80],[46,2],[74,38],[13,-53],[-30,-43],[-69,-17],[-51,6],[-88,41],[-34,47],[-3,51]],[[45627,78390],[25,-34],[39,-198],[-70,-30],[-73,61],[2,90],[77,111]],[[59613,76713],[5,-76],[50,8],[10,54],[39,-3],[-18,-60],[33,-28],[27,-151],[-55,46],[-43,-28],[-57,26],[-27,112],[36,100]],[[52166,82695],[55,-6],[20,-67],[-8,-40],[100,-59],[-8,-64],[-132,1],[-66,44],[-17,33],[26,46],[-25,82],[55,30]],[[53603,71465],[26,-66],[42,-37],[-27,-73],[-47,-39],[-39,29],[-49,6],[-102,98],[132,16],[64,66]],[[58068,78623],[108,-98],[14,-35],[-120,-43],[-117,-13],[-108,73],[115,49],[108,67]],[[42415,74507],[76,-52],[34,-74],[-39,-81],[-67,-10],[-67,19],[20,-64],[-16,-41],[-32,23],[-28,56],[-57,55],[1,36],[111,18],[46,-3],[39,96],[-21,22]],[[37044,73786],[51,-18],[11,-40],[52,-49],[73,-32],[45,-1],[-53,-105],[25,-55],[-12,-46],[-66,28],[-158,147],[16,25],[71,-13],[38,-103],[27,35],[-66,72],[-44,35],[20,19],[-51,65],[21,36]],[[34518,74380],[33,-9],[117,40],[31,-65],[-120,-20],[-71,-77],[28,-49],[-80,-75],[-49,2],[-52,55],[-19,82],[112,52],[26,43],[44,21]],[[38640,73452],[50,-44],[44,-8],[-21,-65],[15,-20],[-36,-130],[-81,-36],[-111,139],[17,42],[66,89],[57,33]],[[38972,73809],[23,-51],[42,-31],[45,13],[53,-30],[-44,-64],[-77,12],[13,-67],[68,34],[44,-30],[-146,-42],[65,-141],[-53,2],[-13,56],[-110,21],[17,56],[43,25],[-1,56],[-34,81],[36,89],[29,11]],[[53612,84265],[89,-21],[28,-32],[-2,-52],[-38,-94],[-9,-120],[-87,-10],[-81,17],[-71,47],[74,33],[60,51],[-48,26],[-21,79],[106,76]],[[51226,72778],[50,-5],[53,-137],[-28,-69],[-41,-12],[-36,-62],[-90,-19],[-26,-23],[-62,78],[55,129],[53,-18],[65,18],[-13,92],[20,28]],[[38201,72313],[86,-30],[51,-41],[42,8],[7,59],[64,-47],[0,-32],[-36,-49],[-7,-51],[27,-42],[-57,-19],[-53,-74],[-68,58],[-60,117],[29,29],[-41,71],[16,43]],[[38878,72089],[25,-38],[-16,-59],[23,-78],[4,-62],[-49,-110],[-63,-25],[64,-67],[21,-70],[-46,-2],[-45,96],[-28,27],[-19,123],[-38,29],[3,60],[95,73],[38,42],[-40,22],[71,39]],[[46264,76924],[63,9],[50,-22],[4,-58],[-37,-26],[35,-45],[52,-31],[-104,-169],[-41,-24],[-49,6],[-33,-42],[-33,58],[80,56],[32,57],[-110,81],[-42,-2],[62,105],[71,47]],[[37392,73470],[52,-67],[61,-29],[47,-1],[41,33],[88,33],[61,-37],[-4,-78],[-32,-32],[63,-56],[-27,-38],[11,-46],[-53,-18],[-23,30],[-130,70],[9,35],[-63,32],[-84,60],[-26,82],[9,27]],[[39225,71321],[29,1],[44,-97],[44,-13],[102,-147],[58,-24],[66,-5],[11,-69],[-194,-40],[-28,5],[-36,66],[-29,17],[-72,135],[-33,107],[2,57],[36,7]],[[38768,89181],[142,14],[42,16],[113,-4],[165,-20],[49,-56],[0,-40],[-169,-65],[-128,-7],[-40,-38],[-133,9],[-26,15],[-51,128],[36,48]],[[35470,75064],[70,-33],[10,-38],[49,-16],[-2,-51],[43,-23],[-23,-35],[-140,-30],[-46,10],[-124,-43],[-43,50],[-45,-27],[-50,21],[-9,40],[53,56],[138,76],[119,43]],[[59978,75886],[0,-119],[85,23],[-8,-60],[41,-13],[1,-62],[41,7],[-11,-86],[-58,-46],[3,-80],[-42,-23],[-16,-44],[-77,-14],[10,89],[-53,13],[40,59],[-42,8],[-47,93],[26,92],[62,148],[45,15]],[[38663,72598],[87,-36],[38,-2],[58,-136],[5,-90],[25,-97],[-32,-24],[-52,35],[-71,-55],[29,-69],[-2,-44],[-40,-7],[3,-59],[-29,-8],[-35,49],[14,36],[-27,69],[-8,80],[35,4],[-23,134],[-4,80],[13,69],[-8,45],[24,26]],[[44533,81000],[102,-18],[58,-86],[73,-86],[54,8],[36,-55],[-6,-100],[-30,-73],[-77,2],[-28,23],[-81,-8],[-67,40],[-48,70],[-25,116],[7,143],[32,24]],[[59147,77345],[95,-76],[41,-80],[-6,-41],[97,-80],[-10,-44],[-40,-22],[46,-52],[-70,-77],[-110,-20],[-36,35],[14,52],[-23,30],[-53,-29],[-30,141],[50,70],[-59,13],[-37,-56],[-43,18],[-17,69],[18,49],[66,69],[107,31]],[[48015,76714],[27,-66],[95,-60],[14,-36],[-17,-53],[13,-86],[37,-108],[3,-115],[22,-31],[-111,-12],[-106,38],[-53,36],[-50,81],[-14,123],[46,39],[-11,79],[76,72],[29,99]],[[59654,77538],[-2,-73],[75,-106],[-8,-83],[-73,-60],[-27,-49],[-29,-107],[9,-33],[-53,-37],[-11,13],[12,34],[-25,-16],[-58,3],[-45,45],[12,80],[-38,1],[-83,67],[-21,39],[26,31],[-19,50],[32,34],[114,35],[29,78],[97,6],[43,-30],[43,78]],[[46673,77951],[41,-30],[-8,-65],[18,-22],[126,25],[70,-76],[9,-61],[74,-37],[39,-97],[-64,-24],[-74,-5],[-26,-50],[32,-29],[-68,-83],[-96,5],[-30,33],[-12,58],[-44,0],[-15,44],[110,-9],[-25,112],[21,23],[-51,74],[-51,-48],[-69,105],[-34,16],[29,107],[67,4],[31,30]],[[47356,81026],[57,-59],[90,-28],[12,22],[110,3],[11,-53],[51,-34],[97,-5],[-56,-46],[60,-12],[83,-51],[36,2],[43,-40],[9,-52],[-125,31],[-70,62],[-34,-34],[69,-85],[46,-22],[-74,-42],[33,-50],[62,-54],[-8,-31],[-131,6],[-297,162],[-54,112],[41,53],[7,112],[-55,43],[14,33],[-27,57]],[[52041,77937],[36,11],[48,-92],[92,22],[119,9],[64,29],[59,-61],[3,-36],[44,-52],[50,22],[27,71],[111,29],[59,-81],[3,-68],[30,-70],[-17,-120],[-52,-7],[-16,-68],[33,-39],[-17,-65],[7,-84],[-38,-7],[-61,30],[-34,50],[-42,19],[-84,74],[-66,112],[-74,29],[-44,-2],[-77,57],[-69,122],[-28,73],[-35,9],[-31,84]],[[42357,75165],[146,-10],[35,-20],[103,-16],[111,-31],[61,-55],[63,-35],[94,-111],[13,-54],[-10,-86],[-22,-65],[-60,-48],[-94,-29],[-64,30],[-140,24],[-47,26],[-128,99],[-46,6],[-38,60],[-50,45],[0,48],[-41,54],[-5,102],[119,66]],[[45830,75811],[110,-16],[87,-50],[45,-54],[36,-5],[48,-45],[24,-52],[-23,-74],[-1,-57],[33,-42],[-8,-51],[-45,-70],[-73,58],[-45,-30],[43,-64],[-27,-37],[-18,-72],[21,-36],[-140,26],[-12,78],[-29,32],[-90,-41],[-74,5],[-7,53],[-50,36],[-86,-6],[-55,54],[-6,36],[-70,44],[-9,28],[64,18],[130,72],[49,46],[78,47],[70,162],[30,7]],[[47617,76418],[55,2],[111,-44],[34,-62],[-15,-72],[49,-84],[83,-76],[61,-12],[1,-127],[-42,-52],[22,-135],[-74,15],[-9,-70],[-58,-15],[-79,-126],[-49,-28],[-46,46],[-33,76],[32,33],[-48,48],[-53,-9],[-23,-72],[-82,-15],[-19,55],[19,115],[-4,109],[27,64],[-27,28],[42,67],[9,75],[-28,27],[-12,59],[-37,49],[78,29],[52,89],[63,13]],[[53110,78070],[57,-43],[42,17],[24,-55],[47,-9],[62,23],[77,-84],[68,-20],[115,-140],[36,-28],[-19,-75],[-47,-64],[19,-28],[-16,-71],[10,-69],[-73,-99],[-43,-35],[-16,-51],[-60,16],[-22,-61],[-73,17],[-57,48],[-28,-37],[-54,41],[65,35],[-16,93],[29,6],[57,69],[-3,44],[-37,19],[9,54],[-12,70],[41,33],[-30,70],[15,29],[-60,98],[-112,42],[-49,-30],[78,-124],[-11,-28],[23,-85],[30,-43],[-62,-30],[-41,-180],[-40,-25],[-24,-72],[-90,-7],[-3,121],[44,65],[-43,81],[-27,133],[17,49],[38,9],[-11,73],[70,82],[-45,66],[112,31],[39,59]],[[50553,78819],[122,-36],[44,-44],[71,-25],[55,-55],[63,-33],[1,-63],[75,-35],[11,-44],[67,-41],[46,31],[56,-7],[58,-74],[9,-108],[65,4],[12,-35],[-126,-36],[-82,-41],[67,-101],[56,-35],[-4,-83],[78,93],[17,131],[33,38],[69,9],[-4,-45],[55,-9],[74,-58],[47,-130],[-10,-61],[70,-32],[14,-53],[184,-166],[36,20],[50,-27],[50,2],[59,-43],[68,-114],[89,24],[80,-73],[25,-48],[110,-95],[96,-26],[66,-104],[103,-116],[2,-63],[-45,-62],[18,-69],[-25,-57],[0,-88],[16,-69],[18,-158],[-41,-44],[90,-81],[53,28],[-49,40],[5,108],[-22,86],[35,54],[-33,80],[28,55],[61,29],[19,32],[-20,58],[70,-22],[-37,-63],[119,-129],[7,-122],[-26,-97],[-29,-47],[60,-112],[36,-24],[1,-69],[68,-24],[3,-43],[-25,-54],[23,-69],[-7,-118],[38,-14],[119,27],[13,-48],[51,-28],[-10,-61],[115,10],[65,19],[82,98],[120,69],[52,0],[128,-127],[-41,-8],[-43,-142],[-42,-15],[-92,-108],[-32,28],[-46,-94],[-22,-15],[-73,-137],[-39,31],[30,95],[-37,34],[19,47],[-61,36],[-60,-30],[-27,-42],[-95,11],[-62,-94],[6,-44],[-61,-101],[16,-39],[3,-80],[-60,-26],[-88,66],[-57,-53],[-17,-55],[-100,-109],[-57,-12],[-14,-48],[-61,-35],[-21,-75],[-45,-65],[-85,10],[-64,-49],[-135,-5],[-36,-18],[-68,26],[-23,46],[-49,-12],[-95,66],[-148,82],[-128,33],[-74,96],[-8,40],[-61,32],[-10,-47],[11,-68],[38,-46],[-84,-76],[-51,13],[-50,37],[-70,6],[-113,61],[-34,-18],[-99,14],[-142,102],[-52,55],[-86,142],[-64,2],[-187,55],[-70,36],[-82,-10],[-29,-31],[-51,72],[-69,26],[-28,64],[-75,96],[82,65],[-34,40],[30,26],[-22,50],[-71,17],[-66,41],[-56,-7],[-17,-42],[10,-50],[35,-30],[-4,-112],[-13,-37],[-52,-29],[-53,1],[-65,45],[-3,61],[-119,45],[-44,-41],[-116,86],[-16,46],[-41,5],[-29,94],[58,101],[-1,67],[-125,62],[-65,-6],[-67,18],[32,-92],[-46,-29],[-62,5],[62,-117],[-9,-46],[-57,31],[-32,-29],[-124,-29],[-59,78],[-44,22],[-86,8],[-46,43],[1,65],[-51,192],[-42,-29],[-57,77],[-6,60],[25,26],[23,123],[49,95],[116,23],[72,-20],[-4,55],[120,18],[79,-15],[83,9],[36,-31],[66,45],[58,15],[6,85],[138,-39],[120,46],[45,86],[-19,59],[23,92],[59,53],[48,14],[57,-44],[43,80],[67,11],[77,-42],[23,38],[-17,66],[-47,68],[-2,46],[-51,37],[-66,5],[-50,75],[-35,23],[-11,65],[33,54],[5,46],[91,-63],[62,0],[-50,101],[-29,7],[-89,73],[-10,80],[29,30],[8,61],[46,8],[112,-55],[56,5],[81,-90],[7,-40],[46,-28],[10,-42],[48,-63],[61,-14],[79,-67],[12,-55],[71,-9],[40,51],[-34,46],[-117,88],[-15,42],[-84,74],[4,40],[-51,94],[-76,7],[-63,71],[33,28],[20,73],[-16,79],[12,81],[31,38],[32,120],[29,22],[24,65],[146,62],[19,90],[46,115],[79,42]]],"transform":{"scale":[0.0008518900865483043,0.00035804332405403925],"translate":[-141.0180731576275,41.684434717717444]},"objects":{"cd":{"type":"GeometryCollection","geometries":[{"arcs":[[[0]],[[1]],[[2,3,4]]],"type":"MultiPolygon","properties":{"CDUID":"1001","CDNAME":"Division No.  1","PRUID":"10"}},{"arcs":[[[-3,5,6,7]],[[8]],[[9]],[[10]],[[11]],[[12]],[[13]],[[14]],[[15]],[[16]],[[17]],[[18]]],"type":"MultiPolygon","properties":{"CDUID":"1002","CDNAME":"Division No.  2","PRUID":"10"}},{"arcs":[[[-7,19,20,21,22]],[[23]],[[24]],[[25]],[[26]],[[27]]],"type":"MultiPolygon","properties":{"CDUID":"1003","CDNAME":"Division No.  3","PRUID":"10"}},{"arcs":[[28,-21,29,30]],"type":"Polygon","properties":{"CDUID":"1004","CDNAME":"Division No.  4","PRUID":"10"}},{"arcs":[[[31,32,-31,33,34,35]],[[36]]],"type":"MultiPolygon","properties":{"CDUID":"1005","CDNAME":"Division No.  5","PRUID":"10"}},{"arcs":[[-22,-29,-33,37,38,39,40]],"type":"Polygon","properties":{"CDUID":"1006","CDNAME":"Division No.  6","PRUID":"10"}},{"arcs":[[[-4,-8,-23,-41,41,42]],[[43]],[[44]],[[45]],[[46]],[[47]],[[48]],[[49]],[[50]],[[51]]],"type":"MultiPolygon","properties":{"CDUID":"1007","CDNAME":"Division No.  7","PRUID":"10"}},{"arcs":[[[-38,-32,52]],[[-42,-40,53]],[[54]],[[55]],[[56]],[[57]],[[58]],[[59]],[[60]],[[61]],[[62]],[[63]],[[64]],[[65]],[[66]],[[67]],[[68]],[[69]],[[70]],[[71]],[[72]],[[73]],[[74]],[[75]]],"type":"MultiPolygon","properties":{"CDUID":"1008","CDNAME":"Division No.  8","PRUID":"10"}},{"arcs":[[[-35,76]],[[77]],[[78]],[[79]],[[80]],[[81]]],"type":"MultiPolygon","properties":{"CDUID":"1009","CDNAME":"Division No.  9","PRUID":"10"}},{"arcs":[[[84]],[[85]],[[86]],[[87]],[[88]],[[89]],[[90]],[[91]],[[92]],[[93]],[[94]],[[95]],[[96]],[[97]],[[98]],[[99]],[[100]],[[101]],[[102]],[[103]],[[104]],[[105]],[[106]],[[107]],[[108]],[[109]],[[110]],[[111,112]],[[113,114,115,116,117,118,119,120,121,122]],[[123,124,125,126,127,128,129,130,131,132,133,134,135,136,137],[82,83]]],"type":"MultiPolygon","properties":{"CDUID":"1010","CDNAME":"Division No. 10","PRUID":"10"}},{"arcs":[[[-112,139]],[[-115,140]],[[-117,141]],[[-121,143,-135,144,145]],[[-123,146]],[[-124,147]],[[-126,148]],[[-137,149]],[[150]],[[151]],[[152]],[[153]],[[154]],[[155]],[[156]],[[157]],[[158]],[[159]],[[160]],[[161]],[[162]],[[163]],[[164]],[[165]],[[166]],[[167]],[[168]],[[169]],[[170]],[[171]],[[172]],[[173]],[[174]],[[175]],[[176]],[[177]],[[178]],[[179]],[[180]],[[181]],[[182]],[[183]],[[184]],[[185]],[[186]],[[187]],[[188]],[[189]],[[190]],[[191]],[[192]],[[193]],[[194]],[[195]],[[196]],[[197]],[[198]],[[199]],[[200]],[[201]],[[202]],[[203]],[[204]],[[205]],[[206]],[[207]],[[208]],[[209]],[[210]],[[211]],[[212]],[[213]],[[214]],[[215]],[[216]],[[217]],[[218]],[[219]],[[220]],[[221]],[[222]],[[223,224]],[[225]],[[226]],[[227]],[[228]],[[229]],[[230]],[[231]],[[232]],[[233]],[[234]],[[235]],[[236]]],"type":"MultiPolygon","properties":{"CDUID":"1011","CDNAME":"Division No. 11","PRUID":"10"}},{"arcs":[[[237,238]],[[239,240,241,242]]],"type":"MultiPolygon","properties":{"CDUID":"1101","CDNAME":"Kings","PRUID":"11"}},{"arcs":[[[-242,243,244,245,-238,246]],[[247,-240]],[[250,251]]],"type":"MultiPolygon","properties":{"CDUID":"1102","CDNAME":"Queens","PRUID":"11"}},{"arcs":[[[-251,252,-245,253,-249,254]],[[255]],[[256]]],"type":"MultiPolygon","properties":{"CDUID":"1103","CDNAME":"Prince","PRUID":"11"}},{"arcs":[[[257]],[[258]],[[259]],[[260,261,262,263]]],"type":"MultiPolygon","properties":{"CDUID":"1201","CDNAME":"Shelburne","PRUID":"12"}},{"arcs":[[[264,265,-263]],[[266]],[[267]]],"type":"MultiPolygon","properties":{"CDUID":"1202","CDNAME":"Yarmouth","PRUID":"12"}},{"arcs":[[[268,269,-264,-266,270]],[[271]],[[272]]],"type":"MultiPolygon","properties":{"CDUID":"1203","CDNAME":"Digby","PRUID":"12"}},{"arcs":[[273,-261,-270,274,275]],"type":"Polygon","properties":{"CDUID":"1204","CDNAME":"Queens","PRUID":"12"}},{"arcs":[[276,-275,-269,277,278]],"type":"Polygon","properties":{"CDUID":"1205","CDNAME":"Annapolis","PRUID":"12"}},{"arcs":[[[279,-276,-277,280,281,282]],[[283]]],"type":"MultiPolygon","properties":{"CDUID":"1206","CDNAME":"Lunenburg","PRUID":"12"}},{"arcs":[[284,-281,-279,285]],"type":"Polygon","properties":{"CDUID":"1207","CDNAME":"Kings","PRUID":"12"}},{"arcs":[[286,287,-282,-285,288]],"type":"Polygon","properties":{"CDUID":"1208","CDNAME":"Hants","PRUID":"12"}},{"arcs":[[[289,-283,-288,290,291]],[[292]],[[293]]],"type":"MultiPolygon","properties":{"CDUID":"1209","CDNAME":"Halifax","PRUID":"12"}},{"arcs":[[294,295,-291,-287,296,297,298]],"type":"Polygon","properties":{"CDUID":"1210","CDNAME":"Colchester","PRUID":"12"}},{"arcs":[[-298,299,300,301]],"type":"Polygon","properties":{"CDUID":"1211","CDNAME":"Cumberland","PRUID":"12"}},{"arcs":[[[302,-295,303,304]],[[305]]],"type":"MultiPolygon","properties":{"CDUID":"1212","CDNAME":"Pictou","PRUID":"12"}},{"arcs":[[-292,-296,-303,306,307,308,309]],"type":"Polygon","properties":{"CDUID":"1213","CDNAME":"Guysborough","PRUID":"12"}},{"arcs":[[-307,-305,310]],"type":"Polygon","properties":{"CDUID":"1214","CDNAME":"Antigonish","PRUID":"12"}},{"arcs":[[311,312,313,314,315,316,-309,317]],"type":"Polygon","properties":{"CDUID":"1215","CDNAME":"Inverness","PRUID":"12"}},{"arcs":[[[-316,320,321,322]],[[323]],[[324]],[[325]]],"type":"MultiPolygon","properties":{"CDUID":"1216","CDNAME":"Richmond","PRUID":"12"}},{"arcs":[[[-322,326]],[[327]],[[328]],[[329,330]]],"type":"MultiPolygon","properties":{"CDUID":"1217","CDNAME":"Cape Breton","PRUID":"12"}},{"arcs":[[[-319,331,-312,332]],[[-314,333]],[[-330,334]],[[335]]],"type":"MultiPolygon","properties":{"CDUID":"1218","CDNAME":"Victoria","PRUID":"12"}},{"arcs":[[336,337,338,339,340,341,342,343,344,345]],"type":"Polygon","properties":{"CDUID":"1301","CDNAME":"Saint John","PRUID":"13"}},{"arcs":[[[347,-340]],[[349,-344,350,351,352,353]],[[354]],[[355]],[[356]],[[357]]],"type":"MultiPolygon","properties":{"CDUID":"1302","CDNAME":"Charlotte","PRUID":"13"}},{"arcs":[[-353,358,359,360]],"type":"Polygon","properties":{"CDUID":"1303","CDNAME":"Sunbury","PRUID":"13"}},{"arcs":[[361,-354,-361,362,363,364]],"type":"Polygon","properties":{"CDUID":"1304","CDNAME":"Queens","PRUID":"13"}},{"arcs":[[-345,-350,-362,365,366]],"type":"Polygon","properties":{"CDUID":"1305","CDNAME":"Kings","PRUID":"13"}},{"arcs":[[-346,-367,367,368]],"type":"Polygon","properties":{"CDUID":"1306","CDNAME":"Albert","PRUID":"13"}},{"arcs":[[-301,369,-368,-366,-365,370,371,372,373]],"type":"Polygon","properties":{"CDUID":"1307","CDNAME":"Westmorland","PRUID":"13"}},{"arcs":[[[-371,-364,374,375,376]],[[-373,377]],[[378]]],"type":"MultiPolygon","properties":{"CDUID":"1308","CDNAME":"Kent","PRUID":"13"}},{"arcs":[[379,-375,-363,-360,380,381,382,383]],"type":"Polygon","properties":{"CDUID":"1309","CDNAME":"Northumberland","PRUID":"13"}},{"arcs":[[-359,-352,386,387,388,-381]],"type":"Polygon","properties":{"CDUID":"1310","CDNAME":"York","PRUID":"13"}},{"arcs":[[389,390,-388]],"type":"Polygon","properties":{"CDUID":"1311","CDNAME":"Carleton","PRUID":"13"}},{"arcs":[[[-382,-389,-391,391,392,393,394,395]],[[396,397]]],"type":"MultiPolygon","properties":{"CDUID":"1312","CDNAME":"Victoria","PRUID":"13"}},{"arcs":[[[-395,399,-397,400,401]],[[402,403,404]]],"type":"MultiPolygon","properties":{"CDUID":"1313","CDNAME":"Madawaska","PRUID":"13"}},{"arcs":[[405,-383,-396,-402,406,-404,407,408,409,410,411]],"type":"Polygon","properties":{"CDUID":"1314","CDNAME":"Restigouche","PRUID":"13"}},{"arcs":[[[412,-385,413,-384,-406,414]],[[415]],[[416]],[[417]]],"type":"MultiPolygon","properties":{"CDUID":"1315","CDNAME":"Gloucester","PRUID":"13"}},{"arcs":[[[418]],[[419]],[[420]]],"type":"MultiPolygon","properties":{"CDUID":"2401","CDNAME":"Communauté maritime des Îles-de-la-Madeleine","PRUID":"24"}},{"arcs":[[421,422,423]],"type":"Polygon","properties":{"CDUID":"2402","CDNAME":"Le Rocher-Percé","PRUID":"24"}},{"arcs":[[-423,424,425]],"type":"Polygon","properties":{"CDUID":"2403","CDNAME":"La Côte-de-Gaspé","PRUID":"24"}},{"arcs":[[426,427,428,429,-425]],"type":"Polygon","properties":{"CDUID":"2404","CDNAME":"La Haute-Gaspésie","PRUID":"24"}},{"arcs":[[430,431,432,-427,-422]],"type":"Polygon","properties":{"CDUID":"2405","CDNAME":"Bonaventure","PRUID":"24"}},{"arcs":[[433,-411,434,435,-432]],"type":"Polygon","properties":{"CDUID":"2406","CDNAME":"Avignon","PRUID":"24"}},{"arcs":[[-428,-433,-436,436,437]],"type":"Polygon","properties":{"CDUID":"2407","CDNAME":"La Matapédia","PRUID":"24"}},{"arcs":[[-438,438,439,-429]],"type":"Polygon","properties":{"CDUID":"2408","CDNAME":"La Matanie","PRUID":"24"}},{"arcs":[[-437,-435,-410,440,441,-439]],"type":"Polygon","properties":{"CDUID":"2409","CDNAME":"La Mitis","PRUID":"24"}},{"arcs":[[[-409,442,443,444,-441]],[[445]]],"type":"MultiPolygon","properties":{"CDUID":"2410","CDNAME":"Rimouski-Neigette","PRUID":"24"}},{"arcs":[[446,447,448,-444]],"type":"Polygon","properties":{"CDUID":"2411","CDNAME":"Les Basques","PRUID":"24"}},{"arcs":[[[449,450,451,-448]],[[454]]],"type":"MultiPolygon","properties":{"CDUID":"2412","CDNAME":"Rivière-du-Loup","PRUID":"24"}},{"arcs":[[455,456,-450,-447,-443,-408,-403]],"type":"Polygon","properties":{"CDUID":"2413","CDNAME":"Témiscouata","PRUID":"24"}},{"arcs":[[457,458,459,-451,-457]],"type":"Polygon","properties":{"CDUID":"2414","CDNAME":"Kamouraska","PRUID":"24"}},{"arcs":[[461,462,463,464]],"type":"Polygon","properties":{"CDUID":"2415","CDNAME":"Charlevoix-Est","PRUID":"24"}},{"arcs":[[[465,466,467,468,-463]],[[469]]],"type":"MultiPolygon","properties":{"CDUID":"2416","CDNAME":"Charlevoix","PRUID":"24"}},{"arcs":[[470,471,472,-459]],"type":"Polygon","properties":{"CDUID":"2417","CDNAME":"L'Islet","PRUID":"24"}},{"arcs":[[[473,474,475,476,-472]],[[477]],[[478,479]]],"type":"MultiPolygon","properties":{"CDUID":"2418","CDNAME":"Montmagny","PRUID":"24"}},{"arcs":[[-476,480,481,482,483,484]],"type":"Polygon","properties":{"CDUID":"2419","CDNAME":"Bellechasse","PRUID":"24"}},{"arcs":[[485]],"type":"Polygon","properties":{"CDUID":"2420","CDNAME":"L'Île-d'Orléans","PRUID":"24"}},{"arcs":[[486,487,488,489,490,-467]],"type":"Polygon","properties":{"CDUID":"2421","CDNAME":"La Côte-de-Beaupré","PRUID":"24"}},{"arcs":[[491,492,493,-489]],"type":"Polygon","properties":{"CDUID":"2422","CDNAME":"La Jacques-Cartier","PRUID":"24"}},{"arcs":[[494,495,-492,-488]],"type":"Polygon","properties":{"CDUID":"2423","CDNAME":"Québec","PRUID":"24"}},{"arcs":[[496,497,498,-484]],"type":"Polygon","properties":{"CDUID":"2425","CDNAME":"Lévis","PRUID":"24"}},{"arcs":[[499,500,-497,-483]],"type":"Polygon","properties":{"CDUID":"2426","CDNAME":"La Nouvelle-Beauce","PRUID":"24"}},{"arcs":[[501,502,503,-500,-482,504]],"type":"Polygon","properties":{"CDUID":"2427","CDNAME":"Robert-Cliche","PRUID":"24"}},{"arcs":[[-479,505,506,-505,-481,-475]],"type":"Polygon","properties":{"CDUID":"2428","CDNAME":"Les Etchemins","PRUID":"24"}},{"arcs":[[507,508,509,-502,-507]],"type":"Polygon","properties":{"CDUID":"2429","CDNAME":"Beauce-Sartigan","PRUID":"24"}},{"arcs":[[510,511,512,-509]],"type":"Polygon","properties":{"CDUID":"2430","CDNAME":"Le Granit","PRUID":"24"}},{"arcs":[[-510,-513,513,514,515,516,517,-503]],"type":"Polygon","properties":{"CDUID":"2431","CDNAME":"Les Appalaches","PRUID":"24"}},{"arcs":[[-517,518,519,520]],"type":"Polygon","properties":{"CDUID":"2432","CDNAME":"L'Érable","PRUID":"24"}},{"arcs":[[-498,-501,-504,-518,-521,521,522]],"type":"Polygon","properties":{"CDUID":"2433","CDNAME":"Lotbinière","PRUID":"24"}},{"arcs":[[-496,523,524,525,526,-493]],"type":"Polygon","properties":{"CDUID":"2434","CDNAME":"Portneuf","PRUID":"24"}},{"arcs":[[-526,527,528,529,530,531]],"type":"Polygon","properties":{"CDUID":"2435","CDNAME":"Mékinac","PRUID":"24"}},{"arcs":[[532,533,-529]],"type":"Polygon","properties":{"CDUID":"2436","CDNAME":"Shawinigan","PRUID":"24"}},{"arcs":[[534,535,-533,-528,-525]],"type":"Polygon","properties":{"CDUID":"2437","CDNAME":"Francheville","PRUID":"24"}},{"arcs":[[-522,-520,536,537,538]],"type":"Polygon","properties":{"CDUID":"2438","CDNAME":"Bécancour","PRUID":"24"}},{"arcs":[[-516,539,540,541,-537,-519]],"type":"Polygon","properties":{"CDUID":"2439","CDNAME":"Arthabaska","PRUID":"24"}},{"arcs":[[542,543,-540,-515,544]],"type":"Polygon","properties":{"CDUID":"2440","CDNAME":"Les Sources","PRUID":"24"}},{"arcs":[[545,546,547,548,-545,-514,-512]],"type":"Polygon","properties":{"CDUID":"2441","CDNAME":"Le Haut-Saint-François","PRUID":"24"}},{"arcs":[[-549,549,550,551,552,553,-543]],"type":"Polygon","properties":{"CDUID":"2442","CDNAME":"Le Val-Saint-François","PRUID":"24"}},{"arcs":[[-548,554,555,-550]],"type":"Polygon","properties":{"CDUID":"2443","CDNAME":"Sherbrooke","PRUID":"24"}},{"arcs":[[556,557,-555,-547]],"type":"Polygon","properties":{"CDUID":"2444","CDNAME":"Coaticook","PRUID":"24"}},{"arcs":[[-556,-558,558,559,560,-551]],"type":"Polygon","properties":{"CDUID":"2445","CDNAME":"Memphrémagog","PRUID":"24"}},{"arcs":[[561,562,563,564,-560]],"type":"Polygon","properties":{"CDUID":"2446","CDNAME":"Brome-Missisquoi","PRUID":"24"}},{"arcs":[[-552,-561,-565,565,566,567]],"type":"Polygon","properties":{"CDUID":"2447","CDNAME":"La Haute-Yamaska","PRUID":"24"}},{"arcs":[[-553,-568,568,569]],"type":"Polygon","properties":{"CDUID":"2448","CDNAME":"Acton","PRUID":"24"}},{"arcs":[[-541,-544,-554,-570,570,571,572]],"type":"Polygon","properties":{"CDUID":"2449","CDNAME":"Drummond","PRUID":"24"}},{"arcs":[[[-542,-573,573,574,-538]],[[577,578]]],"type":"MultiPolygon","properties":{"CDUID":"2450","CDNAME":"Nicolet-Yamaska","PRUID":"24"}},{"arcs":[[-534,-536,579,580,581,-530]],"type":"Polygon","properties":{"CDUID":"2451","CDNAME":"Maskinongé","PRUID":"24"}},{"arcs":[[[582,583,584,585,-581]],[[586]],[[587]],[[588]]],"type":"MultiPolygon","properties":{"CDUID":"2452","CDNAME":"D'Autray","PRUID":"24"}},{"arcs":[[[589,-574,-572,590,591,592,593,-578,594]],[[596]]],"type":"MultiPolygon","properties":{"CDUID":"2453","CDNAME":"Pierre-De Saurel","PRUID":"24"}},{"arcs":[[-569,-567,597,598,-591,-571]],"type":"Polygon","properties":{"CDUID":"2454","CDNAME":"Les Maskoutains","PRUID":"24"}},{"arcs":[[-564,599,600,-598,-566]],"type":"Polygon","properties":{"CDUID":"2455","CDNAME":"Rouville","PRUID":"24"}},{"arcs":[[-563,601,602,603,604,-600]],"type":"Polygon","properties":{"CDUID":"2456","CDNAME":"Le Haut-Richelieu","PRUID":"24"}},{"arcs":[[-601,-605,605,606,-592,-599]],"type":"Polygon","properties":{"CDUID":"2457","CDNAME":"La Vallée-du-Richelieu","PRUID":"24"}},{"arcs":[[[-606,607,608,609]],[[610,611,612,613]]],"type":"MultiPolygon","properties":{"CDUID":"2458","CDNAME":"Longueuil","PRUID":"24"}},{"arcs":[[-607,-610,614,-593]],"type":"Polygon","properties":{"CDUID":"2459","CDNAME":"Marguerite-D'Youville","PRUID":"24"}},{"arcs":[[[-584,615,616,617,618]],[[619]]],"type":"MultiPolygon","properties":{"CDUID":"2460","CDNAME":"L'Assomption","PRUID":"24"}},{"arcs":[[-585,-619,620,621]],"type":"Polygon","properties":{"CDUID":"2461","CDNAME":"Joliette","PRUID":"24"}},{"arcs":[[-531,-582,-586,-622,622,623,624,625,626,627]],"type":"Polygon","properties":{"CDUID":"2462","CDNAME":"Matawinie","PRUID":"24"}},{"arcs":[[-618,628,629,-623,-621]],"type":"Polygon","properties":{"CDUID":"2463","CDNAME":"Montcalm","PRUID":"24"}},{"arcs":[[630,631,632,-629,-617]],"type":"Polygon","properties":{"CDUID":"2464","CDNAME":"Les Moulins","PRUID":"24"}},{"arcs":[[633]],"type":"Polygon","properties":{"CDUID":"2465","CDNAME":"Laval","PRUID":"24"}},{"arcs":[[[635]],[[636]],[[637]]],"type":"MultiPolygon","properties":{"CDUID":"2466","CDNAME":"Montréal","PRUID":"24"}},{"arcs":[[[638,639,640,-608,-604]],[[642]]],"type":"MultiPolygon","properties":{"CDUID":"2467","CDNAME":"Roussillon","PRUID":"24"}},{"arcs":[[643,644,645,-639,-603]],"type":"Polygon","properties":{"CDUID":"2468","CDNAME":"Les Jardins-de-Napierville","PRUID":"24"}},{"arcs":[[-645,646,647]],"type":"Polygon","properties":{"CDUID":"2469","CDNAME":"Le Haut-Saint-Laurent","PRUID":"24"}},{"arcs":[[[-646,-648,648,-640]],[[649,650,651,652,653,654,655,656]]],"type":"MultiPolygon","properties":{"CDUID":"2470","CDNAME":"Beauharnois-Salaberry","PRUID":"24"}},{"arcs":[[[657,-651,658]],[[-655,659,-653,660,661,662,663,664]],[[665]]],"type":"MultiPolygon","properties":{"CDUID":"2471","CDNAME":"Vaudreuil-Soulanges","PRUID":"24"}},{"arcs":[[666,667,668,669]],"type":"Polygon","properties":{"CDUID":"2472","CDNAME":"Deux-Montagnes","PRUID":"24"}},{"arcs":[[670,-670,671,672,-632]],"type":"Polygon","properties":{"CDUID":"2473","CDNAME":"Thérèse-De Blainville","PRUID":"24"}},{"arcs":[[-669,673,674,-672]],"type":"Polygon","properties":{"CDUID":"2474","CDNAME":"Mirabel","PRUID":"24"}},{"arcs":[[-633,-673,-675,675,676,-624,-630]],"type":"Polygon","properties":{"CDUID":"2475","CDNAME":"La Rivière-du-Nord","PRUID":"24"}},{"arcs":[[-676,-674,-668,677,678,679,680,681]],"type":"Polygon","properties":{"CDUID":"2476","CDNAME":"Argenteuil","PRUID":"24"}},{"arcs":[[-677,-682,682,-625]],"type":"Polygon","properties":{"CDUID":"2477","CDNAME":"Les Pays-d'en-Haut","PRUID":"24"}},{"arcs":[[-683,-681,683,684,-626]],"type":"Polygon","properties":{"CDUID":"2478","CDNAME":"Les Laurentides","PRUID":"24"}},{"arcs":[[-685,685,686,687,-627]],"type":"Polygon","properties":{"CDUID":"2479","CDNAME":"Antoine-Labelle","PRUID":"24"}},{"arcs":[[-680,688,689,690,691,692,-686,-684]],"type":"Polygon","properties":{"CDUID":"2480","CDNAME":"Papineau","PRUID":"24"}},{"arcs":[[693,694,-691]],"type":"Polygon","properties":{"CDUID":"2481","CDNAME":"Gatineau","PRUID":"24"}},{"arcs":[[-695,695,696,697,-692]],"type":"Polygon","properties":{"CDUID":"2482","CDNAME":"Les Collines-de-l'Outaouais","PRUID":"24"}},{"arcs":[[-693,-698,698,699,700,-687]],"type":"Polygon","properties":{"CDUID":"2483","CDNAME":"La Vallée-de-la-Gatineau","PRUID":"24"}},{"arcs":[[-699,-697,701,702,703]],"type":"Polygon","properties":{"CDUID":"2484","CDNAME":"Pontiac","PRUID":"24"}},{"arcs":[[-703,704,705,706,707,708]],"type":"Polygon","properties":{"CDUID":"2485","CDNAME":"Témiscamingue","PRUID":"24"}},{"arcs":[[709,-708,710,711,712,713]],"type":"Polygon","properties":{"CDUID":"2486","CDNAME":"Rouyn-Noranda","PRUID":"24"}},{"arcs":[[-713,714,715,716]],"type":"Polygon","properties":{"CDUID":"2487","CDNAME":"Abitibi-Ouest","PRUID":"24"}},{"arcs":[[-714,-717,717,718]],"type":"Polygon","properties":{"CDUID":"2488","CDNAME":"Abitibi","PRUID":"24"}},{"arcs":[[-700,-704,-709,-710,-719,719,720]],"type":"Polygon","properties":{"CDUID":"2489","CDNAME":"La Vallée-de-l'Or","PRUID":"24"}},{"arcs":[[721,722,-490,-494,-527,-532,-628,-688,-701,-721,723]],"type":"Polygon","properties":{"CDUID":"2490","CDNAME":"La Tuque","PRUID":"24"}},{"arcs":[[724,-722,725,726]],"type":"Polygon","properties":{"CDUID":"2491","CDNAME":"Le Domaine-du-Roy","PRUID":"24"}},{"arcs":[[727,728,-727,729]],"type":"Polygon","properties":{"CDUID":"2492","CDNAME":"Maria-Chapdelaine","PRUID":"24"}},{"arcs":[[730,-468,-491,-723,-725,-729]],"type":"Polygon","properties":{"CDUID":"2493","CDNAME":"Lac-Saint-Jean-Est","PRUID":"24"}},{"arcs":[[731,732,-464,-469,-731,-728,733,734]],"type":"Polygon","properties":{"CDUID":"2494","CDNAME":"Le Saguenay-et-son-Fjord","PRUID":"24"}},{"arcs":[[735,-465,-733,736]],"type":"Polygon","properties":{"CDUID":"2495","CDNAME":"La Haute-Côte-Nord","PRUID":"24"}},{"arcs":[[737,-737,-732,738]],"type":"Polygon","properties":{"CDUID":"2496","CDNAME":"Manicouagan","PRUID":"24"}},{"arcs":[[[739,740,-739,-735,741,-129]],[[742,-131]],[[743,-133]]],"type":"MultiPolygon","properties":{"CDUID":"2497","CDNAME":"Sept-Rivières--Caniapiscau","PRUID":"24"}},{"arcs":[[[744,-740,-128,745],[769]],[[746]],[[747]],[[748]],[[749]],[[750]],[[751]],[[752]],[[753]],[[754]],[[755]],[[756]],[[757]],[[758]],[[759]],[[760]],[[761]],[[762]],[[763]],[[764]],[[765]],[[766]],[[767]],[[768]]],"type":"MultiPolygon","properties":{"CDUID":"2498","CDNAME":"Minganie--Le Golfe-du-Saint-Laurent","PRUID":"24"}},{"arcs":[[[-145,-134,-744,-132,-743,-130,-742,-734,-730,-726,-724,-720,-718,-716,770,771,772,773,774,775]],[[778]],[[779]],[[780]],[[781]],[[782]],[[783]],[[784]],[[785]],[[786]],[[787]],[[788]],[[789]],[[790]],[[791]],[[792]],[[793]],[[794]],[[795]],[[796]],[[797]],[[798]]],"type":"MultiPolygon","properties":{"CDUID":"2499","CDNAME":"Nord-du-Québec","PRUID":"24"}},{"arcs":[[[-663,799,800,801,802]],[[804]]],"type":"MultiPolygon","properties":{"CDUID":"3501","CDNAME":"Stormont, Dundas and Glengarry","PRUID":"35"}},{"arcs":[[805,-664,-803,806,-689,-679]],"type":"Polygon","properties":{"CDUID":"3502","CDNAME":"Prescott and Russell","PRUID":"35"}},{"arcs":[[-802,807,808,809,-696,-694,-690,-807]],"type":"Polygon","properties":{"CDUID":"3506","CDNAME":"Ottawa","PRUID":"35"}},{"arcs":[[-801,810,811,812,-808]],"type":"Polygon","properties":{"CDUID":"3507","CDNAME":"Leeds and Grenville","PRUID":"35"}},{"arcs":[[-813,813,814,-809]],"type":"Polygon","properties":{"CDUID":"3509","CDNAME":"Lanark","PRUID":"35"}},{"arcs":[[[-814,-812,815,816,817]],[[818]],[[819]]],"type":"MultiPolygon","properties":{"CDUID":"3510","CDNAME":"Frontenac","PRUID":"35"}},{"arcs":[[[820,821,822,823,-817]],[[824]]],"type":"MultiPolygon","properties":{"CDUID":"3511","CDNAME":"Lennox and Addington","PRUID":"35"}},{"arcs":[[[-823,825,826,827,828,829,830]],[[832,833,834,835]]],"type":"MultiPolygon","properties":{"CDUID":"3512","CDNAME":"Hastings","PRUID":"35"}},{"arcs":[[-833,836],[837]],"type":"Polygon","properties":{"CDUID":"3513","CDNAME":"Prince Edward","PRUID":"35"}},{"arcs":[[[838,839,840,-827]],[[841,-835]]],"type":"MultiPolygon","properties":{"CDUID":"3514","CDNAME":"Northumberland","PRUID":"35"}},{"arcs":[[-841,842,843,844,-828]],"type":"Polygon","properties":{"CDUID":"3515","CDNAME":"Peterborough","PRUID":"35"}},{"arcs":[[-844,845,846,847,848]],"type":"Polygon","properties":{"CDUID":"3516","CDNAME":"Kawartha Lakes","PRUID":"35"}},{"arcs":[[-843,-840,849,850,851,852,-846]],"type":"Polygon","properties":{"CDUID":"3518","CDNAME":"Durham","PRUID":"35"}},{"arcs":[[853,854,855,-852]],"type":"Polygon","properties":{"CDUID":"3519","CDNAME":"York","PRUID":"35"}},{"arcs":[[856,857,-854,-851]],"type":"Polygon","properties":{"CDUID":"3520","CDNAME":"Toronto","PRUID":"35"}},{"arcs":[[-858,858,859,860,861,862,-855]],"type":"Polygon","properties":{"CDUID":"3521","CDNAME":"Peel","PRUID":"35"}},{"arcs":[[-862,863,864,865]],"type":"Polygon","properties":{"CDUID":"3522","CDNAME":"Dufferin","PRUID":"35"}},{"arcs":[[-861,866,867,868,869,870,871,872,-864]],"type":"Polygon","properties":{"CDUID":"3523","CDNAME":"Wellington","PRUID":"35"}},{"arcs":[[873,874,875,876,-867,-860]],"type":"Polygon","properties":{"CDUID":"3524","CDNAME":"Halton","PRUID":"35"}},{"arcs":[[877,878,879,880,881,-868,-877]],"type":"Polygon","properties":{"CDUID":"3525","CDNAME":"Hamilton","PRUID":"35"}},{"arcs":[[883,-879,884]],"type":"Polygon","properties":{"CDUID":"3526","CDNAME":"Niagara","PRUID":"35"}},{"arcs":[[[-884,885,886,887,888,-880]],[[889]]],"type":"MultiPolygon","properties":{"CDUID":"3528","CDNAME":"Haldimand-Norfolk","PRUID":"35"}},{"arcs":[[-889,890,891,-881]],"type":"Polygon","properties":{"CDUID":"3529","CDNAME":"Brant","PRUID":"35"}},{"arcs":[[-882,-892,892,893,-869]],"type":"Polygon","properties":{"CDUID":"3530","CDNAME":"Waterloo","PRUID":"35"}},{"arcs":[[-894,894,895,896,-870]],"type":"Polygon","properties":{"CDUID":"3531","CDNAME":"Perth","PRUID":"35"}},{"arcs":[[-891,-888,897,898,-895,-893]],"type":"Polygon","properties":{"CDUID":"3532","CDNAME":"Oxford","PRUID":"35"}},{"arcs":[[-887,899,900,901,-898]],"type":"Polygon","properties":{"CDUID":"3534","CDNAME":"Elgin","PRUID":"35"}},{"arcs":[[-901,902,903,904,905,906]],"type":"Polygon","properties":{"CDUID":"3536","CDNAME":"Chatham-Kent","PRUID":"35"}},{"arcs":[[[907,-904]],[[908]]],"type":"MultiPolygon","properties":{"CDUID":"3537","CDNAME":"Essex","PRUID":"35"}},{"arcs":[[[909,-906,910,911]],[[912]],[[913]]],"type":"MultiPolygon","properties":{"CDUID":"3538","CDNAME":"Lambton","PRUID":"35"}},{"arcs":[[-899,-902,-907,-910,914,-896]],"type":"Polygon","properties":{"CDUID":"3539","CDNAME":"Middlesex","PRUID":"35"}},{"arcs":[[-897,-915,-912,915,916,-871]],"type":"Polygon","properties":{"CDUID":"3540","CDNAME":"Huron","PRUID":"35"}},{"arcs":[[[917,-872,-917,918]],[[919]]],"type":"MultiPolygon","properties":{"CDUID":"3541","CDNAME":"Bruce","PRUID":"35"}},{"arcs":[[[920,-865,-873,-918,921]],[[922]]],"type":"MultiPolygon","properties":{"CDUID":"3542","CDNAME":"Grey","PRUID":"35"}},{"arcs":[[[923,924,-847,-853,-856,-863,-866,-921,925]],[[926]],[[927]],[[928]],[[929]]],"type":"MultiPolygon","properties":{"CDUID":"3543","CDNAME":"Simcoe","PRUID":"35"}},{"arcs":[[[930,931,932,933,934,935,-848,-925,936]],[[937]]],"type":"MultiPolygon","properties":{"CDUID":"3544","CDNAME":"Muskoka","PRUID":"35"}},{"arcs":[[-845,-849,-936,938,-829]],"type":"Polygon","properties":{"CDUID":"3546","CDNAME":"Haliburton","PRUID":"35"}},{"arcs":[[-702,-810,-815,-818,-824,-831,939,-705]],"type":"Polygon","properties":{"CDUID":"3547","CDNAME":"Renfrew","PRUID":"35"}},{"arcs":[[-706,-940,-830,-939,-935,940,941,942]],"type":"Polygon","properties":{"CDUID":"3548","CDNAME":"Nipissing","PRUID":"35"}},{"arcs":[[[-932,943]],[[-934,944,945,-941]],[[946]],[[947]],[[948]],[[949]],[[950]],[[951]]],"type":"MultiPolygon","properties":{"CDUID":"3549","CDNAME":"Parry Sound","PRUID":"35"}},{"arcs":[[[954]],[[955]],[[956]],[[957]],[[958]],[[959]],[[960]],[[961]],[[962]],[[963,964]],[[965]],[[966]],[[967]],[[968]]],"type":"MultiPolygon","properties":{"CDUID":"3551","CDNAME":"Manitoulin","PRUID":"35"}},{"arcs":[[[-942,-946,969,-964,970,-953,971,972,973,974],[979]],[[975]],[[976]],[[977]],[[978]]],"type":"MultiPolygon","properties":{"CDUID":"3552","CDNAME":"Sudbury","PRUID":"35"}},{"arcs":[[-980]],"type":"Polygon","properties":{"CDUID":"3553","CDNAME":"Greater Sudbury / Grand Sudbury","PRUID":"35"}},{"arcs":[[-707,-943,-975,980,-711]],"type":"Polygon","properties":{"CDUID":"3554","CDNAME":"Timiskaming","PRUID":"35"}},{"arcs":[[-771,-715,-712,-981,-974,981,982,983,984]],"type":"Polygon","properties":{"CDUID":"3556","CDNAME":"Cochrane","PRUID":"35"}},{"arcs":[[[-973,985,986,-982]],[[987]],[[988]],[[989]],[[990]],[[991]],[[992]],[[993]],[[994]],[[995]],[[996]]],"type":"MultiPolygon","properties":{"CDUID":"3557","CDNAME":"Algoma","PRUID":"35"}},{"arcs":[[[-987,997,998,999,-983]],[[1000]],[[1001]],[[1002]],[[1003]],[[1004]],[[1005]],[[1006]],[[1007]],[[1008]],[[1009]],[[1010]],[[1011]],[[1012]],[[1013]],[[1014]]],"type":"MultiPolygon","properties":{"CDUID":"3558","CDNAME":"Thunder Bay","PRUID":"35"}},{"arcs":[[[-999,1015,1016]],[[1042]],[[1043,1044]],[[1045]],[[1046]],[[1047]],[[1048]],[[1049]],[[1050]],[[1051]],[[1052]],[[1053]],[[1054]],[[1055,1056,1057,1058,1059]],[[1060,1061]],[[1062,1063]],[[1064,1065]],[[1066,1067]],[[1068]],[[1069]]],"type":"MultiPolygon","properties":{"CDUID":"3559","CDNAME":"Rainy River","PRUID":"35"}},{"arcs":[[[1070,1071,1072,1073,-984,-1000,-1017,1074,-1067,1075,-1034,1076,-1059,1077,1078,1079,1080,1081,1082],[1117]],[[-1057,1083,-1066,1084,-1021,1085,-1029,1086,-1063,1087,-1061,1088,-1037,1089,-1028,1090,-1031,1091,-1023,1092,-1045,1093,-1025,1094,-1035,1095]],[[1102]],[[1103]],[[1104]],[[1105]],[[1106]],[[1107]],[[1108]],[[1109,1110]],[[1111]],[[1112]],[[1113]],[[1114,1115,1116]]],"type":"MultiPolygon","properties":{"CDUID":"3560","CDNAME":"Kenora","PRUID":"35"}},{"arcs":[[-1079,1118,-1101,1119,-1110,1120,-1116,1121,1122,1123,1124,1125]],"type":"Polygon","properties":{"CDUID":"4601","CDNAME":"Division No.  1","PRUID":"46"}},{"arcs":[[1127,-1123,1128,1129,1130,1131]],"type":"Polygon","properties":{"CDUID":"4602","CDNAME":"Division No.  2","PRUID":"46"}},{"arcs":[[-1130,1132,1133,1134,1135,1136]],"type":"Polygon","properties":{"CDUID":"4603","CDNAME":"Division No.  3","PRUID":"46"}},{"arcs":[[1137,-1134,1138,1139,1140]],"type":"Polygon","properties":{"CDUID":"4604","CDNAME":"Division No.  4","PRUID":"46"}},{"arcs":[[1141,-1140,1142,1143,1144]],"type":"Polygon","properties":{"CDUID":"4605","CDNAME":"Division No.  5","PRUID":"46"}},{"arcs":[[1145,-1145,1146,1147]],"type":"Polygon","properties":{"CDUID":"4606","CDNAME":"Division No.  6","PRUID":"46"}},{"arcs":[[1148,-1141,-1142,-1146,1149]],"type":"Polygon","properties":{"CDUID":"4607","CDNAME":"Division No.  7","PRUID":"46"}},{"arcs":[[1150,1151,-1135,-1138,-1149,1152,1153]],"type":"Polygon","properties":{"CDUID":"4608","CDNAME":"Division No.  8","PRUID":"46"}},{"arcs":[[1154,-1136,-1152,1155,1156]],"type":"Polygon","properties":{"CDUID":"4609","CDNAME":"Division No.  9","PRUID":"46"}},{"arcs":[[1157,-1131,-1137,-1155,1158]],"type":"Polygon","properties":{"CDUID":"4610","CDNAME":"Division No. 10","PRUID":"46"}},{"arcs":[[1159,-1132,-1158,1160,1161]],"type":"Polygon","properties":{"CDUID":"4611","CDNAME":"Division No. 11","PRUID":"46"}},{"arcs":[[-1124,-1128,-1160,1162]],"type":"Polygon","properties":{"CDUID":"4612","CDNAME":"Division No. 12","PRUID":"46"}},{"arcs":[[-1125,-1163,-1162,1163,1164,1165]],"type":"Polygon","properties":{"CDUID":"4613","CDNAME":"Division No. 13","PRUID":"46"}},{"arcs":[[-1161,-1159,-1157,1166,-1164]],"type":"Polygon","properties":{"CDUID":"4614","CDNAME":"Division No. 14","PRUID":"46"}},{"arcs":[[-1153,-1150,-1148,1167,1168,1169]],"type":"Polygon","properties":{"CDUID":"4615","CDNAME":"Division No. 15","PRUID":"46"}},{"arcs":[[1170,-1169,1171,1172,1173]],"type":"Polygon","properties":{"CDUID":"4616","CDNAME":"Division No. 16","PRUID":"46"}},{"arcs":[[1174,-1154,-1170,-1171,1175,1176]],"type":"Polygon","properties":{"CDUID":"4617","CDNAME":"Division No. 17","PRUID":"46"}},{"arcs":[[-1165,-1167,-1156,-1151,-1175,1177]],"type":"Polygon","properties":{"CDUID":"4618","CDNAME":"Division No. 18","PRUID":"46"}},{"arcs":[[-1080,-1126,-1166,-1178,-1177,1178,1179,1180,1181]],"type":"Polygon","properties":{"CDUID":"4619","CDNAME":"Division No. 19","PRUID":"46"}},{"arcs":[[-1176,-1174,1182,1183,-1179]],"type":"Polygon","properties":{"CDUID":"4620","CDNAME":"Division No. 20","PRUID":"46"}},{"arcs":[[-1181,1184,1185,1186,1187]],"type":"Polygon","properties":{"CDUID":"4621","CDNAME":"Division No. 21","PRUID":"46"}},{"arcs":[[-1081,-1182,-1188,1188]],"type":"Polygon","properties":{"CDUID":"4622","CDNAME":"Division No. 22","PRUID":"46"}},{"arcs":[[1189,1190,1191,1192,1193,1194,-1082,-1189,-1187,1195,1196]],"type":"Polygon","properties":{"CDUID":"4623","CDNAME":"Division No. 23","PRUID":"46"}},{"arcs":[[-1147,-1144,1197,1198,1199]],"type":"Polygon","properties":{"CDUID":"4701","CDNAME":"Division No.  1","PRUID":"47"}},{"arcs":[[-1199,1200,1201,1202]],"type":"Polygon","properties":{"CDUID":"4702","CDNAME":"Division No.  2","PRUID":"47"}},{"arcs":[[-1202,1203,1204,1205]],"type":"Polygon","properties":{"CDUID":"4703","CDNAME":"Division No.  3","PRUID":"47"}},{"arcs":[[-1205,1206,1207,1208]],"type":"Polygon","properties":{"CDUID":"4704","CDNAME":"Division No.  4","PRUID":"47"}},{"arcs":[[-1172,-1168,-1200,1209,1210]],"type":"Polygon","properties":{"CDUID":"4705","CDNAME":"Division No.  5","PRUID":"47"}},{"arcs":[[1211,-1210,-1203,1212,1213]],"type":"Polygon","properties":{"CDUID":"4706","CDNAME":"Division No.  6","PRUID":"47"}},{"arcs":[[1214,-1213,-1206,1215,1216]],"type":"Polygon","properties":{"CDUID":"4707","CDNAME":"Division No.  7","PRUID":"47"}},{"arcs":[[1217,-1216,-1209,1218,1219,1220]],"type":"Polygon","properties":{"CDUID":"4708","CDNAME":"Division No.  8","PRUID":"47"}},{"arcs":[[-1183,-1173,-1211,1221,1222]],"type":"Polygon","properties":{"CDUID":"4709","CDNAME":"Division No.  9","PRUID":"47"}},{"arcs":[[1223,-1222,-1212,1224,1225]],"type":"Polygon","properties":{"CDUID":"4710","CDNAME":"Division No. 10","PRUID":"47"}},{"arcs":[[1226,-1225,-1214,-1215,1227,1228]],"type":"Polygon","properties":{"CDUID":"4711","CDNAME":"Division No. 11","PRUID":"47"}},{"arcs":[[-1228,-1217,-1218,1229,1230,1231]],"type":"Polygon","properties":{"CDUID":"4712","CDNAME":"Division No. 12","PRUID":"47"}},{"arcs":[[-1230,-1221,1232,1233,1234]],"type":"Polygon","properties":{"CDUID":"4713","CDNAME":"Division No. 13","PRUID":"47"}},{"arcs":[[-1185,-1180,-1184,-1223,-1224,1235,1236]],"type":"Polygon","properties":{"CDUID":"4714","CDNAME":"Division No. 14","PRUID":"47"}},{"arcs":[[-1226,-1227,1237,1238,-1236]],"type":"Polygon","properties":{"CDUID":"4715","CDNAME":"Division No. 15","PRUID":"47"}},{"arcs":[[-1238,-1229,-1232,1239,1240]],"type":"Polygon","properties":{"CDUID":"4716","CDNAME":"Division No. 16","PRUID":"47"}},{"arcs":[[-1240,-1231,-1235,1241,1242,1243]],"type":"Polygon","properties":{"CDUID":"4717","CDNAME":"Division No. 17","PRUID":"47"}},{"arcs":[[-1196,-1186,-1237,-1239,-1241,-1244,1244,1245,1246]],"type":"Polygon","properties":{"CDUID":"4718","CDNAME":"Division No. 18","PRUID":"47"}},{"arcs":[[-1219,-1208,1247,1248,1249]],"type":"Polygon","properties":{"CDUID":"4801","CDNAME":"Division No.  1","PRUID":"48"}},{"arcs":[[-1249,1250,1251,1252,1253]],"type":"Polygon","properties":{"CDUID":"4802","CDNAME":"Division No.  2","PRUID":"48"}},{"arcs":[[1254,-1252,1255,1256,1257,1258]],"type":"Polygon","properties":{"CDUID":"4803","CDNAME":"Division No.  3","PRUID":"48"}},{"arcs":[[-1233,-1220,-1250,-1254,1259,1260]],"type":"Polygon","properties":{"CDUID":"4804","CDNAME":"Division No.  4","PRUID":"48"}},{"arcs":[[1261,-1260,-1253,-1255,1262,1263]],"type":"Polygon","properties":{"CDUID":"4805","CDNAME":"Division No.  5","PRUID":"48"}},{"arcs":[[1264,-1263,-1259,1265,1266]],"type":"Polygon","properties":{"CDUID":"4806","CDNAME":"Division No.  6","PRUID":"48"}},{"arcs":[[-1234,-1261,-1262,1267,1268]],"type":"Polygon","properties":{"CDUID":"4807","CDNAME":"Division No.  7","PRUID":"48"}},{"arcs":[[1269,-1268,-1264,-1265,1270,1271]],"type":"Polygon","properties":{"CDUID":"4808","CDNAME":"Division No.  8","PRUID":"48"}},{"arcs":[[1272,-1271,-1267,1273,1274]],"type":"Polygon","properties":{"CDUID":"4809","CDNAME":"Division No.  9","PRUID":"48"}},{"arcs":[[-1242,-1269,-1270,1275,1276,1277]],"type":"Polygon","properties":{"CDUID":"4810","CDNAME":"Division No. 10","PRUID":"48"}},{"arcs":[[-1276,-1272,-1273,1278,1279]],"type":"Polygon","properties":{"CDUID":"4811","CDNAME":"Division No. 11","PRUID":"48"}},{"arcs":[[-1245,-1243,-1278,1280,1281,1282]],"type":"Polygon","properties":{"CDUID":"4812","CDNAME":"Division No. 12","PRUID":"48"}},{"arcs":[[-1277,-1280,1283,1284,1285,-1281]],"type":"Polygon","properties":{"CDUID":"4813","CDNAME":"Division No. 13","PRUID":"48"}},{"arcs":[[-1284,-1279,-1275,1286,1287,1288,1289]],"type":"Polygon","properties":{"CDUID":"4814","CDNAME":"Division No. 14","PRUID":"48"}},{"arcs":[[-1274,-1266,-1258,1290,1291,1292,-1287]],"type":"Polygon","properties":{"CDUID":"4815","CDNAME":"Division No. 15","PRUID":"48"}},{"arcs":[[-1283,1293,1294,-1246]],"type":"Polygon","properties":{"CDUID":"4816","CDNAME":"Division No. 16","PRUID":"48"}},{"arcs":[[-1282,-1286,1295,1296,1297,1298,1299,1300,-1294]],"type":"Polygon","properties":{"CDUID":"4817","CDNAME":"Division No. 17","PRUID":"48"}},{"arcs":[[-1296,-1285,-1290,1301,1302]],"type":"Polygon","properties":{"CDUID":"4818","CDNAME":"Division No. 18","PRUID":"48"}},{"arcs":[[-1303,1303,-1297]],"type":"Polygon","properties":{"CDUID":"4819","CDNAME":"Division No. 19","PRUID":"48"}},{"arcs":[[-1257,1304,1305,1306,-1291]],"type":"Polygon","properties":{"CDUID":"5901","CDNAME":"East Kootenay","PRUID":"59"}},{"arcs":[[-1306,1307,1308,1309,1310]],"type":"Polygon","properties":{"CDUID":"5903","CDNAME":"Central Kootenay","PRUID":"59"}},{"arcs":[[1311,-1309,1312,1313,1314]],"type":"Polygon","properties":{"CDUID":"5905","CDNAME":"Kootenay Boundary","PRUID":"59"}},{"arcs":[[1315,-1314,1316,1317,1318]],"type":"Polygon","properties":{"CDUID":"5907","CDNAME":"Okanagan-Similkameen","PRUID":"59"}},{"arcs":[[1319,-1318,1320,1321,1322]],"type":"Polygon","properties":{"CDUID":"5909","CDNAME":"Fraser Valley","PRUID":"59"}},{"arcs":[[[-1322,1323,1324]],[[1325]],[[1326]],[[1327]]],"type":"MultiPolygon","properties":{"CDUID":"5915","CDNAME":"Greater Vancouver","PRUID":"59"}},{"arcs":[[[1328]],[[1329]],[[1330]],[[1331]],[[1332]],[[1333]],[[1334]],[[1335]],[[1336]],[[1337,1338]]],"type":"MultiPolygon","properties":{"CDUID":"5917","CDNAME":"Capital","PRUID":"59"}},{"arcs":[[[1339,-1339,1340,1341,1342]],[[1343]],[[1344]],[[1345]]],"type":"MultiPolygon","properties":{"CDUID":"5919","CDNAME":"Cowichan Valley","PRUID":"59"}},{"arcs":[[[1346,-1343,1347,1348]],[[1349]]],"type":"MultiPolygon","properties":{"CDUID":"5921","CDNAME":"Nanaimo","PRUID":"59"}},{"arcs":[[[1350,1351,-1348,-1342,1352]],[[1353]],[[1354]],[[1355]],[[1356]],[[1357]],[[1358]]],"type":"MultiPolygon","properties":{"CDUID":"5923","CDNAME":"Alberni-Clayoquot","PRUID":"59"}},{"arcs":[[[1359,1360,-1351,1361,1362]],[[1364]],[[1365]],[[1366]],[[1367]],[[1368]],[[1369]],[[1370]],[[1371]],[[1372]],[[1373]],[[1374]],[[1375]],[[1376]],[[1377]],[[1378]],[[1379]],[[1380]],[[1381]],[[1382]],[[1383,1384,1385,1386,1387]]],"type":"MultiPolygon","properties":{"CDUID":"5924","CDNAME":"Strathcona","PRUID":"59"}},{"arcs":[[[1388,-1349,-1352,-1361]],[[1389]],[[1390]]],"type":"MultiPolygon","properties":{"CDUID":"5926","CDNAME":"Comox Valley","PRUID":"59"}},{"arcs":[[[1391,1392,1393,-1385]],[[1394]],[[1395]],[[1396]],[[1397]]],"type":"MultiPolygon","properties":{"CDUID":"5927","CDNAME":"Powell River","PRUID":"59"}},{"arcs":[[[1398,1399,-1393]],[[1400]],[[1401]],[[1402]],[[1403]],[[1404]],[[1405]]],"type":"MultiPolygon","properties":{"CDUID":"5929","CDNAME":"Sunshine Coast","PRUID":"59"}},{"arcs":[[1406,-1323,-1325,1407,-1399,-1392,-1384,1408]],"type":"Polygon","properties":{"CDUID":"5931","CDNAME":"Squamish-Lillooet","PRUID":"59"}},{"arcs":[[1409,1410,1411,1412,-1319,-1320,-1407,1413]],"type":"Polygon","properties":{"CDUID":"5933","CDNAME":"Thompson-Nicola","PRUID":"59"}},{"arcs":[[-1315,-1316,-1413,1414]],"type":"Polygon","properties":{"CDUID":"5935","CDNAME":"Central Okanagan","PRUID":"59"}},{"arcs":[[-1310,-1312,-1415,-1412,1415]],"type":"Polygon","properties":{"CDUID":"5937","CDNAME":"North Okanagan","PRUID":"59"}},{"arcs":[[-1307,-1311,-1416,-1411,1416,-1292]],"type":"Polygon","properties":{"CDUID":"5939","CDNAME":"Columbia-Shuswap","PRUID":"59"}},{"arcs":[[1417,-1414,-1409,-1388,1418,1419,1420]],"type":"Polygon","properties":{"CDUID":"5941","CDNAME":"Cariboo","PRUID":"59"}},{"arcs":[[[-1363,1421]],[[-1419,-1387,1422,1423]],[[1424]],[[1425]],[[1426]],[[1427]],[[1428]],[[1429]],[[1430]],[[1431]],[[1432]],[[1433]],[[1434]],[[1435]],[[1436]],[[1437]],[[1438]],[[1439]],[[1440]],[[1441]],[[1442]],[[1443]],[[1444]],[[1445]]],"type":"MultiPolygon","properties":{"CDUID":"5943","CDNAME":"Mount Waddington","PRUID":"59"}},{"arcs":[[[-1420,-1424,1446,1447,1448]],[[1449]],[[1450]],[[1451]],[[1452]],[[1453]],[[1454]],[[1455]],[[1456]],[[1457]],[[1458]],[[1459]],[[1460]],[[1461]],[[1462]],[[1463]],[[1464]],[[1465]],[[1466]],[[1467]],[[1468]],[[1469]],[[1470]],[[1471]],[[1472]],[[1473]],[[1474]],[[1475]],[[1476]]],"type":"MultiPolygon","properties":{"CDUID":"5945","CDNAME":"Central Coast","PRUID":"59"}},{"arcs":[[[1477]],[[1478]],[[1479]],[[1480]],[[1481]],[[1482]],[[1483]],[[1484]],[[1485]],[[1486]],[[1487]],[[1488]],[[1489]],[[1490]],[[1491]],[[1492]],[[1493]],[[1494]],[[1495]],[[1496]],[[1497]],[[1498]],[[1499]],[[1500]],[[1501]],[[1502]],[[1503]],[[1504]],[[1505]],[[1506]],[[1507]],[[1508]],[[1509]],[[1510]],[[1511]],[[1512]],[[1513]],[[1514]],[[1515]],[[1516]],[[1517]],[[1518]],[[1519]],[[1520]],[[1521]],[[1522,1523]],[[1524]]],"type":"MultiPolygon","properties":{"CDUID":"5947","CDNAME":"Skeena-Queen Charlotte","PRUID":"59"}},{"arcs":[[[1525,-1448,1526,-1523,1527,1528]],[[1529]],[[1530]],[[1531]],[[1532]],[[1533]],[[1534]],[[1535]],[[1536]],[[1537]],[[1538]],[[1539]],[[1540]],[[1541]],[[1542]],[[1543]],[[1544]],[[1545]],[[1546]],[[1547]],[[1548]],[[1549]],[[1550]],[[1551]],[[1552]],[[1553]],[[1554]],[[1555]]],"type":"MultiPolygon","properties":{"CDUID":"5949","CDNAME":"Kitimat-Stikine","PRUID":"59"}},{"arcs":[[1556,1557,-1421,-1449,-1526,1558]],"type":"Polygon","properties":{"CDUID":"5951","CDNAME":"Bulkley-Nechako","PRUID":"59"}},{"arcs":[[-1288,-1293,-1417,-1410,-1418,-1558,1559]],"type":"Polygon","properties":{"CDUID":"5953","CDNAME":"Fraser-Fort George","PRUID":"59"}},{"arcs":[[1560,-1298,-1304,-1302,-1289,-1560,-1557,1561]],"type":"Polygon","properties":{"CDUID":"5955","CDNAME":"Peace River","PRUID":"59"}},{"arcs":[[1562,-1562,-1559,-1529,1563,1564]],"type":"Polygon","properties":{"CDUID":"5957","CDNAME":"Stikine","PRUID":"59"}},{"arcs":[[1565,-1299,-1561,-1563,1566]],"type":"Polygon","properties":{"CDUID":"5959","CDNAME":"Northern Rockies","PRUID":"59"}},{"arcs":[[[1567,1568,1569,-1567,-1565,1570]],[[1571,1572]],[[1573]]],"type":"MultiPolygon","properties":{"CDUID":"6001","CDNAME":"Yukon","PRUID":"60"}},{"arcs":[[[1574,1575,1576,-1568,1577,-1572,1578],[1670]],[[1581]],[[1582]],[[1583]],[[1584]],[[1585]],[[1586]],[[1587]],[[1588]],[[1589]],[[1590]],[[1591]],[[1592]],[[1593]],[[1594]],[[1595]],[[1596]],[[1597]],[[1598]],[[1599]],[[1600]],[[1601]],[[1602]],[[1603]],[[1604]],[[1605]],[[1606]],[[1607]],[[1608]],[[1609]],[[1610]],[[1611]],[[1612]],[[1613]],[[1614]],[[1615]],[[1616]],[[1617]],[[1618]],[[1619]],[[1620]],[[1621]],[[1622]],[[1623]],[[1624]],[[1625]],[[1626]],[[1627]],[[1628]],[[1629]],[[1630,1631]],[[1632]],[[1633]],[[1634]],[[1635]],[[1636]],[[1637]],[[1638]],[[1639]],[[1640]],[[1641,1642]],[[1643]],[[1644]],[[1645]],[[1646]],[[1647]],[[1648]],[[1649]],[[1650]],[[1651,1652]],[[1653,1654]],[[1655]],[[1656,1657]],[[1658]],[[1659]],[[1660,1661]],[[1662,1663]],[[1664]],[[1665,1666]],[[1667]],[[1668,1669]]],"type":"MultiPolygon","properties":{"CDUID":"6101","CDNAME":"Region 1","PRUID":"61"}},{"arcs":[[1671,1672,1673,-1569,-1577]],"type":"Polygon","properties":{"CDUID":"6102","CDNAME":"Region 2","PRUID":"61"}},{"arcs":[[1674]],"type":"Polygon","properties":{"CDUID":"6103","CDNAME":"Region 3","PRUID":"61"}},{"arcs":[[1675,1676,-1300,-1566,-1570,-1674]],"type":"Polygon","properties":{"CDUID":"6104","CDNAME":"Region 4","PRUID":"61"}},{"arcs":[[1677,-1247,-1295,-1301,-1677,1678]],"type":"Polygon","properties":{"CDUID":"6105","CDNAME":"Region 5","PRUID":"61"}},{"arcs":[[1679,-1679,-1676,-1673,1680],[-1675]],"type":"Polygon","properties":{"CDUID":"6106","CDNAME":"Region 6","PRUID":"61"}},{"arcs":[[[-224,1681]],[[-1073,1687]],[[1689,1690,-1666,1691,-1631,1692,-1654,1693]],[[-1661,1694]],[[-1663,1695]],[[1704,1705]],[[1706,1707]],[[1708]],[[1709]],[[1710]],[[1711]],[[1712]],[[1713]],[[1714]],[[1715]],[[1716]],[[1717]],[[1718]],[[1719]],[[1720]],[[1721]],[[1722]],[[1723]],[[1724]],[[1725]],[[1726]],[[1727]],[[1728]],[[1729]],[[1730]],[[1731]],[[1732]],[[1733]],[[1734]],[[1735]],[[1736]],[[1737]],[[1738]],[[1739]],[[1740]],[[1741]],[[1742]],[[1743]],[[1744]],[[1745]],[[1746]],[[1747]],[[1748]],[[1749]],[[1750]],[[1751]],[[1752]],[[1753]],[[1754]],[[1755]],[[1756]],[[1757]],[[1758]],[[1759]],[[1760]],[[1761]],[[1762]],[[1763]],[[1764]],[[1765]],[[1766]],[[1767]],[[1768]],[[1769]],[[1770]],[[1771]],[[1772]],[[1773]],[[1774]],[[1775]],[[1776]],[[1777]],[[1778]],[[1779]],[[1780]],[[1781]],[[1782]],[[1783]],[[1784]],[[1785]],[[1786]],[[1787]],[[1788]],[[1789]],[[1790]],[[1791]],[[1792]],[[1793]],[[1794]],[[1795]],[[1796]],[[1797]],[[1798]],[[1799]],[[1800]],[[1801]],[[1802]],[[1803]],[[1804]],[[1805]],[[1806]],[[1807]],[[1808]],[[1809]],[[1810]],[[1811]],[[1812]],[[1813]],[[1814]],[[1815]],[[1816]],[[1817]],[[1818]],[[1819]],[[1820]],[[1821]],[[1822]],[[1823]],[[1824]],[[1825]],[[1826]],[[1827]],[[1828]],[[1829]],[[1830]],[[1831]],[[1832]],[[1833]],[[1834]],[[1835]],[[1836]],[[1837]],[[1838]],[[1839]],[[1840]],[[1841]],[[1842]],[[1843]],[[1844]],[[1845]],[[1846]],[[1847]],[[1848]],[[1849]],[[1850]],[[1851]],[[1852]],[[1853]],[[1854]],[[1855]],[[1856]],[[1857]],[[1858]],[[1859]],[[1860]],[[1861]],[[1862]],[[1863]],[[1864]],[[1865]],[[1866]],[[1867]],[[1868]],[[1869]],[[1870]],[[1871]],[[1872]],[[1873]],[[1874]],[[1875]],[[1876]],[[1877]],[[1878]],[[1879]],[[1880]],[[1881]],[[1882]],[[1883]],[[1884]],[[1885]],[[1886]],[[1887]],[[1888]],[[1889]],[[1890]],[[1891]],[[1892]],[[1893]],[[1894]],[[1895]],[[1896]],[[1897]],[[1898]],[[1899,1900]],[[1901]],[[1902]],[[1903]],[[1904]],[[1905]],[[1906]],[[1907]],[[1908]],[[1909]],[[1910]],[[1911]],[[1912]],[[1913]],[[1914]],[[1915]],[[1916]],[[1917]],[[1918]],[[1919]],[[1920]],[[1921]],[[1922]],[[1923]],[[1924]],[[1925]],[[1926]],[[1927]],[[1928]],[[1929]],[[1930]],[[1931]],[[1932]],[[1933]],[[1934]],[[1935]],[[1936]],[[1937]],[[1938]],[[1939]],[[1940]],[[1941]],[[1942]],[[1943]],[[1944]],[[1945]],[[1946]],[[1947]],[[1948]],[[1949]],[[1950]],[[1951]],[[1952]],[[1953]],[[1954]],[[1955]],[[1956]],[[1957]],[[1958]],[[1959]],[[1960]],[[1961]],[[1962]],[[1963]],[[1964]],[[1965]],[[1966]],[[1967]],[[1968]],[[1969]],[[1970]],[[1971]],[[1972]],[[1973]],[[1974]],[[1975]],[[1976]],[[1977]],[[1978]],[[1979]],[[1980]],[[1981]],[[1982]],[[1983]],[[1984]],[[1985]],[[1986]],[[1987]],[[1988]],[[1989]],[[1990]],[[1991]],[[1992,1993]],[[1994]],[[1995]],[[1996]],[[1997]],[[1998]],[[1999]],[[2000]],[[2001]],[[2002]],[[2003]],[[2004]],[[2005]],[[2006]],[[2007]],[[2008]],[[2009]],[[2010]],[[2011]],[[2012]],[[2013]],[[2014]],[[2015]],[[2016]],[[2017]],[[2018]],[[2019]],[[2020]],[[2021]],[[2022]],[[2023]],[[2024]],[[2025]],[[2026]],[[2027]],[[2028]],[[2029]],[[2030]],[[2031]],[[2032]],[[2033]],[[2034]],[[2035]],[[2036]],[[2037]],[[2038]],[[2039]],[[2040]],[[2041]],[[2042]],[[2043]],[[2044]],[[2045]],[[2046]],[[2047]],[[2048]],[[2049]],[[2050]],[[2051]],[[2052]],[[2053]],[[2054]],[[2055]],[[2056]],[[2057]],[[2058]],[[2059]],[[2060]],[[2061]],[[2062]],[[2063]],[[2064]],[[2065]],[[2066]],[[2067]],[[2068]],[[2069]],[[2070]],[[2071]],[[2072]],[[2073]],[[2074]],[[2075]],[[2076]],[[2077]],[[2078]],[[2079]],[[2080]],[[2081]],[[2082]],[[2083]],[[2084]],[[2085]],[[2086]],[[2087]],[[2088]],[[2089]],[[2090]],[[2091]],[[2092]],[[2093]],[[2094]],[[2095]],[[2096]],[[2097]],[[2098]],[[2099]],[[2100]],[[2101]],[[2102]],[[2103]],[[2104]],[[2105]],[[2106]],[[2107]],[[2108]],[[2109]],[[2110]],[[2111]],[[2112]],[[2113]],[[2114]],[[2115]],[[2116]],[[2117]],[[2118]],[[2119]],[[2120]],[[2121]],[[2122]],[[2123]],[[2124]],[[2125]],[[2126]],[[2127]],[[2128]],[[2129]],[[2130]],[[2131]],[[2132]],[[2133]],[[2134]],[[2135]],[[2136]],[[2137]],[[2138]],[[2139]],[[2140]],[[2141]],[[2142]],[[2143]],[[2144]],[[2145]],[[2146]],[[2147]],[[2148]],[[2149]],[[2150]],[[2151]],[[2152]],[[2153]],[[2154]],[[2155]],[[2156,2157]],[[2158]],[[2159]],[[2160]],[[2161]],[[2162]],[[2163]],[[2164]],[[2165]],[[2166]],[[2167]],[[2168,2169]],[[2170]],[[2171]],[[2172]],[[2173]],[[2174]],[[2175]],[[2176]],[[2177]],[[2178]],[[2179]],[[2180]],[[2181]],[[2182]],[[2183]],[[2184]],[[2185]],[[2186]],[[2187]],[[2188]],[[2189]],[[2190]],[[2191,2192]],[[2193]],[[2194]],[[2195,2196,2197,2198]],[[2199]],[[2200]],[[2201]],[[2202]],[[2203]],[[2204]],[[2205]],[[2206]],[[2207]],[[2208]],[[2209]],[[2210]],[[2211]],[[2212]],[[2213]],[[2214]],[[2215]],[[2216]],[[2217]],[[2218]],[[2219]],[[2220]],[[2221]],[[2222]],[[2223,2224,2225,2226]],[[2227]],[[2228]],[[2229]],[[2230]],[[2231,2232]],[[2233]],[[2234]],[[2235,2236,2237]],[[2238]],[[2239],[2240]]],"type":"MultiPolygon","properties":{"CDUID":"6204","CDNAME":"Qikiqtaaluk","PRUID":"62"}},{"arcs":[[[-2236,2242,-2196,2243,-1900,2244,-1705,2245,-1197,-1678,-1680,2246],[2288],[2289],[2290],[2291],[2292]],[[-2198,2247]],[[2248]],[[2249]],[[2250]],[[2251]],[[2252]],[[2253]],[[2254]],[[2255]],[[2256]],[[2257]],[[2258]],[[2259]],[[2260]],[[2261]],[[2262]],[[2263]],[[2264]],[[2265]],[[2266]],[[2267]],[[2268]],[[2269]],[[2270]],[[2271]],[[2272]],[[2273]],[[2274]],[[2275]],[[2276]],[[2277]],[[2278]],[[2279]],[[2280]],[[2281]],[[2282]],[[2283]],[[2284]],[[2285]],[[2286]],[[2287]]],"type":"MultiPolygon","properties":{"CDUID":"6205","CDNAME":"Kivalliq","PRUID":"62"}},{"arcs":[[[-2237,-2247,-1681,-1672,-1576,2293]],[[-1669,2294,-1642,2295,-1652,2296,-1580,2297,-1657,2298]],[[2299,-2169,2300,-1697,2301]],[[-2224,2303,-2192,2304,-1703,2305,-1707,2306,-1993,2307]],[[-2157,2308]],[[-2226,2309]],[[-2232,2310]],[[2311]],[[2312]],[[2313]],[[2314]],[[2315]],[[2316]],[[2317]],[[2318]],[[2319]],[[2320]],[[2321]],[[2322]],[[2323]],[[2324]],[[2325]],[[2326]],[[2327]],[[2328]],[[2329]],[[2330]],[[2331]],[[2332]],[[2333]],[[2334]],[[2335]],[[2336]],[[2337]],[[2338]],[[2339]],[[2340]],[[2341]],[[2342]],[[2343]],[[2344]],[[2345]],[[2346]],[[2347]],[[2348]],[[2349]],[[2350]],[[2351]],[[2352]],[[2353]],[[2354]],[[2355]],[[2356]],[[2357]],[[2358]],[[2359]],[[2360]],[[2361]],[[2362]],[[2363]],[[2364]],[[2365]],[[2366]],[[2367]],[[2368]],[[2369]],[[2370]],[[2371]],[[2372]],[[2373]],[[2374]],[[2375]],[[2376]],[[2377]],[[2378]],[[2379]],[[2380]],[[2381]],[[2382]],[[2383]],[[2384]],[[2385]],[[2386]],[[2387]],[[2388]],[[2389]],[[2390]],[[2391]],[[2392]],[[2393]],[[2394]],[[2395]],[[2396]],[[2397]],[[2398]],[[2399]],[[2400]],[[2401]],[[2402]],[[2403]],[[2404]],[[2405]],[[2406]],[[2407]],[[2408]],[[2409]],[[2410]],[[2411]],[[2412]],[[2413]],[[2414]],[[2415]],[[2416]],[[2417]],[[2418]],[[2419]],[[2420]],[[2421]],[[2422]],[[2423]],[[2424]],[[2425]],[[2426]],[[2427]],[[2428]],[[2429]],[[2430]],[[2431]],[[2432]],[[2433]],[[2434]],[[2435]],[[2436]],[[2437]],[[2438]],[[2439]],[[2440]],[[2441]],[[2442]],[[2443]],[[2444]],[[2445]],[[2446]],[[2447]],[[2448]],[[2449]],[[2450]],[[2451]],[[2452]],[[2453]],[[2454]],[[2455]],[[2456]],[[2457]],[[2458]],[[2459]],[[2460]],[[2461]],[[2462]],[[2463]],[[2464]],[[2465]],[[2466]],[[2467]],[[2468]],[[2469]],[[2470]],[[2471]],[[2472]],[[2473]],[[2474]],[[2475]],[[2476]],[[2477]],[[2478]],[[2479]],[[2480]],[[2481]],[[2482]],[[2483]],[[2484]],[[2485]],[[2486]],[[2487]],[[2488]],[[2489]],[[2490]],[[2491]],[[2492]],[[2493]],[[2494]],[[2495]],[[2496]]],"type":"MultiPolygon","properties":{"CDUID":"6208","CDNAME":"Kitikmeot","PRUID":"62"}}]}}}