"title","start","end","location","clean_location","address_confidence","description","event_url","facebook_url","source","calendar_type","is_virtual","lat","lng","geocode_status"
"'June' Monthly Bash- Winter is Coming (Stormhold)","2026-05-31","2026-06-01","Darling Gardens, South Terrace, Clifton Hill, Victoria.","Darling Gardens, South Terrace, Clifton Hill, Victoria.","low","Winter is coming! Come join us for our regular monthly tournament for ‘June’. Please bring a plate to share as a picnic potluck lunch. The theme of the Arts and Sciences Competition is ‘Winter’. (Note this is on the Sunday 31st May not the June long weekend) As this event is hosted by a group based in the state of Victoria, please remember that anyone carrying or using any kind of sword in the state - including visitors and those passing through - must carry proof that they have completed the Victorian weapons exemption application process with the SCA Ltd Registrar - see for detailed information","https://sca.org.au/victorian-weapons-legislation/","","Kingdom of Lochac","kingdom","False","-37.792159","144.9922144","ok_retry"
"*cancelled* Cooks of Concordia (Friday class)","2026-05-29 23:00:00","2026-05-30 01:00:00","Scotia United Methodist Church, 201 North Ten Broeck Street, Scotia, NY 12302, USA","201 North Ten Broeck Street, Scotia, NY 12302, USA","high","","","","Barony of Concordia of the Snows","baronial","False","42.8285595","-73.9629861","ok"
"7 Pearls","2026-08-22","2026-08-23","Default R3, 18515","Northeastern, PA","low","Hosted by: The Barony of Endless Hills","https://aethelmearc.org/event/7-pearls-3/","","Kingdom of AEthelmearc","kingdom","False","40.0648325","-76.7156635","ok"
"A Day in the Park","2026-05-30","2026-05-31","Coleman Memorial Park 95 Bashore Drive Lebanon, PA 17046 US","95 Bashore Drive Lebanon, PA 17046 US","high","","http://www.eastkingdom.org/EventDetails.php?eid=4589","","Kingdom of the East","kingdom","False","40.3501185","-76.4413808","ok"
"A Genteel Day at the Butts (Politarchopolis)","2026-09-12","2026-09-13","Tuggeranong Archery Club, 299 Soward Way Greenway, ACT.","299 Soward Way Greenway, ACT.","high","Join the Barony of Politarchopolis for a leisure day at the archery range. Expect many fancy finger foods, much lounging and music, and a laid-back IKAC. This event aims to support archers using adaptations and accommodations. We will have space on and near the shooting line for mobility and balance aids, assistants to collect arrows, ample seating, and time to rest between ends. There is also no requirement to shoot all 12 rounds of the IKAC. If there is anything else we can do to assist, please contact the event steward. Too busy socialising to pick up your bow? Consider contributing your coin to the Archer Auction, and buy a champion to hit the butts on your behalf. (All money raised will go to Okewaite, to assist site improvements.)","https://politarchopolis.lochac.sca.org/","","Kingdom of Lochac","kingdom","False","-35.4199722","149.0655952","ok"
"A Grand 14th Century Tourney (and Potluck!)","2026-06-06","2026-06-07","Core Creek Park - Pavillions 5 & 6 901 Bridgetown Pike Langhorne, PA 19047 US","6 901 Bridgetown Pike Langhorne, PA 19047 US","high","","http://www.eastkingdom.org/EventDetails.php?eid=4537","","Kingdom of the East","kingdom","False","40.1791383","-74.9129975","ok_retry"
"A Grand Day of Tournaments","2026-10-24 00:00:00","2026-10-24 00:00:00","First Merchants Bank Expo Center, 3775 S. Custer Road, Monroe, MI","3775 S. Custer Road, Monroe, MI","high","","","","Kingdom of the Middle","kingdom","False","41.9153358","-83.5135665","ok_retry"
"A Most Excellent Thrown Weapons Muster IV","2026-06-12 21:00:00","2026-06-14 16:00:00","Grange Mahoning Valley, 1208 Skyhill Rd, Edinburg, PA, 16116, United States","1208 Skyhill Rd, Edinburg, PA, 16116, United States","high","Additional Notes on Pet Policy: If pets are unruly pets and their owners will be asked to leave on the third warning. Come and join us for our 4th annual A Most Excellent Thrown Weapons Event on June 12-June 15th! We would like to invite all to attend no matter what your skill level!! Whether you want to learn something new or brush up on something you already know we can arrange that to happen. Do you want to try a new range or see if you can stump your fellow throwers? If so we have lots of room for you to do just that. Bring your newer throwers and show them the things that are possible on the range. With lots of room inside there is room for A&S display and classes. Has there been something that you wanted to teach in a small setting? If so we have the room to do that for you. If you have any food allergies or concerns for day board only please reach out to our cook for the day William Boge Walker at . (Bring own stuff for dinner) With camping space you can bring your tent or can place a cot in the main hall and spend the night with us. There will be a camp fire after a night throw. This site is extremely discrete wet site and all empty containers need to leave with you. Event fee is $5 for members and $15 for non members, youth under 10 free. “Make checks Payable to SCA(PA),Inc Shire or Steltonwald” Site will open at at 5:30 p June 12 and will close at noon on June 15th","https://aethelmearc.org/event/a-most-excellent-thrown-weapons-muster-iv/","","Kingdom of AEthelmearc","kingdom","False","41.0321094","-80.4505379","ok"
"A Simple Country Adventure - Silver Keep","2026-08-01","2026-08-02","4721 Love Lane, Bozeman, MT 59715","4721 Love Lane, Bozeman, MT 59715","high","Simple Country.pdf","https://drive.google.com/file/d/1T1BNUI9L8AyxD3BnYEnEc4YFg1nLamwT/view?usp=sharing","","Kingdom of Artemisia","kingdom","False","45.6794293","-111.044047","ok_retry"
"A Simple Day in the Country","2026-07-03 00:00:00","2026-07-05 00:00:00","Hendricks County 4H Fairgrounds, Constellation, 1900 E Main St, Danville, IN 46122","1900 E Main St, Danville, IN 46122","high","","","","Kingdom of the Middle","kingdom","False","39.761675","-86.488535","ok"
"A Simple Day in the Country (Constellation)","2027-07-02 00:00:00","2027-07-04 00:00:00","Hendricks County 4H Fairgrounds, Constellation, 1900 E Main St, Danville, IN 46122","1900 E Main St, Danville, IN 46122","high","","","","Kingdom of the Middle","kingdom","False","39.761675","-86.488535","ok"
"A Tasting Faire","2026-08-29 12:30:00","2026-08-29 23:00:00","The Castle in Wexford, 755 Stonegate Drive, Wexford, PA, 15090, United States","755 Stonegate Drive, Wexford, PA, 15090, United States","high","Do you enjoy sampling food and drink? Are you a Foodie who likes to learn about food? This is an event for you! Are you a Cook or Brewer who wants to see people enjoying your food or drinks? This is an event for you! The Castle will have 20 Cook’s tables, each with two-bite samples of two to three dishes. Attendees stroll through the Castle, tasting samples of food and drink and discussing them with Cooks. There will be room for cooking demonstrations in the Period Kitchen. Cooks, is there a recipe you want to make but don’t think it’s amenable to a big event menu? Now is your chance to show it off! Having at least one gluten-free and/or vegetarian recipe is encouraged. This delicious experience will be held Saturday, August 29th in the Barony Marche of the Debatable Lands at the Castle, 755 Stonegate Drive, Wexford PA 15090. Site opens for Attendees at 10:30am (Cooks, Brewers and Staff at 8:30am) and closes at 7pm. The autocrat for this event is Meisterin Elss of Augsburg, mka Rocky Hayeslip, 221 Pine Rd, Pittsburgh, PA 15237. Cell . The Adult Event Registration is $50; Adult Member Discount Registration is $40. No child discount or family cap. Babes in arms are free. The registration fees will be used to reimburse Cooks for their materials so there will not be a child discount or Family Cap, but Babes in arms are free. Each Cook will have the same budget for materials but can choose to add personal funds if desired. An online form for Registration Info, including dietary restrictions, will be available: [INSERT REGISTRATION FORM LINK} Make checks payable to SCA PA, Inc.-BMDL. The Head Tollner is Laird Forveleth, mka Miranda Gavrin, email Forveleth at gmail.com. Send Registrations to her at 326 Lincoln Ave, Carnegie PA 15106. Checks must be received by Saturday August 22 and this event may sell out, so please send them ASAP. This event is capped at 80 paid Attendee registrations; the 20 Cooks do not have to pay to register. Cooks’ Liaison is Mistress Otillige von Rappoltsweiler (ottilige4sca at gmail.com), Brewer’s Liaison is Brehyres Muirgheal Inghean Duhbhaill, Cooking Demonstration Liaison is Mistress Illadore de Bedegrayne","https://aethelmearc.org/event/1380779/","","Kingdom of AEthelmearc","kingdom","False","40.4427339","-79.9941127","ok_retry"
"A very FOGgy Coronation (Politarchopolis)","2026-11-13","2026-11-16","Bungendore Showgrounds 28 Matthews Lane, Bungendore NSW Australia","28 Matthews Lane, Bungendore NSW Australia","high","Fields of Gold (FoG) is a fully catered camping event, running from Friday night to Sunday afternoon. FoG traditionally includes multiple tournaments across all the genres available to us (martial and non-martial). Participants are encouraged to enter as many fields as possible, and the person who accrues the most points is awarded the prize of the Champs d’Or. For FoG XIV, we would be honoured to host the final court of King Aonghus mac Griogair mhic Raghnaill and Queen Ginevra Lucia di Namoraza and the investiture and first courts of their Heirs. Our usual sumptuous feast would reach dizzying heights of delectation. Our artisans, musicians and players would be inspired to produce fresh and exciting creations. Our combatants would be thrilled by the chance to prove themselves before Lochac royalty","https://politarchopolis.lochac.sca.org","","Kingdom of Lochac","kingdom","False","-35.2431099","149.4106068","ok_photon"
"A&S Tournament / Arts Faire (N CA/NV)","2026-06-05 12:00:00","2026-06-07 12:00:00","12967 Concow rd. Oroville ca 95965","12967 Concow rd. Oroville ca 95965","high","EVENT WEBSITE FACEBOOK EVENT PAGE Event Steward SCA Name: Clarice Walker Event Steward contacts: Event Name: West Kingdom A&S Tourney Event Site Open: Jun 05, 12pm Event Site Close: Jun 07, 12pm Further Event Information: You are cordially invited to share a weekend of art, science and comradery at the beautiful lake Concow campgrounds. Please watch social media and Google sites for updates on classes and sign ups Site Name: Lake Concow Campground Site Address: 12967 Concow rd. Oroville ca 95965 Written Directions to Site: Take your best route to CA-70 N/state hwy 70 n in Oroville. In 5.3 miles use the right lane to follow signs for CA-70N towards paradise/Quincy/US-191. Go 1 mile then continue on CA 70 N for 11.9 miles. Turn left onto Concow rd and continue for 5.2 miles. Turn left into campground. Adult “Non-Member” Registration: $40 Adult “Member” Registration: $30 Children/Miner Registration (Age and $): 17 & younger free Family Cap ($): no Can I PrePay: PayPal Site Accessibility: Electrical Outlets, Close / Handicap Parking, Cell Phone Reception Terrain Description: Uneven terrain, wooded area with marked pathway, Bodies of Water on/near Site: Lake on site Insects or wild animals to be aware of on/ near site: Mosquitoes, racoons, squirrels, deer, hornets, wasp, bees Amenities on Site: Portable Privies, Potable Water, Fire Pits: West Kingdom Conventions, Communal Fire Pit(s): Such as those that are available/provided on site, Picnic Areas/ Tables, Pet Friendly DO NOT SWIM IN LAKE Be wild animal aware – keep food and trash well contained Wood burning fires are only allowed in central fire pit area Propane cook stoves and fire pits are currently allowed.. subject to change on conditions. If using a propane stove or fire pit please bring a fire extinguisher and know where the nearest spigot is. Pets allowed on leash 10pm noise curfew Site is discreetly wet. Please be respectful. Site has native American connections. Please do not remove anything from the site that you didn’t bring in. Additional Comments: Web Link Facebook link","https://sites.google.com/westkingdom.org/artsandsciencestournament/home","https://www.facebook.com/events/1428016065128216/","Kingdom of the West","kingdom","False","44.7722856","-74.6668885","ok_retry"
"A&S Tournament / Arts Faire (WEST)","2027-06-04 00:00:00","2027-06-07 23:59:59","","","empty","Save the Date","https://westkingdom.org/event/as-tournament-arts-faire-west/","","Kingdom of the West","kingdom","False","","","skipped"
"A&S workshop","2026-06-04 23:00:00","2026-06-05 01:00:00","450 Whitney Ave, New Haven, CT 06511","450 Whitney Ave, New Haven, CT 06511","high","Join Us!!! Bring your projects!!! Chat!!! Please check Facebook for any last minute cancellations","","","Barony of Dragonship Haven","baronial","False","41.322868","-72.917449","ok"
"Abbey Medieval Festival Demo (River Haven)","2026-07-10","2026-07-13","Abbey Stowe 1-63 The Abbey Place Caboolture Qld 4510","63 The Abbey Place Caboolture Qld 4510","high","Once again, let the Northern Reaches come together to show Lochac's colours at the premier (non-SCA) medieval event in the Southern hemisphere while supporting the scholarly and medieval artefacts of the Abbey Museum","","","Kingdom of Lochac","kingdom","False","-27.068248","153.0193624","ok"
"Academia (Nordwache)","2026-08-22","2026-08-23","","Fresno, California","low","","","","Kingdom of Caid","kingdom","False","36.7394421","-119.78483","ok"
"Academia Draconis (Dreiburgen)","2027-03-19","2027-03-22","","Redlands, California","low","","","","Kingdom of Caid","kingdom","False","34.0550328","-117.1827445","ok"
"Academy of Defense","2026-12-05 06:00:00","2026-12-05 06:00:00","Burger's Lake 1200 Meandering Rd, Fort Worth, TX 76114","1200 Meandering Rd, Fort Worth, TX 76114","high","","","","Kingdom of Ansteorra","kingdom","False","32.7759555","-97.4116175","ok"
"Academy of St. Clare of Assisi IX: And Sew It Goes","2026-06-05 21:00:00","2026-06-07 16:00:00","Camp Karoondinha, 225 Thomas Dam Road, Millmont, PA, 17845, United States","225 Thomas Dam Road, Millmont, PA, 17845, United States","high","Additional Notes on Pet Policy: If you wish to bring your Service Dog, please contact the Autocrat at by May 16, 2026. Additional Notes on Flames: Per the site: No open flames are permitted in tents. Whether you are new to the needle arts or well on your way, the “Academy of St. Clare of Assisi IX: And Sew It Goes” is for you! This single-focus event offers small specialized classes on single topics, long detailed “kit” classes on beloved styles, and a chance for embroiderers to spend time with others who love embroidery and its myriad possibilities. The event is held at Camp Karoondinha, 225 Thomas Dam Road, Millmont PA 17845-9448 (GPS Coordinates: 40.85630, -77.2547) Site opens at 5 PM on Friday, June 5, and closes at noon on Sunday, June 7. Your autocrat for this event is Mistress Alicia Langland (mka Della Hutchison, 1194 Marshall S., Milton PA 17847; ). For more information or to register for the event, please visit Adult Event Registration: — $50.00 (includes 4 meals) Adult Member Discount Event Registration — Include proof of current SCA membership with payment — $40.00 (includes 4 meals) Those wishing to stay on-site in one of the cabins will pay an additional fee based on choice of lodging. Bunks will be allocated on a first-paid, first-served basis, so reserve early to avoid disappointment. There is no charge for tenting. Make checks payable to “SCA PA Inc. — Shire of ACG.” Send reservations to Maistresse Marguerite d’Honfleur, . The event is limited to 80 attendees. Additional registrants will be added to a waiting list. If we have cancellations, open slots will be offered to gentles on the waiting list in the order in which they were received. PLEASE contact the autocrat before sending in your registration. QUESTIONS? Contact the autocrat, Mistress Alicia Langland, at . We hope you will join us!","https://forms.gle/3wQB5YdfNeo2CrBQA","","Kingdom of AEthelmearc","kingdom","False","40.9839014","-76.9152221","ok"
"Agincourt Tournament (Altavia)","2026-10-25","2026-10-26","","Van Nuys, California","low","","","","Kingdom of Caid","kingdom","False","34.1866193","-118.4486675","ok"
"Agincourt XIX","2026-10-24 13:00:00","2026-10-25 02:00:00","Big Knob Grange, 336 Grange Road, Rochester, PA, 15074, United States","336 Grange Road, Rochester, PA, 15074, United States","high","Agincourt XIX October 24, 2026 9:00 a.m. – 10:00 p.m","https://docs.google.com/forms/d/e/1FAIpQLSc4Y0VR3EBwL6RMOl_YfBZUwPPqEgc6a_POF6tjvHYWXNEgBw/viewform?pli=1","","Kingdom of AEthelmearc","kingdom","False","40.7108701","-80.2670567","ok_retry"
"All Souls in Vanished Wood","2026-11-08 00:00:00","2026-11-08 00:00:00","St. Peter Lutheran Church, 202 E. Schaumburg Rd., Schaumburg, IL 60194","202 E. Schaumburg Rd., Schaumburg, IL 60194","high","","","","Kingdom of the Middle","kingdom","False","42.0280055","-88.0745042","ok"
"All Things (Nordwache)","2026-06-28 17:00:00","2026-06-29 00:00:00","Freedom Park, 2000 9 1/4 Ave, Hanford, CA 93230, USA","Freedom Park, 2000 9 1/4 Ave, Hanford, CA 93230, USA","low","Come out and help Nordwache breathe life into All Things European Legends and Folk Tales! Join us in a shady park where you can be part of your own tale. Will you find the Holy Grail? Will you tame the unicorn? Can you oust the werewolf cloaked in their human skin? All this and more when you join us this June in Hanford at Freedom Park! SCHEDULE: 10am: Site and Gate opens 10:30am: Opening court (or at Their Excellency’s pleasure) After Court: Begin the day’s activities 4pm: Tear-down 5pm: Site closes EVENT REGISTRATION: Adult Event Registration: $15. Adult Member Discount Event Registration: $5. Children 17 and under are guests of the barony. Cash or Checks accepted at the gate. Make checks payable to: “SCA, Inc./Barony of Nordwache”. A&S/BARDIC COMPETITIONS: In keeping with the Barony’s Arts and Sciences traditions, there will be displays and judging of people’s entries for the following categories. The themes are: Adult Arts: Look, it has pockets! Either produce an item that would benefit from having a pocket (don’t you love a dress with pockets or a secret pocket in a jacket?!) or produce a pocket sized item (dice, rings, prayer book, needle case) Youth Arts: Look, it has pockets! Same as Adults Cooking: Food as Medicine Items that cross the line between food and medicine (tonics syrups, humors science, etc) Bardic entries: Fun with Filks Take a known melody and make the lyrics something SCA adjacent. Brewing: Food as Medicine Same as cooking. LUNCH: Fundraiser lunch will be provided on site for $10 per person. SITE RESTRICTIONS: This is a DRY site","","","Kingdom of Caid","kingdom","False","36.3277959","-119.6461565","ok_retry"
"All-Things (Hrafnafjordr)","2026-08-01 00:00:00","2026-08-01 23:59:59","","Kenai, Alaska","low","Save the Date","https://westkingdom.org/event/all-things-hrafnafjordr/","","Kingdom of the West","kingdom","False","60.5544444","-151.258333","ok"
"Allthing (Windmasters' Hill)","2026-06-20","2026-06-21","Garner Lion's Club, 305 W Main St, Garner, NC, 27529","305 W Main St, Garner, NC, 27529","high","The historic Icelandic Alþingi brought an entire nation together to share knowledge, settle matters, and celebrate community. In that same spirit, Allthing is our day to gather, learn, and have a great time together! Whether you're brand new to the SCA and curious about how it all works, or a seasoned member looking to pick up a new skill or give back to your group, Allthing has something for you. A major focus of the day is pulling back the curtain on how the SCA runs. We'll have officer classes and training sessions to help you understand what our officers do and what it takes to step into those roles. Interested in serving your local group but not sure where to start? This is the perfect place to find out. Beyond that, expect a full day of classes and workshops covering everything from martial activities to hospitality, with plenty of opportunities learn new skills and meet the folks that keep the dream alive. A potluck lunch will be held in the hall — bring a dish to share and enjoy good food and great company. This event is free and open to all. No experience necessary — just bring your curiosity and be ready to have fun!","https://atlantia.sca.org/event/?event_id=69931faa","","Kingdom of Atlantia","kingdom","False","35.7078303","-78.6081636","ok"
"Allyshian Yule (Allyshia)","2026-12-05 00:00:00","2026-12-05 23:59:59","","","empty","save the date","https://westkingdom.org/event/allyshian-yule-allyshia/","","Kingdom of the West","kingdom","False","","","skipped"
"Altavia Anniversaary","2027-05-08","2027-05-09","","Van Nuys, California","low","","","","Kingdom of Caid","kingdom","False","34.1866193","-118.4486675","ok"
"Althing (Starkhafn)","2027-01-16","2027-01-17","","Las Vegas, Nevada","low","","","","Kingdom of Caid","kingdom","False","36.1674263","-115.1484131","ok_photon"
"An Tir-West War","2026-06-30 18:00:00","2026-07-05 21:00:00","New Mexico","New Mexico","low","","https://www.outlands.org/event/antir-west-war/","","Kingdom of the Outlands","kingdom","False","34.5802074","-105.996047","ok"
"An-Tir West War","2027-06-29 00:00:00","2027-07-04 23:59:59","","","empty","Save the Date","https://westkingdom.org/event/an-tir-west-war/","","Kingdom of the West","kingdom","False","","","skipped"
"AnTir-West War (Gold Beach, OR)","2026-06-30 12:00:00","2026-07-05 15:00:00","96029 Euchre Creek Rd. Gold Beach, Gold Beach, OR, United States","96029 Euchre Creek Rd. Gold Beach, Gold Beach, OR, United States","high","antirwestwar.org Event Steward SCA Name: Viscountess Cempestrae i Holtasjon, Kennara Event Steward contacts: Event Name: An Tir West War Event Site Open: June 30, 12pm Event Site Close: July 5, 3pm Further Event Information: Come to the beautiful, temperate coastlands of Oregon for an epic war between the mighty SCA Kingdoms of the West and An Tir. Updates will be posted to Experience legendary armored combat and rapier war scenarios– some with siege weapons, combat archers, and thrown weapons on the field of battle! Participate in target archery and thrown weapons. Marvel at SCA Equestrian activities. For non-combatants, dive into Arts & Sciences classes, cooking, community and demos! Youth activities will run for the entire war. Peruse our many fine merchants! Delicious food stalls are paramount to any war. Both Kingdoms will host Royal Court and Grand Court. Reasonable ADA accommodations will be made for those who need them. The ATWW Event Stewards, Countess Astrid of the Fjordlands and Viscountess Cempestrae i Holtasjon, Kennara, look forward to meeting you at the event! Volunteers are the backbone of a war; please see the event website for info on how to sign up. There is almost no cell phone service on site. Site Name: Lazy J Moore Ranch Site Address: 96029 Euchre Creek Rd. Gold Beach, OR 97444 Written Directions to Site: From the south: Make your best way to Gold Beach, Oregon. Head north on Hwy 101 about 13 miles. Turn right towards Coy Creek Rd. Turn right onto Coy Creek Rd. Turn left onto Euchre Creek Rd. This road has quite a few curves. NOTE: Be careful of possible congestion at the Coy Creek Rd turnoff. From the north: Make your best way to Port Orford, Oregon. Head south on Hwy 101 about 17 miles. Turn left towards Coy Creek Rd. Turn right onto Coy Creek Rd. Turn left onto Euchre Creek Rd. NOTE: Be careful of possible congestion at the Coy Creek Rd. turnoff. Adult “Non-Member” Registration: $ To be announced Adult “Member” Registration: $ To be announced Children/Miner Registration (Age and $): 17 & younger free Family Cap ($): no Can I PrePay: PayPal Site Accessibility: Close / Handicap Parking, Voice of the Populace (Silent Heralds) in Court, Accessible privies, DEIB event staff Terrain Description: Uneven ground, hills, valleys, bridges, can be swampy. Extremely variable dependent on rain patterns. Long grass is mown shortly before the event, so bring a rake (and maybe allergy medication). Tends to be warm during the day and chilly at night. Often windy during the day. This is a working farm and animals may be nearby. Please respect any signage! Bodies of Water on/near Site: Site has a river and creek, and is a couple miles from the Pacific Ocean Insects or wild animals to be aware of on/ near site: Domesticated farm animals. Well-behaved dogs are welcome. All dogs and adventure cats must be leashed at all times! Bring proof of current rabies vaccination with your pet. Clean up after your pets. Amenities on Site: Portable privies, ADA privies, Hand-washing stations, Showers, RV parking (no hookups), Livestock stalls/housing. Cell service is almost completely unavailable. Additional Comments: Web Link Facebook link","http://antirwestwar.org/","https://www.facebook.com/ATWWar","Kingdom of the West","kingdom","False","42.4074459","-124.4217418","ok_retry"
"Ancient Embers: Sacred Stone Investiture (Sacred Stone)","2026-09-11","2026-09-13","Burke County Fairgrounds, 145 Bost Rd, Morganton, NC, 28655","145 Bost Rd, Morganton, NC, 28655","high","From the banks of the Nile to the shores of the Aegean, the ancient world told the same story: a great bird builds its nest of spice and flame, burns, and rises. Not despite the fire - because of it. The Barony of the Sacred Stone has always known this story. It is written in our arms . This year we gather to celebrate another year of this Barony we have built together, and to bear witness to something rare and sacred - the nest given over and new wings catching flame for the first time. Come take your place in the story. Sacred Stone endures. Sacred Stone rises. Please Note: All evening courts will be a Great Court with procession.","https://atlantia.sca.org/event/?event_id=69e4ddbc","","Kingdom of Atlantia","kingdom","False","35.758891","-81.715861","ok"
"Angels Anniversary","2026-09-19 15:00:00","2026-09-20 01:00:00","Kuns Park, 1600 Bonita Ave, La Verne, CA 91750, USA","1600 Bonita Ave, La Verne, CA 91750, USA","high","Barony of the Angels Anniversary Tourney Event Information: To Be Announced The event will start at 10 am, with Set Up starting at 8 am. Site Information: This is a DRY site. Pets must be on leash Event Stewards: Baroness Catharine Hawkwood da Barbiano &; Baron Tomaso da Barbiano Event email: -caid.org Contact event steward for any pavilion, pop up or day shade space. Event Information: To Be Announced Directions: From the North. Take 210 to Foothill Blvd in La Verne. Take Foothill East to Fairplex and go South to Wheeler Ave. East to Fifth St. East and Kuns Park is on your Right. From the South. Take 57 North to Arrow Hwy East to Bonita Ave East to Magnolia North and the Park is on your right. There is street parking only and please do not block any driveways","","","Kingdom of Caid","kingdom","False","34.103786","-117.778782","ok"
"Angels/Altavia Yule","2026-12-12","2026-12-13","","","empty","","","","Kingdom of Caid","kingdom","False","","","skipped"
"Ansteorran Heraldic and Scribal Symposium","2026-06-27 13:00:00","2026-06-27 23:00:00","Oklahoma State University Classroom Building 201 S Hester St, Stillwater, OK 74078","201 S Hester St, Stillwater, OK 74078","high","Event Website: Sign up to teach a class here!","https://amp.ansteorra.org/gatherings/public-landing/fhBwCyfY","","Kingdom of Ansteorra","kingdom","False","36.119558","-97.066707","ok"
"Antir / West War (An Tir)","2026-06-30","2026-07-06","","","empty","","https://antir.org/events/an-tir-west-war-16/","","Kingdom of Artemisia","kingdom","False","","","skipped"
"Aphar Faire","2026-09-25 13:00:00","2026-09-27 22:00:00","","","empty","","https://gleannabhann.net/event/aphar-faire-2/","","Kingdom of Gleann Abhann","kingdom","False","","","skipped"
"Appleholm A&S Solar (RECURRING)","2026-06-18 22:00:00","2026-06-19 00:00:00","165 W 66th St #4e, New York, NY 10023, USA","165 W 66th St #4e, New York, NY 10023, USA","high","The Canton of Appleholm invites you to join Þorfinnr at his home for an informal craft night from 6 PM to around 8 PM. We will have a shared space for craft or art work, along with related discussion. You’re welcome to bring your current crafting project to work on as we chat, or an item you’ve made that you’d like to display or discuss with the group. Light fare will be provided, but please bring food or drink if it you wish to have it. Location: 165 W 66th Street #4E, New York, NY 10023. Tell the doorman you’re visiting Alec. (The building as a whole is wheelchair-accessible, but the bathroom is not.) All are welcome to join us. No Society membership or previous experience required. No fee. Modern attire; come as you are. We look forward to seeing you! [RECURRING — also on: 18 Jun 2026, 16 Jul 2026]","","","Canton of Brokenbridge","baronial","False","40.7127281","-74.0060152","ok_retry"
"Archer's Dream - Sentinels' Keep","2026-09-26","2026-09-27","","","empty","","","","Kingdom of Artemisia","kingdom","False","","","skipped"
"Archer's Dream - Sentinels' Keep","2027-07-31","2027-08-01","","","empty","","","","Kingdom of Artemisia","kingdom","False","","","skipped"
"Archery Hunt and Novelty Shoot ( Windy Meads )","2027-04-04 00:00:00","2027-04-04 23:59:59","","Davis, California","low","Save the Date","https://westkingdom.org/event/archery-hunt-and-novelty-shoot-windy-meads/","","Kingdom of the West","kingdom","False","38.5435526","-121.739005","ok"
"Archery Practice (RECURRING)","2026-05-31 20:00:00","2026-05-31 22:00:00","2044 Berne-Altamont Rd, Altamont, NY 12009, USA","2044 Berne-Altamont Rd, Altamont, NY 12009, USA","low","As always, practice is ""weather permitting"". Please follow the Concordia Mailing list for details [RECURRING — also on: 31 May 2026, 7 Jun 2026, 14 Jun 2026, 21 Jun 2026, 28 Jun 2026, 5 Jul 2026, 12 Jul 2026, 19 Jul 2026, 26 Jul 2026]","","","Barony of Concordia of the Snows","baronial","False","42.6764743","-74.1084037","ok"
"Archery Practice (RECURRING)","2026-06-07 18:00:00","2026-06-07 20:00:00","2604 Chestnut View Drive, Lancaster, PA 17603","2604 Chestnut View Drive, Lancaster, PA 17603","high","Outdoor range - please bring drinks (water or sport ) and weather appropriate clothing [RECURRING — also on: 7 Jun 2026, 21 Jun 2026]","","","Shire of Owlsherst","baronial","False","40.0414332","-76.3740734","ok"
"Archery Practice (RECURRING)","2026-05-31 14:00:00","2026-05-31 17:00:00","Carlisle, MA 01741, USA","Carlisle, MA 01741, USA","low","The Carolingian Company of Bowmen promotes the enjoyment and practice of archery in the Barony, studies the practices, equipment and standards of archery during the period covered by the SCA, and trains archers so they may assist in the defense of the Barony. General archery practices are held at various locations and times in the Barony and Cantons. We shoot bows and crossbows, and we can provide loaner equipment to get you started, show you how to choose the best equipment for you, and even teach you how to make your own arrows. Meetings happen every Sunday from 10am to 1pm in Carlisle, MA (weather allowing). For the address and more information, you can contact the Baronial Archery Marshal [RECURRING — also on: 31 May 2026, 7 Jun 2026, 14 Jun 2026, 21 Jun 2026, 28 Jun 2026, 5 Jul 2026, 12 Jul 2026, 19 Jul 2026, 26 Jul 2026]","","","Barony of Carolingia","baronial","False","42.5292605","-71.3495035","ok"
"Archery Practice (RECURRING)","2026-05-30 15:00:00","2026-05-30 17:00:00","Windsor Archery Range at HWY 257 & Poudre Trail Road. (Use ""Poudre Trail Road and Colorado 257"" in your mapping application.)","Windsor Archery Range at HWY 257 & Poudre Trail Road. (Use ""Poudre Trail Road and Colorado 257"" in your mapping application.)","low","Our summer outdoor location is the Windsor Archery Range at HWY 257 & Poudre Trail Road. (Use ""Poudre Trail Road and Colorado 257"" in your mapping application.) For more details see our web page: Unser Hafen Saturday Archery practice is changing time to 9 am until 11 am until the end of September. We will be shooting royal rounds as well as general practice. All are welcome. Loaner equipment and instruction available. For last-minute changes, see our Facebook group called Unser Hafen Archers [RECURRING — also on: 30 May 2026, 6 Jun 2026, 13 Jun 2026, 20 Jun 2026, 27 Jun 2026, 4 Jul 2026, 11 Jul 2026, 18 Jul 2026, 25 Jul 2026]","https://unserhafen.outlands.org/activities/archery/","","Barony of Unser Hafen","baronial","False","","","failed"
"Artemisian Games - Dragon March","2027-08-07","2027-08-08","","","empty","","","","Kingdom of Artemisia","kingdom","False","","","skipped"
"Artisans Day at Ravenslake","2026-11-14 00:00:00","2026-11-14 00:00:00","","Crystal Lake, Illinois","low","","","","Kingdom of the Middle","kingdom","False","42.2411344","-88.3161965","ok_photon"
"Artist’s Playdate (Fettburg)","2027-02-28 00:00:00","2027-02-28 23:59:59","","Stockton, California","low","Save the Date","https://westkingdom.org/event/artists-playdate-fettburg-2/","","Kingdom of the West","kingdom","False","37.9577016","-121.290779","ok"
"Arts & Archery (Lyondemere)","2027-02-20","2027-02-21","","Long Beach, California","low","","","","Kingdom of Caid","kingdom","False","33.7690164","-118.191604","ok_photon"
"Arts & Science Night (RECURRING)","2026-06-25 23:00:00","2026-06-26 01:00:00","Cheverly Community Center, 6401 Forest Rd, Cheverly, MD 20785, USA","6401 Forest Rd, Cheverly, MD 20785, USA","high","JoinStorvik's new monthly Arts & Science nights. We plan to meet the fourthThursday of the month at the Cheverly Community Center. Some months we willhave a planned activity (knitting, marzipan, a documentary on the Janissaryband, etc.). Some months we will just craft and hang out. ADA:The community center is fully accessible. Metro/businfo: There isn't a direct bus to the community center, but we are willing topick people up at the Cheverly Metro Station. Or you can walk uphill for 1+mile. Reach out if you would like a pick up [RECURRING — also on: 25 Jun 2026, 23 Jul 2026]","","","Barony of Storvik","baronial","False","38.9237974","-76.9057402","ok"
"Arts & Sciences Night (RECURRING)","2026-06-03 22:00:00","2026-06-04 01:00:00","Back Table, 816 S Elm St #1A, Greensboro, NC 27406, USA","816 S Elm St #1A, Greensboro, NC 27406, USA","high"," [RECURRING — also on: 3 Jun 2026, 10 Jun 2026, 17 Jun 2026, 24 Jun 2026, 1 Jul 2026, 8 Jul 2026, 15 Jul 2026, 22 Jul 2026]","","","Barony of Sacred Stone","baronial","False","36.0626924","-79.7917182","ok"
"Atlantian Bardic Madness II (Atlantia)","2026-06-27","2026-06-28","Windsor Hill United Methodist Church, 3591 Windsor Road SW, Roanoke, VA, 24018","3591 Windsor Road SW, Roanoke, VA, 24018","high","Atlantian Bardic Madness II is a opportunity for all musicians and Bards to come together and present their talents to their peers. The theme for Atlantian Bardic Madness II is: The Zodiac Courts of Midsummer with the presentation of four seasonal fyts, each fyt is inspired by the turning of the year and the spirit of the Zodiac. Each fyt carries its own mood, color, palette, and creative energy, guiding performers without limiting style or genre. Spring Fyt (Aries, Taurus, Gemini) Colors: Fresh green, soft gold, sky blue Vibe: Awakening, curiosity, momentum, playful creativity Themes of beginnings, collaboration, and bold first steps. Summer Fyt (Cancer, Leo, Virgo) Colors: Sun-gold, deep red, warm cream Vibe: Passion, devotion, confidence, heartfelt expression Focused on emotional depth, craftsmanship, and strong presence. Autumn Fyt (Libra, Scorpio, Sagittarius) Colors: Burnt orange, wine red, twilight purple Vibe: Balance, mystery, transformation, adventure Exploring contrast, intensity, and journeys of spirit and story. Winter Fyt (Capricorn, Aquarius, Pisces) Colors: Midnight blue, silver, frost white Vibe: Reflection, innovation, dream, endurance Honoring tradition, experimentation, and imaginative storytelling. Together, these fyts create four distinct creative courts.","https://atlantia.sca.org/event/?event_id=698648ab","","Kingdom of Atlantia","kingdom","False","37.2377673","-80.0759642","ok_retry"
"Attilium Dance Practice","2026-05-31 18:00:00","2026-05-31 19:00:00","Kiwanis Recreation Center and Honeycutt Park, 352 Devers St, Fayetteville, NC 28303, USA","352 Devers St, Fayetteville, NC 28303, USA","high","All are welcome. All ages. All dances are taught. Wear comfortable shoes","","","Barony of Windmasters' Hill","baronial","False","35.0684019","-78.9228878","ok"
"Autumn Coronation (Sherwater)","2026-05-30","2026-06-01","Anzac Hall complex, Featherston 62-64 Bell Street, Featherston","Anzac Hall complex, Featherston 62-64 Bell Street, Featherston","low","Mostly indoors, no accommodation space for indoor and outdoor tournaments, Tudor Feast (capped at 100), Room for A&S display to be set up for event","https://sherwater.sca.org.nz/lochac-autumn-coronation-2026?fbclid=IwY2xjawQHSsxleHRuA2FlbQIxMQBzcnRjBmFwcF9pZAEwAAEel-44nK2qnrxRFM7g-wboTji9_1-VlImYLlrZ-ff0xEOPRxl6wPmcxEVTuqs_aem_xzgqQ16v4cm-Vi_3LHJnTw","","Kingdom of Lochac","kingdom","False","-41.1157439","175.3286014","ok_photon"
"Autumn Tournaments (Winter’s Gate)","2026-09-04 00:00:00","2026-09-06 23:59:59","","Fairbanks, Alaska","low","Save the Date","https://westkingdom.org/event/autumn-tournaments-winters-gate/","","Kingdom of the West","kingdom","False","64.837845","-147.716675","ok"
"BH Gathering & Fighter and Archery Practices","2026-05-31 16:30:00","2026-05-31 20:00:00","Baltimore Bowman","Baltimore Bowman","low","All are welcome! We will have heavy fighting, but any other activities are beyond welcome. For concurrent archery practices, please refer to the archery practice event notices on this calendar","","","Barony of Bright Hills","baronial","False","39.3304593","-76.6216227","ok"
"BOA Anniversary (BoA)","2026-09-12","2026-09-13","","","empty","","https://www.atenveldt.org/event/boa-anniversary-boa/","","Kingdom of Atenveldt","kingdom","False","","","skipped"
"BOA Champions (BoA)","2026-10-17","2026-10-18","","","empty","","https://www.atenveldt.org/event/boa-champions-boa/","","Kingdom of Atenveldt","kingdom","False","","","skipped"
"BOA Yule (BoA)","2026-12-05","2026-12-06","","","empty","","https://www.atenveldt.org/event/boa-yule-boa/","","Kingdom of Atenveldt","kingdom","False","","","skipped"
"BSD Champions (BSD)","2026-10-17","2026-10-19","","","empty","","https://www.atenveldt.org/event/bsd-champions-bsd/","","Kingdom of Atenveldt","kingdom","False","","","skipped"
"BTM Birthday (BTM)","2026-06-13 19:00:00","2026-06-14 02:00:00","Red Mountain Recreation Center, 7550 E Adobe St, Mesa, AZ 85207, USA","7550 E Adobe St, Mesa, AZ 85207, USA","high","DESCRIPTION: Twin Moons is celebrating its 34th birthday with a medieval marketplace selling coffee products, sweets, and other fun things and will say goodbye to Baron Johan and Baroness Catyln while welcoming a new Baron and Baroness. The site tokens are small pouches containing 10 tokens. There will be games where participants can earn more tokens to spend in the marketplace or go toward the door prize. Games will be a trivia game, pin the tail, musical chairs, guess the number of sweets in the jar. Lunch will be a potluck with Twin Moons providing Toscano soup and vegan minestrone and bread. Attendees will bring side dishes and desserts. The first court will begin at 1 pm. There will be a silent auction fundraiser for a new baronial pavilion. REGISTRATION: Event reservations closes at 11:59 pm on 6/8/2026. All unpaid invoices will be cancelled on 6/9/2026. ENTRY FEES: Adult Member - $25 Adult Non-Member - $35 Youth 17 and under - FREE REFUNDS: Refunds may be requested via email sent to the event exchequer and are subject to a $1 non-refundable charge. Refunds will be processed and mailed by check after the event. Refund requests must be received no later than the day prior to the event and must include the requestor's physical mailing address. EVENT EXCHEQUER: Lady Juliette Marion Geant/Heather Allen email: QUESTIONS? CONTACT THE EVENT STEWARDS","https://www.atenveldt.org/event/btm-birthday-btm/","","Kingdom of Atenveldt","kingdom","False","33.4318778","-111.6673655","ok"
"BTY A&S (BTY)","2026-07-11","2026-07-12","Grace St. Paul's Episcopal Church, 2331 E Adams St, Tucson, AZ 85719, USA","2331 E Adams St, Tucson, AZ 85719, USA","high","Come one, come all, to the Barony of Tir Ysgithr's Arts and Sciences Competition!This celebration of the talents of our populace will be held on July 11, 2026, at Grace St. Paul's Episcopal Church. The event will feature our Arts and Sciences competition to select the champion for the next year! Details on the format of the competition and what you need to know are coming soon!If you plan to submit an alcoholic entry, please contact in advance either the autocrats or the A&S Minister. Date: July 11, 2026 Location: Grace St Paul's - 2331 E Adams St, Tucson, AZ 85719 Site Opens: 9 AM Site Closes: 4 PMSite Fee: $20, with a $10 discount for members Autocrats: Mistress Eyvor Halldorsdottir (Willa McCafferty) - Sir Domagnev Volkovich (Ryan Sheppard) - A&S Minister: Lord Verano de la Encrucijada (Zachary Zambrano )","https://www.atenveldt.org/event/bty-as-bty/","","Kingdom of Atenveldt","kingdom","False","32.2407472","-110.9376598","ok"
"Bacon Bash 2026","2026-10-02 00:00:00","2026-10-02 00:00:00","Montgomery Bell State Park 1020 Jackson Hill Rd, Burns, TN 37029, USA","1020 Jackson Hill Rd, Burns, TN 37029, USA","high","Hosted by Shire of Crimson River","","","Kingdom of Meridies","kingdom","False","36.0533943","-87.3125104","ok_retry"
"Bal d'Argent 2026 (Southron Gaard)","2026-08-29","2026-08-30","The Village Community Centre Papanui, 460 Papanui Road, Christchurch 8053.","460 Papanui Road, Christchurch 8053.","high","Southron Gaard is pleased to host Bal d'Argent, the annual social event of Lochac's Guild of the Silver Rondel, as part of its ongoing series of Day of Dance collegium events. During the day, there will be classes in dance and music. There will be a meeting of the Guild members present. The evening will begin with a repast from the hands of one of Southron Gaard's fine cooks. After that will be the Bal d'Argent itself, the Silver Ball. Amongst the activities in the Ball will be competition dances for Rondels and for people who are not (yet) Rondels","https://sg.lochac.sca.org/events/event-bookings/current-event-booking-form/","","Kingdom of Lochac","kingdom","False","-43.4982164","172.6095896","ok"
"Bamassippi Skirmishes III: Ghost Festival","2026-08-29 13:00:00","2026-08-29 22:00:00","","","empty","","https://gleannabhann.net/event/bamassippi-skirmishes-iii-ghost-festival/","","Kingdom of Gleann Abhann","kingdom","False","","","skipped"
"Barbearian Brawl","2026-06-20 14:00:00","2026-06-21 00:00:00","WPA Gym, Historic Washington State Park, 127 AR-195, Washington, AR, 71862, United States","127 AR-195, Washington, AR, 71862, United States","high","","https://gleannabhann.net/event/barbearian-brawl/","","Kingdom of Gleann Abhann","kingdom","False","33.7729451","-93.6863967","ok"
"Bardic Blades XIII **** Date Change****","2026-06-25","2026-06-29","Stone Butte Ranch Cabin 6480 75th Street SW Elgin, ND 58533","6480 75th Street SW Elgin, ND 58533","high","","","","Kingdom of Northshield","kingdom","False","46.4138148","-101.8386504","ok_retry"
"Bardic Madness XXXIII","2026-05-29","2026-06-01","Jack McGowans Farm, 20001 T-198, Mankato, MN 56001, USA","20001 T-198, Mankato, MN 56001, USA","high","","","","Kingdom of Northshield","kingdom","False","44.1658533","-94.0028013","ok_retry"
"Bardic Madness XXXIII Anthesteria","2026-05-29 00:00:00","2026-05-31 00:00:00","Jack McGowan Farm, 20001 T-198 Mankato MN 56001","20001 T-198 Mankato MN 56001","high","","","","Kingdom of the Middle","kingdom","False","44.1731111","-93.9478267","ok_photon"
"Baron's Brouhaha IX","2026-07-17","2026-07-20","973 Concession Rd 8, Tiverton, ON N0G 2T0, Canada","973 Concession Rd 8, Tiverton, ON N0G 2T0, Canada","high","Barons Brouhaha Nine Realms Baron’s Brouhaha is a laid-back camping event by tradition. It is a time to socialize, gather in a Great Hall setting, share stories, craft ideas, and anything else that you wish to bring to the table. There will be thrown weapons, rapier and armored combat. Saturday we will have a pot-luck feast. Where: 973 Concession Rd 8, Tiverton ON N0G 2T0 When: July 17, 2026 3pm to July 19, 4pm","https://maps.app.goo.gl/4VWLkd8AXMsAr7Ft6","https://www.facebook.com/events/961488856677914","Kingdom of Ealdormere","kingdom","False","44.267641","-81.543365","ok_retry"
"Baronesses’ Masked Ball (Darkwood)","2026-12-05 00:00:00","2026-12-05 23:59:59","","Santa Cruz, California","low","save the date","https://westkingdom.org/event/baronesses-masked-ball-darkwood/","","Kingdom of the West","kingdom","False","37.050096","-121.99059","ok"
"Baroness’ Masked Ball (Darkwood)","2027-12-04 00:00:00","2027-12-04 23:59:59","","Santa Cruz, California","low","Save the Date","https://westkingdom.org/event/baroness-masked-ball-darkwood/","","Kingdom of the West","kingdom","False","37.050096","-121.99059","ok"
"Baronial Bash 50th Anniversary","2026-10-23 08:00:00","2026-10-25 17:00:00","Masonic Park and Youth Camp, 18050 US HWY 301 SOUTH, WIMAUMA, FL, 33598, United States","18050 US HWY 301 SOUTH, WIMAUMA, FL, 33598, United States","high","","https://trimaris.org/event/baronial-bash-50th-anniversary/","","Kingdom of Trimaris","kingdom","False","27.7050672","-82.3316848","ok_retry"
"Baronial Birthday - One Thousand Eyes","2027-11-13","2027-11-14","","","empty","","","","Kingdom of Artemisia","kingdom","False","","","skipped"
"Baronial Birthday, Barony Beyond the Mountain","2026-06-20","2026-06-21","St. Peter's Episcopal Church 99 Sand Hill Road South Windsor, CT 06074 US","99 Sand Hill Road South Windsor, CT 06074 US","high","","http://www.eastkingdom.org/EventDetails.php?eid=4562","","Kingdom of the East","kingdom","False","41.8362355","-72.5542334","ok"
"Baronial Border War","2026-06-19 00:00:00","2026-06-21 00:00:00","Barry Country Fairground","Barry Country Fairground","low","","","","Kingdom of the Middle","kingdom","False","38.4079268","-111.6483526","ok_photon"
"Baronial Championship (Fettburg)","2026-05-30 10:00:00","2026-05-30 17:00:00","2206 Oxford Way, Lodi, CA, United States","2206 Oxford Way, Lodi, CA, United States","high","FACEBOOK EVENT PAGE Event Steward SCA Name: Agatha of Fettburg Event Steward contacts: Event Name: Fettburg Championship Event Site Open: May 30, 10am Event Site Close: May 30, 5pm Further Event Information: Come one come all to join Their Excellencies of Fettburg in finding the next heavy champion of Fettburg. There will be fighting, art, fighting, friendship, fighting and fun. Heavy list will be: – Armor inspection 11am – Viking Ice flow Our Champion Áfastr Dreki Reginsson has come up with the fighting style. If you need to contact him at We will be having an artsy/crafty salon where you can bring what you’re working on and socialize. There will also be informal gaming happening. There will be youth activities include the great Head Hunt (egg hunt) Site Note: please no completely enclosed tents or pavilions. No tents with stakes. 1-2 walls for shade is ok. Also dogs are allowed as long as they are leashed and attached to a human","https://westkingdom.org/calendar/sca","https://www.facebook.com/events/2041774350014153/","Kingdom of the West","kingdom","False","38.1342422","-121.3020067","ok"
"Baronial Fighter Practice (RECURRING)","2026-05-31 17:00:00","2026-05-31 19:00:00","13036 Nike Park Rd, Carrollton, VA 23314, USA","13036 Nike Park Rd, Carrollton, VA 23314, USA","high","Check out our unofficial Combat by the Sea Facebook page for more information. The fighters from Marinus and Tir-Y-Don decided that we will continue, for the near future at least, to hold practice jointly at Nike Park at 13036 Nike Park Rd, Carrollton, VA 23314 at 1pm on Sundays. Heavy and rapier fighters welcome! Loaner gear available on request [RECURRING — also on: 31 May 2026, 7 Jun 2026, 14 Jun 2026, 21 Jun 2026, 28 Jun 2026, 5 Jul 2026, 12 Jul 2026, 19 Jul 2026, 26 Jul 2026]","","https://www.facebook.com/groups/1054444741946428","Barony of Marinus","baronial","False","36.9621289","-76.5608286","ok"
"Baronial Fighter Practice (RECURRING)","2026-06-03","2026-06-04","26 Richland Rd, Fredericksburg, VA 22406, USA","26 Richland Rd, Fredericksburg, VA 22406, USA","high","Every Wednesday, weather permitting, 6:30-9:00 [RECURRING — also on: 3 Jun 2026, 10 Jun 2026, 17 Jun 2026, 24 Jun 2026, 1 Jul 2026, 8 Jul 2026, 15 Jul 2026, 22 Jul 2026]","","","Barony of Stierbach (Workshops)","baronial","False","38.3031837","-77.4605399","ok_retry"
"Baronial War (Fettburg)","2027-04-24 00:00:00","2027-04-24 23:59:59","","Stockton, California","low","Save the Date","https://westkingdom.org/event/baronial-war-fettburg-2/","","Kingdom of the West","kingdom","False","37.9577016","-121.290779","ok"
"Barony of Buckland Cross Day of Champions","2026-10-25","2026-10-26","Core Creek Park, Pavilion 11 901 Bridgetown Pike Langhorne, PA 19047 US","Core Creek Park, Pavilion 11 901 Bridgetown Pike Langhorne, PA 19047 US","low","","http://www.eastkingdom.org/EventDetails.php?eid=4534","","Kingdom of the East","kingdom","False","40.1791383","-74.9129975","ok_retry"
"Barony of Tarnmists Business Meeting (Virtual)","2026-06-04 19:00:00","2026-06-04 20:00:00","Zoom","Zoom","low","West Kingdom Zoom is inviting you to a scheduled Zoom meeting. Join Zoom Meeting Meeting ID: 846 4430 4710 Passcode: 1066","https://us06web.zoom.us/j/84644304710?pwd=cnc2Qk9ORWk1akZBT2NYWTl3Q2hFZz09","","Kingdom of the West","kingdom","True","37.3329622","-121.8950563","ok"
"Barony of Tarnmists Business Meeting (Virtual)","2026-07-02 19:00:00","2026-07-02 20:00:00","Zoom","Zoom","low","West Kingdom Zoom is inviting you to a scheduled Zoom meeting. Join Zoom Meeting Meeting ID: 846 4430 4710 Passcode: 1066","https://us06web.zoom.us/j/84644304710?pwd=cnc2Qk9ORWk1akZBT2NYWTl3Q2hFZz09","","Kingdom of the West","kingdom","True","37.3329622","-121.8950563","ok"
"Barony of Tarnmists Business Meeting (Virtual)","2026-08-06 19:00:00","2026-08-06 20:00:00","Zoom","Zoom","low","West Kingdom Zoom is inviting you to a scheduled Zoom meeting. Join Zoom Meeting Meeting ID: 846 4430 4710 Passcode: 1066","https://us06web.zoom.us/j/84644304710?pwd=cnc2Qk9ORWk1akZBT2NYWTl3Q2hFZz09","","Kingdom of the West","kingdom","True","37.3329622","-121.8950563","ok"
"Barony of Tarnmists Business Meeting (Virtual)","2026-09-03 19:00:00","2026-09-03 20:00:00","Zoom","Zoom","low","West Kingdom Zoom is inviting you to a scheduled Zoom meeting. Join Zoom Meeting Meeting ID: 846 4430 4710 Passcode: 1066","https://us06web.zoom.us/j/84644304710?pwd=cnc2Qk9ORWk1akZBT2NYWTl3Q2hFZz09","","Kingdom of the West","kingdom","True","37.3329622","-121.8950563","ok"
"Barony of Tarnmists Business Meeting (Virtual)","2026-10-01 19:00:00","2026-10-01 20:00:00","Zoom","Zoom","low","West Kingdom Zoom is inviting you to a scheduled Zoom meeting. Join Zoom Meeting Meeting ID: 846 4430 4710 Passcode: 1066","https://us06web.zoom.us/j/84644304710?pwd=cnc2Qk9ORWk1akZBT2NYWTl3Q2hFZz09","","Kingdom of the West","kingdom","True","37.3329622","-121.8950563","ok"
"Barony of Tarnmists Business Meeting (Virtual)","2026-11-05 19:00:00","2026-11-05 20:00:00","Zoom","Zoom","low","West Kingdom Zoom is inviting you to a scheduled Zoom meeting. Join Zoom Meeting Meeting ID: 846 4430 4710 Passcode: 1066","https://us06web.zoom.us/j/84644304710?pwd=cnc2Qk9ORWk1akZBT2NYWTl3Q2hFZz09","","Kingdom of the West","kingdom","True","37.3329622","-121.8950563","ok"
"Barony of Tarnmists Business Meeting (Virtual)","2026-12-03 19:00:00","2026-12-03 20:00:00","Zoom","Zoom","low","West Kingdom Zoom is inviting you to a scheduled Zoom meeting. Join Zoom Meeting Meeting ID: 846 4430 4710 Passcode: 1066","https://us06web.zoom.us/j/84644304710?pwd=cnc2Qk9ORWk1akZBT2NYWTl3Q2hFZz09","","Kingdom of the West","kingdom","True","37.3329622","-121.8950563","ok"
"Barony of Tarnmists Business Meeting (Virtual)","2027-01-07 19:00:00","2027-01-07 20:00:00","Zoom","Zoom","low","West Kingdom Zoom is inviting you to a scheduled Zoom meeting. Join Zoom Meeting Meeting ID: 846 4430 4710 Passcode: 1066","https://us06web.zoom.us/j/84644304710?pwd=cnc2Qk9ORWk1akZBT2NYWTl3Q2hFZz09","","Kingdom of the West","kingdom","True","37.3329622","-121.8950563","ok"
"Barony of Tarnmists Business Meeting (Virtual)","2027-02-04 19:00:00","2027-02-04 20:00:00","Zoom","Zoom","low","West Kingdom Zoom is inviting you to a scheduled Zoom meeting. Join Zoom Meeting Meeting ID: 846 4430 4710 Passcode: 1066","https://us06web.zoom.us/j/84644304710?pwd=cnc2Qk9ORWk1akZBT2NYWTl3Q2hFZz09","","Kingdom of the West","kingdom","True","37.3329622","-121.8950563","ok"
"Barony of Tarnmists Business Meeting (Virtual)","2027-03-04 19:00:00","2027-03-04 20:00:00","Zoom","Zoom","low","West Kingdom Zoom is inviting you to a scheduled Zoom meeting. Join Zoom Meeting Meeting ID: 846 4430 4710 Passcode: 1066","https://us06web.zoom.us/j/84644304710?pwd=cnc2Qk9ORWk1akZBT2NYWTl3Q2hFZz09","","Kingdom of the West","kingdom","True","37.3329622","-121.8950563","ok"
"Barony of Tarnmists Business Meeting (Virtual)","2027-04-01 19:00:00","2027-04-01 20:00:00","Zoom","Zoom","low","West Kingdom Zoom is inviting you to a scheduled Zoom meeting. Join Zoom Meeting Meeting ID: 846 4430 4710 Passcode: 1066","https://us06web.zoom.us/j/84644304710?pwd=cnc2Qk9ORWk1akZBT2NYWTl3Q2hFZz09","","Kingdom of the West","kingdom","True","37.3329622","-121.8950563","ok"
"Barony of Tarnmists Business Meeting (Virtual)","2027-05-06 19:00:00","2027-05-06 20:00:00","Zoom","Zoom","low","West Kingdom Zoom is inviting you to a scheduled Zoom meeting. Join Zoom Meeting Meeting ID: 846 4430 4710 Passcode: 1066","https://us06web.zoom.us/j/84644304710?pwd=cnc2Qk9ORWk1akZBT2NYWTl3Q2hFZz09","","Kingdom of the West","kingdom","True","37.3329622","-121.8950563","ok"
"Barony of Tarnmists Business Meeting (Virtual)","2027-06-03 19:00:00","2027-06-03 20:00:00","Zoom","Zoom","low","West Kingdom Zoom is inviting you to a scheduled Zoom meeting. Join Zoom Meeting Meeting ID: 846 4430 4710 Passcode: 1066","https://us06web.zoom.us/j/84644304710?pwd=cnc2Qk9ORWk1akZBT2NYWTl3Q2hFZz09","","Kingdom of the West","kingdom","True","37.3329622","-121.8950563","ok"
"Barony of Tarnmists Business Meeting (Virtual)","2027-07-01 19:00:00","2027-07-01 20:00:00","Zoom","Zoom","low","West Kingdom Zoom is inviting you to a scheduled Zoom meeting. Join Zoom Meeting Meeting ID: 846 4430 4710 Passcode: 1066","https://us06web.zoom.us/j/84644304710?pwd=cnc2Qk9ORWk1akZBT2NYWTl3Q2hFZz09","","Kingdom of the West","kingdom","True","37.3329622","-121.8950563","ok"
"Barony of Tarnmists Business Meeting (Virtual)","2027-08-05 19:00:00","2027-08-05 20:00:00","Zoom","Zoom","low","West Kingdom Zoom is inviting you to a scheduled Zoom meeting. Join Zoom Meeting Meeting ID: 846 4430 4710 Passcode: 1066","https://us06web.zoom.us/j/84644304710?pwd=cnc2Qk9ORWk1akZBT2NYWTl3Q2hFZz09","","Kingdom of the West","kingdom","True","37.3329622","-121.8950563","ok"
"Barony of Tarnmists Business Meeting (Virtual)","2027-09-02 19:00:00","2027-09-02 20:00:00","Zoom","Zoom","low","West Kingdom Zoom is inviting you to a scheduled Zoom meeting. Join Zoom Meeting Meeting ID: 846 4430 4710 Passcode: 1066","https://us06web.zoom.us/j/84644304710?pwd=cnc2Qk9ORWk1akZBT2NYWTl3Q2hFZz09","","Kingdom of the West","kingdom","True","37.3329622","-121.8950563","ok"
"Barony of Tarnmists Business Meeting (Virtual)","2027-10-07 19:00:00","2027-10-07 20:00:00","Zoom","Zoom","low","West Kingdom Zoom is inviting you to a scheduled Zoom meeting. Join Zoom Meeting Meeting ID: 846 4430 4710 Passcode: 1066","https://us06web.zoom.us/j/84644304710?pwd=cnc2Qk9ORWk1akZBT2NYWTl3Q2hFZz09","","Kingdom of the West","kingdom","True","37.3329622","-121.8950563","ok"
"Barony of Tarnmists Business Meeting (Virtual)","2027-11-04 19:00:00","2027-11-04 20:00:00","Zoom","Zoom","low","West Kingdom Zoom is inviting you to a scheduled Zoom meeting. Join Zoom Meeting Meeting ID: 846 4430 4710 Passcode: 1066","https://us06web.zoom.us/j/84644304710?pwd=cnc2Qk9ORWk1akZBT2NYWTl3Q2hFZz09","","Kingdom of the West","kingdom","True","37.3329622","-121.8950563","ok"
"Barony of Tarnmists Business Meeting (Virtual)","2027-12-02 19:00:00","2027-12-02 20:00:00","Zoom","Zoom","low","West Kingdom Zoom is inviting you to a scheduled Zoom meeting. Join Zoom Meeting Meeting ID: 846 4430 4710 Passcode: 1066","https://us06web.zoom.us/j/84644304710?pwd=cnc2Qk9ORWk1akZBT2NYWTl3Q2hFZz09","","Kingdom of the West","kingdom","True","37.3329622","-121.8950563","ok"
"Barony of Tarnmists Business Meeting (Virtual)","2028-01-06 19:00:00","2028-01-06 20:00:00","Zoom","Zoom","low","West Kingdom Zoom is inviting you to a scheduled Zoom meeting. Join Zoom Meeting Meeting ID: 846 4430 4710 Passcode: 1066","https://us06web.zoom.us/j/84644304710?pwd=cnc2Qk9ORWk1akZBT2NYWTl3Q2hFZz09","","Kingdom of the West","kingdom","True","37.3329622","-121.8950563","ok"
"Barony of Tarnmists Business Meeting (Virtual)","2028-02-03 19:00:00","2028-02-03 20:00:00","Zoom","Zoom","low","West Kingdom Zoom is inviting you to a scheduled Zoom meeting. Join Zoom Meeting Meeting ID: 846 4430 4710 Passcode: 1066","https://us06web.zoom.us/j/84644304710?pwd=cnc2Qk9ORWk1akZBT2NYWTl3Q2hFZz09","","Kingdom of the West","kingdom","True","37.3329622","-121.8950563","ok"
"Barony of Tarnmists Business Meeting (Virtual)","2028-03-02 19:00:00","2028-03-02 20:00:00","Zoom","Zoom","low","West Kingdom Zoom is inviting you to a scheduled Zoom meeting. Join Zoom Meeting Meeting ID: 846 4430 4710 Passcode: 1066","https://us06web.zoom.us/j/84644304710?pwd=cnc2Qk9ORWk1akZBT2NYWTl3Q2hFZz09","","Kingdom of the West","kingdom","True","37.3329622","-121.8950563","ok"
"Barony of Tarnmists Business Meeting (Virtual)","2028-04-06 19:00:00","2028-04-06 20:00:00","Zoom","Zoom","low","West Kingdom Zoom is inviting you to a scheduled Zoom meeting. Join Zoom Meeting Meeting ID: 846 4430 4710 Passcode: 1066","https://us06web.zoom.us/j/84644304710?pwd=cnc2Qk9ORWk1akZBT2NYWTl3Q2hFZz09","","Kingdom of the West","kingdom","True","37.3329622","-121.8950563","ok"
"Barony of Tarnmists Business Meeting (Virtual)","2028-05-04 19:00:00","2028-05-04 20:00:00","Zoom","Zoom","low","West Kingdom Zoom is inviting you to a scheduled Zoom meeting. Join Zoom Meeting Meeting ID: 846 4430 4710 Passcode: 1066","https://us06web.zoom.us/j/84644304710?pwd=cnc2Qk9ORWk1akZBT2NYWTl3Q2hFZz09","","Kingdom of the West","kingdom","True","37.3329622","-121.8950563","ok"
"Battle for Greyhope","2026-05-29 00:00:00","2026-05-31 00:00:00","Jasper County Fairgrounds, 2671 W Clark St, Rensselaer IN 47978","2671 W Clark St, Rensselaer IN 47978","high","","","","Kingdom of the Middle","kingdom","False","40.9407586","-87.1610503","ok"
"Battle of the Pines","2027-02-20 06:00:00","2027-02-21 04:00:00","Lake Murvaul Marina 638 FM 1234 Carthage, TX 75633","Lake Murvaul Marina 638 FM 1234 Carthage, TX 75633","low","","","","Kingdom of Ansteorra","kingdom","False","32.041299","-94.4304868","ok"
"Battle on the Bay (Storvik)","2026-10-23","2026-10-25","Patuxent River Park (aka Croom Park), 16000 Croom Airport Road, Upper Marlboro, MD, 20772","16000 Croom Airport Road, Upper Marlboro, MD, 20772","high","Upcoming event in Storvik Event Flyer:","https://atlantia.sca.org/event/?event_id=69288e30","","Kingdom of Atlantia","kingdom","False","38.7724336","-76.7118651","ok"
"Battlemoor (OUTLANDS)","2026-06-23","2026-06-29","Cheyenne Mountain, Colorado 80926, USA","Cheyenne Mountain, Colorado 80926, USA","low","For all the information on the great Outlands event, please see: Battlemoor – The Kingdom of the Outlands","https://www.battlemoor.org/","","Kingdom of Atenveldt","kingdom","False","38.7713841","-104.855441","ok"
"Battlemoor XIV: Kill Them With Kindness","2026-06-23 19:00:00","2026-06-28 22:00:00","Golden Eagle Campground, 710 Rock Creek Canyon Rd STE 200, Colorado Springs, Colorado, 80906, United States","710 Rock Creek Canyon Rd STE 200, Colorado Springs, Colorado, 80906, United States","high","To vanquish ones foe is a mighty feat, but to show them kindness and mercy is right and honorable. We welcome one and all to “kill them with kindness” in a show of hospitality in celebration of all that is Outlands. Join us in the Barony of Dragonsspine nestled at the foot of the mighty mountains to share in glory, knowledge, companionship, sport, revelry, and the warmth of chosen family. The site offers many unique features and comforts including easy access to the King’s Highway, nearby amenities, and camping facilities. We are fortunate to be working with Golden Eagle Campground, who is offering up their site as well as their facilities for both RV and ground camping for an additional fee for those who wish to take advantage of improved and robust utility offerings to include electricity, water, and well-tended spaces. Of course, we also have field camping in the traditional sense available for the standard event fee. Enjoy vendors, Arts & Sciences classes, nightly revelry, Martial activities (Archery, Equestrian, Rapier, and Armored Fighting), Camaraderie, Hospitality, Honor, and Valor. Pre-Registration is now open — Link below in Admission! Event Website Event Steward Admission Pre-Reg Fees:Full Week SCA Camping Member 16+ – $80.00Full Week Golden Eagle Campground (Additional Camp Fee Required) – $50.00Weekend – Fri – Sat – $55.00Under 16 free At Gate:Full Week SCA Camping Member – $90.00Weekend – Fri – Sat – $60.00Saturday Only – $35.00Under 16 free Pre-registration link below!!! Pre-register Camping Reservations Please note that any reservations to camp in the improved sites for either RV or tent camping must be made through the Golden Eagle Campground reservation system found on their website linked below. Camping Reservations","https://www.outlands.org/event/battlemoor/","","Kingdom of the Outlands","kingdom","False","38.9912381","-104.8588346","ok_retry"
"Battlemoor XIV: Kill Them With Kindness","2026-06-23 19:00:00","2026-06-28 22:00:00","Golden Eagle Campground, 710 Rock Creek Canyon Rd, Colorado Springs, CO, 80926, United States","710 Rock Creek Canyon Rd, Colorado Springs, CO, 80926, United States","high","Come and Be Welcome Please join us at the foot of Cheyenne Mountain, in Colorado Springs. Dates for the 2026 Battlemoor are June 23-28. Enjoy vendors, Arts & Sciences classes, nightly revelry, Martial activities (Archery, Equestrian, Fencing and Heavy fighting), comradery, Hospitality, Honor and Valor","","","Shire of White Mountain","baronial","False","38.9912381","-104.8588346","ok_retry"
"Battlemoor!","2026-06-23","2026-06-29","https://battlemoor.org/","https://battlemoor.org/","low","","https://battlemoor.org/","","Barony of Unser Hafen","baronial","False","","","skipped"
"Bellringers","2027-01-16","2027-01-17","Quail Hill Scout Camp 56 La Valley Drive Manalapan, NJ 07726 US","56 La Valley Drive Manalapan, NJ 07726 US","high","","http://www.eastkingdom.org/EventDetails.php?eid=4546","","Kingdom of the East","kingdom","False","40.2651471","-74.3952076","ok"
"Beltaine","2027-04-23 22:00:00","2027-04-25 15:00:00","","","empty","","https://gleannabhann.net/event/beltaine-5/","","Kingdom of Gleann Abhann","kingdom","False","","","skipped"
"Beltane","2027-04-30 06:00:00","2027-05-02 06:00:00","Camp Sylvia Stapley 750 S Camp Redlands Rd, Stillwater, OK 74074","750 S Camp Redlands Rd, Stillwater, OK 74074","high","","","","Kingdom of Ansteorra","kingdom","False","36.1156306","-97.0585717","ok_retry"
"Beltane Coronation","2027-04-30 00:00:00","2027-05-02 23:59:59","","","empty","Save the Date","https://westkingdom.org/event/beltane-coronation/","","Kingdom of the West","kingdom","False","","","skipped"
"Beltane Rides Again","2026-05-30","2026-05-31","Bayfield County Fairgrounds, 7080 N Main St, Iron River, WI 54847, USA","7080 N Main St, Iron River, WI 54847, USA","high","","","","Kingdom of Northshield","kingdom","False","46.5740503","-91.4210243","ok"
"Better War Through Archery (Constellation)","2027-03-27 00:00:00","2027-03-27 00:00:00","Hendricks County 4H Fairgrounds, Constellation, 1900 E Main St, Danville, IN 46122","1900 E Main St, Danville, IN 46122","high","","","","Kingdom of the Middle","kingdom","False","39.761675","-86.488535","ok"
"Birthday - Gryphon's Lair","2027-08-21","2027-08-22","","","empty","","","","Kingdom of Artemisia","kingdom","False","","","skipped"
"Birthday - Silver Keep","2027-02-20","2027-02-21","","","empty","","","","Kingdom of Artemisia","kingdom","False","","","skipped"
"Bjorn's Ceilidh","2026-11-14","2026-11-15","Scotia United Methodist Church 201 North Ten Broeck Street Scotia, NY 12302 US","201 North Ten Broeck Street Scotia, NY 12302 US","high","","http://www.eastkingdom.org/EventDetails.php?eid=4584","","Kingdom of the East","kingdom","False","42.8285595","-73.9629861","ok"
"Bjornsborg Fall Event","2026-09-25 06:00:00","2026-09-28 04:59:00","","San Antonio, Texas","low","","","","Kingdom of Ansteorra","kingdom","False","29.4246002","-98.4951405","ok"
"Black Axe 2027","2027-05-07 00:00:00","2027-05-07 00:00:00","","Greater Birmingham area and Shelby County","low","Hosted by Barony of Iron Mountain","","","Kingdom of Meridies","kingdom","False","33.5206824","-86.8024326","ok_retry"
"Black Swamp War Games 2026","2026-06-26 00:00:00","2026-06-28 00:00:00","Hancock County Fairgrounds, 1017 E Sandusky St, Findlay, OH 45840","1017 E Sandusky St, Findlay, OH 45840","high","","","","Kingdom of the Middle","kingdom","False","41.0367415","-83.630418","ok"
"Blackstone Mountain Baronial Championship","2026-05-30 12:30:00","2026-05-30 23:00:00","Jackson County Jr Fairgrounds, 508 Cottageville Rd, Cottageville, WV, 25239, United States","508 Cottageville Rd, Cottageville, WV, 25239, United States","high","Additional Notes on Pet Policy: Leashed pets welcome. Please join us on May 30th at the Jackson County Junior Fairgrounds in Cottageville WV where the Barony of Blackstone Mountain will hold its annual Baronial Championship event to determine who will represent the Barony at the next 7 Pearls. We will hold competitions in Heavy Weapons, Fencing, Archery, Thrown Weapons, Arts and Sciences and Bardic. At the request of the Baronage, no one with a Peer level award in an area of competition may compete in that specific area. However they are free to compete in any other category. Site fee is $20.00 for Non Members and $10.00 for Members. Children 17 and under are free. Site is Indoor/Outdoor but is wheelchair friendly. Site is DRY. Dayboard is included with site fee and will be provided by Astridr vigaskegg (Kelly West) OL. Autocrat for the event is THL Verena von Talhain (Vicki Martin) Site will open at 8:30am and troll will close promptly at noon. There is no pre-reservation. Please make checks payable to SCA-WV, Inc. Barony of Blackstone Mountain. There are no credit cards or bank cards taken at troll","https://aethelmearc.org/event/blackstone-mountain-baronial-championship/","","Kingdom of AEthelmearc","kingdom","False","38.7222198","-81.9497434","ok_retry"
"Bonwicke War of Legends","2026-09-04 06:00:00","2026-09-07 16:00:00","","Lubbock, Texas","low","","","","Kingdom of Ansteorra","kingdom","False","33.5855677","-101.8470215","ok"
"Border Without Walls 2026","2026-08-28 00:00:00","2026-08-28 00:00:00","","NE Tennessee and the SW Corner of Virginia","low","Hosted by Shire of Nant-Y-Derwyddon","","","Kingdom of Meridies","kingdom","False","36.484384","-82.4194527","ok_retry"
"Bordermarch War of the Rams","2026-11-19 06:00:00","2026-11-23 16:00:00","","Beaumont, Texas","low","","","","Kingdom of Ansteorra","kingdom","False","30.0829344","-94.0984277","ok"
"Borders Without Walls *Out of Kingdom*","2026-08-28 22:00:00","2026-08-30 14:00:00","Laurel Grove Event Venue, 2125 Carolina Ave, Bristol, TN, 37620, United States","2125 Carolina Ave, Bristol, TN, 37620, United States","high","Shire of Nant-Y-Derwyddon- Kingdom of Meridies Borders Without Walls is an indoor, interkingdom fighter‑practice–style event welcoming participants from Meridies, Atlantia, Æthelmearc, and the Midrealm, all within an easy day’s drive. The event focuses on cross‑kingdom training, creative exchange, and fellowship without borders. The martial program includes ample space for heavy armored combat and rapier, offering open sparring, structured drills, and cross‑style instruction for fighters of all experience levels. In addition, the event features archery, including the opportunity to shoot Royal Rounds, giving archers a chance to improve scores or qualify while enjoying friendly interkingdom competition. The day also showcases the Society’s creative spirit through A&S classes taught by instructors from multiple kingdoms. Attendees can explore diverse arts, learn new techniques, and share knowledge across regional styles and traditions. A lively kingdom boasting competition invites participants to celebrate their home realms through storytelling, performance, or creative display, fostering camaraderie and friendly rivalry. As the day concludes, the hall shifts into a welcoming tavern atmosphere with tavern games and a feast, offering time to relax, socialize, and enjoy good company after a full day of activity. For travelers, the site provides multiple lodging options: indoor crash space (bring your own cot or bedding) and tent camping areas for those who prefer to camp. Borders Without Walls celebrates the best elements of interkingdom gatherings—honorable combat, shared learning, artistic discovery, and joyful community. Whether you come to fight, shoot, teach, create, or simply connect with friends old and new, this event opens its doors to all","https://aethelmearc.org/event/borders-without-walls-out-of-kingdom/","","Kingdom of AEthelmearc","kingdom","False","36.565695","-82.1551","ok"
"Bottony Cross (St Florian de la Riviere)","2026-08-22","2026-08-23","Brisbane Bridge Club 104 Frederick St, Brisbane Queensland 4104","104 Frederick St, Brisbane Queensland 4104","high","The annual Bottony Cross team melee tournament and feast","","","Kingdom of Lochac","kingdom","False","-27.5189468","153.0266138","ok"
"Brendokenfest","2026-10-31 00:00:00","2026-10-31 00:00:00","Minerva Sportsman Club, 9247 Arrow Rd NW Minerva, OH 44657","9247 Arrow Rd NW Minerva, OH 44657","high","","","","Kingdom of the Middle","kingdom","False","40.7432558","-81.0979401","ok_retry"
"Brennan & Caoilfhionn's Ducal Challenges","2026-09-26","2026-09-27","Vasa Park 93 Wolf Rd Budd Lake, NJ 07828 US","93 Wolf Rd Budd Lake, NJ 07828 US","high","","http://www.eastkingdom.org/EventDetails.php?eid=4564","","Kingdom of the East","kingdom","False","40.8723552","-74.7359902","ok_photon"
"Bright Hills Meeting (Virtual)","2026-06-18 23:00:00","2026-06-19 00:00:00","https://meet.google.com/ahu-ohsi-qhu","https://meet.google.com/ahu-ohsi-qhu","low","","","","Barony of Bright Hills","baronial","False","","","skipped"
"Bryn Gwlad Candlemas","2027-02-06 13:00:00","2027-02-07 02:00:00","","","empty","","","","Kingdom of Ansteorra","kingdom","False","","","skipped"
"Bryn Gwlad Fall Baronial","2026-10-23 06:00:00","2026-10-25 06:00:00","1883 Old Hwy 20, McDade, TX 78650. 1883 Old Hwy 20, McDade, TX 78650.","1883 Old Hwy 20, McDade, TX 78650. 1883 Old Hwy 20, McDade, TX 78650.","high","","","","Kingdom of Ansteorra","kingdom","False","30.2864972","-97.240054","ok_retry"
"Bundaberg Show Demo (Burnfield)","2026-05-26","2026-05-30","Bundaberg Recreational Precinct University Drive Branyan Qld 4670","Bundaberg Recreational Precinct University Drive Branyan Qld 4670","low","Bundaberg Show Information: Stewards for the Event are: Master Wulfric Greycloak and Bolatazar Constable is Lady Cailleach Dhe inghean Ui Dhubhghaill Arts and Science Mistress: Morgaine Bookings to: This is essential so we can organise entry passes to the Show. If you are coming in daily, please indicate this at time of booking. Set up: Tuesday 26th May 2026 from 9 am: Pack Down Friday 29th May 2026 12 noon Food: There is to be a food fund again this year. The cost per head is $35:00. It is kindly being offered by Mistress AElfgifu of Burnfield and Master Wulfric Greycloak. We will do our best to cater for diets but cannot guarantee anything other than the basics this year. The Food Fund covers meals from Afternoon Tea on Tuesday to Friday lunch. There are plenty of food vendors available at the Show if you wish not to join us. But we do insist you do not bring any seafood or seafood items into the encampment due to a severe allergy. Gold to be paid at the event. Thank you. Personal Items needed for the show: Chair is a must, wrap or coat for the evenings as it is getting a bit cool, Feasting Kit (cup, bowl, plate, cutlery, t.towel), Membership Card or $10 for Non Members, Basic Sewing supplies (for classes), Period Clothing for the 3 days and your smile. If you have any items you wish to put out for display please bring them along. If you don’t want to repeat yourself 1000 times it might be a good idea to write a brief description of time period, how it was made and uses. Examples are games/embroidery/illumination/clothing/shoes/hats/jewellery/chain maille etc. As we are camping on site you will need all the usual gear: Tent, Bed, Bedding. IF You Are A WAYFARER And Need Help With Any Of This Please Let Me Know Now and I will do my best to assist you. Details to: ( Jo) and (Anita)","","","Kingdom of Lochac","kingdom","False","-24.8996031","152.3119745","ok_photon"
"Busy","2026-06-02 19:00:00","2026-06-02 20:00:00","","","empty","","https://westkingdom.org/event/busy-6/","","Kingdom of the West","kingdom","False","","","skipped"
"Busy","2026-06-04 19:00:00","2026-06-04 20:00:00","","","empty","","https://westkingdom.org/event/busy-6/","","Kingdom of the West","kingdom","False","","","skipped"
"Busy","2026-06-09 19:00:00","2026-06-09 20:00:00","","","empty","","https://westkingdom.org/event/busy-6/","","Kingdom of the West","kingdom","False","","","skipped"
"Busy","2026-06-11 19:00:00","2026-06-11 20:00:00","","","empty","","https://westkingdom.org/event/busy-6/","","Kingdom of the West","kingdom","False","","","skipped"
"Busy","2026-06-16 19:00:00","2026-06-16 20:00:00","","","empty","","https://westkingdom.org/event/busy-6/","","Kingdom of the West","kingdom","False","","","skipped"
"C is for Creative!","2026-06-27","2026-06-28","Bushkill Township Volunteer Fire Company 155 Firehouse Drive NAZARETH, PA 18064 US","155 Firehouse Drive NAZARETH, PA 18064 US","high","","http://www.eastkingdom.org/EventDetails.php?eid=4577","","Kingdom of the East","kingdom","False","40.7559754","-75.2980343","ok_photon"
"CC: Get Cuckoo Clock!","2026-05-29 17:00:00","2026-05-29 18:00:00","3539 Windsor Oaks Cir SW, Roanoke, VA 24018, USA","3539 Windsor Oaks Cir SW, Roanoke, VA 24018, USA","high","","","","Barony of Black Diamond","baronial","False","37.2377673","-80.0759642","ok_retry"
"CURLY CROSS TAVERN II - Apex, NC (Nimenefeld)","2026-05-29 04:00:59","2026-06-01 03:59:01","The Optimist Club Farm, 2908 Optimist Farm Rd, Apex, NC 27539, USA","2908 Optimist Farm Rd, Apex, NC 27539, USA","high","Event Page: Atlantian Calendar Web Page:","https://atlantia.sca.org/event/?event_id=680814f4","","Barony of Windmasters' Hill","baronial","False","35.7325352","-78.8505516","ok_retry"
"Caer Galen Midwinter","2026-12-12 16:00:00","2026-12-13 05:00:00","First Evangelical Lutheran, 803 3rd Avenue, Longmont, Colorado, 80501, United States","803 3rd Avenue, Longmont, Colorado, 80501, United States","high","Caer Galen Midwinter in the Court of Amethyst! Caer Galen Midwinter this year will be held in the Color Court of Amethyst! Come in your finest amethyst garb! Bring your latest arts and sciences project to display and show off! Bring your combat prowess for the Guard tournament! Be ready for a humble feast of fowl, roots, soup, and sweets! And best of all, dust off your dancing shoes for a night of joy and spirited dance, culminating in Caer Galen Musical Chairs! Further, In accordance with longstanding tradition, Caer Galen has decided that there will be NO SITE FEE this Midwinter. We want to make sure that EVERYONE can come and enjoy the hearth and camaraderie of the Color Court of Amethyst! Adult Feast 10; Youth Feast $10; Child (Age 0-10): Feast $5","https://www.outlands.org/event/caer-galen-midwinter-2/","","Kingdom of the Outlands","kingdom","False","40.1635565","-105.1058563","ok"
"Calafia Anniversary","2026-10-10","2026-10-11","","San Diego, California","low","","","","Kingdom of Caid","kingdom","False","32.7174202","-117.162772","ok"
"Calafia Rapier Tourney","2026-08-08","2026-08-09","","San Diego, California","low","","","","Kingdom of Caid","kingdom","False","32.7174202","-117.162772","ok"
"Cambridge Fencing Practice (RECURRING)","2026-06-04 23:00:00","2026-06-05 01:00:00","1640 Cambridge St, Cambridge, MA 02138, USA","1640 Cambridge St, Cambridge, MA 02138, USA","high","Carolingia hosts a fencing practice every Thursday night, 7-9pm, at the Cambridge War Memorial, 1640 Cambridge St, Cambridge, MA 02138. Parking is available at the Harvard Vanguard lot across the street. The War Memorial charges a $7 entrance fee. Once inside, we usually meet in the second floor basketball court. There are locker rooms available for changing [RECURRING — also on: 4 Jun 2026, 11 Jun 2026, 18 Jun 2026, 25 Jun 2026, 2 Jul 2026, 9 Jul 2026, 16 Jul 2026, 23 Jul 2026]","","","Barony of Carolingia","baronial","False","42.3744706","-71.1095646","ok"
"Candlemas","2027-02-06 14:00:00","2027-02-06 23:00:00","","","empty","","https://gleannabhann.net/event/candlemas-6/","","Kingdom of Gleann Abhann","kingdom","False","","","skipped"
"Candlemas","2027-01-23 00:00:00","2027-01-23 00:00:00","Lausche Building, 717 E 17th Ave, Columbus, OH 43211","717 E 17th Ave, Columbus, OH 43211","high","","","","Kingdom of the Middle","kingdom","False","39.9991662","-82.9946083","ok"
"Carnivale - Gryphon's Lair","2027-02-13","2027-02-14","","","empty","","","","Kingdom of Artemisia","kingdom","False","","","skipped"
"Carreg Wen Anniversary","2027-06-19","2027-06-20","","","empty","","","","Kingdom of Caid","kingdom","False","","","skipped"
"Carreg Wen Anniversary","2026-06-20 16:00:00","2026-06-21 00:00:00","Beattie Park, 1100 E Olive Ave, Lompoc, CA 93436, USA","1100 E Olive Ave, Lompoc, CA 93436, USA","high","WHERE: Beattie Park, 1100 East Olive Avenue, Lompoc, CA 93436 (East Olive Ave and 5th St) Come and join us for a delightful day in the cool breezes of Carreg Wen. There will be games and fighting. Bring your lunch. SCHEDULE: Site opens at 9am Site closes at 5pm REGISTRATION INFORMATION: Adult Event Registration is $15, Adult Member Discount Event Registration is $5. Youth under 18 are guests of the Shire. Cash and checks made payable to “SCA, Inc/Shire of Carreg Wen” accepted at gate. SITE INFORMATION: Site can be windy and cool","","","Kingdom of Caid","kingdom","False","34.6341142","-120.4470957","ok"
"Castle Fever","2026-06-27","2026-06-28","Oronoco City Park, 310 5th St NW Oronoco MN 55960","310 5th St NW Oronoco MN 55960","high","","","","Kingdom of Northshield","kingdom","False","44.1693653","-92.5407519","ok"
"Castle Wars 2026","2026-11-19 00:00:00","2026-11-19 00:00:00","","Atlanta Metropolitan area","low","Hosted by Barony of South Downs","","","Kingdom of Meridies","kingdom","False","33.7544657","-84.3898151","ok_retry"
"CastleNorth Grand Prize Tournament (Western Seas)","2026-06-27 16:00:00","2026-06-28 01:00:00","Hui ʻAeko Street, Hui ʻAeko St, Hawaii 96744, USA","Hui ʻAeko Street, Hui ʻAeko St, Hawaii 96744, USA","low","CastleNorth Grand Prize Tournament – Swords, Spears and Sausages! Where: Ahuimanu Community Park (Next door to the Ahuimanu Elementary School) 47-450 Hui Aeko Place, Kaneohe, HI 96744 When: Saturday, June 27, 2026 Site fee: $0 (There is no registration cost for this event.) *Entrants to the lyst must bring a prize for the prize table. ​ Greetings Western Seas! Sharpen your steel, loosen your belt, and let the games begin! Join the populace of Western Seas as we celebrate the spirit of the harvest in the heat of the summer! It’s time to dust off your lederhosen and braid your hair! Its CastleNorth’s Octoberfest in June! Where long swords and tasty sausages clash in epic combat! Whether you’re hungry for glory on the list field or just hungry for a bratwurst, we’ll see you at the gates of CastleNorth!"" Event Schedule: 9:00 a.m. Welcome! Court - At Their Excellency’s discretion 12:00 p.m. (or there-a-bouts) Tournament begins 4:00 p.m. Closing Court 6:00 p.m. Site closes * Admission to the lysts: All combatants that wish to enter the lysts must bring prize for the prize table. It does not have to be expensive or extravagant. Think of your fellow fighters and what they can use or need (i.e. Anything from a roll of duct tape, book or an elbow cop). All items are welcome. The CastleNorth Grand Champion will be determined by the number of points accrued by each fighter at the end of the day’s events. The fighter with the most points will be awarded the mantle of CastleNorth Grand Champion. The best fighter for 2000 miles around! Contests (All contests will be rattan/hard suit. We will make accommodations for HEMA where available*): Double elimination Great sword/Two-handed sword Tournament · 1 point per round won Double Elimination Pole axe/Glave/Naginata Tournament · 1 point per round won Double Elimination Spear Tournament · 1 point per round won Directions to the site: From H-3 take exit 9 to merge onto HI-63 N/Likelike Hwy toward Kaneohe and take the HI-83/Kahekili Hwy ramp then merge onto HI-83 W (signs for Kahekilli Hwy). Turn left onto Hui Iwa street then left again on to Hui Aeko street then left again on to Hui Aeko place. The field is on the left side at the end of the street. From The Pali Highway (Route 61) going toward the Windward side, turn left onto Kamehameha Hwy (Castle Junction) and go North and turn left at Likelike Hwy then make a right onto Kahekili Hwy then turn left onto Hui Iwa street then left again on to Hui Aeko street then left again on to Hui Aeko place. The field is on the left side at the end of the street","","","Kingdom of Caid","kingdom","False","21.4357905","-157.8311887","ok_retry"
"Cattle Raids","2026-08-21 00:00:00","2026-08-23 00:00:00","Saunders County Fairgrounds, 635 E 1st St, Wahoo, NE, 68066","635 E 1st St, Wahoo, NE, 68066","high","Hosted by: Mag Mor | Website:","https://magmor.calontir.org","","Kingdom of Calontir","kingdom","False","41.2047362","-96.6119863","ok"
"Cavern City Renaissance Fair - Demo","2026-10-25 22:00:00","2026-10-28 02:00:00","Lake Carlsbad Recreation Area, 708 Park Drive, Carlsbad, New Mexico, 88220, United States","708 Park Drive, Carlsbad, New Mexico, 88220, United States","high","","https://www.outlands.org/event/cavern-city-renaissance-fair-demo/","","Kingdom of the Outlands","kingdom","False","32.4280483","-104.2202281","ok"
"Ceilidh (Starkhafn)","2026-08-01","2026-08-02","","Las Vegas, Nevada","low","","","","Kingdom of Caid","kingdom","False","36.1674263","-115.1484131","ok_photon"
"Champions - One Thousand Eyes","2027-03-13","2027-03-14","","","empty","","","","Kingdom of Artemisia","kingdom","False","","","skipped"
"Champions in the Pines (BGM)","2026-09-26","2026-09-28","","","empty","","https://www.atenveldt.org/event/champions-in-the-pines-bgm/","","Kingdom of Atenveldt","kingdom","False","","","skipped"
"Championship (Rivenoak)","2026-09-19 00:00:00","2026-09-19 23:59:59","","Chico, California","low","save the date","https://westkingdom.org/event/championship-rivenoak/","","Kingdom of the West","kingdom","False","39.7284945","-121.8374777","ok"
"Charlesbury Gathering at Amelies French Bakery (RECURRING)","2026-06-01 22:00:00","2026-06-02 01:00:00","Amélie's French Bakery & Café | Park Road, 524 Brandywine Rd, Charlotte, NC 28209, USA","524 Brandywine Rd, Charlotte, NC 28209, USA","high"," [RECURRING — also on: 1 Jun 2026, 8 Jun 2026, 15 Jun 2026, 22 Jun 2026, 29 Jun 2026, 6 Jul 2026, 13 Jul 2026, 20 Jul 2026, 27 Jul 2026]","","","Barony of Sacred Stone","baronial","False","35.1730921","-80.8459063","ok"
"Chatelaine Quarterly Report","2026-08-25","2026-08-26","","","empty","","","","Kingdom of Northshield","kingdom","False","","","skipped"
"Chatelaine Quarterly Report","2027-08-25","2027-08-26","","","empty","","","","Kingdom of Northshield","kingdom","False","","","skipped"
"Chatelaine Quarterly Report","2027-05-25","2027-05-26","","","empty","","","","Kingdom of Northshield","kingdom","False","","","skipped"
"Chatelaine Quarterly Report","2028-05-25","2028-05-26","","","empty","","","","Kingdom of Northshield","kingdom","False","","","skipped"
"Chatelaine Quarterly Report","2027-02-25","2027-02-26","","","empty","","","","Kingdom of Northshield","kingdom","False","","","skipped"
"Chatelaine Quarterly Report","2028-02-25","2028-02-26","","","empty","","","","Kingdom of Northshield","kingdom","False","","","skipped"
"Chivalry Council (Public Notification)","2026-06-02 19:00:00","2026-06-02 20:00:00","","","empty","Members of the Order of the Chivalry Only Log in to your Order email, visit Classrooms or the Order FB groups to access the link to the meeting","https://westkingdom.org/event/chivalry-council-public-notification/","","Kingdom of the West","kingdom","False","","","skipped"
"Chivalry Council – Final day/time TBD","2026-06-20 00:00:00","2026-06-20 23:59:59","","","empty","At June Crown, likely Saturday Chivalry, MODS and Marks are all meeting. Precise order TBA","https://westkingdom.org/event/chivalry-council-final-day-time-tbd/","","Kingdom of the West","kingdom","False","","","skipped"
"Christmas Revel 50th Year","2026-12-04 23:00:00","2026-12-06 16:00:00","","","empty","","https://gleannabhann.net/event/christmas-revel-50th-year/","","Kingdom of Gleann Abhann","kingdom","False","","","skipped"
"Christmas Tourney 54","2026-12-06 00:00:00","2026-12-06 00:00:00","Pritchard Community Center, Pritchard Community Center, 404 S Mulberry St, Elizabethtown KY 42701","404 S Mulberry St, Elizabethtown KY 42701","high","","","","Kingdom of the Middle","kingdom","False","37.6907506","-85.8652412","ok"
"Civil Unrest ( Rivenoak )","2027-04-17 00:00:00","2027-04-17 23:59:59","","Chico, California","low","Save the Date","https://westkingdom.org/event/civil-unrest-rivenoak/","","Kingdom of the West","kingdom","False","39.7284945","-121.8374777","ok"
"Coastal Collegium","2026-08-22 13:00:00","2026-08-23 04:00:00","","","empty","","","","Kingdom of Ansteorra","kingdom","False","","","skipped"
"Coldwood's Closing of the Inne","2026-09-11","2026-09-14","The Estates of Stephen and Ellen Grandchamp 123 Mitchell Rd Peru, NY 12972 US","123 Mitchell Rd Peru, NY 12972 US","high","","http://www.eastkingdom.org/EventDetails.php?eid=4552","","Kingdom of the East","kingdom","False","44.522709","-73.6024035","ok"
"Coldwood's Opening of the Inne","2026-06-19","2026-06-22","The Estates of Stephen and Ellen Grandchamp 123 Mitchell Rd Peru , NY 12972 US","123 Mitchell Rd Peru, NY 12972 US","high","","http://www.eastkingdom.org/EventDetails.php?eid=4551","","Kingdom of the East","kingdom","False","44.522709","-73.6024035","ok"
"Collegium 2.0 (Eskalya)","2026-09-19 00:00:00","2026-09-19 23:59:59","","Anchorage, Alaska","low","Save the Date","https://westkingdom.org/event/collegium-2-0-eskalya/","","Kingdom of the West","kingdom","False","61.2163129","-149.894852","ok"
"Collegium Caidis (Kingdom A&S)","2027-03-13","2027-03-15","","","empty","","","","Kingdom of Caid","kingdom","False","","","skipped"
"Collegium on the Boarder (Ritterwald)","2027-04-23","2027-04-25","Eastwind Castle, 527 Johnston Hwy, Trenton, SC, 29847","527 Johnston Hwy, Trenton, SC, 29847","high","Fighting school and messy A&S","https://atlantia.sca.org/event/?event_id=69fa8a29","","Kingdom of Atlantia","kingdom","False","33.7416558","-81.8423388","ok_retry"
"Commander’s Crucible","2027-03-26 22:00:00","2027-03-28 17:00:00","","","empty","","","","Kingdom of Ansteorra","kingdom","False","","","skipped"
"Conquest - Bronzehelm","2026-08-28","2026-08-31","Swift River Ranch, 4313 Duck Creek Rd, Billings, MT 59101, USA","4313 Duck Creek Rd, Billings, MT 59101, USA","high","Conquest.pdf","https://drive.google.com/file/d/1Jv0cCaggqy_FaaFWZp7eXltO20619oSk/view?usp=sharing","","Kingdom of Artemisia","kingdom","False","45.7874957","-108.49607","ok_retry"
"Conquest - Bronzehelm","2027-08-28","2027-08-29","","Billings, MT","low","","","","Kingdom of Artemisia","kingdom","False","45.7874957","-108.49607","ok"
"Consort's Champion (Host: Calafia)","2027-01-10","2027-01-11","","San Diego, California","low","","","","Kingdom of Caid","kingdom","False","32.7174202","-117.162772","ok"
"Consort's Champion Equestrian (Host: Calafia)","2027-04-18","2027-04-19","","San Diego, California","low","","","","Kingdom of Caid","kingdom","False","32.7174202","-117.162772","ok"
"Consort's Champion Ranged (Host: Dreiburgen)","2027-01-24","2027-01-25","","Redlands, California","low","","","","Kingdom of Caid","kingdom","False","34.0550328","-117.1827445","ok"
"Consort’s Champion Equestrian (GWW)","2026-11-07","2026-11-08","","","empty","","","","Kingdom of Caid","kingdom","False","","","skipped"
"Consort’s Champion Martial (Gyldenholt)","2026-07-12 15:00:00","2026-07-13 00:00:00","Cedar Grove Park, 11385 Pioneer Rd, Tustin, CA 92782, USA","11385 Pioneer Rd, Tustin, CA 92782, USA","high","The Barony of Gyldenholt invites you to join them in celebrating Her Majesty. All combatants vie for the honor of being her Armored, Rapier, Youth Combat and Youth Rapier champions. SCHEDULE: 7:00am - Site set up 8:00am - General set up 9:00am - Lists open 10:00am - Opening Court (at TRM pleasure) followed by the Tournament 4:00pm - Closing Court and site clean up EVENT REGISTRATION: $25 for Adults, or $15 with the Adult Member Discount. Children 17 and under are guests of the day, but parents must still sign the minor waiver form or present a valid membership card. Please bring cash, check, or card. Make checks payable to “SCA, Inc. Barony of Gyldenholt.” SITE INFORMATION/RESTRICTIONS: This is a dry site. Please take all of your trash off site. If you wish to reserve eric space, please make sure to contact the stewards","","","Kingdom of Caid","kingdom","False","33.7509049","-117.7700051","ok"
"Consort’s Champion Ranged (Altavia)","2026-07-19 15:00:00","2026-07-20 00:00:00","6350 Woodley Ave, Van Nuys, CA 91436, USA","6350 Woodley Ave, Van Nuys, CA 91436, USA","high","The Barony of Altavia Invites all archers of CAID to come and compete for the honor of being Her Royal Majesty’s Champion for Open Handbow, Period Handbow, and Crossbow! The formats for the day will be updated prior to the event. Thrown Weapons will not be happening at this event. Schedule: 8:00 a.m – Site opens 9:00am – Practice and list signup 10:00am – Opening Court After Court Lists close and Competitions begin 4:00pm – Closing Court 5:00pm – Site Closes Cost: $0! There is no Registration cost for this event. Donations are welcome. Site Information & Restrictions: Woodley Park is at 6350 Woodley Ave., Van Nuys, CA 91406 in the Sepulveda Dance Basin recreation area between Burbank Boulevard and Victory Boulevard. This is a dry site. Projectiles and alcohol do not mix. Extra long stakes are needed when putting up pavilions or pop-ups. As a reminder, no pets are allowed inside of the range. Children are welcome, but must be supervised at all times by parents or guardians. Merchant Information: Merchants are allowed within the confines of the range. Please contact the Stewards for merchant information and reservations. Event Stewards: THL Merlin Wynn Email: -caid.org Directions: Woodley Park is bordered by Victory Blvd. on the North and Burbank Blvd. on the South. The site is west of the 405 Fwy. From the South: 405 Fwy North to Burbank Blvd exit. Go west on Burbank, turn right onto Woodley Ave. Head North, turn right on the road leading to the Japanese Gar-den. With the Japanese Garden on your left, head past the cricket field on your left. At the small traffic circle, veer to the right and head 3/4 of the way around the circle and exit to the north. The archery range is up the hill. From the East: 101 Fwy North (which is actually heading west), transition to the 405 Fwy North, then follow the directions above. From the North: 405 Fwy South. Go south to Victory Blvd., turn right (west) onto Victory Blvd., then West to Woodley Ave. Turn left onto Woodley Ave and left at the road leading to the Japanese Garden. Follow the directions above. COVID Disclaimer: Although the SCA complies with all applicable laws to ensure the health and safety of our event participants, we cannot eliminate the risk of exposure to infectious diseases during in-person events. By participating in the in-person events of the SCA, you acknowledge and accept the potential risks. You agree to take any additional steps to protect your own health and safety and those under your control as you believe to be necessary","","","Kingdom of Caid","kingdom","False","34.1866193","-118.4486675","ok_retry"
"Cooks of Concordia (RECURRING)","2026-06-21 17:00:00","2026-06-21 20:00:00","Scotia United Methodist Church, 201 North Ten Broeck Street, Scotia, NY 12302, USA","201 North Ten Broeck Street, Scotia, NY 12302, USA","high"," [RECURRING — also on: 21 Jun 2026, 19 Jul 2026]","","","Barony of Concordia of the Snows","baronial","False","42.8285595","-73.9629861","ok"
"Cooks of Concordia (Friday class)","2026-06-26 23:00:00","2026-06-27 01:00:00","Scotia United Methodist Church, 201 North Ten Broeck Street, Scotia, NY 12302, USA","201 North Ten Broeck Street, Scotia, NY 12302, USA","high","","","","Barony of Concordia of the Snows","baronial","False","42.8285595","-73.9629861","ok"
"Coronation","2027-04-10 12:00:00","2027-04-11 02:00:00","","","empty","","","","Kingdom of Ansteorra","kingdom","False","","","skipped"
"Coronation","2026-09-26","2026-09-27","Victoria Park Armoury, 210 Kent St W, Lindsay, ON K9V 2Y8, Canada","210 Kent St W, Lindsay, ON K9V 2Y8, Canada","high","Hosted by The Barony of Ben Dunfirth, staffed by the Greater Freehold of the Rozakii Victoria park Armoury, 210 Kent St. W., Lindsay, ON K9V 2Y8 Site opens 10am Site closes 8 pm Adult member discount registration: $25 Non-member adult: $35 Youth 16 and under, free. Lunch $8 Feast: $20 by THL Naga Event Stewards: Duchess Jocea Valente (Joleen Demarco-Whettlaufer) Mistress Kersteken Janzdochtere (April Luchies Gagne)","","","Kingdom of Ealdormere","kingdom","False","44.3539966","-78.7418737","ok"
"Coronation","2026-10-10 06:00:00","2026-10-11 04:59:00","","Burkburnett, TX","low","Fall Coronation to be held on 10/10/2026 will be hosted by the Shire of Brad Leah in Burkburnett, TX. Honorable Lady Astrid Flokadottir a Centurion Sean Mac Daniel will be the event stewards","","","Kingdom of Ansteorra","kingdom","False","34.0924285","-98.5705336","ok"
"Coronation (Gyldenholt)","2026-07-11 17:00:00","2026-07-11 17:30:00","1000 S State College Blvd, Anaheim, CA 92806, USA","1000 S State College Blvd, Anaheim, CA 92806, USA","high","The Barony of the Gyldenholt invites the populace of Caid and all the Known World to celebrate the final court of Their Royal Majesties, Wilhelm and Lorissa, and the ascension of Their Royal Highnesses, Liam and Fara. Come and enjoy the pageantry of the day, as Caid brings its festive splendor to mark the closing of one reign and the beginning of another! SCHEDULE: 8:30am - Site opens 10am - Opening Court (or at Their Majesties’ pleasure). Noon(ish) – Lunch Break - there are many places around the area if you are unable to bring your lunch 1pm – Court resumes 5pm(ish) – Court concludes The revel will be served shortly after court business is finished for the day 9pm - Site closes EVENT REGISTRATION: Adult Event Registration: $35. Adult Member Discount Event Registration: $25. Guests under 17 years of age (when accompanied by an adult) are guests for the day. Cash, checks, and credit cards will be accepted at the gate. Make checks payable to ""SCA Inc./Barony of the Gyldenholt"". Evening Revel : In a desire to honor the past, Their Highnesses have asked to hold an evening revel. The cost of the revel is included with the event registration. There will be hors d'oeuvres available. Lemonade, water and Sekanjabin will be available. Sekanjabin is being provided by the kingdom’s Right Noble Brewers Guild. There will not be any need to bring feat gear, plates and utensils will be provided. On site Arts activities: On site there will be a variety of arts activities. The theme for the activities will be, who inspires you? You can create a small embroidered piece, a book mark, or poem/story that expresses the ideals of the person or persons that inspires you. Please pick up your activity during the day and if possible have it completed by 3pm. At 3 pm, items will be displayed for all to see the creativity of the kingdom. After the Revel you may choose to keep your item or present it to the person who inspires you. The embroidery kit will include a hoop (please return hoop at end of day), thread choice, needle and fabric. As well as an index card if you wish to write up a little bit about the item and person. Bookmark - a blank bookmark will be available as well as pencils, colored pencils, and markers. As well as an index card if you wish to write up a little bit about the item and person. Poem/Story - a piece of paper will be provided for your final piece. As well as an index card if you wish to write up a little bit about the item and person. DIRTY DOZEN DONATION: We are pleased to announce that there will be a Dirty Dozen Donations. If you have a craft, skill, art, or science, please consider entering the Dirty Dozen Competition. What is the Dirty Dozen? It is a chance for artisans and scientists of all kinds to contribute by donating 12 items. These items do not all need to be the same. For example: if you embroider and make candles, you can contribute some of each, as long as the total adds up to a dozen. Their Highnesses—soon to be Majesties—will select an overall winner (though truly, by entering, you have already won through your generosity!). The overall winner will be allowed to take one item from every entry. All who participate will then be able to choose one item total from the pool of entries. All remaining items will be used at Their Majesties’ discretion in support of the Kingdom. There is not a theme, but please make certain to include a label with your information. The contest will be at Coronation on 07/11/2026 in the fair Barony of Gyldenholt and so will I! If you have questions, please feel free to reach out to Lady Kutiba. PPF - Ottoman Feast Silent Auction Perfectly/Plausibly Period Feast (PPF) Ottoman is holding a silent auction for the feast's beautifully hand-painted Ottoman dining plates. These plates are recreations of extant period designs, painted by our very own artisans here in Caid, and will be waiting to go home to buyers after the PPF event. This is your opportunity to bid on taking home one of the feast plates for yourself, even if you are unable to attend PPF. Winners who are attending the PPF event can take their plate home immediately after the event, and the PPF organizers will arrange for delivery to winners who are not attending PPF. For a sneak peek at the different designs that will be available for auction, keep an eye on the PPF website, where photos will be posted as the plates are created:","https://ppf-caid.org/fundraising/","","Kingdom of Caid","kingdom","False","33.8250619","-117.8887874","ok"
"Coronation/ Twelfth Night (Host: Calafia)","2027-01-09","2027-01-10","","San Diego, California","low","","","","Kingdom of Caid","kingdom","False","32.7174202","-117.162772","ok"
"Crescent Artisan","2026-06-06 14:30:00","2026-06-07 05:00:00","El Camino Real Charter High School North Campus, 7401 Shoup Ave, West Hills, CA 91307, USA","7401 Shoup Ave, West Hills, CA 91307, USA","high","Crescent Artisan is back in 2026, this time including an Arts & Sciences Faire! Please join us for a day of arts and sciences including classes and activities, with both indoor and outdoor spaces available! Additional information including the activity schedule will be made available closer to the event. There will also be a donation lunch offered by Maestra Elisheva and a variety of beverages and snacks being offered for donations. The evening will offer an open exhibition of the items entered in the day's competitions and an award ceremony. Interested in being an evaluator or volunteer? Evaluator Registration Link Volunteer Sign-up Link Interested in entering? Entrant Registration Link (Note: entrant registration goes through May 6, 2026) 2026 Crescent Artisan and A&S Faire Competition Handbook 2026 Crescent Artisan and A&S Faire Documentation Guidelines 2026 Caid Arts & Sciences Categories 2026 Caid Arts & Sciences Rubrics EVENT SCHEDULE (subject to change): Site opens at 7:30 am for set-up Competition Entry Check-in: 8:30 - 9:45 am Entry Display Set-up: 9:00 - 10:00 am Evaluators' Meeting: 9:30 - 10:00 am (Entrants welcome) Crescent Artisan/Arts & Sciences Faire Judging Begins: 10:00 am Crescent Artisan/Arts & Sciences Faire Judging Ends: 4:00 pm Dinner Break: 4:00 - 5:30 pm Open Exhibition: 5:30 - 7:00 pm Court & Award Presentations: 7:00 - 9:00 pm Tear down and Site closure: 9:00 - 10:00 pm EVENT REGISTRATION: Registration for non-members: $30 Registration with member discount: $20 Youth under 18 are guests of the Kingdom. Cash or credit cards will be accepted at gate. SITE INFORMATION/RESTRICTIONS: Parking is available in the school lot as well as on the street. This is a dry site. No pets are allowed","https://docs.google.com/forms/d/e/1FAIpQLScHdvyOdBHoVLTMx8DQY2qSHdururejWqj-hGl4_Lqgxm6iMQ/viewform?usp=sharing&ouid=106811630760238414859","","Kingdom of Caid","kingdom","False","34.2032325","-118.645476","ok_retry"
"Crossroads 2027","2027-04-23 00:00:00","2027-04-23 00:00:00","","Bartow, Cherokee, Cobb, Gordon, Paulding, and Pickens","low","Hosted by Shire of Owls Nest","","","Kingdom of Meridies","kingdom","False","34.2394683","-84.8406984","ok_retry"
"Crosston Ball (Crosston)","2027-04-17 00:00:00","2027-04-17 23:59:59","","Sunnyvale, California","low","Save the Date","https://westkingdom.org/event/crosston-ball-crosston-2/","","Kingdom of the West","kingdom","False","37.3688301","-122.036349","ok"
"Crown Tournament","2026-10-17","2026-10-18","Brampton Fairgrounds 12942 Heartlake Rd., Caledon, ON L7C 2J3","12942 Heartlake Rd., Caledon, ON L7C 2J3","high","Date: October 17, 2026 Location: Brampton Fairgrounds 12942 Heartlake Rd., Caledon, ON L7C 2J3 The Canton of Monadh presents: Fall Crown Tournament, 2026. Come see the line of the north secured. Website: TBD Site opens 10am, (8:30am for priority access by staff, merchants, royalty) Site closes: 9pm Adult Event Registration: $35 Adult Member Registration: $25 Youth under 18: free of charge Lunch: $8 by Clan Okami Feast: $20 by Lord Thomas the Grocere Event Stewards: : Lord Arcill (Kiernan Rogers) Morgan (Rachel McCulloch) Deputy","","","Kingdom of Ealdormere","kingdom","False","43.875427","-79.858285","ok_retry"
"Crown Tourney (Darach)","2026-10-03","2026-10-04","","Ventura, California","low","","","","Kingdom of Caid","kingdom","False","34.4458248","-119.0779359","ok"
"Crown Tourney (Host: Lyondemere)","2027-04-10","2027-04-11","","Long Beach, California","low","","","","Kingdom of Caid","kingdom","False","33.7690164","-118.191604","ok_photon"
"Curly Cross II (Nimenefeld)","2026-05-29","2026-05-31","Optimist Farm, 2908 Optimist Farm Rd, Apex, NC, 27539","2908 Optimist Farm Rd, Apex, NC, 27539","high","A return of the Curly Cross Tavern. This event will include A&S competitions, merchants, classes, and martial activities, along with the return of the famed tavern","https://atlantia.sca.org/event/?event_id=680814f4","","Kingdom of Atlantia","kingdom","False","35.7325352","-78.8505516","ok_retry"
"Cynagua Archery Championship","2027-10-16 00:00:00","2027-10-16 23:59:59","","","empty","Save the Date","https://westkingdom.org/event/cynagua-archery-championship/","","Kingdom of the West","kingdom","False","","","skipped"
"Cynagua Archery Championship (Central Valley, CA)","2026-10-17 00:00:00","2026-10-17 23:59:59","","","empty","Save the Date","https://westkingdom.org/event/cynagua-archery-championship-central-valley-ca/","","Kingdom of the West","kingdom","False","","","skipped"
"Cynagua Business Meeting (Virtual)","2026-06-28 11:00:00","2026-06-28 13:00:00","","","empty","Zoom Link","https://us06web.zoom.us/j/86403042820","","Kingdom of the West","kingdom","True","","","skipped"
"Cynagua Fall Coronet","2027-10-29 00:00:00","2027-10-31 23:59:59","","","empty","Save the Date","https://westkingdom.org/event/cynagua-fall-coronet/","","Kingdom of the West","kingdom","False","","","skipped"
"Cynagua Fall Coronet (Central Valley, CA)","2026-10-30 00:00:00","2026-11-01 23:59:59","","","empty","Save the Date","https://westkingdom.org/event/cynagua-fall-coronet-central-valley-ca/","","Kingdom of the West","kingdom","False","","","skipped"
"Cynagua Investiture","2027-01-30 00:00:00","2027-01-30 23:59:59","","","empty","Save the Date","https://westkingdom.org/event/cynagua-investiture/","","Kingdom of the West","kingdom","False","","","skipped"
"Cynagua Spring Coronet","2027-05-28 00:00:00","2027-05-31 23:59:59","","","empty","Save the Date","https://westkingdom.org/event/cynagua-spring-coronet/","","Kingdom of the West","kingdom","False","","","skipped"
"Cynagua Summer Investiture","2027-07-10 00:00:00","2027-07-10 23:59:59","","","empty","Save the Date","https://westkingdom.org/event/cynagua-summer-investiture-2/","","Kingdom of the West","kingdom","False","","","skipped"
"Cynagua Summer Investiture (N CA/NV)","2026-07-11 09:00:00","2026-07-11 21:00:00","745 Linden Ave, Gustine, CA, United States","745 Linden Ave, Gustine, CA, United States","high","FEAST TICKETS ON SALE NOW CLICK HERE TO PURCHASE Cynagua Summer Investiture Website Facebook Event Page Event Steward SCA Name: Else Hunrvogt Event Steward contacts: Event Name: Cynagua Summer Investiture Event Site Open: Jul 11, 9am Event Site Close: Jul 11, 9pm Further Event Information: Their Highnesses Willium and Bella Dona wish to call a gathering of the populace to bear witness to the Investiture of Their rightful heirs. Schedules and Feast information available on the event website: Site Name: Al Gorman Center Site Address: 745 Linden Ave, Gustine, CA 95322 Written Directions to Site: Take I-5 to exit 418 for CA-140 toward Gustine/Yosemite. Travel East on CA-140 W (Sullivan Road). Turn Left at the stop sign to continue on CA-140/CA-33. Turn right onto Linden Avenue, the entrance to the parking lot will be on your right. Adult “Non-Member” Registration: $25 Adult “Member” Registration: $15 Children/Miner Registration (Age and $): 17 & younger free Family Cap ($): no Can I PrePay: PayPal Total Available Feast Tickets: 50 Full Ticket, 30 Half Tickets Feast Tickets Cost: Full Ticket – $24 (Includes lunch and dinner) Half Ticket – $12 (lunch only) Purchase ticket location: PayPal Deadline For Feast Ticket Purchase: Feast will be Pre-registration ONLY Site Accessibility: Wheelchair Accessible, Electrical Outlets, Sidewalks, Close / Handicap, Parking, Cell Phone Reception Terrain Description: Park with paved walkways and an indoor building Bodies of Water on/near Site: There is a Duck Pond Insects or wild animals to be aware of on/ near site: Water Fowl Amenities on Site: Recreational DAY Area: Must be off site by sunset, Stone Privies, Potable Water, Shopping near by, Modern Lighting: Such as Street/ Walkway lights, Picnic Areas/ Tables, Bodies of Water: Rivers, Lakes, Ponds, Creeks Additional Comments: No Pets. No Alcohol. No Open Flames Web Link Facebook link","https://sites.google.com/westkingdom.org/epay/2026-cynagua-summer-investiture","https://www.facebook.com/events/1711078440317693/","Kingdom of the West","kingdom","False","37.2519801","-121.0081107","ok"
"Cynagua/Mists War","2027-04-09 00:00:00","2027-04-11 23:59:59","","","empty","Save the Date","https://westkingdom.org/event/cynagua-mists-war/","","Kingdom of the West","kingdom","False","","","skipped"
"DEMO: Barony of Buckland Cross at the Bucks County Renaissance Faire","2026-09-05","2026-09-08","Moravian Pottery and Tile Works 130 East Swamp Road Doylestown, PA 18901 US","130 East Swamp Road Doylestown, PA 18901 US","high","","http://www.eastkingdom.org/EventDetails.php?eid=4538","","Kingdom of the East","kingdom","False","40.3232948","-75.1232267","ok"
"DEMO: Dragonship Haven Marches with PRIDE","2026-06-06","2026-06-07","Union Park 22 Church Street Middletown, CT 06457 US","22 Church Street Middletown, CT 06457 US","high","","http://www.eastkingdom.org/EventDetails.php?eid=4574","","Kingdom of the East","kingdom","False","41.5560489","-72.6498864","ok"
"DSH Thrown Weapons Practice (RECURRING)","2026-06-03 21:30:00","2026-06-04 00:30:00","185 Old Coach Ln, Stratford, CT 06614, USA","185 Old Coach Ln, Stratford, CT 06614, USA","high"," [RECURRING — also on: 3 Jun 2026, 10 Jun 2026, 17 Jun 2026, 24 Jun 2026]","","","Barony of Dragonship Haven","baronial","False","41.2369529","-73.1144241","ok"
"Daggers and Hemlock 2026","2026-08-21 00:00:00","2026-08-21 00:00:00","Washington County Agricultural Center 1424 Jackson Ave Chipley, FL 32428 United States","1424 Jackson Ave Chipley, FL 32428 United States","high","Hosted by Shire of Pheonix Glade","","","Kingdom of Meridies","kingdom","False","30.7784341","-85.5492882","ok"
"Dance Practice","2026-06-23 23:30:00","2026-06-24 01:30:00","Holy Trinity Armenian Church, 145 Brattle St, Cambridge, MA 02138, USA","145 Brattle St, Cambridge, MA 02138, USA","high","Come join us at Carolingian Dance Practice! The winter/spring 2026 practices will be on fourth Tuesdays: Feb 24, Mar 24, Apr 28, and May 26. This is a fun social occasion for all: an evening where we all get together to learn Renaissance Dances and socialize with the members of the Barony. It is specifically newcomer-friendly: all dances are taught, you don’t need to come with a partner (we encourage folks to switch partners from dance to dance), and folks generally come in street clothes. Just wear something comfortable that you can move in (especially comfortable shoes). We meet from 7:30 – 9:30pm at the Holy Trinity Armenian Church, at 145 Brattle Street in Cambridge. There’s a parking lot for those who need to drive, bus routes nearby, and it’s less than a 20 minute walk from the Harvard Square MBTA station. The parking lot is off of Sparks Street, on the far side of the Church away from Brattle Street. (If using a GPS, 62 Sparks Street is roughly across the street from the parking lot.) The hall where we will be dancing is next to the parking lot, so if you are walking up Brattle Street, turn onto Sparks Street to get to the hall. If the front door on Sparks Street is locked, come around to the parking lot side and use the door there. Dances are taught and called using the gender-free “Larks and Robins” style, popular with many of the local dance communities. We have a lot of space (easily twice what we need for dancing), so folks are welcome to come bring other SCA activities for the sidelines, or even to just come hang out! The site costs $100 per session; donations are optional, but welcome to help defray the cost of renting the hall. So come join us! It’s very much “the more, the merrier”, and you’re very welcome to join in!","","","Barony of Carolingia","baronial","False","42.3782295","-71.1307472","ok"
"Dance Practice (RECURRING)","2026-06-04 23:00:00","2026-06-05 01:00:00","Scotia United Methodist Church, 201 North Ten Broeck Street, Scotia, NY 12302, USA","201 North Ten Broeck Street, Scotia, NY 12302, USA","high","At the location where Ceilidh (among other recent events) was held. We will be requesting a strictly voluntary donation to reimburse the church for the use of a room. We are not sure yet what the permanent arrangements will be for the coming year, but it looks like we may be at this church on a somewhat regular basis. Stay tuned for further updates. Any and all experience levels welcome! [RECURRING — also on: 4 Jun 2026, 11 Jun 2026, 18 Jun 2026, 25 Jun 2026, 2 Jul 2026, 9 Jul 2026, 16 Jul 2026, 23 Jul 2026]","","","Barony of Concordia of the Snows","baronial","False","42.8285595","-73.9629861","ok"
"Dance Practice at UNC, Greeley","2026-06-23 00:30:00","2026-06-23 02:30:00","UNC Campus, 1710 9th Ave, Greeley, Gunter Hall Gym","1710 9th Ave, Greeley, Gunter Hall Gym","high","Join us on the 4th Monday of every month from 6:30 - 8:30 to learn a variety of dances from various ages! If it’s your first time or your thousandth time, bring your dancing shoes, this is a welcoming space for all! Location: UNC Campus, 1710 9th Ave, Greeley, Gunter Hall Gym Time: 6:30 - 8:30 pm For a Map of the campus and parking area, visit the Dance webpage at: () Map Link to directly go to the correct parking area: Will be updated soon Old Directions: Parking will be at 10th Avenue and 17th Street, entrance is off 17th. Parking is free after 5:00 pm. To find Room 90 in Frasier, please enter through the west music technology wing doors between Frasier hall and Skinner Library, they will be monitored or unlocked (the rest of the building should be locked at this time). Once in the building, take the first left and room 90 will be the second door to the left. Location and parking information may change month-to-month. Check the Gatekeeper or website for current information","https://unserhafen.outlands.org/dance/","","Barony of Unser Hafen","baronial","False","40.4120443","-104.6936606","ok_photon"
"Dance Practice at UNC, Greeley","2026-07-28 00:30:00","2026-07-28 02:30:00","UNC Campus, 1710 9th Ave, Greeley, Gunter Hall Gym","1710 9th Ave, Greeley, Gunter Hall Gym","high","Join us on the 4th Monday of every month from 6:30 - 8:30 to learn a variety of dances from various ages! If it’s your first time or your thousandth time, bring your dancing shoes, this is a welcoming space for all! Location: UNC Campus, 1710 9th Ave, Greeley, Gunter Hall Gym Time: 6:30 - 8:30 pm For a Map of the campus and parking area, visit the Dance webpage at: () Map Link to directly go to the correct parking area: Will be updated soon Old Directions: Parking will be at 10th Avenue and 17th Street, entrance is off 17th. Parking is free after 5:00 pm. To find Room 90 in Frasier, please enter through the west music technology wing doors between Frasier hall and Skinner Library, they will be monitored or unlocked (the rest of the building should be locked at this time). Once in the building, take the first left and room 90 will be the second door to the left. Location and parking information may change month-to-month. Check the Gatekeeper or website for current information","https://unserhafen.outlands.org/dance/","","Barony of Unser Hafen","baronial","False","40.4120443","-104.6936606","ok_photon"
"Dancers Revolt","2026-11-14 00:00:00","2026-11-14 00:00:00","Northminster Church, 3633 W. Big Beaver Rd, Troy, MI 48084","3633 W. Big Beaver Rd, Troy, MI 48084","high","","","","Kingdom of the Middle","kingdom","False","42.5596196","-83.1997544","ok"
"Danegeld Tor Championship (Danegeld Tor)","2026-06-13 00:00:00","2026-06-13 23:59:59","","Roseville, California","low","save the date","https://westkingdom.org/event/danegeld-tor-championship-danegeld-tor/","","Kingdom of the West","kingdom","False","38.7521235","-121.2880059","ok"
"Danelaw 2026","2026-10-24 00:00:00","2026-10-24 00:00:00","","Athens, Jefferson, Commerce, Watkinsville, Monroe, Winder, and points in-between","low","Hosted by Barony of Bryn Madoc","","","Kingdom of Meridies","kingdom","False","33.9597677","-83.376398","ok_retry"
"Darach Anniversary","2027-05-01","2027-05-02","","Ventura, California","low","","","","Kingdom of Caid","kingdom","False","34.4458248","-119.0779359","ok"
"Darach Pirate Tourney","2026-08-01 16:00:00","2026-08-02 00:00:00","Valle Lindo Park, 889 Aileen St, Camarillo, CA 93010, USA","889 Aileen St, Camarillo, CA 93010, USA","high","Arr! Avast, ye scurvy dogs, the summer is thick upon us with the sun blazing and the sea and tides rockin’ our ships against the docks ‘til even the roughest jack among us be lookin’ for the comfort of rest and treasure, to be sure, for all that it’ll be easy to secure but if ye be interested…? There be a place where the shade spreads like honey over grasses as soft as a maidens…fresh baked bread, the bluest skies where the air be rich with COOL BREEZES perfumed by the sea. Tis called the Shire o’ Daaarach, a haven for all gentleman n’ ladies o’ fortune to take their leisure GAMES of amusement, a bit of SONG and no small amount of BRAWLIN’ for yer entertainment. So if ye’re in need to outrun Jack Ketch then ruck up yer gear and make for shore! Theme: This year’s theme is “Treasure Hunt!"" Contests will be for the best Treasure Hunter and the hunter gets to keep all the treasures they find. There will be lists of things to go seek and find. Our annual contests return so we’ll be looking for some of these: MOST BODACIOUS PIRATE !! BEST EYE PATCH! BARD OF DARACH! BEST DEATH CRY ON THE BATTLE FIELD! Schedule : 9:00 am Site Opens 10:00 am Lists Open 10:30 am Opening Announcements 11:00 am Let’s get to the fun n’ brawling already! 5:00 pm Closing Announcements 6:00 pm Site Closes Attractions : This year we will have both Heavy Armor Combat scenarios and Rapier Scenarios throughout the day. Two erics will be setup with two fighting coordinators running scenarios. Look for the ""White Elephant"" rummage sale fund raiser tent hosted by generous donations of second hand items to the Shire. There will be a PEOPLE'S ARTS DISPLAY table. Bring a project you have in progress or one you have finished to display with documentation on what it is and when it is from. If you don't have a project, peruse the displays and vote for yer favorites! We will have a hydration station booth! This will be to support everyone, as well as the fighters. We will have limited water, lemonade, Gatorade, orange & pickles slices as well as some misting bottles and cooling cloths available on site. EVENT REGISTRATION : Adult Event Registration: $20. Adult Member Discount Event Registration: $10. Children under 17 are free as guests of the Shire. Cash and checks accepted at gate. Please make checks payable to: “SCA Inc./Shire of Darach.”","","","Kingdom of Caid","kingdom","False","34.2259131","-119.0582472","ok"
"Darkwood A&S Tournament","2026-07-18 00:00:00","2026-07-18 23:59:59","","Santa Cruz, California","low","Save the Date","https://westkingdom.org/event/darkwood-as-tournament/","","Kingdom of the West","kingdom","False","37.050096","-121.99059","ok"
"Day at the Coliseum (Wolfscairn)","2026-07-25 09:00:00","2026-07-25 16:00:00","655 Willowside Rd, Santa Rosa, CA, United States","655 Willowside Rd, Santa Rosa, CA, United States","high","EVENT WEBSITE FACEBOOK EVENT PAGE Event Steward SCA Name: Richard of Greyefalle Event Steward contacts: Event Name: Day at the Coliseum Event Site Open: Jul 25, 9am Event Site Close: Jul 25, 4pm Further Event Information: Welcome to the Wolfscairn Day at the Coliseum! Journey to days past where Gladiators performed to the cheers (or Jeers of the populace)! Come in your best Roman finest (or whatever you’re comfortable in) and help determine the fate of the gladiators. This year houses will present their gladiators and will reward their champions upon victory in the arena – Heavy! Rapier! Archery! Special considerations will be given to those combatants fighting in a gladiator kit or their best attempt at a gladiator kit (More details on the website). Keep in mind the best gladiator is not one who wins the most, but rather entertains the most. We will have delicious morsels from the roman empire and the return of the merch table utilizing special currency to spend at the event! A number of coins will be delivered with paid admission Additional coins will be available, via suggested donation, from the event “money changer” Of course betting, we can’t forget the betting! Bet on the outcome of your favorite Gladiators. In addition to the main events we will have… A special fighting exhibition – ooooh. aaah A silent auction (real $ only ). The shire will be selling a wide variety of items to entice you Site Name: Summerfield Waldorf School and Farm Site Address: 655 Willowside Rd, Santa Rosa, CA Written Directions to Site: -Take you best route to Hwy 101 North of the Golden Gate Bridge. -Take HWY 12 West in Santa Rosa about 1.5 miles to Fulton Rd. -Turn Right (North) and travel about 1.13 miles to Hall Road. -Turn Left (West). -Continue on Hall Rd about 2 miles to Willowside road and turn right (north). -Travel about a 1⁄4 of a mile and turn left into the Summerfield Waldorf School -Continue straight to the parking lot. Adult “Non-Member” Registration: $25 Adult “Member” Registration: $15 Children/Miner Registration (Age and $): 17 & younger free Family Cap ($): no Can I PrePay: PayPal Site Accessibility: Wheelchair Accessible, Close / Handicap Parking, Cell Phone Reception Terrain Description: The site is a school. The event will be on the playing field. Various dirt paths and steps lead to the field from the parking lot. Field is accessible from upper parking for those in need. Bodies of Water on/near Site: none Insects or wild animals to be aware of on/ near site: Nothing exceptional. The site is in a semi-rural area Amenities on Site: Stone Privies, Shopping near by, Picnic Areas/ Tables, No animals allowed except service animals. No alcohol nor smoking on site (It’s a school) Additional Comments: Web Link Facebook link","https://sites.google.com/westkingdom.org/shire-of-wolfscairn/day-at-the-coliseum","https://www.facebook.com/events/1334044958631792/","Kingdom of the West","kingdom","False","38.4404925","-122.7141049","ok_retry"
"Debatable Lands 12th Night Celebration","2027-01-16 14:00:00","2027-01-17 00:30:00","The Buffalo Inn in South Park, 3757-3779 Buffalo Dr, South Park, PA, 15129, United States","The Buffalo Inn in South Park, 3757-3779 Buffalo Dr, South Park, PA, 15129, United States","low","Come one, come all to Debatable Lands 12th Night! Join our Bardic and A&S competitions, partake of our potluck and cookie table, and watch the fabulous performances of our actors and musicians! It will be a day of merriment and joyful chaos amidst the cold of winter. Time: 9AM-7:30 PM on January 16th, 2027 Location: Buffalo Inn and the adjacent Home Ec building, at 3757-3779 Buffalo Dr, South Park Township, PA 15129","https://aethelmearc.org/event/debatable-lands-12th-night-celebration-3/","","Kingdom of AEthelmearc","kingdom","False","40.4427339","-79.9941127","ok_retry"
"Defender of the Queen’s Heart","2026-11-15 08:00:00","2026-11-15 17:00:00","Camp Trinity, 7996 County Line Rd, Melrose, FL, 32666, United States","7996 County Line Rd, Melrose, FL, 32666, United States","high","","https://trimaris.org/event/defender-of-the-queens-heart-2/","","Kingdom of Trimaris","kingdom","False","29.7287147","-82.0293831","ok_retry"
"Defenders (BTM)","2026-10-16","2026-10-19","","","empty","","https://www.atenveldt.org/event/defenders-btm-2/","","Kingdom of Atenveldt","kingdom","False","","","skipped"
"Dragon's Tear - Stan Wyrm","2027-07-17","2027-07-18","","","empty","","","","Kingdom of Artemisia","kingdom","False","","","skipped"
"Dragon's Tear - Stan Wyrm","2026-07-11","2026-07-12","610 2nd Ave N, Great Falls, MT 59401, USA","610 2nd Ave N, Great Falls, MT 59401, USA","high","Dragon's Tear.pdf","https://drive.google.com/file/d/1X3XC09wNN96rjGhIaEVyxc4bjHZa-OyL/view?usp=sharing","","Kingdom of Artemisia","kingdom","False","47.5074202","-111.2969453","ok"
"Dreiburgen Anniversary","2026-10-24","2026-10-25","","Redlands, California","low","","","","Kingdom of Caid","kingdom","False","34.0550328","-117.1827445","ok"
"Dreiburgen Yule","2026-12-12","2026-12-13","","Redlands, California","low","","","","Kingdom of Caid","kingdom","False","34.0550328","-117.1827445","ok"
"Ducal Prize (KHTI)","2026-09-04 00:00:00","2026-09-07 23:59:59","","","empty","Save the Date","https://westkingdom.org/event/ducal-prize-khti/","","Kingdom of the West","kingdom","False","","","skipped"
"Ducal Prize (KHTI)","2027-09-03 00:00:00","2027-09-06 23:59:59","","","empty","Save the Date","https://westkingdom.org/event/ducal-prize-khti/","","Kingdom of the West","kingdom","False","","","skipped"
"Duke University Collegium 2026","2026-11-07 08:00:00","2026-11-07 17:00:00","Hunt Fountain Park, 2020 Duff Road, Lakeland, FL, 33810, United States","2020 Duff Road, Lakeland, FL, 33810, United States","high","","https://trimaris.org/event/duke-university-collegium/","","Kingdom of Trimaris","kingdom","False","28.1081145","-82.0104033","ok_retry"
"Dumpling Feast VI (Cluain)","2026-06-27","2026-06-28","Hardy Guide, Hungerford Crescent, Hamilton, New Zealand","Hardy Guide, Hungerford Crescent, Hamilton, New Zealand","low","During a particularly bad winter, Zhang Zhongjing is said to have noticed many people with frostbitten ears. To warm the people, he wrapped meat, vegetables, and herbs into dough and formed them into the shape of an ear and boiled them and served them to the people of his village. We plan to have less frostbite and more dumplings than the story above! This is the sixth year of Cluain's annual dumpling feast! Join us in the Middle Kingdom for a night of period Chinese games, tea, and as many hand-made dumplings as you can eat! Bookings will be capped at 50","https://cluain.lochac.sca.org/node/385","","Kingdom of Lochac","kingdom","False","-37.80274","175.3060116","ok_retry"
"Dun Or Anniversary","2027-02-27","2027-02-28","","","empty","","","","Kingdom of Caid","kingdom","False","","","skipped"
"Dun Or Yule","2026-12-05","2026-12-06","","","empty","","","","Kingdom of Caid","kingdom","False","","","skipped"
"Ealdormerean Exhibition","2026-08-22","2026-08-23","Marionville Community Centre, 4629 Gregoire Rd, Russell, ON K4R 1E5, Canada","4629 Gregoire Rd, Russell, ON K4R 1E5, Canada","high","8:00am - 7:00pm (Site closes at 9pm) Adult Registration $25. Paid Member Registration: $15 Lunch: $10 Feast: $15 Stewards: Lady Constance of Caldrithig and Lady Sadb ingen Uí Fhaoladh ealdormereanexhibition@gmail. com ealdormerean-exhibition/ This event is a sort of trade show for the Kingdom’s artisans. Everyone is welcome to present their works. There will be no judging, and no formal feedback. Like projects will be grouped together so artists can easily interact with like-minded people. This event is designed to provide an opportunity for networking, resource sharing in the community, and practice showing work for artisans","https://ealdormere.ca/ealdormerean-exhibition/","","Kingdom of Ealdormere","kingdom","False","45.1828293","-75.3535275","ok"
"East Kingdom Novice Day","2026-07-18","2026-07-19","Sussex County Community College 1 College Hill Rd, Newton, NJ 07860 Newton, NJ 07860 US","1 College Hill Rd, Newton, NJ 07860 Newton, NJ 07860 US","high","","http://www.eastkingdom.org/EventDetails.php?eid=4580","","Kingdom of the East","kingdom","False","41.0693665","-74.7578789","ok_photon"
"Eldern Baronial","2026-06-05 06:00:00","2026-06-08 04:00:00","","","empty","","","","Kingdom of Ansteorra","kingdom","False","","","skipped"
"Eldern Baronial","2026-06-06 13:00:00","2026-06-07 00:00:00","701 SW D Ave, Lawton, OK 73501 701 SW D Ave, Lawton, OK 73501","701 SW D Ave, Lawton, OK 73501 701 SW D Ave, Lawton, OK 73501","high","Event Website:","https://ansteorra.org/eldern-hills/events/eldern-baronial-2/","","Kingdom of Ansteorra","kingdom","False","34.6051975","-98.3952279","ok_retry"
"Eldern Hills Samhain","2026-10-30 06:00:00","2026-11-02 04:54:00","","","empty","","","","Kingdom of Ansteorra","kingdom","False","","","skipped"
"Elfsea Baronial College","2026-08-29 06:00:00","2026-08-30 04:00:00","","Fort Worth, Texas","low","","","","Kingdom of Ansteorra","kingdom","False","32.753177","-97.3327459","ok"
"Elfsea Defender","2027-04-02 22:00:00","2027-04-04 17:00:00","","Fort Worth, Texas","low","","","","Kingdom of Ansteorra","kingdom","False","32.753177","-97.3327459","ok"
"Endewearde Baronial muster, Demo and Baronial Fencing championship","2026-06-05","2026-06-08","Fort Knox historical site 711 Fort Knox rd Prospect , ME 04981 US","711 Fort Knox rd Prospect, ME 04981 US","high","","http://www.eastkingdom.org/EventDetails.php?eid=4586","","Kingdom of the East","kingdom","False","44.566704","-68.8050677","ok"
"Enduro of the Dead","2026-09-25 23:00:00","2026-09-27 20:00:00","South Platte Valley Historic Park, 2001 Historic Pkwy, Fort Lupton, CO, 80621, United States","2001 Historic Pkwy, Fort Lupton, CO, 80621, United States","high","","https://www.outlands.org/event/enduro-de-los-muertos/","","Kingdom of the Outlands","kingdom","False","40.0839213","-104.8102963","ok_retry"
"Equestrian Practice (RECURRING)","2026-06-28 15:00:00","2026-06-28 20:00:00","2400 Blue Mountain Ave, Berthoud, CO 80513, USA","2400 Blue Mountain Ave, Berthoud, CO 80513, USA","high","For questions regarding equestrian practices, please contact . ​ (The following information is potentially stale; please contact the equestrian office to confirm prior to attending.) ​ Northern Outlands Equestrian Practice: When: 4th Sunday of each month Where: H-Bar-C Ranch, 2400 Blue Mountain Ave, Berthoud CO Site opens 9AM. Main Riding/Practice 10AM-noon. Lunch, then open for training/etc till 2PM. ​ Open to all. Non-riders welcome. There are lots of great ways you can help or get involved even without a horse. Please wear closed-toe shoes. Clubhouse amenities available to us: Microwave, Fridge, bathroom and shower [RECURRING — also on: 28 Jun 2026, 26 Jul 2026]","","","Barony of Unser Hafen","baronial","False","40.3083174","-105.081092","ok_retry"
"Eredsulabration (BES)","2026-07-11","2026-07-12","","","empty","","https://www.atenveldt.org/event/eredsulabration-bes/","","Kingdom of Atenveldt","kingdom","False","","","skipped"
"Fabric War (BSD)","2026-06-06 16:00:00","2026-06-07 00:00:00","Glendale Civic Center, 5750 W Glenn Dr, Glendale, AZ 85301, USA","5750 W Glenn Dr, Glendale, AZ 85301, USA","high","DESCRIPTION: Hear ye, hear ye! We bid one and all to join us on this finest day of merriment at the Barony of Sun Dragon’s Fabric War! There will be merchants selling and trading their finest wares, numerous A&S activities, and a Fabric Melee for all at the end of the event. Inspired by the Medieval Ballads of Robin Hood, which were popular in the late Middle Ages, this is a day to celebrate all of our favorite Medieval or Fantasy inspired characters! We are back at the same space as last year, the cool and expansive Glendale Civic Center. There is plenty of space for Merchants, and there will be a $5 fee per table. This fee is refundable if you cancel more than 7 days prior to the event. REGISTRATION: Event reservations closes at 11:59 pm on 6/1/2026. All unpaid invoices will be cancelled on 6/2/206. ENTRY FEES: Adult Member - $20 Adult Non-Member - $30 Youth under 18 - FREE TABLE FEE: $5 Per Table Two Table limit per person REFUNDS: Refunds may be requested via email sent to the event exchequer and are subject to a $1 non-refundable charge. Refunds will be processed and mailed by check after the event. Refund requests must be received no later than 7 days prior to the event and must include the requestor's physical mailing address. EVENT EXCHEQUER: BSD Exchequer QUESTIONS? CONTACT THE EVENT STEWARDS","https://www.atenveldt.org/event/fabric-war-bsd-2/","","Kingdom of Atenveldt","kingdom","False","33.5405792","-112.1824787","ok"
"Fabric Warlord (Selviergard)","2026-09-12 00:00:00","2026-09-12 23:59:59","","","empty","Save the Date","https://westkingdom.org/event/fabric-warlord-selviergard/","","Kingdom of the West","kingdom","False","","","skipped"
"Fall Coronation","2027-09-18","2027-09-19","","","empty","","","","Kingdom of Artemisia","kingdom","False","","","skipped"
"Fall Coronation (BES)","2026-11-07","2026-11-09","","","empty","","https://www.atenveldt.org/event/fall-coronation-bes/","","Kingdom of Atenveldt","kingdom","False","","","skipped"
"Fall Coronation 2026","2026-09-26 00:00:00","2026-09-26 00:00:00","Lincoln Park District, 1400 Primm Rd, Lincoln, IL 62656","1400 Primm Rd, Lincoln, IL 62656","high","","","","Kingdom of the Middle","kingdom","False","40.137333","-89.358252","ok"
"Fall Coronation 2026","2026-09-11 08:00:00","2026-09-13 17:00:00","Camp Kiwanis, 19300 SE 3rd St, Silver Springs, FL, 34488, United States","19300 SE 3rd St, Silver Springs, FL, 34488, United States","high","","https://trimaris.org/event/fall-coronation-2026/","","Kingdom of Trimaris","kingdom","False","29.2049847","-81.9244477","ok_retry"
"Fall Coronation PREFERRED Date (ANY REGION)","2026-09-19","2026-09-20","PA","Pennsylvania, USA","low","Royal Progress:","https://aethelmearc.org/event/fall-coronation-preferred-date-any-region-3/","","Kingdom of AEthelmearc","kingdom","False","40.9699889","-77.7278831","ok"
"Fall Coronation-Haustblot IV, Fire and Ice","2026-09-18","2026-09-21","Camp Sinawa, 9113 Sinawa Rd, Valders, WI 54245, USA","9113 Sinawa Rd, Valders, WI 54245, USA","high","","","","Kingdom of Northshield","kingdom","False","44.0661044","-87.8842583","ok_retry"
"Fall Crown Tournament","2027-09-24 00:00:00","2027-09-26 23:59:59","","","empty","Save the Date","https://westkingdom.org/event/fall-crown-tournament/","","Kingdom of the West","kingdom","False","","","skipped"
"Fall Crown Tournament","2026-11-14 00:00:00","2026-11-14 00:00:00","Relevant Center, 21220 Elkhorn Dr, Elkhorn, NE, 68022","21220 Elkhorn Dr, Elkhorn, NE, 68022","high","Hosted by: Lonely Tower | Website:","https://lonelytower.calontir.org","","Kingdom of Calontir","kingdom","False","41.2904014","-96.249319","ok"
"Fall Crown Tournament (N CA/NV)","2026-09-25 00:00:00","2026-09-27 23:59:59","","","empty","Save the Date","https://westkingdom.org/event/fall-crown-tournament-n-ca-nv/","","Kingdom of the West","kingdom","False","","","skipped"
"Fall Crown Tournament (Tir-y-Don)","2026-11-06","2026-11-08","Abingdon Rurtian Club, 8798 Guinea Rd, Hayes, VA, 23072","8798 Guinea Rd, Hayes, VA, 23072","high","Tir-y-Don is please to announce that we will be hosting Fall Crown Tournament to determine the next heirs of the Kingdom . Please join us at the Abingdon Rurtian Club in Hayes Virginia as we celebrate the future heirs. This site is a wet site . Trash much be carried off.","https://atlantia.sca.org/event/?event_id=697dd555","","Kingdom of Atlantia","kingdom","False","37.2707569","-76.4594019","ok"
"Fall Crown Tournament 2026 [Tentative]","2026-10-17 14:00:00","2026-10-18 23:00:00","New Mexico","New Mexico","low","","https://www.outlands.org/event/fall-crown-tournament-2026/","","Kingdom of the Outlands","kingdom","False","34.5802074","-105.996047","ok"
"Fall Crown Tournament PREFERRED Date (REGION 2)","2026-10-10","2026-10-11","Default R2, 16127","","empty","","https://aethelmearc.org/event/fall-crown-tournament-preferred-date-region-2/","","Kingdom of AEthelmearc","kingdom","False","","","skipped"
"Fall Crown Tourney","2027-10-16","2027-10-17","","","empty","","","","Kingdom of Artemisia","kingdom","False","","","skipped"
"Fall Crown Tourney (BMMT)","2026-09-19","2026-09-21","","1605 S St Marys Way, Saint David, AZ 85630","high","Kingdom of Atenveldt Fall 2026 Crown Tournament Greetings and salutations to the populace of the Solar Kingdom of Atenveldt. On September 18 th through the 20 th , the Barony March of Mons Tonitrus shall host our Kingdom’s Fall Crown Tournament at the Holy Trinity Monastery Center in Saint David, AZ. All Attendees are encouraged to bring banners, displays, and any items to enhance the pageantry of the event. Pre-registration is open until 11:59 on September 14 th , 2026. Pre-registration link: Pre-reg Weekend: $25 for members and $35 for non-members ($30 / $40 at Gate) Pre-reg Day: $20 for members and $30 for non-members ($25 / $35 at Gate) Friday, Sep 18: Gate open from 2pm – 8pm Game Night Saturday, Sep 19: Gate open from 8am – 6pm Fall Crown Tournament, Youth Activities and a Drum Cricle Sunday, Sep 20: Gate open from 8am – 10am Warlord Tournament, Queen’s Rapier Champion, Kingdom Archery Champion and Kingdom Thrown Weapons Champion Site Information: The Holy Trinity Monastery Center is located at 1605 S St Marys Way, Saint David, AZ 85630. The property was founded in 1974 as a Benedictine Monastery in the Olivetan tradition. The 132-acre monastery was dissolved in 2017, and now hosts group and private retreats, and offers facilities for classes, workshops, conferences, and weddings. Also on the property are an auditorium, an adobe chapel, a library, and several artesian-fed ponds. Site has shade trees, stone privies, porta-potties, on-site water spigots, and roll-off trash service. Camping is discreetly wet, staking is allowed, and above ground fire pits in designated areas are permitted (with extinguisher). There is an on-site Gift Shop and Coffee Shop (limited hours). ADA Stone privies and porta johns with hand washing. A limited number of on-site accommodations are available for rent, including lodging, and full and partial RV hook-ups for a fee. Limited Dry RV sites are available for no charge. Please contact the site to reserve on-site accommodations, including full and partial hookup RV spaces ( ). Benson and Tombstone are the closest towns with hotels/motels. The Benson Hospital is 11 miles away. There is a Dollar General 2 miles away in Saint David, and a Walmart and Safeway in Benson, within 15 minutes. Closest gas is in Benson. Site Website: Merchant Information: Merchants are required to preregister and pay appropriate member or nonmember fees for themselves and support staff. Merchant fees are asked to provide a donation of an item or items for the Volunteer Raffle. Prospective Merchants please contact Lord Kerwyn at for coordination. Directions: From Tucson – East on Interstate 10, off at either Exits 303 or 304 in Benson, South on Highway 80 (Tombstone & Douglas) to St. David (approximately 8 miles) – Holy Trinity Monastery Center is located south of St. David between Mile Post 302 and 303. From the East – Get off I-10 at Exit 306 – travel west in Benson to pick up Highway 80, follow above directions. Your Event Stewards are Lord Kerwyn Cnoic an Mhadhaidh () and Lady Ysolde Eileen de Lorraine ()","https://forms.gle/XDCQjBB5LTWsfUqF8","","Kingdom of Atenveldt","kingdom","False","31.9042517","-110.2142399","ok_retry"
"Fall Crown, MMM 2026","2026-11-14 08:00:00","2026-11-16 17:00:00","Camp Trinity, 7996 County Line Rd, Melrose, FL, 32666, United States","7996 County Line Rd, Melrose, FL, 32666, United States","high","","https://trimaris.org/event/mmm/","","Kingdom of Trimaris","kingdom","False","29.7287147","-82.0293831","ok_retry"
"Fall Equestrian Event / Kingdom Championships","2027-09-19 00:00:00","2027-09-19 23:59:59","","","empty","Save the Date","https://westkingdom.org/event/fall-equestrian-event-kingdom-championships/","","Kingdom of the West","kingdom","False","","","skipped"
"Fall Equestrian Event / Kingdom Championships (N CA/NV)","2026-09-20 09:00:00","2026-09-20 17:00:00","5250 Griffin Rd, Vacaville, CA, United States","5250 Griffin Rd, Vacaville, CA, United States","high","FACEBOOK EVENT PAGE Event Steward SCA Name: Ceara of Morven Event Steward contacts: Event Name: West Kingdom Equestrian Championship Event Site Open: Sep 20, 9am Event Site Close: Sep 20, 5pm Further Event Information: Come one, come all to learn about Equestrian activities, witness impressive feats of horsemanship, and participate in the selection of our next Kingdom Champion. Our Current Equestrian Champion, Christopher O Mulryan, challenges all riders within or without the Kingdom, unless they be enemies of Their Majesties, to attend and display their Prowess and Franchise upon the field. Specific challenges will be announced in the West Kingdom Equestrian Facebook page but traditionally encompass games of martial skill (challenge course, head, reeds, rings, etc.) and opportunities to demonstrate formal horsemanship (patterns of some type). All competitors must be authorized as games level riders, and authorizations can be arranged in the morning by request. A limited number of pipe pens are available, and payment for pens is directly with the site owner. Please contact the Event Steward if you need to reserve one. Plenty of room to set up portable corrals as well. Loaner horses are subject to availability. Please reach out to horse owners to discuss use of their animal(s). Onsite camping is not available, but several locations nearby provide accommodations for horses and their owners. Site Name: Circle D Horsemen’s Association Site Address: 5250 Griffin Road, Vacaville, CA 95688 Written Directions to Site: The site is located on the corner of Griffin Road and Meridian Road. Best access for trailers is from Meridian Rd. Just prior to turning onto Griffin Rd, turn left into the open grass parking area instead. FROM EAST: From I-80 West, take exit for Midway Rd and Lewis Rd. Turn left onto O’Day Rd. Immediately turn right onto Midway Rd. Turn right on N Meridian Rd. Site is to left in less than half a mile. FROM WEST: Take I-80 East and exit onto Weber Rd. Turn left onto N Meridian Rd. Site is to left in just over 1 mile. Adult “Non-Member” Registration: $40 Adult “Member” Registration: $30 Children/Miner Registration (Age and $): 17 & younger free Family Cap ($): no Can I PrePay: PayPal Site Accessibility: Close / Handicap Parking, Cell Phone Reception Terrain Description: Spectator area is mostly level dirt and mowed grass pasture. Far ends of site or inside of equestrian arena can be uneven and have deeper dirt footing. Bodies of Water on/near Site: N/A Insects or wild animals to be aware of on/ near site: N/A Amenities on Site: Stone Privies, Shopping near by, Picnic Areas/, Tables, Pet Friendly, Livestock Stalls/Housing Additional Comments: Web Link Facebook link","https://sites.google.com/westkingdom.org/epay/home","https://www.facebook.com/events/1674850547128989/","Kingdom of the West","kingdom","False","38.3565773","-121.9877444","ok_retry"
"Fall coronation 2027","2027-09-10 08:00:00","2027-09-12 17:00:00","","","empty","","https://trimaris.org/event/fall-coronation-2027/","","Kingdom of Trimaris","kingdom","False","","","skipped"
"Falling Leaves","2026-09-05","2026-09-06","Middlesex County 4-H Fairground 55 S Chelmsford Road Westford, MA 01886 US","55 S Chelmsford Road Westford, MA 01886 US","high","","http://www.eastkingdom.org/EventDetails.php?eid=4542","","Kingdom of the East","kingdom","False","42.5686355","-71.3940232","ok_photon"
"Feast of Eagles","2026-07-25 00:00:00","2026-07-25 00:00:00","Shawnee Mission Unitarian Universalist Church, 9400 Pflumm Rd., Lenexa, KS, 66215","9400 Pflumm Rd., Lenexa, KS, 66215","high","Hosted by: Cúm an Iolair | Website:","https://shirecai.calontir.org","","Kingdom of Calontir","kingdom","False","38.9586575","-94.743398","ok"
"Feast of St Pyre - Côte du Ciel","2027-04-24","2027-04-25","","","empty","","","","Kingdom of Artemisia","kingdom","False","","","skipped"
"Feast of St. Edrik (Tentative)","2026-10-24 14:00:00","2026-10-25 03:00:00","New Mexico","New Mexico","low","","https://www.outlands.org/event/feast-of-st-edrik-tentative/","","Kingdom of the Outlands","kingdom","False","34.5802074","-105.996047","ok"
"Feast of the Seven Deadly Sins","2027-02-20","2027-02-21","Default R5, 13045","Syracuse, NY","low","Hosted By: The Barony of Delftwood","https://aethelmearc.org/event/feast-of-the-seven-deadly-sins-3/","","Kingdom of AEthelmearc","kingdom","False","43.0481221","-76.1474244","ok"
"Fellowship of the Argent Angel Anniversary Event (Windy Meads)","2026-09-13 00:00:00","2026-09-13 23:59:59","","Davis, California","low","Save the Date","https://westkingdom.org/event/fellowship-of-the-argent-angel-anniversary-event-windy-meads/","","Kingdom of the West","kingdom","False","38.5435526","-121.739005","ok"
"Fencing Practice (RECURRING)","2026-06-02","2026-06-03","Auxiliary gym Mary Washington, 1301 college ave, Fredericksburg, VA","1301 college ave, Fredericksburg, VA","high","Greetings! Now that school is back in session, the rapier practice held in Fredericksburg will be moving back to the auxiliary gym at the University of Mary Washington. Starting on September 3, we will be meeting from 8-10 PM on Tuesdays and Thursdays. I know it’s quite late for many people, but we would love to see you there! As always, no experience is required to attend! We love teaching newcomers and there is plenty of loaner equipment [RECURRING — also on: 2 Jun 2026, 9 Jun 2026, 16 Jun 2026, 23 Jun 2026, 30 Jun 2026, 7 Jul 2026, 14 Jul 2026, 21 Jul 2026]","","","Barony of Stierbach (Workshops)","baronial","False","38.307149","-77.4785","ok"
"Fencing Practice (RECURRING)","2026-06-04","2026-06-05","auxillary gym mary washington","auxillary gym mary washington","low","Greetings! Now that school is back in session, the rapier practice held in Fredericksburg will be moving back to the auxiliary gym at the University of Mary Washington. Starting on September 3, we will be meeting from 8-10 PM on Tuesdays and Thursdays. I know it’s quite late for many people, but we would love to see you there! As always, no experience is required to attend! We love teaching newcomers and there is plenty of loaner equipment [RECURRING — also on: 4 Jun 2026, 11 Jun 2026, 18 Jun 2026, 25 Jun 2026, 2 Jul 2026, 9 Jul 2026, 16 Jul 2026, 23 Jul 2026]","","","Barony of Stierbach (Workshops)","baronial","False","","","failed"
"Festival of the Arts (BSD)","2026-09-05","2026-09-06","","","empty","","https://www.atenveldt.org/event/festival-of-the-arts-bsd/","","Kingdom of Atenveldt","kingdom","False","","","skipped"
"Festival of the Rose (Dun Or)","2026-08-15","2026-08-16","","Lancaster, California","low","","","","Kingdom of Caid","kingdom","False","34.6981064","-118.1366153","ok"
"Festival of the Rose (Host: Wintermist)","2027-01-30","2027-01-31","","Bakersfield, California","low","","","","Kingdom of Caid","kingdom","False","35.3738712","-119.019463","ok"
"Fettburg Baronial Meeting (Manteca, CA & Zoom)","2026-06-10 19:00:00","2026-06-10 21:00:00","Manteca Senior Center, 295 Cherry Ln, Manteca, CA, United States","295 Cherry Ln, Manteca, CA, United States","high","This meeting is Hybrid. You can also join on Zoom. ******************** West Kingdom Zoom is inviting you to a scheduled Zoom meeting. Topic: Barony of Fettburg Business Meeting Time: This is a recurring meeting Meet anytime Join Zoom Meeting Meeting ID: 892 6979 5229 One tap mobile +16469313860,,89269795229# US +16694449171,,89269795229# US Dial by your location +1 US +1 US +1 US (San Jose) +1 US +1 US (New York) +1 US (Tacoma) +1 US (Washington DC) +1 US +1 US (Chicago) +1 US (Houston) +1 US +1 US Meeting ID: 892 6979 5229","https://us06web.zoom.us/j/89269795229","","Kingdom of the West","kingdom","True","37.8031558","-121.2313629","ok"
"Fettburg Baronial Meeting (Manteca, CA & Zoom)","2026-07-08 19:00:00","2026-07-08 21:00:00","Manteca Senior Center, 295 Cherry Ln, Manteca, CA, United States","295 Cherry Ln, Manteca, CA, United States","high","This meeting is Hybrid. You can also join on Zoom. ******************** West Kingdom Zoom is inviting you to a scheduled Zoom meeting. Topic: Barony of Fettburg Business Meeting Time: This is a recurring meeting Meet anytime Join Zoom Meeting Meeting ID: 892 6979 5229 One tap mobile +16469313860,,89269795229# US +16694449171,,89269795229# US Dial by your location +1 US +1 US +1 US (San Jose) +1 US +1 US (New York) +1 US (Tacoma) +1 US (Washington DC) +1 US +1 US (Chicago) +1 US (Houston) +1 US +1 US Meeting ID: 892 6979 5229","https://us06web.zoom.us/j/89269795229","","Kingdom of the West","kingdom","True","37.8031558","-121.2313629","ok"
"Fettburg Baronial Meeting (Manteca, CA & Zoom)","2026-08-12 19:00:00","2026-08-12 21:00:00","Manteca Senior Center, 295 Cherry Ln, Manteca, CA, United States","295 Cherry Ln, Manteca, CA, United States","high","This meeting is Hybrid. You can also join on Zoom. ******************** West Kingdom Zoom is inviting you to a scheduled Zoom meeting. Topic: Barony of Fettburg Business Meeting Time: This is a recurring meeting Meet anytime Join Zoom Meeting Meeting ID: 892 6979 5229 One tap mobile +16469313860,,89269795229# US +16694449171,,89269795229# US Dial by your location +1 US +1 US +1 US (San Jose) +1 US +1 US (New York) +1 US (Tacoma) +1 US (Washington DC) +1 US +1 US (Chicago) +1 US (Houston) +1 US +1 US Meeting ID: 892 6979 5229","https://us06web.zoom.us/j/89269795229","","Kingdom of the West","kingdom","True","37.8031558","-121.2313629","ok"
"Fettburg Baronial Meeting (Manteca, CA & Zoom)","2026-09-09 19:00:00","2026-09-09 21:00:00","Manteca Senior Center, 295 Cherry Ln, Manteca, CA, United States","295 Cherry Ln, Manteca, CA, United States","high","This meeting is Hybrid. You can also join on Zoom. ******************** West Kingdom Zoom is inviting you to a scheduled Zoom meeting. Topic: Barony of Fettburg Business Meeting Time: This is a recurring meeting Meet anytime Join Zoom Meeting Meeting ID: 892 6979 5229 One tap mobile +16469313860,,89269795229# US +16694449171,,89269795229# US Dial by your location +1 US +1 US +1 US (San Jose) +1 US +1 US (New York) +1 US (Tacoma) +1 US (Washington DC) +1 US +1 US (Chicago) +1 US (Houston) +1 US +1 US Meeting ID: 892 6979 5229","https://us06web.zoom.us/j/89269795229","","Kingdom of the West","kingdom","True","37.8031558","-121.2313629","ok"
"Fettburg Baronial Meeting (Manteca, CA & Zoom)","2026-10-14 19:00:00","2026-10-14 21:00:00","Manteca Senior Center, 295 Cherry Ln, Manteca, CA, United States","295 Cherry Ln, Manteca, CA, United States","high","This meeting is Hybrid. You can also join on Zoom. ******************** West Kingdom Zoom is inviting you to a scheduled Zoom meeting. Topic: Barony of Fettburg Business Meeting Time: This is a recurring meeting Meet anytime Join Zoom Meeting Meeting ID: 892 6979 5229 One tap mobile +16469313860,,89269795229# US +16694449171,,89269795229# US Dial by your location +1 US +1 US +1 US (San Jose) +1 US +1 US (New York) +1 US (Tacoma) +1 US (Washington DC) +1 US +1 US (Chicago) +1 US (Houston) +1 US +1 US Meeting ID: 892 6979 5229","https://us06web.zoom.us/j/89269795229","","Kingdom of the West","kingdom","True","37.8031558","-121.2313629","ok"
"Fettburg Baronial Meeting (Manteca, CA & Zoom)","2026-11-11 19:00:00","2026-11-11 21:00:00","Manteca Senior Center, 295 Cherry Ln, Manteca, CA, United States","295 Cherry Ln, Manteca, CA, United States","high","This meeting is Hybrid. You can also join on Zoom. ******************** West Kingdom Zoom is inviting you to a scheduled Zoom meeting. Topic: Barony of Fettburg Business Meeting Time: This is a recurring meeting Meet anytime Join Zoom Meeting Meeting ID: 892 6979 5229 One tap mobile +16469313860,,89269795229# US +16694449171,,89269795229# US Dial by your location +1 US +1 US +1 US (San Jose) +1 US +1 US (New York) +1 US (Tacoma) +1 US (Washington DC) +1 US +1 US (Chicago) +1 US (Houston) +1 US +1 US Meeting ID: 892 6979 5229","https://us06web.zoom.us/j/89269795229","","Kingdom of the West","kingdom","True","37.8031558","-121.2313629","ok"
"Fettburg Baronial Meeting (Manteca, CA & Zoom)","2026-12-09 19:00:00","2026-12-09 21:00:00","Manteca Senior Center, 295 Cherry Ln, Manteca, CA, United States","295 Cherry Ln, Manteca, CA, United States","high","This meeting is Hybrid. You can also join on Zoom. ******************** West Kingdom Zoom is inviting you to a scheduled Zoom meeting. Topic: Barony of Fettburg Business Meeting Time: This is a recurring meeting Meet anytime Join Zoom Meeting Meeting ID: 892 6979 5229 One tap mobile +16469313860,,89269795229# US +16694449171,,89269795229# US Dial by your location +1 US +1 US +1 US (San Jose) +1 US +1 US (New York) +1 US (Tacoma) +1 US (Washington DC) +1 US +1 US (Chicago) +1 US (Houston) +1 US +1 US Meeting ID: 892 6979 5229","https://us06web.zoom.us/j/89269795229","","Kingdom of the West","kingdom","True","37.8031558","-121.2313629","ok"
"Fettburg Baronial Meeting (Manteca, CA & Zoom)","2027-01-13 19:00:00","2027-01-13 21:00:00","Manteca Senior Center, 295 Cherry Ln, Manteca, CA, United States","295 Cherry Ln, Manteca, CA, United States","high","This meeting is Hybrid. You can also join on Zoom. ******************** West Kingdom Zoom is inviting you to a scheduled Zoom meeting. Topic: Barony of Fettburg Business Meeting Time: This is a recurring meeting Meet anytime Join Zoom Meeting Meeting ID: 892 6979 5229 One tap mobile +16469313860,,89269795229# US +16694449171,,89269795229# US Dial by your location +1 US +1 US +1 US (San Jose) +1 US +1 US (New York) +1 US (Tacoma) +1 US (Washington DC) +1 US +1 US (Chicago) +1 US (Houston) +1 US +1 US Meeting ID: 892 6979 5229","https://us06web.zoom.us/j/89269795229","","Kingdom of the West","kingdom","True","37.8031558","-121.2313629","ok"
"Fettburg Baronial Meeting (Manteca, CA & Zoom)","2027-02-10 19:00:00","2027-02-10 21:00:00","Manteca Senior Center, 295 Cherry Ln, Manteca, CA, United States","295 Cherry Ln, Manteca, CA, United States","high","This meeting is Hybrid. You can also join on Zoom. ******************** West Kingdom Zoom is inviting you to a scheduled Zoom meeting. Topic: Barony of Fettburg Business Meeting Time: This is a recurring meeting Meet anytime Join Zoom Meeting Meeting ID: 892 6979 5229 One tap mobile +16469313860,,89269795229# US +16694449171,,89269795229# US Dial by your location +1 US +1 US +1 US (San Jose) +1 US +1 US (New York) +1 US (Tacoma) +1 US (Washington DC) +1 US +1 US (Chicago) +1 US (Houston) +1 US +1 US Meeting ID: 892 6979 5229","https://us06web.zoom.us/j/89269795229","","Kingdom of the West","kingdom","True","37.8031558","-121.2313629","ok"
"Fettburg Baronial Meeting (Manteca, CA & Zoom)","2027-03-10 19:00:00","2027-03-10 21:00:00","Manteca Senior Center, 295 Cherry Ln, Manteca, CA, United States","295 Cherry Ln, Manteca, CA, United States","high","This meeting is Hybrid. You can also join on Zoom. ******************** West Kingdom Zoom is inviting you to a scheduled Zoom meeting. Topic: Barony of Fettburg Business Meeting Time: This is a recurring meeting Meet anytime Join Zoom Meeting Meeting ID: 892 6979 5229 One tap mobile +16469313860,,89269795229# US +16694449171,,89269795229# US Dial by your location +1 US +1 US +1 US (San Jose) +1 US +1 US (New York) +1 US (Tacoma) +1 US (Washington DC) +1 US +1 US (Chicago) +1 US (Houston) +1 US +1 US Meeting ID: 892 6979 5229","https://us06web.zoom.us/j/89269795229","","Kingdom of the West","kingdom","True","37.8031558","-121.2313629","ok"
"Fettburg Baronial Meeting (Manteca, CA & Zoom)","2027-04-14 19:00:00","2027-04-14 21:00:00","Manteca Senior Center, 295 Cherry Ln, Manteca, CA, United States","295 Cherry Ln, Manteca, CA, United States","high","This meeting is Hybrid. You can also join on Zoom. ******************** West Kingdom Zoom is inviting you to a scheduled Zoom meeting. Topic: Barony of Fettburg Business Meeting Time: This is a recurring meeting Meet anytime Join Zoom Meeting Meeting ID: 892 6979 5229 One tap mobile +16469313860,,89269795229# US +16694449171,,89269795229# US Dial by your location +1 US +1 US +1 US (San Jose) +1 US +1 US (New York) +1 US (Tacoma) +1 US (Washington DC) +1 US +1 US (Chicago) +1 US (Houston) +1 US +1 US Meeting ID: 892 6979 5229","https://us06web.zoom.us/j/89269795229","","Kingdom of the West","kingdom","True","37.8031558","-121.2313629","ok"
"Fettburg Baronial Meeting (Manteca, CA & Zoom)","2027-05-12 19:00:00","2027-05-12 21:00:00","Manteca Senior Center, 295 Cherry Ln, Manteca, CA, United States","295 Cherry Ln, Manteca, CA, United States","high","This meeting is Hybrid. You can also join on Zoom. ******************** West Kingdom Zoom is inviting you to a scheduled Zoom meeting. Topic: Barony of Fettburg Business Meeting Time: This is a recurring meeting Meet anytime Join Zoom Meeting Meeting ID: 892 6979 5229 One tap mobile +16469313860,,89269795229# US +16694449171,,89269795229# US Dial by your location +1 US +1 US +1 US (San Jose) +1 US +1 US (New York) +1 US (Tacoma) +1 US (Washington DC) +1 US +1 US (Chicago) +1 US (Houston) +1 US +1 US Meeting ID: 892 6979 5229","https://us06web.zoom.us/j/89269795229","","Kingdom of the West","kingdom","True","37.8031558","-121.2313629","ok"
"Fettburg Baronial Meeting (Manteca, CA & Zoom)","2027-06-09 19:00:00","2027-06-09 21:00:00","Manteca Senior Center, 295 Cherry Ln, Manteca, CA, United States","295 Cherry Ln, Manteca, CA, United States","high","This meeting is Hybrid. You can also join on Zoom. ******************** West Kingdom Zoom is inviting you to a scheduled Zoom meeting. Topic: Barony of Fettburg Business Meeting Time: This is a recurring meeting Meet anytime Join Zoom Meeting Meeting ID: 892 6979 5229 One tap mobile +16469313860,,89269795229# US +16694449171,,89269795229# US Dial by your location +1 US +1 US +1 US (San Jose) +1 US +1 US (New York) +1 US (Tacoma) +1 US (Washington DC) +1 US +1 US (Chicago) +1 US (Houston) +1 US +1 US Meeting ID: 892 6979 5229","https://us06web.zoom.us/j/89269795229","","Kingdom of the West","kingdom","True","37.8031558","-121.2313629","ok"
"Fettburg Baronial Meeting (Manteca, CA & Zoom)","2027-07-14 19:00:00","2027-07-14 21:00:00","Manteca Senior Center, 295 Cherry Ln, Manteca, CA, United States","295 Cherry Ln, Manteca, CA, United States","high","This meeting is Hybrid. You can also join on Zoom. ******************** West Kingdom Zoom is inviting you to a scheduled Zoom meeting. Topic: Barony of Fettburg Business Meeting Time: This is a recurring meeting Meet anytime Join Zoom Meeting Meeting ID: 892 6979 5229 One tap mobile +16469313860,,89269795229# US +16694449171,,89269795229# US Dial by your location +1 US +1 US +1 US (San Jose) +1 US +1 US (New York) +1 US (Tacoma) +1 US (Washington DC) +1 US +1 US (Chicago) +1 US (Houston) +1 US +1 US Meeting ID: 892 6979 5229","https://us06web.zoom.us/j/89269795229","","Kingdom of the West","kingdom","True","37.8031558","-121.2313629","ok"
"Fettburg Baronial Meeting (Manteca, CA & Zoom)","2027-08-11 19:00:00","2027-08-11 21:00:00","Manteca Senior Center, 295 Cherry Ln, Manteca, CA, United States","295 Cherry Ln, Manteca, CA, United States","high","This meeting is Hybrid. You can also join on Zoom. ******************** West Kingdom Zoom is inviting you to a scheduled Zoom meeting. Topic: Barony of Fettburg Business Meeting Time: This is a recurring meeting Meet anytime Join Zoom Meeting Meeting ID: 892 6979 5229 One tap mobile +16469313860,,89269795229# US +16694449171,,89269795229# US Dial by your location +1 US +1 US +1 US (San Jose) +1 US +1 US (New York) +1 US (Tacoma) +1 US (Washington DC) +1 US +1 US (Chicago) +1 US (Houston) +1 US +1 US Meeting ID: 892 6979 5229","https://us06web.zoom.us/j/89269795229","","Kingdom of the West","kingdom","True","37.8031558","-121.2313629","ok"
"Fettburg Baronial Meeting (Manteca, CA & Zoom)","2027-09-08 19:00:00","2027-09-08 21:00:00","Manteca Senior Center, 295 Cherry Ln, Manteca, CA, United States","295 Cherry Ln, Manteca, CA, United States","high","This meeting is Hybrid. You can also join on Zoom. ******************** West Kingdom Zoom is inviting you to a scheduled Zoom meeting. Topic: Barony of Fettburg Business Meeting Time: This is a recurring meeting Meet anytime Join Zoom Meeting Meeting ID: 892 6979 5229 One tap mobile +16469313860,,89269795229# US +16694449171,,89269795229# US Dial by your location +1 US +1 US +1 US (San Jose) +1 US +1 US (New York) +1 US (Tacoma) +1 US (Washington DC) +1 US +1 US (Chicago) +1 US (Houston) +1 US +1 US Meeting ID: 892 6979 5229","https://us06web.zoom.us/j/89269795229","","Kingdom of the West","kingdom","True","37.8031558","-121.2313629","ok"
"Fettburg Baronial Meeting (Manteca, CA & Zoom)","2027-10-13 19:00:00","2027-10-13 21:00:00","Manteca Senior Center, 295 Cherry Ln, Manteca, CA, United States","295 Cherry Ln, Manteca, CA, United States","high","This meeting is Hybrid. You can also join on Zoom. ******************** West Kingdom Zoom is inviting you to a scheduled Zoom meeting. Topic: Barony of Fettburg Business Meeting Time: This is a recurring meeting Meet anytime Join Zoom Meeting Meeting ID: 892 6979 5229 One tap mobile +16469313860,,89269795229# US +16694449171,,89269795229# US Dial by your location +1 US +1 US +1 US (San Jose) +1 US +1 US (New York) +1 US (Tacoma) +1 US (Washington DC) +1 US +1 US (Chicago) +1 US (Houston) +1 US +1 US Meeting ID: 892 6979 5229","https://us06web.zoom.us/j/89269795229","","Kingdom of the West","kingdom","True","37.8031558","-121.2313629","ok"
"Fettburg Baronial Meeting (Manteca, CA & Zoom)","2027-11-10 19:00:00","2027-11-10 21:00:00","Manteca Senior Center, 295 Cherry Ln, Manteca, CA, United States","295 Cherry Ln, Manteca, CA, United States","high","This meeting is Hybrid. You can also join on Zoom. ******************** West Kingdom Zoom is inviting you to a scheduled Zoom meeting. Topic: Barony of Fettburg Business Meeting Time: This is a recurring meeting Meet anytime Join Zoom Meeting Meeting ID: 892 6979 5229 One tap mobile +16469313860,,89269795229# US +16694449171,,89269795229# US Dial by your location +1 US +1 US +1 US (San Jose) +1 US +1 US (New York) +1 US (Tacoma) +1 US (Washington DC) +1 US +1 US (Chicago) +1 US (Houston) +1 US +1 US Meeting ID: 892 6979 5229","https://us06web.zoom.us/j/89269795229","","Kingdom of the West","kingdom","True","37.8031558","-121.2313629","ok"
"Fettburg Baronial Meeting (Manteca, CA & Zoom)","2027-12-08 19:00:00","2027-12-08 21:00:00","Manteca Senior Center, 295 Cherry Ln, Manteca, CA, United States","295 Cherry Ln, Manteca, CA, United States","high","This meeting is Hybrid. You can also join on Zoom. ******************** West Kingdom Zoom is inviting you to a scheduled Zoom meeting. Topic: Barony of Fettburg Business Meeting Time: This is a recurring meeting Meet anytime Join Zoom Meeting Meeting ID: 892 6979 5229 One tap mobile +16469313860,,89269795229# US +16694449171,,89269795229# US Dial by your location +1 US +1 US +1 US (San Jose) +1 US +1 US (New York) +1 US (Tacoma) +1 US (Washington DC) +1 US +1 US (Chicago) +1 US (Houston) +1 US +1 US Meeting ID: 892 6979 5229","https://us06web.zoom.us/j/89269795229","","Kingdom of the West","kingdom","True","37.8031558","-121.2313629","ok"
"Fettburg Baronial Meeting (Manteca, CA & Zoom)","2028-01-12 19:00:00","2028-01-12 21:00:00","Manteca Senior Center, 295 Cherry Ln, Manteca, CA, United States","295 Cherry Ln, Manteca, CA, United States","high","This meeting is Hybrid. You can also join on Zoom. ******************** West Kingdom Zoom is inviting you to a scheduled Zoom meeting. Topic: Barony of Fettburg Business Meeting Time: This is a recurring meeting Meet anytime Join Zoom Meeting Meeting ID: 892 6979 5229 One tap mobile +16469313860,,89269795229# US +16694449171,,89269795229# US Dial by your location +1 US +1 US +1 US (San Jose) +1 US +1 US (New York) +1 US (Tacoma) +1 US (Washington DC) +1 US +1 US (Chicago) +1 US (Houston) +1 US +1 US Meeting ID: 892 6979 5229","https://us06web.zoom.us/j/89269795229","","Kingdom of the West","kingdom","True","37.8031558","-121.2313629","ok"
"Fettburg Baronial Meeting (Manteca, CA & Zoom)","2028-02-09 19:00:00","2028-02-09 21:00:00","Manteca Senior Center, 295 Cherry Ln, Manteca, CA, United States","295 Cherry Ln, Manteca, CA, United States","high","This meeting is Hybrid. You can also join on Zoom. ******************** West Kingdom Zoom is inviting you to a scheduled Zoom meeting. Topic: Barony of Fettburg Business Meeting Time: This is a recurring meeting Meet anytime Join Zoom Meeting Meeting ID: 892 6979 5229 One tap mobile +16469313860,,89269795229# US +16694449171,,89269795229# US Dial by your location +1 US +1 US +1 US (San Jose) +1 US +1 US (New York) +1 US (Tacoma) +1 US (Washington DC) +1 US +1 US (Chicago) +1 US (Houston) +1 US +1 US Meeting ID: 892 6979 5229","https://us06web.zoom.us/j/89269795229","","Kingdom of the West","kingdom","True","37.8031558","-121.2313629","ok"
"Fettburg Baronial Meeting (Manteca, CA & Zoom)","2028-03-08 19:00:00","2028-03-08 21:00:00","Manteca Senior Center, 295 Cherry Ln, Manteca, CA, United States","295 Cherry Ln, Manteca, CA, United States","high","This meeting is Hybrid. You can also join on Zoom. ******************** West Kingdom Zoom is inviting you to a scheduled Zoom meeting. Topic: Barony of Fettburg Business Meeting Time: This is a recurring meeting Meet anytime Join Zoom Meeting Meeting ID: 892 6979 5229 One tap mobile +16469313860,,89269795229# US +16694449171,,89269795229# US Dial by your location +1 US +1 US +1 US (San Jose) +1 US +1 US (New York) +1 US (Tacoma) +1 US (Washington DC) +1 US +1 US (Chicago) +1 US (Houston) +1 US +1 US Meeting ID: 892 6979 5229","https://us06web.zoom.us/j/89269795229","","Kingdom of the West","kingdom","True","37.8031558","-121.2313629","ok"
"Fettburg Baronial Meeting (Manteca, CA & Zoom)","2028-04-12 19:00:00","2028-04-12 21:00:00","Manteca Senior Center, 295 Cherry Ln, Manteca, CA, United States","295 Cherry Ln, Manteca, CA, United States","high","This meeting is Hybrid. You can also join on Zoom. ******************** West Kingdom Zoom is inviting you to a scheduled Zoom meeting. Topic: Barony of Fettburg Business Meeting Time: This is a recurring meeting Meet anytime Join Zoom Meeting Meeting ID: 892 6979 5229 One tap mobile +16469313860,,89269795229# US +16694449171,,89269795229# US Dial by your location +1 US +1 US +1 US (San Jose) +1 US +1 US (New York) +1 US (Tacoma) +1 US (Washington DC) +1 US +1 US (Chicago) +1 US (Houston) +1 US +1 US Meeting ID: 892 6979 5229","https://us06web.zoom.us/j/89269795229","","Kingdom of the West","kingdom","True","37.8031558","-121.2313629","ok"
"Fettburg Baronial Meeting (Manteca, CA & Zoom)","2028-05-10 19:00:00","2028-05-10 21:00:00","Manteca Senior Center, 295 Cherry Ln, Manteca, CA, United States","295 Cherry Ln, Manteca, CA, United States","high","This meeting is Hybrid. You can also join on Zoom. ******************** West Kingdom Zoom is inviting you to a scheduled Zoom meeting. Topic: Barony of Fettburg Business Meeting Time: This is a recurring meeting Meet anytime Join Zoom Meeting Meeting ID: 892 6979 5229 One tap mobile +16469313860,,89269795229# US +16694449171,,89269795229# US Dial by your location +1 US +1 US +1 US (San Jose) +1 US +1 US (New York) +1 US (Tacoma) +1 US (Washington DC) +1 US +1 US (Chicago) +1 US (Houston) +1 US +1 US Meeting ID: 892 6979 5229","https://us06web.zoom.us/j/89269795229","","Kingdom of the West","kingdom","True","37.8031558","-121.2313629","ok"
"Ffynnon Gath War of Ages","2026-10-02 06:00:00","2026-10-05 04:59:00","","","empty","","","","Kingdom of Ansteorra","kingdom","False","","","skipped"
"Fiber, Fabric, Fighting and Feasting","2026-11-20 22:00:00","2026-11-22 15:00:00","Seven Mountains Scout Camp, Sand Mountain Road, Spring Mills, PA, 16875, United States","Seven Mountains Scout Camp, Sand Mountain Road, Spring Mills, PA, 16875, United States","low","Additional Notes on Flames: no flames indoors. there are designated firepits throughout the site. Fiber, Fabric, Fighting, and Feasting 2026 We cordially invite you to the Known World’s finest fiber arts symposium. Please join us for an intimate weekend of fiber, fabric, fighting, and feasting. Friday night, attendees will arrive to light snacks and a cozy communal atmosphere full of interesting people, books, and crafts. On Saturday, there will be an all-day period inspired feast with several removes, engaging classes, and fighting (weather permitting). As always, the site has ample space for tent camping, outdoor activities, and vendors–please contact the Autocrat if interested. Site: The event will be held at the Seven Mountains Scout Camp, 227 Sand Mountain Rd, Spring Mills, PA 16875. The site opens at 5PM on Friday and closes 10 am Sunday. Children under 18 must be accompanied by a parent or guardian. Friday, November 20th at 5:00 p.m. to Sunday, November 22nd. at 10:00 a.m. Contacts:","https://aethelmearc.org/event/fiber-fabric-fighting-and-feasting/","","Kingdom of AEthelmearc","kingdom","False","40.8430161","-77.5741471","ok_retry"
"Fighter Practice (RECURRING)","2026-05-31 16:00:00","2026-05-31 20:00:00","109 W 2nd Ave, Gastonia, NC 28052, USA","109 W 2nd Ave, Gastonia, NC 28052, USA","high","Weekly fighter practice and hang out [RECURRING — also on: 31 May 2026, 7 Jun 2026, 14 Jun 2026, 21 Jun 2026, 28 Jun 2026, 5 Jul 2026, 12 Jul 2026, 19 Jul 2026, 26 Jul 2026]","","https://www.facebook.com/groups/551730665240012","Barony of Sacred Stone","baronial","False","35.2605869","-81.1821992","ok"
"Fighter Practice and A&S Social (RECURRING)","2026-06-02 23:00:00","2026-06-03 01:00:00","Severn Christian Church, 8132 New Cut Rd, Severn, MD 21144, USA","8132 New Cut Rd, Severn, MD 21144, USA","high"," [RECURRING — also on: 2 Jun 2026, 9 Jun 2026, 16 Jun 2026, 23 Jun 2026, 30 Jun 2026, 7 Jul 2026, 14 Jul 2026, 21 Jul 2026]","","","Barony of Lochmere","baronial","False","39.1172665","-76.65032","ok"
"Fighter and Dance Practice (RECURRING)","2026-06-01 23:00:00","2026-06-02 02:00:00","St Andrew's Episcopal Church, 4512 College Ave, College Park, MD 20740, USA","4512 College Ave, College Park, MD 20740, USA","high","Join Storvik for fighter (armored and rapier) practice every Monday. Dance practice starts at 8 and includes live music See the COVID Safe policy for our current COVID requirements [RECURRING — also on: 1 Jun 2026, 8 Jun 2026, 15 Jun 2026, 22 Jun 2026, 29 Jun 2026, 6 Jul 2026, 13 Jul 2026, 20 Jul 2026, 27 Jul 2026]","https://atlantia.sca.org/reopening-atlantia/","","Barony of Storvik","baronial","False","38.9820822","-76.9350098","ok"
"Fighter's School 2027","2027-02-20","2027-02-21","Fond du Lac County Fairgrounds & Expo Center, 520 Fond du Lac Ave, Fond du Lac, WI 54935, USA","520 Fond du Lac Ave, Fond du Lac, WI 54935, USA","high","","","","Kingdom of Northshield","kingdom","False","43.7666298","-88.4281147","ok"
"Fire and Ice (Nordwache)","2026-10-17","2026-10-19","","Fresno, California","low","","","","Kingdom of Caid","kingdom","False","36.7394421","-119.78483","ok"
"Fire on the Plains","2026-06-05 06:00:00","2026-06-07 18:00:00","Antelope Run, 36725 Fiddleback Ranch Circle, Kiowa, Colorado, 80117, United States","36725 Fiddleback Ranch Circle, Kiowa, Colorado, 80117, United States","high","This is the Second annual Fire on the Plains event. We will be celebrating all Arts and Sciences, but concentrating on those that can be done outdoors with little or no power. We will be camping over the weekend and will also have a merchants area. Events Planned: Blacksmithing DemosArmor MakingArrowhead creation also Archery PracticeArmored Combat PracticeFencing Practice Come out and enjoy the fun, set up the tent and see if you need anything to make it functional for Battlemoor a few weeks away! Event Website Event Steward Admission Adult $40Adult Member $30Youth (5-15) $25 There might be a small fee for the armor making class to cover materials","https://www.outlands.org/event/fire-on-the-plains/","","Kingdom of the Outlands","kingdom","False","38.9912381","-104.8588346","ok_retry"
"Fire on the Plains","2026-06-05","2026-06-08","https://www.outlands.org/event/fire-on-the-plains/","https://www.outlands.org/event/fire-on-the-plains/","low","","https://www.outlands.org/event/fire-on-the-plains/","","Barony of Unser Hafen","baronial","False","","","skipped"
"Flametree Ball (Adora)","2026-06-13","2026-06-14","Dapto Ribbonwood Centre, 93-109 Princess Highway NSW Australia, 2530.","Dapto Ribbonwood Centre, 93-109 Princess Highway NSW Australia, 2530.","low","You are invited to Attend Adora’s Most Pleasant, Joyous, and Lively event the Flame Tree Ball. We have a hall with an amazing open space to accommodate our lovely comrades who wish to join us in Feasting!","","","Kingdom of Lochac","kingdom","False","-34.4964565","150.7931475","ok_photon"
"Fletch and Flame 1","2026-10-01","2026-10-05","501 Franklin St, Adrian, MN 56110, USA","501 Franklin St, Adrian, MN 56110, USA","high","","","","Kingdom of Northshield","kingdom","False","43.640439","-95.939267","ok"
"Fool's Revel - Stan Wyrm","2027-04-03","2027-04-04","","","empty","","","","Kingdom of Artemisia","kingdom","False","","","skipped"
"Fourth Annual Upstate Renaissance Faire (Demo)","2026-08-29 14:00:00","2026-08-30 22:00:00","Chenango County Fairgrounds, 168 E Main St., Norwich, NY, 13815, United States","168 E Main St., Norwich, NY, 13815, United States","high","Additional Notes on Alcohol Policy: This is a kid and family friendly site, please conduct yourself accordingly Additional Notes on Flames: Flames must be contained and up off of the ground. The site is in city limits Additional Notes on Weapons: With the exception of performers while performing, there are no untied weapons allowed. Hark! A Proclamation from the Sylvan Kingdom of Æthelmearc! To all brave knights, fencers of skill, artisans of renown, and good gentle folk, Hear ye, hear ye! The Upstate Renaissance Faire, held upon the grounds of Chenango in the town of Norwich, hath sent forth a royal request. Having missed the presence of honored historical reenactors, they invite the Society for Creative Anachronism to return for their 4th Annual gathering on August 29th & 30th, 2026. The Call to Arms: We summon the Heavies to take the field, the Rapier fighters to demonstrate the art of fence, and the Cut & Thrust champions to show their skill. Call for Artisans: Bring thy best works of Arts & Sciences to display within our encampment, demonstrating the beauty of the Middle Ages. Camp and Revel: Space is provided for tents and pavilions for those travelers wishing to camp and partake in merriment throughout the weekend. Free Passage: Our friends at the Upstate Renaissance Faire offer FREE entry to the faire for those SCA members who demonstrate their skills. Free entry is granted to performers and artisans only. If thou wishest to participate in glorious battle for the merriment of all please contact Autocrat HalfDan Arnsson () Or perhaps you have interest to display thy wares or showcase thy craft, please contact Co-autocrat Ophelia Demetria () Now to secure your place in the encampment and receive your performers’ pass. Assemble, ye dwellers of the SCA, and make this a weekend of unmatched joy! Vivat!","https://aethelmearc.org/event/fourth-annual-upstate-renaissance-faire-demo/","","Kingdom of AEthelmearc","kingdom","False","42.532313","-75.509036","ok"
"Fox Hunt Tournament (River Haven)","2026-10-03","2026-10-04","River Haven Hall, 35 Wesley Street, Lutwyche Qld","35 Wesley Street, Lutwyche Qld","high","This is a BYO everything Tournament. Spectators are very welcome! They decide who wins the award for courtesy, prowess and appearance. The tournament will involve a challenger, or the populace, selecting the weapons the opponent is to use. All fencers should have at least one opportunity to fight everyone. People of lower rank or experience will be encouraged to challenge first. The object of the tournament is to collect foxes from the populace with the winner being the one who has the most fox heads overall in each category","","","Kingdom of Lochac","kingdom","False","-27.4234672","153.0310312","ok"
"Framingham Fighter and Fencer Practice","2026-06-03 23:00:00","2026-06-04 02:00:00","87 Edgell Rd, Framingham, MA 01701, USA","87 Edgell Rd, Framingham, MA 01701, USA","high","Carolingia hosts a fighting practice which meets weekly on Wednesday evenings in Ellison Hall at the Plymouth Church in Framingham. 87 Edgell Road, Framingham MA 01701. The hall is in back of the church in a separate building. Entry is all the way to the right through a blue door marked “Ellison Hall”, then down the stairs and take a left onto the basement space. There is plenty of space for both rattan and rapier with a separate room for Arts and Sciences","","","Barony of Carolingia","baronial","False","42.3032503","-71.4328135","ok"
"Framingham Fighter and Fencer Practice","2026-06-17 23:00:00","2026-06-18 02:00:00","87 Edgell Rd, Framingham, MA 01701, USA","87 Edgell Rd, Framingham, MA 01701, USA","high","Carolingia hosts a fighting practice which meets weekly on Wednesday evenings in Ellison Hall at the Plymouth Church in Framingham. 87 Edgell Road, Framingham MA 01701. The hall is in back of the church in a separate building. Entry is all the way to the right through a blue door marked “Ellison Hall”, then down the stairs and take a left onto the basement space. There is plenty of space for both rattan and rapier with a separate room for Arts and Sciences","","","Barony of Carolingia","baronial","False","42.3032503","-71.4328135","ok"
"Framingham Fighter and Fencer Practice","2026-06-24 23:00:00","2026-06-25 02:00:00","87 Edgell Rd, Framingham, MA 01701, USA","87 Edgell Rd, Framingham, MA 01701, USA","high","Carolingia hosts a fighting practice which meets weekly on Wednesday evenings in Ellison Hall at the Plymouth Church in Framingham. 87 Edgell Road, Framingham MA 01701. The hall is in back of the church in a separate building. Entry is all the way to the right through a blue door marked “Ellison Hall”, then down the stairs and take a left onto the basement space. There is plenty of space for both rattan and rapier with a separate room for Arts and Sciences","","","Barony of Carolingia","baronial","False","42.3032503","-71.4328135","ok"
"Framingham Fighter and Fencer Practice","2026-07-01 23:00:00","2026-07-02 02:00:00","87 Edgell Rd, Framingham, MA 01701, USA","87 Edgell Rd, Framingham, MA 01701, USA","high","Carolingia hosts a fighting practice which meets weekly on Wednesday evenings in Ellison Hall at the Plymouth Church in Framingham. 87 Edgell Road, Framingham MA 01701. The hall is in back of the church in a separate building. Entry is all the way to the right through a blue door marked “Ellison Hall”, then down the stairs and take a left onto the basement space. There is plenty of space for both rattan and rapier with a separate room for Arts and Sciences","","","Barony of Carolingia","baronial","False","42.3032503","-71.4328135","ok"
"Framingham Fighter and Fencer Practice","2026-07-15 23:00:00","2026-07-16 02:00:00","87 Edgell Rd, Framingham, MA 01701, USA","87 Edgell Rd, Framingham, MA 01701, USA","high","Carolingia hosts a fighting practice which meets weekly on Wednesday evenings in Ellison Hall at the Plymouth Church in Framingham. 87 Edgell Road, Framingham MA 01701. The hall is in back of the church in a separate building. Entry is all the way to the right through a blue door marked “Ellison Hall”, then down the stairs and take a left onto the basement space. There is plenty of space for both rattan and rapier with a separate room for Arts and Sciences","","","Barony of Carolingia","baronial","False","42.3032503","-71.4328135","ok"
"Framingham Fighter and Fencer Practice","2026-07-22 23:00:00","2026-07-23 02:00:00","87 Edgell Rd, Framingham, MA 01701, USA","87 Edgell Rd, Framingham, MA 01701, USA","high","Carolingia hosts a fighting practice which meets weekly on Wednesday evenings in Ellison Hall at the Plymouth Church in Framingham. 87 Edgell Road, Framingham MA 01701. The hall is in back of the church in a separate building. Entry is all the way to the right through a blue door marked “Ellison Hall”, then down the stairs and take a left onto the basement space. There is plenty of space for both rattan and rapier with a separate room for Arts and Sciences","","","Barony of Carolingia","baronial","False","42.3032503","-71.4328135","ok"
"GWW","2026-11-03","2026-11-10","","","empty","","","","Kingdom of Caid","kingdom","False","","","skipped"
"Gatalop 2026","2026-10-30 00:00:00","2026-10-30 00:00:00","","Mobile and Baldwin County","low","Hosted by Barony of Osprey","","","Kingdom of Meridies","kingdom","False","30.4166403","-87.556626","ok"
"Gawd Awful Dragon Sword (BTY)","2026-10-03","2026-10-05","","","empty","","https://www.atenveldt.org/event/gawd-awful-dragon-sword-bty/","","Kingdom of Atenveldt","kingdom","False","","","skipped"
"Ghost, Ghouls, and Goblins - Danger Lurks!","2026-10-09","2026-10-12","Quall Hill Scout Reservation 56 La Valley Drive Manalapan, NJ 07726 US","56 La Valley Drive Manalapan, NJ 07726 US","high","","http://www.eastkingdom.org/EventDetails.php?eid=4553","","Kingdom of the East","kingdom","False","40.2651471","-74.3952076","ok"
"Giants Dance 2026","2026-06-12 00:00:00","2026-06-12 00:00:00","","NE Tennessee and the SW Corner of Virginia","low","Hosted by Shire of Nant-Y-Derwyddon","","","Kingdom of Meridies","kingdom","False","36.484384","-82.4194527","ok_retry"
"Glaslyn Artisan of the Flame","2026-08-22 06:00:00","2026-08-23 04:00:00","","Denton, Texas","low","","","","Kingdom of Ansteorra","kingdom","False","33.1838787","-97.1413417","ok"
"Glaslyn Defender of the Flame","2027-04-23 22:00:00","2027-04-25 17:00:00","","Denton, Texas","low","","","","Kingdom of Ansteorra","kingdom","False","33.1838787","-97.1413417","ok"
"Gleann Abhann Arts & Sciences","2026-09-18 13:00:00","2026-09-20 22:00:00","","","empty","","https://gleannabhann.net/event/gleann-abhann-arts-sciences-4/","","Kingdom of Gleann Abhann","kingdom","False","","","skipped"
"Gleann Abhann Arts & Sciences","2027-09-17 13:00:00","2027-09-19 22:00:00","","","empty","","https://gleannabhann.net/event/gleann-abhann-arts-sciences-4/","","Kingdom of Gleann Abhann","kingdom","False","","","skipped"
"Gleann Abhann Fall Coronation","2026-10-09 13:00:00","2026-10-11 22:00:00","","","empty","","https://gleannabhann.net/event/gleann-abhann-fall-coronation-5/","","Kingdom of Gleann Abhann","kingdom","False","","","skipped"
"Gleann Abhann Fall Coronation","2027-10-08 13:00:00","2027-10-10 22:00:00","","","empty","","https://gleannabhann.net/event/gleann-abhann-fall-coronation-5/","","Kingdom of Gleann Abhann","kingdom","False","","","skipped"
"Gleann Abhann Fall Crown List","2026-11-13 14:00:00","2026-11-15 23:00:00","","","empty","","https://gleannabhann.net/event/gleann-abhann-fall-crown-list-5/","","Kingdom of Gleann Abhann","kingdom","False","","","skipped"
"Gleann Abhann Fall Crown List","2027-11-12 14:00:00","2027-11-14 23:00:00","","","empty","","https://gleannabhann.net/event/gleann-abhann-fall-crown-list-5/","","Kingdom of Gleann Abhann","kingdom","False","","","skipped"
"Gleann Abhann Fighter's Collegium","2027-02-26 14:00:00","2027-02-28 23:00:00","","","empty","","https://gleannabhann.net/event/gleann-abhann-fighters-collegium-7/","","Kingdom of Gleann Abhann","kingdom","False","","","skipped"
"Gleann Abhann Fighter's Collegium","2028-02-25 14:00:00","2028-02-27 23:00:00","","","empty","","https://gleannabhann.net/event/gleann-abhann-fighters-collegium-7/","","Kingdom of Gleann Abhann","kingdom","False","","","skipped"
"Gleann Abhann Spring Coronation","2027-04-09 13:00:00","2027-04-11 22:00:00","","","empty","","https://gleannabhann.net/event/gleann-abhann-spring-coronation-5/","","Kingdom of Gleann Abhann","kingdom","False","","","skipped"
"Gleann Abhann Spring Coronation","2028-04-14 13:00:00","2028-04-16 22:00:00","","","empty","","https://gleannabhann.net/event/gleann-abhann-spring-coronation-5/","","Kingdom of Gleann Abhann","kingdom","False","","","skipped"
"Gleann Abhann Spring Crown List","2027-05-21 13:00:00","2027-05-23 22:00:00","","","empty","","https://gleannabhann.net/event/gleann-abhann-spring-crown-list-6/","","Kingdom of Gleann Abhann","kingdom","False","","","skipped"
"Gleann Abhann Spring Crown List","2028-05-19 13:00:00","2028-05-21 22:00:00","","","empty","","https://gleannabhann.net/event/gleann-abhann-spring-crown-list-6/","","Kingdom of Gleann Abhann","kingdom","False","","","skipped"
"Gold Dragon Tavern X: Rogue Dragon","2026-07-18 18:00:00","2026-07-19 04:00:00","Red Stick School of Fencing, 15450 George O'Neal Road, Suite 11, Baton Rouge, LA, 70817, United States","Red Stick School of Fencing, 15450 George O'Neal Road, Suite 11, Baton Rouge, LA, 70817, United States","low","","https://gleannabhann.net/event/gold-dragon-tavern-x-rogue-dragon/","","Kingdom of Gleann Abhann","kingdom","False","30.3827303","-91.0060416","ok_retry"
"Golden Rivers Anniversary Banquet (GRAB) (Golden Rivers)","2026-11-28 00:00:00","2026-11-28 23:59:59","","Sacramento, California","low","save the date","https://westkingdom.org/event/golden-rivers-anniversary-banquet-grab-golden-rivers/","","Kingdom of the West","kingdom","False","38.5810606","-121.493895","ok"
"Gool's Dheys - River Ssssserponnde","2027-10-02","2027-10-03","","","empty","","","","Kingdom of Artemisia","kingdom","False","","","skipped"
"Grand Tournament of the Dragon","2027-04-03 00:00:00","2027-04-03 00:00:00","Preble County Fairgrounds, 722 S Franklin St, Eaton, OH 45320","722 S Franklin St, Eaton, OH 45320","high","","","","Kingdom of the Middle","kingdom","False","39.7368025","-84.6273928","ok"
"Great Northeastern War XXXVIII","2026-07-09","2026-07-13","Hebron Pines RV & Golf 412 Buckfield Road Hebron, ME 04238 US","412 Buckfield Road Hebron, ME 04238 US","high","","http://www.eastkingdom.org/EventDetails.php?eid=4518","","Kingdom of the East","kingdom","False","44.2021807","-70.3522327","ok"
"Great Northern War (River Haven)","2026-06-05","2026-06-09","Rocky Creek Scout Camp, Landsborough QLD","Rocky Creek Scout Camp, Landsborough QLD","low","The noble Barony of River Haven, joyous hosts of this year’s war, bid welcome to friends old and new. With hearts full of cheer, they strive to carry forth the fine labours of past Stewards, building upon the merriment and triumphs of yesteryears, that the Northern Reaches may continue to flourish with revelry and renown. In 2026, the Great Northern War shall be held upon the same fair grounds as in 2024 and 2025. This site hath proven most worthy—offering ease of passage for all, with wheelchair access, disability showers and privies, ample space for tents and pavilions, powered sites for those in need, and bunks for weary wayfarers seeking rest. Much delight awaits! Brave souls may test their mettle in tournaments, war battles, and archery contests. Scholars and artisans shall gather for classes and competitions of craft. The youth shall once more take up arms in boffer tourneys, with diversions for children aplenty. Our Feastocrat readies a sumptuous board of victuals, whilst games and merriments shall fill the evenings. And lo! The great GNW bonfire shall blaze each night, warming hearts and kindling camaraderie. Event Details GNW 2026 will run 4pm Friday the 5th June to midday Monday 8th of June at the Rocky Creek District Scout Camp, Landsborough. Gates will open for camping setup at 12pm on the Friday and everyone off site by 12pm Monday. Event Stewards - Lady Eydis Ragnarsdottir & Lady Cristin verch Reys .org Bookings Officer - Baroness Celia the Fair .org","https://gnw.lochac.sca.org/","","Kingdom of Lochac","kingdom","False","-26.8196002","152.954935","ok_photon"
"Great Western War","2026-11-04 00:00:00","2026-11-10 23:59:59","","","empty","","https://westkingdom.org/event/great-western-war-2/","","Kingdom of the West","kingdom","False","","","skipped"
"Great Western War XXVIII","2026-11-03","2026-11-10","","","empty","","https://www.atenveldt.org/event/great-western-war-xxviii/","","Kingdom of Atenveldt","kingdom","False","","","skipped"
"Gregson Tournament XVIII (Mordenvale)","2026-06-20","2026-06-21","Gregson Park, Lindsay St, Hamilton NSW","Gregson Park, Lindsay St, Hamilton NSW","low","Be it known that there will be held, on the 16th of May AS. 61 a tournament at Gregson Park in Hamilton. All fighters that pursue the virtues of chivalry, are summoned to contest one another in honourable combat for the glory of them and their fair consorts that inspire and embolden them. The victor shall receive a prize, sponsored by Shaykh Ziad Al-Attar and Shaykha Gráinne Uaine. The tournament will commence at 11am. Please arrive before this time to don armour, be inspected, and present yourselves to the list. We encourage musicians and performers to attend, that they may entertain the populace on this day. The park is surrounded by ample parking and close to public transport. There are restrooms, shaded tables, benches, water fountains, barbecues, and a small playground. The populace are encouraged to bring food, refreshments, and other comforts of pleasant repast in polite society. The event is free, however any non-members who wish to directly participate in the tournament will have to pay $10 for insurance and sign some basic paperwork. Members, please remember to bring your membership cards. Fighting and marshalling participants are subject to the authorisation regulations set out in the Lochac Armoured Combat Fighters Handbook: If you have any questions please don't hesitate to contact the steward. Steward: Shaykha Gráinne Uaine","https://sca.org.nz/wiki/index.php?title=Armoured_Combat:Pdf","","Kingdom of Lochac","kingdom","False","-32.9208837","151.7404095","ok_retry"
"Griffin Needle Challenge","2026-10-23","2026-10-25","Good Shepherd Lutheran Church, 5701 Raymond Rd, Madison, WI 53711, USA","5701 Raymond Rd, Madison, WI 53711, USA","high","","","","Kingdom of Northshield","kingdom","False","43.0312489","-89.4778141","ok"
"Gulf Wars (Out of Kingdom)","2027-03-13","2027-03-22","","","empty","","","","Kingdom of Caid","kingdom","False","","","skipped"
"Gulf Wars XXXV","2027-03-13 00:00:00","2027-03-21 23:59:59","King’s Arrow Ranch, 26 King's Hwy, Luberton, MS, 39455, United States","King’s Arrow Ranch, 26 King's Hwy, Luberton, MS, 39455, United States","low","","https://trimaris.org/event/gulf-wars-xxxv/","","Kingdom of Trimaris","kingdom","False","30.9969827","-89.4481333","ok_retry"
"Gulf Wars XXXVI","2028-03-11 00:00:00","2028-03-19 23:59:59","King’s Arrow Ranch, 26 King's Hwy, Luberton, MS, 39455, United States","King’s Arrow Ranch, 26 King's Hwy, Luberton, MS, 39455, United States","low","","https://trimaris.org/event/gulf-wars-xxxvi/","","Kingdom of Trimaris","kingdom","False","30.9969827","-89.4481333","ok_retry"
"Gwyl y Fflam","2026-09-03","2026-09-08","611 6 Line, Havelock, ON K0L 1Z0, Canada","611 6 Line, Havelock, ON K0L 1Z0, Canada","low","hosted by Shire of Bastille du Lac 12pm Aug 27 to 2pm Aug 31 Registration Fees: Member Camping- $50, Non-Member Camping- $60, Member Day- $25, Non-Member- $35","https://baronessmatilda.wixsite.com/gwylyfllam","","Kingdom of Ealdormere","kingdom","False","44.407844","-77.897631","ok"
"Gyldenholt Anniversary","2026-06-27 15:00:00","2026-06-28 01:00:00","Cedar Grove Park, 11385 Pioneer Rd, Tustin, CA 92782, USA","11385 Pioneer Rd, Tustin, CA 92782, USA","high"," By invitation of their Excellencies Baron Brynjólfr Brandsson and Baroness Dyrfinna Drengsdottir of Gyldenholt, we bid ye gather with us when the sun reaches its zenith and the days stretch long over our golden groves for this grand day where the flames of the forge meet the fire of the soul at the Tournament of the Sun: A Festival of Fire and Spice . Gather round, ye fighters of flame and artisans of pungent root. A call to glory rings out, bidding the bold to bring forth their finest, for the fervor of competition beckons. Their Excellencies will seek Champions in the following categories: Combat: Armored, Rapier, Cut & Thrust, and Youth Champions Arts & Sciences: The Barony of Gyldenholt Annual Arts & Sciences Champion Bardic: The Barony of Gyldenholt Annual Bardic Champion Awards: The Motley Mêlée Theatre: Best Fiery Performance The Paramour of Picante: Spiciest Complement on the Tourney Field Best Use of Spices & Herbs in an Arts & Sciences Entry: All Categories Welcome As we are blithe on this day to celebrate all periods from Greek to Norse to Ottoman to Tudor, we bid you dress in your finest fiery attire of sun gold, bold crimson, and delicious saffron. “I hope for dear summertime; wait - be willing in favour of me; smile, love, smile.” ~ Inscription on a 15th Century Saddle SCHEDULE: 8am: Site Open 10:00am: Opening Court - at Their Majesty’s pleasure Lists close 15 minutes after the end of Opening Court - fighting will start shortly thereafter 11:30am: Arts & Sciences competition drop-off period ends & populace voting begins Children’s Activities Will Be Between Rounds 12pm – 1pm: Bardic Competition under the Baronial Pavilion- fighters can arrange time with Their Excellencies, as needed 1pm – 2pm: Artisan Showcase under the Arts Ramada 2pm - 3pm: Theatrical Scene Performances under the Baronial Pavilion 4pm: Closing Court - approximate time depending on combat finals 6pm: Site closes ARTS & SCIENCES COMPETITION for the Baronial Arts & Sciences Champion . The entries do not need to adhere to the theme of the day but it is appreciated if they do. Entries should be displayed under the Arts Ramada by 11:30am. BARDIC COMPETITION for the Baronial Bardic Champion . The bardic pieces do not need to adhere to the theme of the day, but it is appreciated if they do. Due to allotted time, we ask that the bardic pieces be no more than 3 minutes in length. COMBAT SCENARIOS: For Rapier and Armored Combatants: This year, your challenge shall be… spiciest compliment on the tourney field to win the Paramour of Picante Award ! In honor of the theme of the day, Tournament of the Sun: A Festival of Fire and Spice , a special benefit will be given to those on the tourney field when offering a compliment to an esteemed opponent. Have your flattery and wit at the ready! - Scenario: Single Elimination, 1 Spicy Complement = 1 Extra Life Bonus - Spicy Compliment Bonus: 1 Per Tournament IMPORTANT: In order to earn the Extra Life Bonus, you must issue your compliment *prior* to exiting the field following a loss. After the bonus is received, compliments may be administered liberally at thine discretion for the remainder of the tournament. Youth Combat is scheduled to begin after the 4th round of Armored Fighting. A Youth Champion will be chosen based on the most honorable and chivalrous combatant. ACTIVITIES: The Motley Mêlée Theater Award: Time limit: 2 minutes for 1 performer, 3 minutes for 2 performers, and a max of 5 minutes for 3 or more performers. Performances must be PG rated and suitable to a family audience. To be performed in the Baronial Pavillion. It is not a requirement that these scenes be drawn from period pieces but more inspired by medieval life. Shakespeare is always welcome but you may draw from modern pieces, dramatic and humorous, such as Elizabeth, The Merchant of Venice, Men In Tights, The Court Jester, Monty Python, The Princess Bride, etc. We only ask you to stick to the theme of the day, Tournament of the Sun: A Festival of Fire and Spice . The award will be for Best Fiery Performance . Best Use of an Herb or Spice Award: All categories are welcome! Baroness Dyrfinna challenges the populace to have fun and play with our theme of the day by incorporating the spirit of herbs and spices into your dress, decor, or feast table for the day. If you’ve “cooked” up something special, please bring it to Her Excellency’s attention as she makes her progress. As Her Excellency will be selecting the winner, please refrain from using ginger or jasmine in any submission due to allergy . Herbal Craft Activity: Our Baroness Dyrfinna graciously invites the populace to join her for a craft activity of card making with elements of period spices, plants, and flowers. Please join us under the Arts Ramada for this lovely activity, children are most welcome! Arts & Sciences Competition and Display: Please set up your item(s) for display at one of the tables under the Arts Ramada by 11:30am. We will have a 1 hour artisan showcase from 1pm to 2pm. All artisans are asked to participate by coming to the Arts Pavilion and stand with their art and discuss. Arts entries can also include what you are wearing for the day or heraldic/decorative display at your pavilion, if it fits the theme, Tournament of the Sun: A Festival of Fire and Spice . If this is the case for your entry, please provide a paper with at least your name, a description of your entry (and ideally a photo of said entry) at the display table during the competition and, if possible, be present for the artisan showcase. Please note, Arts & Sciences entries do not need to follow the theme of the day. The entries do not require documentation, but it is encouraged. MERCHANTS: Merchants are welcome however, you must provide for your own city license and insurance. Please contact the Stewards in advance to let us know you are coming. EVENT REGISTRATION: Adult Event Registration: $25. Adult Member Discount Event Registration: $15. Children 17 and under are guests of the Barony. Cash and checks accepted at the gate. Please make checks payable to “SCA Inc./Barony of Gyldenholt”. Please Note: This is a dry site. PARKING: Parking at the park is limited, please unload and then park at Pioneer Middle School. EVENT STEWARDS: Madame Cyrana Chardon d’Argent & Baroness Ceridwen Killian EVENT EMAIL: -caid.org DIRECTIONS: From the North – Take your best route to I-5 South. Exit 101A Tustin Ranch Rd. and turn left. Go approximately 2.5 miles and turn left onto Pioneer Way. Turn right onto Pioneer Rd. The park entrance will be on the left. From the South – Take your best route to I-5 North. Exit 101A Tustin Ranch Rd. and turn left. Go approximately 2.5 miles and turn left onto Pioneer Way. Turn right onto Pioneer Rd. The park entrance will be on the left","","","Kingdom of Caid","kingdom","False","33.7509049","-117.7700051","ok"
"Gyldenholt Anniversary","2027-06-26","2027-06-27","","Santa Ana, California","low","","","","Kingdom of Caid","kingdom","False","33.7494951","-117.873221","ok"
"Gyldenholt/Calafia Friendship (Gyldenholt)","2027-04-03","2027-04-04","","Santa Ana, California","low","","","","Kingdom of Caid","kingdom","False","33.7494951","-117.873221","ok"
"Gyldenholt/Lyondemere Yule","2026-12-05","2026-12-06","","","empty","","","","Kingdom of Caid","kingdom","False","","","skipped"
"Harper's Retreat","2026-09-18","2026-09-21","Camp Takodah 55 Fitzwilliam Road Richmond, NH 03470-4310 US","55 Fitzwilliam Road Richmond, NH 03470-4310 US","high","","http://www.eastkingdom.org/EventDetails.php?eid=4550","","Kingdom of the East","kingdom","False","42.754336","-72.266723","ok"
"Harts and Horns","2026-10-10","2026-10-11","St Paul's United Church-Christ 1979 Weavertwon rd Douglassville, PA 19518 US","1979 Weavertwon rd Douglassville, PA 19518 US","high","","http://www.eastkingdom.org/EventDetails.php?eid=4507","","Kingdom of the East","kingdom","False","40.30006","-75.737537","ok_photon"
"Harvest Arts (Carreg Wen)","2026-09-12","2026-09-13","","Lompoc, California","low","","","","Kingdom of Caid","kingdom","False","34.6391501","-120.4579009","ok"
"Harvest Court - Sentinel's Keep","2027-10-23","2027-10-24","","","empty","","","","Kingdom of Artemisia","kingdom","False","","","skipped"
"Harvest Court - Sentinels' Keep","2026-10-10","2026-10-11","","","empty","","","","Kingdom of Artemisia","kingdom","False","","","skipped"
"Harvest Days 2026","2026-09-11 00:00:00","2026-09-13 00:00:00","Greene County Expo Center, 120 Fairground Rd, Xenia, OH 45385","120 Fairground Rd, Xenia, OH 45385","high","","","","Kingdom of the Middle","kingdom","False","39.698591","-83.940107","ok"
"Harvest Fest (Selviergard)","2026-10-31 00:00:00","2026-10-31 23:59:59","","","empty","Save the Date","https://westkingdom.org/event/harvest-fest-selviergard/","","Kingdom of the West","kingdom","False","","","skipped"
"Harvest Market (Ponte Alto)","2026-10-24","2026-10-25","Mountain Run Winery, 10753 Mountain Run Lake Road, Culpeper, VA, 22701","10753 Mountain Run Lake Road, Culpeper, VA, 22701","high","Once a year, the veil between worlds grows thin, and ancient roads, long lost to time, reveal themselves once more. In the hidden places of history—where mysticism, superstition, and the macabre ruled the Middle Ages—a crossroads took root, forged by those who walked the forgotten paths of the thinning veil. Here, at the confluence of worlds, lies a place where treasures are exchanged, memories are honored, and history breathes. As the newly born Mourning Moon ascends, the pathways are open to this archaic place for all to journey. Beyond this threshold, wanderers and traders from the medieval world converge. Viking storytellers, Celtic mystics, Moorish scholars, and Mongol horsemen arrive to share skills, relics, secrets, and stories. Some bring offerings for the dead, others seek wisdom from spirits who linger beyond the veil. The journey will be dangerous, so disguise yourself in attire to blend in with the medieval denizens of this market. You may find yourself learning arts long lost to time, trading tokens from another realm, unearthing forgotten tales by firelight, or discovering the rituals of undiscovered lands. Will you walk among the traders of forgotten civilizations? Carry home a relic from another age? Or leave changed, haunted by whispers of those who once stood in your place? Holiday Market is a hybrid public/private event held in partnership with Mountain Rubn Winery. From 12:00-5:00 pm SCA members and vendors will conduct a demonstration and market open to the public free of charge. The public can take classes and view demonstrations/displays that include archery, thrown weapons, youth combat, arts, sciences, and games. There will be a Halloween-themed costume contest. Food trucks will be on site. At 5:00 the site will be closed to the public for a private SCA event. SCA members, vendors, and non-members who pay the site fee are welcome to stay for a night of revelry. A court and medievel-themed costume contest will begin the evening. From 7:00-9:00 roasted meats, stew, bread, and potatoes will be available for those who pay the feast fee.","https://atlantia.sca.org/event/?event_id=690fa6a1","","Kingdom of Atlantia","kingdom","False","38.4639156","-78.0560501","ok"
"Harvest Raid 32","2026-09-25","2026-09-28","Lake Chautauqua Lutheran Camp, 5013 NY-430, Bemus Point, NY, 14712, United States","5013 NY-430, Bemus Point, NY, 14712, United States","high","Hosted by: The Shire of Heronter","https://aethelmearc.org/event/harvest-raid-32/","","Kingdom of AEthelmearc","kingdom","False","42.1716715","-79.3897618","ok"
"Harvest War - Côte du Ciel","2027-09-09","2027-09-13","","","empty","","","","Kingdom of Artemisia","kingdom","False","","","skipped"
"Haunting in the Hollow 2026","2026-10-02","2026-10-05","Camp Frame 4-H Camp, 1362 Camp Frame Road, Hedgesville, WV, 25427, United States","1362 Camp Frame Road, Hedgesville, WV, 25427, United States","high","Additional Notes on Flames: A campfire ring is provided and can be used. Otherwise, fires must be over six feet away from any building and be contained (not directly on the ground); the six-foot rule also includes grills and cooking fires. Lordes and Ladyes, Heed This Call to Revelry! The Shire of Sylvan Glen joyfully invites one and all to attend their inaugural Halloween (The Convivio of Three Realms) Event on October 4rd through 4th, Anno Societatis 61, at the enchanting Camp Frame in Hedgesville. Let your spirit run wild amidst a host of autumnal delights! Fierce warriors may try their mettle upon the field of battle in martial activities, including armored combat, rapier, thrown weapons, and archery competitions. Friday evening will hold bardic activities, possible torchlight tournament. A traveler’s repast will be provided for all in attendance. Come join us for a feast at The Convivio of Three Realms: An evening with Dante. In addition, there will be the return of the Joy of Feasting Youth pre-reg Feast to ensure the mundane appetites of our young ones are also accommodated. Registration and Cabin/overnight accommodations will be listed on our website at ","https://sylvanglen.aethelmearc.org/past-eventsphotos/","","Kingdom of AEthelmearc","kingdom","False","38.0060084","-80.9303876","ok_retry"
"Haustblot 2026","2026-09-19 00:00:00","2026-09-19 00:00:00","333 E College St, Pulaski, TN 38478-4323, United States","333 E College St, Pulaski, TN 38478-4323, United States","high","Hosted by Shire of Loch an Fhaoich","","","Kingdom of Meridies","kingdom","False","35.1948334","-87.0285513","ok"
"Heraldic Office Hours","2026-06-25 22:00:00","2026-06-26 00:30:00","Shyndigz, 1912 W Cary St, Richmond, VA 23220, USA","1912 W Cary St, Richmond, VA 23220, USA","high","","","","Barony of Caer Mear","baronial","False","37.5480228","-77.4655668","ok"
"Herb & Garden Gathering","2026-06-07 16:00:00","2026-06-07 21:00:00","346 Dorwart Cir, Etters, PA 17319, USA","346 Dorwart Cir, Etters, PA 17319, USA","high","Herb & Garden Gathering - Edible Flowers. Share recipes & food, try out making a drink or dish, maybe a flower craft, and discuss the many uses of flowering plants such as lavender, roses, elderflower, nasturtiums, pansies, and so forth! Recipes and food do not have to be medieval, and we will post some sources and ideas in the weeks leading up. RSVP to Linette (Elizabeth H. Wood on FB or .org ). RAIN or SHINE","","","Shire of Owlsherst","baronial","False","40.1579901","-76.8161691","ok_retry"
"Hero's Feast","2026-08-01","2026-08-02","Pierre Masonic Temple, 201 W Capitol Ave, Pierre, SD 57501, USA","201 W Capitol Ave, Pierre, SD 57501, USA","high","","","","Kingdom of Northshield","kingdom","False","44.369728","-100.353047","ok"
"Heroes and Heroines 2026","2026-09-11 00:00:00","2026-09-11 00:00:00","","Greater Savannah area","low","Hosted by Shire of Forth Castle","","","Kingdom of Meridies","kingdom","False","32.0790074","-81.0921335","ok_retry"
"Highland Havoc (Highland Foorde)","2026-11-13","2026-11-15","Frederick Pony Club, 4614 Ijamsville Rd, Ijamsville, MD, 21754","4614 Ijamsville Rd, Ijamsville, MD, 21754","high","Come join the Barony of Highland Foorde for another year of Highland Havoc! This year’s theme is Horses & Harvests. We hope that the good gentles who join us will be inspired by the seasonality of this theme, and how it connects to agriculture, forestry, historic foodways, and more -- without being bound to a single time or place. Keeping in line with our traditions, we will have equestrian , archery, and Arts & Science activities. There will be a team Target Archery and Equestrian challenge. More details on all activities to follow. Camping is only open to equestrians. Please reach out to Epy Pengelly, Armiger by Nov 1, 2026 at havoc@highlandfoorde.atlantia.sca.org if you plan on camping","https://atlantia.sca.org/event/?event_id=69d455c6","","Kingdom of Atlantia","kingdom","False","39.3592503","-77.3239333","ok"
"Highland Hearthglow - Ash, Elm & Iron (Highland Foorde)","2027-01-23","2027-01-24","ThorpeWood, 12805-A Mink Farm Road, Thurmont, MD, 21788","ThorpeWood, 12805-A Mink Farm Road, Thurmont, MD, 21788","low","Highland Hearthglow A.S. LXI - Ash, Elm & Iron will be an all-day feast celebration of the realities of the Scandinavian world during the so-called Viking Age. As always, the day will focus on the presentation of a year-long Arts & Sciences project encompassing a multi-course feast as well as music, art, and other cultural diversions in our immersive space.","https://atlantia.sca.org/event/?event_id=69e3cd9d","","Kingdom of Atlantia","kingdom","False","39.6236095","-77.4115401","ok_retry"
"Highland War (Al-Sahid)","2026-09-04","2026-09-08","","Victorville, California","low","","","","Kingdom of Caid","kingdom","False","34.5361067","-117.2911565","ok"
"Highlands War (BES)","2026-08-20","2026-08-24","","","empty","ALL are cordially invited to join the Barony of Ered Sul at Highlands War 2026! The magical Wilderness of the Fey is a dangerous place. Many creatures reside in the feral woodlands that may trick you or steal you away. Beware, for their bargains are never without a price. For your safety, we recommend blending in by dressing the part of any fey creature of your choosing. Maybe the fey won't try their magic upon you if you look like one of them already. Choose wisely from creatures of beauty and light or creatures of thorn and darkness. May your glamour never falter, and may you remember who you are when the forest whispers your name. Where: Raymond Boy Scout Camp - Parks, AZ 86018 Directions: Take your best route to Flagstaff, AZ - Then go west on the I40 and exit at Garland Prairie Rd in Parks - Turn left and go south until Garland Prairie Rd Turns to the Right (do not go straight onto the Forest Service Rd 2254/Old 24 Rd) - Stay on Garland Prairie Rd until you see Boy Scout Camp Rd (National Forest Rd 527) - Turn Left and continue south until you reach the camp Site Information: Opens on Thursday, August 20th at 10:00 AM Closes on Sunday, August 23rd at 12:00 PM. - The speed limit on site is a strictly enforced 5mph due to the fine dust on the roads. - Please DO NOT alter the pine needle bed except to ensure fire safety. When leaving site, attempt to recreate the original pine needle coverage. - Above ground fire pits ONLY - please do NOT use the in ground pits provided at the sites. - Cabin tent rentals are available for those who have electronic medical equipment. Space is limited: the rental covers the tent and electrical outlet only - please bring all personal bedding and other personal camp gear or medical equipment. Activity Information: (Schedule TBD) Camp decorating competition: There will be a prize for the best decorated camp. - There may be mischief afoot: Decorate your camp with mushrooms to invite the fey in, OR decorate your camp with bells to keep the fey out! - We would encourage all participants to decorate in fairy lights or any other camouflage to blend in with the fey. Our armies may fight for the favor of the light or the pleasure of the dark: - hard suit, rapier, archery, thrown weapons, and equestrian are all welcome to represent their kin through feats of strength and skill. The Goblin Market will have many small shiny treasures which they will happily trade for any largess that you have created. Arts and Sciences classes on Friday and Saturday (Schedule TBD). The more we know, the stronger we are. Bardic Circle at the Amphitheater. Who will show us the tales and songs of fey lore? Site Fees: Adult Member: $50 Adult Non-Member: $60 Children 17 and under are FREE Merchant: $50 Dry RV sites: $20 (15 total available) - Wet RVs are not available this year Tent Rentals: $5 (10 total available) *** Please contact the autocrats directly for ALL RV and tent rental sites. There are a limited number of spaces on a first to contact first to confirm basis. Even if you paid for an RV or tent rental site through pre-registration, you MUST contact the autocrats directly. If you do not contact the autocrats before the event begins, we cannot guarantee a spot for you. *** Pre-registration: (Coming soon to Facebook and Discord event pages) Autocrats: THL Donwenna Dwn (Gilane Long) m’Lady Svava (Twyla Phipps)","https://www.atenveldt.org/event/highlands-war-bes-2/","","Kingdom of Atenveldt","kingdom","False","","","skipped"
"Holiday Faire 2026: Blodmonath (Stierbach)","2026-11-21","2026-11-22","Fredericksburg Fairgrounds, 2400 Airport Avenue, Fredericksburg, VA, 22401","2400 Airport Avenue, Fredericksburg, VA, 22401","high","Prepare for the Anglo Saxon Blodmonath or ""Blood Month"" which is the month before Yule. Gentles will be required to showcase their skills in preparation, survival, and hunting skills if they wish to survival a brutal winter. A&S themes will revolve around cooking, clothing, and sources of light (like candle making) to showcase their preparatory skills. Martial will utilize simple bear pit competitions and celebrating the hunt in order to satisfy the Excellencies of Stierbach with their strength and prowess. Do you have what it takes to survive the season! Join our merchants at they sell their valuable wares and be prepared for the Blood Month!","https://atlantia.sca.org/event/?event_id=69cc307b","","Kingdom of Atlantia","kingdom","False","38.2770465","-77.4545162","ok"
"Hotter Than Hellsgate","2026-07-25 13:00:00","2026-07-26 02:00:00","Oakalla Community Center 29011 RM-963","29011 RM-963","high","Day of classes, A&S , and revelry in the cool inside. Event Website:","https://ansteorra.org/hellsgate/hotter-than-hellsgate/","","Kingdom of Ansteorra","kingdom","False","30.982613","-97.9210782","ok"
"Hrafnafjordr Collegium (Hrafnafjordr)","2026-08-29 00:00:00","2026-08-29 23:59:59","","Kenai, Alaska","low","Save the Date","https://westkingdom.org/event/hrafnafjordr-collegium-hrafnafjordr/","","Kingdom of the West","kingdom","False","60.5544444","-151.258333","ok"
"Hrothgar's Hall XVI","2026-09-25","2026-09-28","21700 408th Ave, Cavour, SD 57324, USA","21700 408th Ave, Cavour, SD 57324, USA","high","","","","Kingdom of Northshield","kingdom","False","44.3676575","-98.0538502","ok"
"Huginn and Muninn Viking Camp IV","2026-06-26","2026-06-29","Private Property 190 State Rt 219 Leeds, ME 04263 US","Private Property 190 State Rt 219 Leeds, ME 04263 US","low","","http://www.eastkingdom.org/EventDetails.php?eid=4548","","Kingdom of the East","kingdom","False","44.2812732","-70.1247586","ok_retry"
"Hunt for the White Stag","2026-10-03 00:00:00","2026-10-03 00:00:00","Perch Point Conservation Club, Pentamere, 7930 Meisner Rd, Casco, MI 48064","7930 Meisner Rd, Casco, MI 48064","high","","","","Kingdom of the Middle","kingdom","False","42.7539756","-82.6287115","ok"
"Hunter's Moon","2026-10-09","2026-10-13","Kinyon's Canyon Campground 6061 NY-66 Nassau, NY 12123 US","6061 NY-66 Nassau, NY 12123 US","high","","http://www.eastkingdom.org/EventDetails.php?eid=4587","","Kingdom of the East","kingdom","False","42.4904507","-73.5542707","ok"
"Huntsman's Harvest VIII","2026-11-07 14:00:00","2026-11-07 23:00:00","","","empty","","https://gleannabhann.net/event/huntsmans-harvest-viii/","","Kingdom of Gleann Abhann","kingdom","False","","","skipped"
"I Sebastiani (RECURRING)","2026-06-02 23:00:00","2026-06-03 01:30:00","30 Guinan St, Waltham, MA 02451, USA (Above Tail in the Mud Pottery Studio)","30 Guinan St, Waltham, MA 02451, USA (Above Tail in the Mud Pottery Studio)","high","Practice of Commedia Dell’Arte techniques, working mostly with period scenarii, some of them not yet published in English. Sometimes we will be working on preparing a show to perform, sometimes exploring scenarii and techniques with no immediate intent to perform.Beginners and other newcomers always welcome. Practices are accessible by bus and commuter rail and parking is available. Note that stairs are required and some of the parking is located on unpaved ground [RECURRING — also on: 2 Jun 2026, 9 Jun 2026, 16 Jun 2026, 23 Jun 2026, 30 Jun 2026, 7 Jul 2026, 14 Jul 2026, 21 Jul 2026]","","","Barony of Carolingia","baronial","False","42.3888817","-71.2536178","ok_retry"
"Indoor Practice and Gathering(s) (RECURRING)","2026-06-04 22:00:00","2026-06-05 01:00:00","Shrevewood Elementary School, 7525 Shreve Rd, Falls Church, VA 22043, USA","7525 Shreve Rd, Falls Church, VA 22043, USA","high","We are at Shrevewood Elementary in the Cafeteria ! Practice starts at 6pm and goes until 9! Time : 1800 - 2100 Location : 7525 Shreve Rd, Falls Church, VA 22043, USA We suggest parking at the side of the school and going to the Cafeteria door across from the gym entrance. Practice is geared to developing beginning and intermediate fighters through intensive hands on training with experienced instructors, as well to providing ample opportunity for more advanced fighters to spar with knight level combatants. All are welcome. We also use this space and time for social gatherings as well as Arts and Sciences! [RECURRING — also on: 4 Jun 2026, 11 Jun 2026, 18 Jun 2026]","","","Barony of Ponte Alto","baronial","False","38.8883774","-77.2056158","ok"
"Inkin in Lincoln: Scribal Get Together","2026-06-06 00:00:00","2026-06-06 00:00:00","Lincoln Park District, 1400 Primm Rd, Lincoln, IL 62656","1400 Primm Rd, Lincoln, IL 62656","high","","","","Kingdom of the Middle","kingdom","False","40.137333","-89.358252","ok"
"Iris Faire 2027","2027-04-16 00:00:00","2027-04-16 00:00:00","Montgomery Bell State Park,1020 Jackson Hill Rd, Burns, TN 37029","1020 Jackson Hill Rd, Burns, TN 37029","high","Hosted by Barony of Glaedenfeld","","","Kingdom of Meridies","kingdom","False","36.0533943","-87.3125104","ok_retry"
"Iron Bog Investiture","2026-06-20","2026-06-21","Gloucester County 4-H Fairgrounds 275 NJ- Route 77 Mullica Hill, NJ 08062 US","Gloucester County 4-H Fairgrounds 275 NJ- Route 77 Mullica Hill, NJ 08062 US","low","","http://www.eastkingdom.org/EventDetails.php?eid=4555","","Kingdom of the East","kingdom","False","39.7289043","-75.2204747","ok_retry"
"Isles Anniversary","2026-10-17","2026-10-18","","Santa Barbara, California","low","","","","Kingdom of Caid","kingdom","False","34.4221319","-119.702667","ok"
"It's Bigger On The Inside","2026-09-04","2026-09-08","Ukrainian Catholic Camp Park, Gimli, MB R0C 1B0, Canada","Ukrainian Catholic Camp Park, Gimli, MB R0C 1B0, Canada","low","","","","Kingdom of Northshield","kingdom","False","50.6323125","-96.9881076","ok_retry"
"June Crown Tournament","2027-06-18 00:00:00","2027-06-20 23:59:59","","","empty","Save the Date","https://westkingdom.org/event/june-crown-tournament/","","Kingdom of the West","kingdom","False","","","skipped"
"June Crown Tournament (N CA/NV)","2026-06-19 12:00:00","2026-06-21 16:00:00","204 Fairground Rd, Quincy, CA, United States","204 Fairground Rd, Quincy, CA, United States","high","EVENT WEBSITE FACEBOOK EVENT PAGE Event Steward SCA Name: Katrina Yarbrough Event Steward contacts: Event Name: June Crown Event Site Open: Jun 19, 12pm Event Site Close: Jun 21, 4pm Further Event Information: Come one and all as Their Majesties Miles and Tusiya celebrate the choosing of Their Heirs! There will be Arts, there will be Sciences as well as all manner of fun and frivolity. Please see the web copy, Facebook event, and the event website for further details and schedules. From Her Majesty: Conversation without Judgement: Unto the Orders of the Chivalry, Pelicans, Laurels, Rapier/CT, Mark, Sultana Tusya would remind you of the Reign task She had set for each of you. It is a simple, yet important task: At every event you attend, take your cup and leave your encampment. Go find an individual you either do not know, or know very little of and ask to have a conversation to get to know them better. If you need a conversation starter it could be a simple as: “tell me three positives and three negatives about your experiences in the SCA.” Take mental notes. Speak to newcomers, and Long time members. Above all Listen and keep judgement out of the process. Take in the information given, process and digest it and relay trends back to your Orders. Watch this space for further event happenings as they become available Site Name: Plumas County Fairgrounds Site Address: 204 Fairground Rd, Quincy, CA 95971 Written Directions to Site: Take your best route to CA-70 in Quincy Fairgrounds Rd is on the north side of the Highway Coming from the south or west, you will make a right into the Fairgrounds entrance. Coming from the north or east, you will make a left. Adult “Non-Member” Registration: $40 Adult “Member” Registration: $30 Children/Miner Registration (Age and $): 17 & younger free Family Cap ($): no Can I PrePay: PayPal Site Accessibility: Wheelchair Accessible, Electrical Outlets, Sidewalks, Close / Handicap, Parking, Cell Phone Reception Terrain Description: Fairgrounds with a mixture of asphalt, sidewalk, and grass. Grass can be muddy if there is heavy rain. Bodies of Water on/near Site: None Insects or wild animals to be aware of on/ near site: None, though it is June so mosquitoes could be out. Amenities on Site: Stone Privies, Showers, Potable Water, Shopping near by, Fire Pits: West Kingdom Conventions, Modern Lighting: Such as Street/ Walkway lights, RV Parking, RV Hookups, Pet Friendly, Livestock Stalls/Housing, Other (Please specify in the “Additional Comments” section at the bottom of this form) Additional Comments: RV payment information will be posted once confirmed. DEIB/VOP officer availability will be posted once confirmed. Web Link Facebook link","https://sites.google.com/westkingdom.org/2026-june-crown/home","https://www.facebook.com/events/1713890266444121/","Kingdom of the West","kingdom","False","39.9309945","-120.9535739","ok_retry"
"K. Officer Meeting – 2nd Reign, Virtual","2026-08-16 00:00:00","2026-08-16 23:59:59","","","empty","Save the Date","https://westkingdom.org/event/k-officer-meeting-2nd-reign-virtual/","","Kingdom of the West","kingdom","False","","","skipped"
"KNOWN WORLD MUSIC & DANCE SYMPOSIUM","2027-07-08","2027-07-12","Carleton University, 1125 Colonel By Dr, Ottawa, ON K1S 5B6, Canada","1125 Colonel By Dr, Ottawa, ON K1S 5B6, Canada","high","Hosted by Barony of Skraeling Althing/Canton of Caldrithig July 8 5:00pm - 6:00pm July 11 Website: TBD EARLY WEEKEND REGISTRATION : $100 (members), $110 (non-members); REGULAR WEEKEND REGISTRATION: $130 (members), $140 (non-members); Single Day and Ball Only tickets also available Campus meal plans are available. Please see the website for details. We've invited the Known World to the Kingdom That Sings (and Dances) for four days of dancing, music, and merriment. There will be 8 learning tracks with instructors from around the world, as well as three Balls. Come for the whole weekend, a single day, or just join at a Ball. Registration opens September 1, 2026","","","Kingdom of Ealdormere","kingdom","False","45.3858581","-75.6950041","ok"
"King's Companie of Archers","2026-09-11 00:00:00","2026-09-13 00:00:00","Kelsey Short Youth Camp, 17980 Collins Rd, Smithville, MO, 64089","17980 Collins Rd, Smithville, MO, 64089","high","Hosted by: Vatavia | Website:","https://vatavia.calontir.org","","Kingdom of Calontir","kingdom","False","39.3868396","-94.5815937","ok_retry"
"King's Road","2027-06-16","2027-06-21","","","empty","","","","Kingdom of Artemisia","kingdom","False","","","skipped"
"Kingdom A&S (BGM)","2026-10-10","2026-10-11","","","empty","","https://www.atenveldt.org/event/kingdom-as-bgm/","","Kingdom of Atenveldt","kingdom","False","","","skipped"
"Kingdom A&S - Arn Hold","2027-05-15","2027-05-16","","","empty","","","","Kingdom of Artemisia","kingdom","False","","","skipped"
"Kingdom A&S 2026","2026-06-13","2026-06-14","Camp St. Croix - RCU Discovery Center, 345 Riverview Dr, Hudson, WI 54016, USA","345 Riverview Dr, Hudson, WI 54016, USA","high","","","","Kingdom of Northshield","kingdom","False","44.9469126","-92.7312421","ok"
"Kingdom A&S Collegium (Barony of Unser Hafen)","2026-09-19 14:00:00","2026-09-20 02:00:00","Northern Colorado University Center, 2101 10th Ave, Greeley, Colorado, 80639, United States","2101 10th Ave, Greeley, Colorado, 80639, United States","high","Do you love doing arts and sciences? Do you love sharing your arts and sciences? Do you love learning new arts and sciences? Then this year’s Kingdom Arts and Sciences Collegium is for you! Join us for all kinds of ideas for new skills or polishing up old skills.Site is DRY and there won’t be any outside food cooked on site. But there will be food trucks on site for our enjoyment. Activity Schedule is pending contribution from Outlands Royal but please look forward to: classes, demonstrations and learning. Please keep an eye out for details on social media and unserhafen.outlands.org Gate: Adult $30; Adult Member: $20 Child (17 & under) Free","https://www.outlands.org/event/kingdom-as-collegium-barony-of-unser-hafen/","","Kingdom of the Outlands","kingdom","False","40.4042026","-104.6957848","ok"
"Kingdom Art & Sciences","2027-03-20","2027-03-21","Royal Canadian Legion Branch 95, 7 Main St E, Smiths Falls, ON K7A 1A1, Canada","7 Main St E, Smiths Falls, ON K7A 1A1, Canada","high","Date: March 20, 2027 Location: Smith Falls Legion, 7 Main St. East, Smiths Falls, ON, K7A 1A1 The Canton of Caldrithig presents: Kingdom Arts & Sciences 2027 Website: tbd See the talent of Ealdormere on display! *parking is available in various lots, please see website for details Site opens: 9am Site closes: 9am Adult Member Discount Registration: $25 Adult Registration: $25 Youth under 18: free of charge A ""Lunch-Feast"": $10, a French themed affair by Meesteres Mergriet van Wijenhorst (tickets by reservation, limit of 100) Event Stewards: Lorette de Chasteauneuf (Leanne Hine) frozen fibers @gmail.com Ya’el bat Shilo mibeit HaMaayan (Michelle Hutchinson)","","","Kingdom of Ealdormere","kingdom","False","44.8993445","-76.0199298","ok"
"Kingdom Arts & Sciences","2026-09-12 13:00:00","2026-09-13 01:00:00","Pollard United Methodist Church 3030 New Copeland Rd, Tyler, TX 75701","3030 New Copeland Rd, Tyler, TX 75701","high","Event Website: graywood/kingdom-arts- sciences-2026/ PayPal PreRegistration: Facebook Event: share/1LQ3vcsTa4/","https://ansteorra.org/graywood/kingdom-arts-sciences-2026/","https://www.facebook.com/share/1LQ3vcsTa4/","Kingdom of Ansteorra","kingdom","False","32.3010371","-95.2901318","ok"
"Kingdom Collegium","2026-10-24 00:00:00","2026-10-24 23:59:59","","","empty","Save the Date","https://westkingdom.org/event/kingdom-collegium/","","Kingdom of the West","kingdom","False","","","skipped"
"Kingdom Collegium","2026-06-20 13:00:00","2026-06-20 23:00:00","Oklahoma State University Classroom Building 201 S Hester St, Stillwater, OK 74078","201 S Hester St, Stillwater, OK 74078","high","Event Website: Volunteer to Teach a Class:","https://amp.ansteorra.org/gatherings/public-landing/5rhotWkG","","Kingdom of Ansteorra","kingdom","False","36.119558","-97.066707","ok"
"Kingdom Collegium (West)","2027-10-23 00:00:00","2027-10-23 23:59:59","","","empty","Save the Date","https://westkingdom.org/event/kingdom-collegium-west/","","Kingdom of the West","kingdom","False","","","skipped"
"Kingdom Convocation","2027-12-04","2027-12-05","","","empty","","","","Kingdom of Artemisia","kingdom","False","","","skipped"
"Kingdom Convocation (Officers Symposium)","2026-12-05","2026-12-06","","","empty","","","","Kingdom of Artemisia","kingdom","False","","","skipped"
"Kingdom Moot @ Melee","2026-06-05 20:00:00","2026-06-05 21:00:00","","","empty","","","","Kingdom of Ealdormere","kingdom","False","","","skipped"
"Kingdom Spring Equestrium","2027-05-07 00:00:00","2027-05-09 23:59:59","","","empty","Save the Date","https://westkingdom.org/event/kingdom-spring-equestrium/","","Kingdom of the West","kingdom","False","","","skipped"
"Kings Assessment (Black Diamond)","2026-07-11","2026-07-12","Sedalia Center, 1108 Sedalia School Rd, Big Island, VA, 24526","1108 Sedalia School Rd, Big Island, VA, 24526","high","Pennsic approaches! Warriors, artisans, and revelers alike are called to gather for a weekend of camaraderie and readiness. The fields will ring with the clash of arms during thrilling martial activities, while halls will be alive with displays of skill and creativity in the arts and sciences . On Saturday night, feast with us in true style—good food, hearty cheer, and tales of valor await.","https://atlantia.sca.org/event/?event_id=69cc6352","","Kingdom of Atlantia","kingdom","False","37.4906729","-79.4433517","ok"
"Kings Hunt (Carreg Wen)","2027-03-06","2027-03-07","","Lompoc, California","low","","","","Kingdom of Caid","kingdom","False","34.6391501","-120.4579009","ok"
"Knight Light (BTY)","2026-09-22","2026-09-23","","","empty","","https://www.atenveldt.org/event/knight-light-bty/","","Kingdom of Atenveldt","kingdom","False","","","skipped"
"Knight School 2026 (Torlyon)","2026-08-15","2026-08-17","Day (Sat & Sun) Cootamundra town hall 81 Wallendoon St, Cootamundra NSW 2590 Night venue (Sat night) Cootamundra Ex-Servicemens & Citizens Memorial Club 299 Parker St, Cootamundra NSW 2590","81 Wallendoon St, Cootamundra NSW 2590 Night venue (Sat night) Cootamundra Ex-Servicemens & Citizens Memorial Club 299 Parker St, Cootamundra NSW 2590","high","Knight School is a training weekend for the medieval western martial art known as ""Heavy fighting"" within the Society for Creative Anachronism (SCA). In August 2026 we will be holding a bootcamp weekend for training the sport. This weekend is aimed at intermediate fighters, but all levels welcome","https://tlampasona.wixsite.com/knight-school-lochac","","Kingdom of Lochac","kingdom","False","","","failed"
"Knights Gambit 2027","2027-02-12 00:00:00","2027-02-12 00:00:00","Dalwhinnie fields, 251 Pine Flat Church Rd, Marion, AL 36756, USA","251 Pine Flat Church Rd, Marion, AL 36756, USA","high","Hosted by The Shire of Thorngill","","","Kingdom of Meridies","kingdom","False","32.6323536","-87.3191655","ok_retry"
"Knives (and Axes and Spears) Out Two: The Musical!","2026-06-13","2026-06-14","The Big Red Barn at East Greenbush Town Park 100 Town Park Road East Greenbush , NY 12061 US","100 Town Park Road East Greenbush, NY 12061 US","high","","http://www.eastkingdom.org/EventDetails.php?eid=4500","","Kingdom of the East","kingdom","False","42.6006485","-73.6645923","ok"
"Known World Armored Combat Collegium","2026-09-05","2026-09-07","Mandt Center 400 Mandt Parkway Stoughton, WI 53589 US","400 Mandt Parkway Stoughton, WI 53589 US","high","","http://www.eastkingdom.org/EventDetails.php?eid=4502","","Kingdom of the East","kingdom","False","42.9110945","-89.2161432","ok"
"Known World Armored Combat Collegium","2026-09-05 00:00:00","2026-09-06 00:00:00","Mandt Center, 400 Mandt Parkway, Stoughton, WI, 53589","400 Mandt Parkway, Stoughton, WI, 53589","high","Hosted by: Northshield | Website:","https://www.northshield.org","","Kingdom of Calontir","kingdom","False","42.9110945","-89.2161432","ok"
"Known World Armored Combat Collegium","2026-09-05 14:00:00","2026-09-07 02:00:00","Mandt Center, 400 Mandt Parkway, Stoughton, WI, 53589, United States","400 Mandt Parkway, Stoughton, WI, 53589, United States","high","","https://gleannabhann.net/event/known-world-armored-combat-collegium/","","Kingdom of Gleann Abhann","kingdom","False","42.9110945","-89.2161432","ok"
"Known World Armored Combat Collegium","2026-09-05 00:00:00","2026-09-06 00:00:00","Mandt Center, 400 Mandt Pkwy Stoughton, WI","400 Mandt Pkwy Stoughton, WI","high","","","","Kingdom of the Middle","kingdom","False","42.9110945","-89.2161432","ok"
"Known World Armored Combat Collegium","2026-09-05 00:00:00","2026-09-06 23:59:59","Stoughton, Stoughton, WI, United States","Stoughton, Stoughton, WI, United States","low","Call for teachers – FB Event – Event website –","https://docs.google.com/forms/d/e/1FAIpQLSewQA6YBmaDhU2M0OYp18aaCot3UyaWUb-w9l56qszc5KaiCA/viewform","https://facebook.com/events/s/known-world-armored-combat-col/822572827597694/","Kingdom of the West","kingdom","False","42.923408","-89.2352145","ok"
"Known World Armored Combat Collegium (Kingdom of Northshield)","2026-09-05","2026-09-07","kingdom of Northshield","400 Mandt Parkway, Stoughton, WI 53589","high","Kingdom: Northshield Dates: 05Sep26-06Sep26, 9:00AM-9:00PM Both days Location: Mandt Center, 400 Mandt Parkway, Stoughton, WI 53589 Website: Join us in Northshield (Stoughton, WI) for the Known World Armored Combat Collegium! Tournaments, games, and classes about armored combat as conducted under the rules of the SCA with teachers from across the Known World","https://kristyanapplegate.wixsite.com/kwacc","","Kingdom of Caid","kingdom","False","42.9110945","-89.2161432","ok"
"Known World Armored Combat Collegium (Lochac)","2026-09-05","2026-09-07","400 Mandt Parkway, Stoughton, WI, USA 53589","400 Mandt Parkway, Stoughton, WI, USA 53589","high","Join us in Northshield (Stoughton, WI, USA) for the Known World Armored Combat Collegium! Tournaments, games, and classes about armored combat as conducted under the rules of the SCA with teachers from across the Known World","https://kristyanapplegate.wixsite.com/kwacc","","Kingdom of Lochac","kingdom","False","","","failed"
"Known World Armored Combat Collegium (OOK)","2026-09-05","2026-09-07","","","empty","Kingdom of Northshield , Out-Of-Kingdom September 5, 2026 @ 9:00 am – September 6, 2026 @ 9:00 pm Join us in Northshield (Stoughton, WI, USA) for the Known World Armored Combat Collegium! Tournaments, games, and classes about armored combat as conducted under the rules of the SCA with teachers from across the Known World Join us in Northshield (Stoughton, WI, USA) for the Known World Armored Combat Collegium! Tournaments, games, and classes about armored combat as conducted under the rules of the SCA with teachers from across the Known World. At-Gate Admission: Adult: $35 Adult Non-Member: $45 Youth: (6-17): $15 Child: (Under 6) Free Pre-registration Adult Site:$40 Adult Member: $30 Child 6-17 Site:$10 Under 6 Site:$0​ Merchants: $20","https://www.outlands.org/tag/kingdom-of-northshield/","","Kingdom of Artemisia","kingdom","False","","","skipped"
"Known World Armored Combat Collegium 2026","2026-09-05 09:00:00","2026-09-06 21:00:00","Mandt Center,, 400 Mandt Parkway, WI, 53589","400 Mandt Parkway, WI, 53589","high","","https://trimaris.org/event/known-world-armored-combat-collegium/","","Kingdom of Trimaris","kingdom","False","42.9110945","-89.2161432","ok"
"Known World Armored Combat Collegium in Northshield","2026-09-05 00:00:00","2026-09-05 00:00:00","Mandt Center 400 Mandt Parkway Stoughton, WI","400 Mandt Parkway Stoughton, WI","high","Hosted by Kingdom of Northshield","","","Kingdom of Meridies","kingdom","False","42.9110945","-89.2161432","ok"
"Known World Armored Combat Colleguim","2026-09-05","2026-09-07","Mandt Community Center, 400 Mandt Pkwy, Stoughton, WI 53589, USA","400 Mandt Pkwy, Stoughton, WI 53589, USA","high","","","","Kingdom of Northshield","kingdom","False","42.9110945","-89.2161432","ok"
"Known World Armored Combat Collegium","2026-09-05 15:00:00","2026-09-07 03:00:00","New Mexico","New Mexico","low","Join us in Northshield (Stoughton, WI, USA) for the Known World Armored Combat Collegium! Tournaments, games, and classes about armored combat as conducted under the rules of the SCA with teachers from across the Known World Join us in Northshield (Stoughton, WI, USA) for the Known World Armored Combat Collegium! Tournaments, games, and classes about armored combat as conducted under the rules of the SCA with teachers from across the Known World. Event Website Event Steward Admission Pre-Registration Adult $40Pre-Registration Adult Member $30Pre-Registration Children 6 – 17: $15Under 6 freePre-Registration Merchants: $20At Gate Adult $45At Gate Adult Member $35At Gate Children 6 – 17: $15Under 6 free Pre-register","https://www.outlands.org/event/known-world-armored-combat-collegium/","","Kingdom of the Outlands","kingdom","False","34.5802074","-105.996047","ok"
"Known World Heraldic & Scribal Symposium","2026-08-22 00:00:00","2026-08-22 00:00:00","Saint John UCC, 307 W Clay St, Collinsville, IL, 62234","307 W Clay St, Collinsville, IL, 62234","high","Hosted by: Calontir | Website:","https://calontir.org","","Kingdom of Calontir","kingdom","False","38.6703938","-89.9897974","ok"
"Known World Heraldic and Scribal Symposium","2026-08-22","2026-08-24","St John UCC, 307 W Clay St, Collinsville, IL 62234, USA","307 W Clay St, Collinsville, IL 62234, USA","high","","","","Kingdom of Northshield","kingdom","False","38.6703938","-89.9897974","ok"
"Knowne World Heraldic & Scribal Symposium","2026-08-22 00:00:00","2026-08-22 00:00:00","Saint John UCC, 307 W Clay St, Collinsville, IL 62234","307 W Clay St, Collinsville, IL 62234","high","","","","Kingdom of the Middle","kingdom","False","38.6703938","-89.9897974","ok"
"Lady Mary Memorial Tournament","2026-06-20","2026-06-21","Bled Hall, 4650 S Service Rd, Lincoln, ON L0R 1B0, Canada","4650 S Service Rd, Lincoln, ON L0R 1B0, Canada","high","Hosted by Barony of Rising Waters 9am - 8:00pm Processional begins: 10:30am Event Registration: Adults (members): $25; Adults (non-members): $35; minors: free. Registration includes day board tourney food","https://ealdormere.ca/barony-of-rising-waters/lady-mary-memorial-tournament/","https://www.facebook.com/share/1DjjU4SzMV/","Kingdom of Ealdormere","kingdom","False","43.1880841","-79.4573858","ok"
"Lady Mayor's Market Day","2026-07-18","2026-07-19","Riverdale Park West, 375 Sumach St, Toronto, ON M4X 1B8, Canada","375 Sumach St, Toronto, ON M4X 1B8, Canada","high","Lady Mayor's Market Day Riverdale Park West, 375 Sumach St, Toronto, ON M4X 1B8, Canada 10am - 4pm No Fee Required - Pay-what-you-can/donations accepted eoforwic/lady-mayors-market- day/ Steward: Isobel Buchanan It's market season in Eoforwic! Vendors, Combat, Lunch Counter and Games/Activities expected. More details to follow!","https://ealdormere.ca/eoforwic/lady-mayors-market-day/","","Kingdom of Ealdormere","kingdom","False","43.6689318","-79.3638276","ok"
"Laurel Council","2027-02-07","2027-02-08","","","empty","","","","Kingdom of Caid","kingdom","False","","","skipped"
"Laurel Council","2026-08-30 18:00:00","2026-08-30 22:00:00","","","empty","","","","Kingdom of Caid","kingdom","False","","","skipped"
"Laurel Council (Public Notification)","2026-06-16 19:00:00","2026-06-16 20:00:00","","","empty","Members of the Order of the Laurel Only Log in to your Order email, visit Classrooms or the Order FB groups to access the link to the meeting","https://westkingdom.org/event/laurel-council-public-notification/","","Kingdom of the West","kingdom","False","","","skipped"
"Laurel Council – Time TBD","2026-06-06 00:00:00","2026-06-06 23:59:59","","","empty","At A&S Tourney","https://westkingdom.org/event/laurel-council-time-tbd/","","Kingdom of the West","kingdom","False","","","skipped"
"Laurel’s Prize Tourney","2027-02-13 12:00:00","2027-02-14 02:00:00","","","empty","","","","Kingdom of Ansteorra","kingdom","False","","","skipped"
"Lazy Days of Summer","2026-07-11","2026-07-12","North Village Green North Village Green Levittown, NY 11756 US","North Village Green North Village Green Levittown, NY 11756 US","low","","http://www.eastkingdom.org/EventDetails.php?eid=4585","","Kingdom of the East","kingdom","False","40.7300513","-73.5330728","ok_photon"
"Learning Equestrian, Agriculture, and Forestry Symposium (LEAFS) (Highland Foorde)","2027-06-17","2027-06-20","Patuxent River Park, 16000 Croom Airport Road, Upper Marlboro, MD, 20772","16000 Croom Airport Road, Upper Marlboro, MD, 20772","high","Welcome to Learning Equestrian, Agriculture, and Forestry Symposium (LEAFS) ! This event is meant to give an educational avenue for those activities that don't fit into a typical classroom or university setting -- namely Equestrian, Agricultural A&S , Forestry, and Coursing (sorry-- no good way to fit that into the acronym). Join us in the great outdoors to work on your equine riding skills, work on plant identification, learn how to track through the woods -- and much more! We will have sit down classes as well about historic topics, so don't worry if you don't physically do any of those things, you are still welcome and we would love for you to come learn with us. We hope you will join us at this education-focused event! Would you like to volunteer for a role of any sort? Do you have a piece of infrastructure you think would be good for the event (aka a tent that could be used as a classroom)? Do you just want to say hi? Reach out to our Event Steward, Epy Pengelly! leafs@highlandfoorde.atlantia.sca.org All are welcome to camp at the event. Equestrians, if you plan on camping, please contact Epy Pengelly, Armiger , the EqMIC (leafs@highlandfoorde.atlantia.sca.org).","https://atlantia.sca.org/event/?event_id=69a8855f","","Kingdom of Atlantia","kingdom","False","38.7724336","-76.7118651","ok"
"Leif Erickson (Calafia)","2026-09-12","2026-09-13","","San Diego, California","low","","","","Kingdom of Caid","kingdom","False","32.7174202","-117.162772","ok"
"Les Beltaines XXXVII","2026-06-11","2026-06-15","Duché de Biccoline 1480 Chemin Principal St-Mathieu-du-Parc, QC G0X 1N0 Canada","1480 Chemin Principal St-Mathieu-du-Parc, QC G0X 1N0 Canada","high","","http://www.eastkingdom.org/EventDetails.php?eid=4557","","Kingdom of the East","kingdom","False","46.5783378","-72.8993724","ok"
"Lilies War","2026-06-05 00:00:00","2026-06-14 00:00:00","Kelsey Short Youth Camp, 17980 Collins Rd, Smithville, MO, 64089","17980 Collins Rd, Smithville, MO, 64089","high","Hosted by: Lilies War | Website:","https://lilieswar.org/","","Kingdom of Calontir","kingdom","False","39.3868396","-94.5815937","ok_retry"
"Lillies War","2026-06-05 14:00:00","2026-06-14 23:00:00","Kelsey Short Youth Camp, 17980 Collins Rd, Smithville, Missouri, United States","17980 Collins Rd, Smithville, Missouri, United States","high","","https://www.outlands.org/event/lillies-war-2/","","Kingdom of the Outlands","kingdom","False","39.3868396","-94.5815937","ok"
"Long Knights 2026 (Baronial Investiture)","2026-12-04 08:00:00","2026-12-06 17:00:00","Palm Lake Christian Church, 5401 22nd Ave N, St. Petersburg, FL, 33710, United States","5401 22nd Ave N, St. Petersburg, FL, 33710, United States","high","","https://trimaris.org/event/long-knights-2026-baronial-investiture/","","Kingdom of Trimaris","kingdom","False","27.791894","-82.7071316","ok"
"Low Company of Gamesters and Gamblers","2026-07-10 23:30:00","2026-07-11 02:00:00","Framingham, MA, USA","Framingham, MA, USA","low","Carolingia’s second best known collection of ruffians and scoundrels, the Low Company of Gamesters and Gamblers, invites you to join them in person for a night of carousing, conviviality, and light erudition. We will study games from the period, all the better to understand the ways to fleece, er…… to understand the strategies of the games and to enjoy the friendly contest therein. Low Company typically meets the second Friday of every other month to study, discuss, reconstruct, and play games from the pre-1600's world. Card games, board games, dice games, and lawn games from all around the globe are, pardon the pun, fair game. All are welcome. Meetings are held at the home of Symon and Deirdre. Deirdre often prepares a meal which starts around 6:30, games start around 7:30 and go until around 10pm. Please reach out to Symon to request the address and/or RSVP for dinner","","","Barony of Carolingia","baronial","False","42.2773177","-71.4165905","ok"
"Lughnasadh - Gryphon's Lair","2026-08-22","2026-08-24","","","empty","Lughnasadh.pdf","https://drive.google.com/file/d/1M4V0iuFyOt0QQAFPNxCx31DX7TPxzkNa/view?usp=sharing","","Kingdom of Artemisia","kingdom","False","","","skipped"
"Luna del la Noche and Dirty A&S (Okewaite)","2026-06-20","2026-06-22","Hosted at Quercus Field, located on Berrima Rd, Berrima (Google Maps: Berrima Clay Target Club)","Hosted at Quercus Field, located on Berrima Rd, Berrima (Google Maps: Berrima Clay Target Club)","low","Come join us for two days of sharing, learning and burning! We've combined our usual Winter Solstice feast of 'Luna Del Noche' with a very laid back garbed Dirty A&S weekend led by our talented teachers with the hope of sharing our passions and fostering knowledge within our community. We'd love to have you along!","","","Kingdom of Lochac","kingdom","False","","","failed"
"Lyondemere Anniversary","2026-06-13 15:00:00","2026-06-14 00:00:00","Calle Mayor Middle School, 4800 C. Mayor, Torrance, CA 90505, USA","Calle Mayor Middle School, 4800 C. Mayor, Torrance, CA 90505, USA","low","The beach cities of the Barony of Lyondemere invite you to escape the summer heat and join Gareth and Alatiel, Baron and Baroness, at the beach to celebrate our 48th Anniversary! While our current understanding of a “beach day” is based in 19th century leisure activities, many of our global ancestors found time to relax and play along the many bodies of water found around the world, from the lakes and rivers of medieval Europe to the seasides of ancient Rome to the oceans of the seafaring cultures of the Pasifika. Celebrate with us in the cooler beach weather of Lyondemere as we choose our champions in Arts and Sciences, Heavy Armored Combat, Rapier, and Cut and Thrust combat. SCHEDULE 8 AM - Site Open 10 AM - Opening Court, or at their Excellencies’ pleasure 4 PM - Closing Court, or at their Excellencies’ pleasure 5 PM - Site Closes REGISTRATION INFORMATION: $25 Adult Event Registration, $15 Adult Member Discount Event Registration (with proof of membership). Children 16 and under are guests of the Barony. Please bring cash or make checks payable to “SCA, Inc./Barony of Lyondemere.” COMBAT and ARTS COMPETITIONS: Our Arts and Science competition is beach themed! Bring your best entries incorporating beach colors, aquatic motifs or ingredients, or materials found along the shore. The winners will be People’s Choice - feel free to bring your own token to vote for your favorite, or use one of our glass beads to make your vote. Bardic and edible entries are welcome! For our Rapier and Cut and Thrust tournaments - in most popular depictions, seafaring swordfighters (more commonly known as pirates) are depicted with missing body parts, so this will be a “wounds retained” tournament where “injuries” from previous rounds are carried over to the next bouts. Details on our heavy armored combat are TBD as we work on new ideas. SITE INFORMATION: Parking will be available onsite. Pavilions and day shades are welcome, and you may stake to the ground as necessary. You may drive on the grass to unload, however please do not get your vehicle stuck in the grass when unloading. Merchants are welcome, please email the event steward to make arrangements. Please also email the event steward for list space reservations if you would like to be up front. There will be plenty of open space for pavilions without reservations as well. THIS IS A DRY SITE","","","Kingdom of Caid","kingdom","False","33.8371392","-118.3413606","ok_retry"
"Lyondemere Anniversary","2027-06-12","2027-06-13","","Long Beach, California","low","","","","Kingdom of Caid","kingdom","False","33.7690164","-118.191604","ok_photon"
"MMM/Defenders of the Queens Heart","2027-11-12 08:00:00","2027-11-14 17:00:00","","","empty","","https://trimaris.org/event/mmm-defenders-of-the-queens-heart/","","Kingdom of Trimaris","kingdom","False","","","skipped"
"MOD Council – Final day/time TBD","2026-06-20 00:00:00","2026-06-20 23:59:59","","","empty","At June Crown, likely Saturday Chivalry, MODS and Marks are all meeting. Precise order TBA","https://westkingdom.org/event/mod-council-final-day-time-tbd/","","Kingdom of the West","kingdom","False","","","skipped"
"MOD Meeting (Public Notification)","2026-06-09 19:00:00","2026-06-09 20:00:00","","","empty","Members of the Order of the Defense Only Log in to your Order email, visit Classrooms or the Order FB groups to access the link to the meeting","https://westkingdom.org/event/mod-meeting-public-notification/","","Kingdom of the West","kingdom","False","","","skipped"
"Mace & Greatsword (BMMT)","2026-08-28","2026-08-31","","","empty","","https://www.atenveldt.org/event/mace-greatsword-bmmt-2/","","Kingdom of Atenveldt","kingdom","False","","","skipped"
"Madison Heights Weekly Fighter Practice and Get-Together (RECURRING)","2026-06-01 22:00:00","2026-06-02 02:00:00","1912 Izaak Walton Rd, Madison Heights, VA 24572, USA","1912 Izaak Walton Rd, Madison Heights, VA 24572, USA","high"," [RECURRING — also on: 1 Jun 2026, 8 Jun 2026, 15 Jun 2026, 22 Jun 2026, 29 Jun 2026, 6 Jul 2026, 13 Jul 2026, 20 Jul 2026, 27 Jul 2026]","","","Barony of Black Diamond","baronial","False","37.4616368","-79.0765801","ok"
"Magna Faire 2026","2026-12-04 00:00:00","2026-12-04 00:00:00","","Greater Birmingham area and Shelby County","low","Hosted by Barony of Iron Mountain","","","Kingdom of Meridies","kingdom","False","33.5206824","-86.8024326","ok_retry"
"March (Spring) Crown Tournament","2027-03-19 00:00:00","2027-03-21 23:59:59","","","empty","Save the Date","https://westkingdom.org/event/march-spring-crown-tournament/","","Kingdom of the West","kingdom","False","","","skipped"
"Mark Council (Public Notification)","2026-06-04 19:00:00","2026-06-04 20:00:00","","","empty","Members of the Order of the Mark Only Log in to your Order email, visit Classrooms or the Order FB groups to access the link to the meeting","https://westkingdom.org/event/mark-council-public-notification-2/","","Kingdom of the West","kingdom","False","","","skipped"
"Mark Council (Public Notification)","2026-06-04 19:00:00","2026-06-04 20:00:00","","","empty","Members of the Order of the Mark Only Log in to your Order email, visit Classrooms or the Order FB groups to access the link to the meeting","https://westkingdom.org/event/mark-council-public-notification-2/","","Kingdom of the West","kingdom","False","","","skipped"
"Mark Council – Final day/time TBD","2026-06-20 00:00:00","2026-06-20 23:59:59","","","empty","At June Crown, likely Saturday Chivalry, MODS and Marks are all meeting. Precise order TBA","https://westkingdom.org/event/mark-council-final-day-time-tbd/","","Kingdom of the West","kingdom","False","","","skipped"
"May Baronial Meeting","2026-05-31 14:00:00","2026-05-31 17:00:00","South Main Bookstore: 110 S Main St, Salisbury, NC","110 S Main St, Salisbury, NC","high","Baronial Business Meeting, free, garb NOT required, come for the camaraderie! Come for the news of the barony and the camaraderie of the populace! Event Link: Facebook Link: Submitted by: Azza/Zoe Join with Google Meet: Or dial: (US) +1 PIN: 820870411# More phone numbers: Learn more about Meet at:","https://meet.google.com/giq-bnve-fxm","","Barony of Sacred Stone","baronial","False","35.6672485","-80.4705803","ok"
"May Day in Fenix","2026-06-13 00:00:00","2026-06-13 00:00:00","Florence Lions CLub, Florence Lions Club, 29 LaCresta Drive, Florence, Kentucky 41042","29 LaCresta Drive, Florence, Kentucky 41042","high","","","","Kingdom of the Middle","kingdom","False","38.9790265","-84.643211","ok"
"Medieval History Day - Lions End Demo","2026-06-06","2026-06-07","Farmingdale Village Green 361 Main St. Farmingdale, NY 11579 US","361 Main St. Farmingdale, NY 11579 US","high","","http://www.eastkingdom.org/EventDetails.php?eid=4582","","Kingdom of the East","kingdom","False","40.7311596","-73.4451529","ok"
"Medieval Marketplace (Darach)","2026-11-21","2026-11-22","","Ventura, California","low","","","","Kingdom of Caid","kingdom","False","34.4458248","-119.0779359","ok"
"Medieval Night (RECURRING)","2026-06-09 00:00:00","2026-06-09 03:00:00","Peculiar Ales 301 Main St Windsor, CO 80550","301 Main St Windsor, CO 80550","high","For more details see our web page: () Notice: Although the SCA complies with all applicable laws to try to ensure the health and safety of our event participants, we cannot eliminate the risk of exposure to infectious diseases during in-person events. By participating in the in-person events of the SCA, you acknowledge and accept the potential risks. You agree to take any additional steps to protect your own health and safety and those under your control as you believe to be necessary [RECURRING — also on: 9 Jun 2026, 7 Jul 2026]","https://unserhafen.outlands.org/activities/medieval-night/","","Barony of Unser Hafen","baronial","False","40.479762","-104.900652","ok"
"Medieval Threads IV","2026-09-19 00:00:00","2026-09-19 00:00:00","Howell Masonic Lodge, 01 W Grand River Ave, Howell MI 48843","01 W Grand River Ave, Howell MI 48843","high","","","","Kingdom of the Middle","kingdom","False","42.6145956","-83.9587202","ok"
"Meet and Beat 2026 Regional FP","2026-06-28 13:00:00","2026-06-28 22:00:00","","","empty","","https://gleannabhann.net/event/meet-and-beat-2026-regional-fp/","","Kingdom of Gleann Abhann","kingdom","False","","","skipped"
"Melee Camp (BMMT/BTY)","2026-10-22","2026-10-27","","","empty","","https://www.atenveldt.org/event/melee-camp-bmmt-bty/","","Kingdom of Atenveldt","kingdom","False","","","skipped"
"Melee Madness - Loch Salann","2027-06-05","2027-06-06","","","empty","","","","Kingdom of Artemisia","kingdom","False","","","skipped"
"Melee Tourney (Angels)","2027-02-06","2027-02-07","","Los Angeles, California","low","","","","Kingdom of Caid","kingdom","False","34.0536909","-118.242766","ok"
"Melee of the Knave VIII : A Time for Tea","2026-08-22 00:00:00","2026-08-22 00:00:00","First Christian Church Community Life Center, First Christian Church6852 Market Ave. N, Canton, OH 44721","First Christian Church Community Life Center, First Christian Church6852 Market Ave. N, Canton, OH 44721","low","","","","Kingdom of the Middle","kingdom","False","40.7985464","-81.3749508","ok_retry"
"Menhir 2026","2026-08-29 00:00:00","2026-08-29 00:00:00","","Murfreesboro","low","Hosted by Shire of Rising Stone","","","Kingdom of Meridies","kingdom","False","35.8460396","-86.3921096","ok"
"Meridian Challenge of Arms 2027","2027-02-26 00:00:00","2027-02-26 00:00:00","","","empty","","","","Kingdom of Meridies","kingdom","False","","","skipped"
"Meridian Grand Tournament 2026","2026-09-25 00:00:00","2026-09-25 00:00:00","Camp Discovery 400 Camp Discovery, Gainesboro, Tn 38562","Camp Discovery 400 Camp Discovery, Gainesboro, Tn 38562","low","Hosted by Barony of Iron Mountain","","","Kingdom of Meridies","kingdom","False","36.355428","-85.6588652","ok_retry"
"Meridies Fall Coronation 2026","2026-10-09 00:00:00","2026-10-09 00:00:00","","","empty","Hosted by TBD","","","Kingdom of Meridies","kingdom","False","","","skipped"
"Meridies Fall Crown Lyst 2026","2026-11-13 00:00:00","2026-11-13 00:00:00","","","empty","Hosted by TBD","","","Kingdom of Meridies","kingdom","False","","","skipped"
"Meridies Kingdom Law Committee Meeting Aug 2026","2026-08-24 00:00:00","2026-08-24 00:00:00","","","empty","Hosted by Kingdom of Meridies","","","Kingdom of Meridies","kingdom","False","","","skipped"
"Meridies Kingdom Law Committee Meeting Dec 2026","2026-12-28 00:00:00","2026-12-28 00:00:00","","","empty","Hosted by Kingdom of Meridies","","","Kingdom of Meridies","kingdom","False","","","skipped"
"Meridies Kingdom Law Committee Meeting July 2026","2026-07-27 00:00:00","2026-07-27 00:00:00","","","empty","Hosted by Kingdom of Meridies","","","Kingdom of Meridies","kingdom","False","","","skipped"
"Meridies Kingdom Law Committee Meeting June 2026","2026-06-22 00:00:00","2026-06-22 00:00:00","","","empty","Hosted by Kingdom of Meridies","","","Kingdom of Meridies","kingdom","False","","","skipped"
"Meridies Kingdom Law Committee Meeting Nov 2026","2026-11-23 00:00:00","2026-11-23 00:00:00","","","empty","Hosted by Kingdom of Meridies","","","Kingdom of Meridies","kingdom","False","","","skipped"
"Meridies Kingdom Law Committee Meeting Oct 2026","2026-10-26 00:00:00","2026-10-26 00:00:00","","","empty","Hosted by Kingdom of Meridies","","","Kingdom of Meridies","kingdom","False","","","skipped"
"Meridies Kingdom Law Committee Meeting Sept 2026","2026-09-28 00:00:00","2026-09-28 00:00:00","","","empty","Hosted by Kingdom of Meridies","","","Kingdom of Meridies","kingdom","False","","","skipped"
"Meridies Kingdom War College and Fighter’s Collegium 2027","2027-01-29 00:00:00","2027-01-29 00:00:00","","","empty","","","","Kingdom of Meridies","kingdom","False","","","skipped"
"Meridies Spring Coronation 2027","2027-04-02 00:00:00","2027-04-02 00:00:00","","","empty","","","","Kingdom of Meridies","kingdom","False","","","skipped"
"Meridies Spring Crown and Arts & Sciences 2027","2027-05-28 00:00:00","2027-05-28 00:00:00","","","empty","","","","Kingdom of Meridies","kingdom","False","","","skipped"
"Michaelmas (Winter’s Gate)","2026-10-17 00:00:00","2026-10-17 23:59:59","","Fairbanks, Alaska","low","Save the Date","https://westkingdom.org/event/michaelmas-winters-gate/","","Kingdom of the West","kingdom","False","64.837845","-147.716675","ok"
"Mid-winter ""Cheezy"" Ball (Politarchopolis)","2026-07-11","2026-07-12","Ainslie Scout Hall, Cnr Ebden & Hassall Sts, Ainslie, ACT.","Ainslie Scout Hall, Cnr Ebden & Hassall Sts, Ainslie, ACT.","low","Our Baron is known for his love of all things cheezy! What better way to celebrate this than a ball to help us dance off the mid-winter chills with fine music and a light supper prepared by our very own Giovaninnino da Vidor. Event limited to 50 people. Bookings close Sunday 5 July 2026.Email: .sca.org Note: Please BYO own food and drink if you attend dance practice. Limited disability access via playground. Contact the Steward, Lady Magdalena af Husum at with any special requirements","https://politarchopolis.lochac.sca.org/","","Kingdom of Lochac","kingdom","False","-35.2621952","149.14788","ok_retry"
"Middle Ages on the Green","2026-08-22","2026-08-23","Tavistock & District Recreation Centre (Arena), 1 Adam St, Tavistock, ON N0B 2R0, Canada","1 Adam St, Tavistock, ON N0B 2R0, Canada","high","Bryniau Twynnog combination Demo/Picnic/Event Site: Tavistock & District Recreation Centre, 1 Adam St., Tavistock, ON, N0B 2R0 Event is free of charge. Donations to the group are accepted. Bring your own lunch. Potluck dinner. Fighting, fencing, thrown weapons","https://ealdormere.ca/bryniau-tywynnog/mag/","","Kingdom of Ealdormere","kingdom","False","43.319041","-80.8342684","ok"
"Middle East Feast (BTM)","2026-07-18 21:00:00","2026-07-19 03:00:00","Fountain Hills Community Center, 13001 N La Montana Dr, Fountain Hills, AZ 85268, USA","13001 N La Montana Dr, Fountain Hills, AZ 85268, USA","high","When: Saturday, July 18, 2026 Location: 13001 Fountain Hills Community Center N La Montana Dr, Fountain Hills, AZ 85268 Event Fees: Event: $25 for members, $35 for non-members, youths 17 and under are free Feast: $10.00 each for Teens and Adults. Under 10 no Feast Fee. Event Stewards: Don Haukr Bjarnarson and m’lady Ibriza bint Utbah Greetings exalted populace of Atenveldt. On Saturday, July 18, 2026, our Kingdom shall meet at the crossroads of great trade routes, kick the sand from our boots at Mid East Feast, let our silk banners fly, and spend a day wrapped in the luxury of Al-Andalusian frivolity. All are cordially invited to don their finest caftans and veils to celebrate the food inspired by the union of Spain and Arabia. Expect a comfortable experience filled with the sensations of drumbeats and coinbelts clinking as Middle Eastern musicians and dancers provide spectacle between the courses of a great meal provided by our dedicated cooks, led by the extraordinary Lord Percival of the Tea House. The menu features a starter course of fresh fruits, breads, and cheeses to be followed by Ahsa (soup), Qar (Zucchini topped with almonds), Badhinjan Mutajjan (oven-roasted eggplant), Djajat Uumrus (chicken), Mirkas (sausages of Lamb and Eggplant, Chicken with couscous) to end with a desert of Mu’assal (honey pudding) and an assortment of cookies and pastries. Guests are invited to bring their finest period board games to play and share amongst their tables. Chess may have originated in India but it had to pass through the Middle East to reach Europe. Site is dry, no smoking, ADA accessible, only registered service animals allowed, no weapons. Directions are: make your best way to the intersection of Shea Blvd. and State Rt. 87. Turn west/left on Shea, right on Saguaro Blvd, left on Avenue of the Fountains, left on La Montana then left into the parking lot. Schedule of Events: Site opens at 2:00 PM for those who wish to arrive and make themselves comfortable. Site closes at 8:00 PM","https://www.atenveldt.org/event/middle-east-feast-btm-2/","","Kingdom of Atenveldt","kingdom","False","33.6071972","-111.7206334","ok"
"Midlands Academy of Defense: 2026","2026-08-29 00:00:00","2026-08-29 00:00:00","Heritage Lake Park, 1 Heritage Dr, Rantoul, IL 61866","1 Heritage Dr, Rantoul, IL 61866","high","","","","Kingdom of the Middle","kingdom","False","40.2874395","-88.1333142","ok"
"Midsummer's Eve XXIII: Academy of Arts & Science","2026-06-19","2026-06-22","Wessington Springs Field House 418 Second St SW Wessington Springs, SD 57382, USA","418 Second St SW Wessington Springs, SD 57382, USA","high","","","","Kingdom of Northshield","kingdom","False","44.0265161","-98.5410216","ok_retry"
"Midsummer’s Feast (Fettburg)","2026-08-01 00:00:00","2026-08-01 23:59:59","","Stockton, California","low","Save the date","https://westkingdom.org/event/midsummers-feast-fettburg/","","Kingdom of the West","kingdom","False","37.9577016","-121.290779","ok"
"Midwinter Hunt (Krae Glas)","2026-06-21","2026-06-22","Noble Park Secondary College - 3 Callaghan St Noble Park Greater Dandenong Scout Hall (Dolphin's Keep) - 24 Mons Parade, Noble Park","3 Callaghan St Noble Park Greater Dandenong Scout Hall (Dolphin's Keep) - 24 Mons Parade, Noble Park","high","As the days grow colder and winter prepares to encompass the land, let us celebrate Midwinter - with a Hunt. A final chance to collect the bounty of the wilderness to see us through until spring. Bring your bows and join our roving round where we will shoot at various animal targets including rabbits, foxes, birds, boar and (pending Crown permission) deer. Combat arrows only as some targets are moving. There with also be a forging challenge where we will collect the wild harvest, with participants rewarded depending on how much they gather and a prize for the highest bounty. As the sun sets we shall then retire to Dolphin's Keep for feasting, dancing and to admire the entries into our Arts and Sciences competitions. Our two categories are as follows: 1. Creatures of the Wild - in tribute to our quarry present an item themed around an animal or animals of the wilderness. 2. Hunting/Traveling supplies - one should never go into the wild unprepared. Present an item that would be taken and used when hunting or traveling. We hope you will join us for our foray into the wild before the bitter chill of winter forces us all back inside. As we enjoy the comfort of our Keep we must not forget the earth and her bounty that nurtures us, so we may bid her good rest until spring. As this event is hosted by a group based in the state of Victoria, please remember that anyone carrying or using any kind of sword in the state - including visitors and those passing through - must carry proof that they have completed the Victorian weapons exemption application process with the SCA Ltd Registrar - see for detailed information","https://sca.org.au/victorian-weapons-legislation/","","Kingdom of Lochac","kingdom","False","","","failed"
"Midwinter of Misrule (Aneala)","2026-06-27","2026-06-28","Inglewood Freemasons Hall 23 Carrington St Inglewood","23 Carrington St Inglewood","high","Misrule! The tradition of holiday misbehaviour stretches back to the days of ancient Rome and the mid-winter festival of the Saturnalia, held in honour of the god Saturn. Central to the festivities was the reversal of roles and the legitimisation of (moderately) transgressive behaviour: masters waited on their slaves and gambling was widespread. There will be delicious food, dancing, games and shenanigans! Feel free to dress for the theme, masks encouraged! Arts and Sciences Open Comp and Leather, Fur & Felt theme","","","Kingdom of Lochac","kingdom","False","-31.9232187","115.8904611","ok"
"Mists Bardic","2027-09-11 00:00:00","2027-09-11 23:59:59","","Oakland, California","low","Save the Date","https://westkingdom.org/event/mists-bardic-2/","","Kingdom of the West","kingdom","False","37.8044557","-122.271356","ok"
"Mists Bardic","2027-10-16 00:00:00","2027-10-16 23:59:59","","Oakland, California","low","Save the Date","https://westkingdom.org/event/mists-bardic-2/","","Kingdom of the West","kingdom","False","37.8044557","-122.271356","ok"
"Mists Bardic (Bay Area, CA)","2026-09-12 00:00:00","2026-09-12 23:59:59","","Oakland, California","low","Save the Date","https://westkingdom.org/event/mists-bardic-bay-area-ca/","","Kingdom of the West","kingdom","False","37.8044557","-122.271356","ok"
"Mists Fall Coronet","2027-10-08 00:00:00","2027-10-11 23:59:59","","Oakland, California","low","Save the Date","https://westkingdom.org/event/mists-fall-coronet/","","Kingdom of the West","kingdom","False","37.8044557","-122.271356","ok"
"Mists Fall Coronet (Bay Area, CA)","2026-10-09 00:00:00","2026-10-12 23:59:59","","Oakland, California","low","","https://westkingdom.org/event/mists-fall-coronet-bay-area-ca/","","Kingdom of the West","kingdom","False","37.8044557","-122.271356","ok"
"Mists Fall Investiture","2027-11-20 00:00:00","2027-11-20 23:59:59","","Oakland, California","low","Save the Date","https://westkingdom.org/event/mists-fall-investiture-2/","","Kingdom of the West","kingdom","False","37.8044557","-122.271356","ok"
"Mists Fall Investiture (Bay Area, CA)","2026-11-21 00:00:00","2026-11-21 23:59:59","","Oakland, California","low","Save the Date","https://westkingdom.org/event/mists-fall-investiture-bay-area-ca/","","Kingdom of the West","kingdom","False","37.8044557","-122.271356","ok"
"Mists Spring Coronet","2027-03-26 00:00:00","2027-03-28 23:59:59","","Oakland, California","low","Save the Date","https://westkingdom.org/event/mists-spring-coronet/","","Kingdom of the West","kingdom","False","37.8044557","-122.271356","ok"
"Mists Spring Investiture","2027-05-15 00:00:00","2027-05-15 23:59:59","","Oakland, California","low","Save the Date","https://westkingdom.org/event/mists-spring-investiture/","","Kingdom of the West","kingdom","False","37.8044557","-122.271356","ok"
"Mists-Cyn War","2027-11-12 00:00:00","2027-11-14 23:59:59","","","empty","Save the Date","https://westkingdom.org/event/mists-cyn-war/","","Kingdom of the West","kingdom","False","","","skipped"
"Mists-Cyn War (Bay Area, CA)","2026-11-13 00:00:00","2026-11-15 23:59:59","","","empty","Save the Date","https://westkingdom.org/event/mists-cyn-war-bay-area-ca/","","Kingdom of the West","kingdom","False","","","skipped"
"MoD Council meeting","2026-09-13","2026-09-14","","","empty","If any member of the populace wishes to send in a letter of recommendation to this order, the deadline is 15 days prior to the meeting date, that is, 08/15/25. Letters may be sent to the Liaison at INFORMATIONAL NOTE for future MoD Councils: The Fall Council meeting is traditionally on the 2nd Sunday of September. The letter deadline is 15 days prior","","","Kingdom of Caid","kingdom","False","","","skipped"
"Montagne du Roi Prize Tourney","2027-04-03 00:00:00","2027-04-03 23:59:59","","","empty","save the date","https://westkingdom.org/event/montagne-du-roi-prize-tourney/","","Kingdom of the West","kingdom","False","","","skipped"
"Monthly Buisness Meeting (RECURRING)","2026-06-14 15:00:00","2026-06-14 16:00:00","https://meet.google.com/dib-gbwf-dob","https://meet.google.com/dib-gbwf-dob","low","Come see what Hilarity is in store today [RECURRING — also on: 14 Jun 2026, 12 Jul 2026]","","","Shire of Quintavia","baronial","False","","","skipped"
"Mooneschadowe’s Fall Event","2026-09-18 06:00:00","2026-09-21 04:58:00","","","empty","","","","Kingdom of Ansteorra","kingdom","False","","","skipped"
"Mordenvale Midwinter (Mordenvale)","2026-07-11","2026-07-13","815 Tocal Road Tocal. Tocal Agricultural College","815 Tocal Road Tocal. Tocal Agricultural College","high","This is Mordenvales celebration of all things Mordenvale. We will be running heavy tournament, light tournament, A&S competition and if numbers allow an archery tournament. Followed by an evening feast. Accomodation and camping are available for those wanting to stay the evening","","","Kingdom of Lochac","kingdom","False","-32.6304002","151.5918401","ok"
"Mounted War Games 15","2026-09-03 00:00:00","2026-09-07 00:00:00","Wells County 4-H Park, 1240 4-H Park Road, Bluffton, IN 46714","Wells County 4-H Park, 1240 4-H Park Road, Bluffton, IN 46714","low","","","","Kingdom of the Middle","kingdom","False","40.7271146","-85.1727764","ok_retry"
"Murder Melee","2026-06-04","2026-06-08","Chippawa Creek Conservation Area and Campground, 74646 Regional Rd 45, Wellandport, ON L0R 2J0, Canada","74646 Regional Rd 45, Wellandport, ON L0R 2J0, Canada","high","Chippawa Creek Conservation Area and Campground Site opens: Thursday June 4 : Gate/Troll opens at 6pm Site closes: Sunday June 7th, noon If there is no attendant at Troll, please seek out an Event Steward of the Head of Gate to assist you with checking in. Adult Discount Member Registration: Thurs-Sun $45, non-members $55 Adult Discount Member Registration: Fri-Sunday $45, non-members 55 Adult Discount Member Registration: Saturday -Sunday $40, non-members $50 Adult Discount Member Registration: Day Trip (any single day): $30, $40 non-members Youth under 18 are free anytime. Queen's Tea: Friday June 5 , 3pm-5pm, campsite to be announced Baudouin's Annual Mead Social: Friday June 5, 7pm Bard's Bardic & Drafts Jubilee: Friday June 5, 8:30pm Musical Bardic: Saturday June 6, ""Dark""o'clock pm Youth Activities: Children's pinata! Well behaved dogs are welcome on leash. Beware of local wildlife such as coyotes or racoons. Also there are ticks. Camping: raised firepits only, please do not dig pits. The site is discretely damp. There are marked spigots for drinkable water. Please bring your own containers. There are showers at the comfort station, as well as flush toilets. The beach washrooms are accessible. Port-a-johns (including accessible) and handwash stations will be distributed in the camping area. Swimming: bathing attire is required. Please swim only at the beach. Archery is close to camps, just across a road. Do not use the archery field at night, it belongs to another club. Accessibility: contact Duchess Marioun. We will do our best to make your stay as comfortable as possible. Event staff may be contacted from links on the event website: Event Stewards: Duchess Marioun THN Belatrix Hespler Head of Gate: Countess Arlette Armoured Combat Marshal: Sir Brand Youth Combat Marshal: Dominus Howell Fencing Marshal: THL David of Ben Dunfirth Archery Marshal: Baron Don the Duckman Thrown Weapons Marshal: Master Iohn Spooner Arts & Sciences","https://ealdormere.ca/ben-dunfirth/murder-melee-2026/","","Kingdom of Ealdormere","kingdom","False","42.9887489","-79.4798244","ok_retry"
"Muses' Masque (Kingdom A&S)","2026-08-29 23:30:00","2026-08-30 04:30:00","10410 Edinger Ave, Fountain Valley, CA 92708, USA","10410 Edinger Ave, Fountain Valley, CA 92708, USA","high","Muse's Masque is Caid's newest arts event coming up on August 29th. This evening event is a social space and non-competitive arts showcase that gives us an opportunity to come together as a community and raise funds to help that community grow. The event is not selling any tickets at the door and is pre-register only. Both standard tickets ($50 member, $60 non-member) and a more limited number of patron’s tickets ($100/$110) are available. Those patron’s tickets will include a special upgraded site token and your name and arms on a Patron’s Roll of Arms. The event includes food in its ticket cost and the venue is selling alcohol on site. There will also be baubling, live music, dancing and a fashion show. For more information, or to purchase tickets go to: caid/muses-masque-2/","https://places.sca-caid.org/caid/muses-masque-2/","","Kingdom of Caid","kingdom","False","33.7287199","-117.9488518","ok"
"Myrkfaelinn Summer War Pracitice","2026-06-12 21:00:00","2026-06-14 16:00:00","Tioga County Fair Grounds, 107 W Division St, Owego, NY, 13827, United States","107 W Division St, Owego, NY, 13827, United States","high","Hosted by: The Dominion of Myrkfaelinn Additional Notes on Alcohol Policy: No Alcohol allowed in Marvin Park ( area behind buildings across from walk way) Additional Notes on Flames: There will be designated areas for fires. Please seek Autocrat Rüdiger Von Gévaudan (Nick Jividen) or Co-Autocrat Egon Von Joghurt (Devin Haflet) at the event for fire instructions Additional Notes on Weapons: No firearms. Additional Notes on Pet Policy: Must be on leash and have up-do-date rabies vaccine War is on the horizon, and the Dominion on Myrfaelinn invites you to join us in preparation! Our Summer War Practice is the perfect opportunity to scrape the rust from your arms and hone your skills. In addition to fencing and heavy melees, we also offer a chance to show off your archery and thrown weapons prowess. We are also excited to be hosting SCA Armored Steel Combat. Come immerse yourself in all our dramatic martial pursuits, as they ought to have been! We will also have an A&S display area, bardic in the evening, and other activities. Merchants are very welcome! No merchant fees. The event will take place at: Tioga County Fairgrounds 1 W. Main St. Owego NY 13827 Right off the NY-17/I-86 or Southern Tier. Same site as previous years. Site opens at Friday night at 5pm and closes Sunday at noon. We will be grilling after all combat events are completed. Join us for $15! The menu is subject to change, but we typically have steak, potatoes, and corn. Registration: Adult Event Registration: $30 Adult Member Discount Event Registration: $20 Child, age 0-17: Free Saturday Dinner: $15 Event registration includes Saturday Dayboard lunch and Friday and/or Saturday night camping. Camping for both nights with electric and water hookup is $25/site; non-hookup camping is free. Pre-registration is appreciated. Please send reservations and questions to the event Autocrat, Lord Rüdiger Von Gévaudan (Nick Jividen), , (text preferred), or at 123 Olcott Road N., Big Flats NY 14814. Make checks payable to SCA NY Inc. – Dominion of Myrkfaelinn. Please include your modern name, SCAdian name and membership number for each person covered by your payment. Also, indicate if any are minors. Include contact info for confirmation of receipt and to receive last-minute notifications. Registration can also be done at this form here: The site is discretely damp in the controlled event area. Dogs on leash allowed. (please clean up after them, must have current rabies vaccines). No firearms, but all other weapons are ok. Do not park at the school grounds; follow directions on site. Do not go to the main Fairgrounds parking area or entrance. The event entrance is out back! There are a number of local hotels, grocery stores and gas stations around the corner and a choice of restaurants nearby. Dayboard will be prepared by Lord Daffodil (Andy Oddy). For allergies and other food concerns, please contact the event autocrat, Rüdiger Von Gévaudan, at . Dayboard (subject to change): cold cuts (ham, beef, turkey) veggies: broccoli, carrots, tomatoes, etc. hummus breads eggs cheeses fruit coffee/tea/water/sports drink Event schedule (subject to change): Friday: 5pm: site open Saturday: 9am: troll open 10am: start fencing 11am: start heavy fighting archery range open throwing weapons range open noon: dayboard open 2pm: dayboard closed 3pm: end all martial activities troll closed 6 or 7pm: Bonfire and Bardic Sunday: 12:00: Site closes","https://forms.gle/qWKY3yAr2A74P7uq8","","Kingdom of AEthelmearc","kingdom","False","42.0980836","-76.2751009","ok"
"Naevehjem Anniversary","2026-11-14","2026-11-15","","Ridgecrest, California","low","","","","Kingdom of Caid","kingdom","False","35.6206924","-117.672097","ok"
"Namron Protectorate 50th Anniversary","2026-10-01 06:00:00","2026-10-05 04:59:00","Camp McFadden 9137 East Hartford Avenue9137 East Hartford Avenue, Ponca City, Oklahoma 74604","9137 East Hartford Avenue9137 East Hartford Avenue, Ponca City, Oklahoma 74604","high","Event Website : com/namron.ansteorra.org/ namronprotectorate2026 FB Page : com/events/969854129315929/? ti=ls","https://sites.google.com/namron.ansteorra.org/namronprotectorate2026","https://www.facebook.com/events/969854129315929/?ti=ls","Kingdom of Ansteorra","kingdom","False","36.703647","-97.081898","ok_retry"
"Needleworkers Guild (RECURRING)","2026-06-10 23:00:00","2026-06-11 01:00:00","87 Edgell Rd, Framingham, MA 01701, USA","87 Edgell Rd, Framingham, MA 01701, USA","high","This event is open to all individuals in, or associated with the Barony who are interested in Embroidery, or any other form of needlework. Moving forward, we will be meeting on the second Wednesday of the month, colocated with the Framingham Fighter Practice at Ellison Hall at the Plymouth Church in Framingham. 87 Edgell Road, Framingham MA 01701 [RECURRING — also on: 10 Jun 2026, 8 Jul 2026]","","","Barony of Carolingia","baronial","False","42.3032503","-71.4328135","ok"
"Newcomers (Pavlok Gorod)","2026-10-10 00:00:00","2026-10-10 23:59:59","","Kodiak, Alaska","low","Save the Date","https://westkingdom.org/event/newcomers-pavlok-gorod/","","Kingdom of the West","kingdom","False","57.7901661","-152.4067073","ok"
"Newcomers 2026","2026-09-12 00:00:00","2026-09-12 00:00:00","","Bartow, Cherokee, Cobb, Gordon, Paulding, and Pickens","low","Hosted by Shire of Owls Nest","","","Kingdom of Meridies","kingdom","False","34.2394683","-84.8406984","ok_retry"
"No Name Yet Event - Stonegate","2027-04-10","2027-04-11","","Pocatello, ID","low","","","","Kingdom of Artemisia","kingdom","False","42.8620287","-112.450627","ok"
"Nordwache Anniversary","2027-04-23","2027-04-26","","Fresno, California","low","","","","Kingdom of Caid","kingdom","False","36.7394421","-119.78483","ok"
"Nordwache Yule","2026-12-05","2026-12-06","","Fresno, California","low","","","","Kingdom of Caid","kingdom","False","36.7394421","-119.78483","ok"
"North Woods Community College","2026-09-05 00:00:00","2026-09-05 00:00:00","","","empty","","","","Kingdom of the Middle","kingdom","False","","","skipped"
"Northern Archery Practice (RECURRING)","2026-05-30 12:00:00","2026-05-30 16:00:00","3099 NY-50, Saratoga Springs, NY 12866, USA","3099 NY-50, Saratoga Springs, NY 12866, USA","high","Parcel 45 Wildlife Management Area [RECURRING — also on: 30 May 2026, 13 Jun 2026, 27 Jun 2026, 11 Jul 2026, 25 Jul 2026]","","","Barony of Concordia of the Snows","baronial","False","43.0756505","-73.7869715","ok"
"Northern Baronial Championships - Gurkenlandschaft","2026-05-29 20:00:00","2026-05-31 23:00:00","South Platte Valley Historic Park, 2001 Historic Pkwy, Fort Lupton, CO, 80621, United States","2001 Historic Pkwy, Fort Lupton, CO, 80621, United States","high","Will you experience the Bread & Butter sweetness of victory, or shall you taste the Dill sourness of defeat? Pickles, Beer, and Fighting, Oh My! This year something special is happening, we are combining Gurkenschluct and Northern Baronial Champions! This event will host Unser Hafen, Caer Galen, Caerthe, and Dragonsspine as they choose their Rapier, Heavy, Cut and Thrust, AND Thrown Weapons champions. This is a camping event, there will be a brewing competition, the pickling competition, and more! For more information on the pickling competition, brewing competition, open thrown weapons range, open archery range, tournament styles, schedule, merchant info, volunteer sign up, and pre-registration link, check out our website! Event Website Event Steward Admission Pre-Registration Link: fees: Member $15 — Non-member $25 At Gate: Adult $30Adult Member $20 Additional Cost InformationCamping fee $5 per person The Baronies are excited to welcome you to your first event, waiving all entry fees except the non-member liability fee for Saturday only. Enjoy the day and all it has to offer for just $10. This applies to whom this is their first event and are day-tripping for Saturday.Under 18 free Camping Fee $5 per person","https://sca.app.neoncrm.com/np/clients/sca/event.jsp?event=2902Pre-registration","","Kingdom of the Outlands","kingdom","False","40.0839213","-104.8102963","ok_retry"
"Northern Baronial Championships – Gurkenlandschaft","2026-05-29","2026-06-01","https://www.outlands.org/event/norther-baronial-championships/","https://www.outlands.org/event/norther-baronial-championships/","low","","https://www.outlands.org/event/norther-baronial-championships/","","Barony of Unser Hafen","baronial","False","","","skipped"
"Northern Oaken War Maneuvers","2026-06-12 00:00:00","2026-06-14 00:00:00","Ukrainian American Youth Association Resort, 47890 Bursley Rd., Wellington, OH 44090","47890 Bursley Rd., Wellington, OH 44090","high","","","","Kingdom of the Middle","kingdom","False","41.1680866","-82.2172576","ok_retry"
"Northern Region Warcamp","2026-06-26","2026-06-29","Washington County Fairgrounds 392 Old Schuylerville Road Greenwich, NY 12834 US","392 Old Schuylerville Road Greenwich, NY 12834 US","high","","http://www.eastkingdom.org/EventDetails.php?eid=4556","","Kingdom of the East","kingdom","False","43.0953195","-73.5445966","ok"
"Northern Yule (SW)","2026-12-12","2026-12-13","","","empty","","https://www.atenveldt.org/event/northern-yule-sw/","","Kingdom of Atenveldt","kingdom","False","","","skipped"
"Northkeep 30th Year","2026-10-23 22:00:00","2026-10-25 16:00:00","","Tulsa, Oklahoma","low","","","","Kingdom of Ansteorra","kingdom","False","36.1563122","-95.9927516","ok"
"Northpass Arts & Sciences Sunday Solar","2026-06-07 17:00:00","2026-06-07 21:00:00","Mohegan Lake, NY, USA","Mohegan Lake, NY, USA","low","","","","Canton of Brokenbridge","baronial","False","41.314821","-73.8461971","ok"
"Northpass Arts & Sciences Sunday Solar","2026-07-12 17:00:00","2026-07-12 21:00:00","To Be Determine","To Be Determine","low","","","","Canton of Brokenbridge","baronial","False","40.0241343","-82.6565056","ok_photon"
"Northshield - Bardic Madness","2026-05-29 00:00:00","2026-05-31 00:00:00","McGowan Farm, 20001 Hawkeye Ln (Township Rd 198), Mankato, MN, 56001","20001 Hawkeye Ln (Township Rd 198), Mankato, MN, 56001","high","Hosted by: Northshield | Website:","https://www.northshield.org","","Kingdom of Calontir","kingdom","False","44.1658533","-94.0028013","ok_retry"
"Northshield - St Radegund's Faire","2026-08-21 00:00:00","2026-08-23 00:00:00","","","empty","Hosted by: Northshield | Website:","https://www.northshield.org","","Kingdom of Calontir","kingdom","False","","","skipped"
"Northshield Fall Coronation","2027-09-11","2027-09-12","","","empty","","","","Kingdom of Northshield","kingdom","False","","","skipped"
"Northshield Fall Crown","2027-10-09","2027-10-10","","","empty","","","","Kingdom of Northshield","kingdom","False","","","skipped"
"Northshield Fall Crown","2026-10-10","2026-10-11","Jefferson County Fair Park, 503 N Jackson Ave, Jefferson, WI 53549, USA","503 N Jackson Ave, Jefferson, WI 53549, USA","high","","","","Kingdom of Northshield","kingdom","False","43.0133471","-88.817328","ok"
"Northshield Spring Coronation","2027-04-10","2027-04-11","","","empty","","","","Kingdom of Northshield","kingdom","False","","","skipped"
"Northshield Spring Crown Tournament","2027-05-08","2027-05-09","","","empty","","","","Kingdom of Northshield","kingdom","False","","","skipped"
"Not Quite Quarterly Bragging Rights Tournament and Public Demo (Ritterwald)","2027-03-27","2027-03-28","Odell Weeks, 1700 Whiskey Road, Aiken, SC, 29803","1700 Whiskey Road, Aiken, SC, 29803","high","Join Canton of Ritterwald as we host our Not Quite Quarterly Bragging Rights Public Demo for the seventh year running.","https://atlantia.sca.org/event/?event_id=69fd4262","","Kingdom of Atlantia","kingdom","False","33.5277656","-81.7206405","ok"
"OUT OF KINGDOM – Lilies War","2026-06-05 06:00:00","2026-06-14 06:00:00","Kelsey Short Youth Camp 17980 Collins Rd, Smithville, MO 64089","17980 Collins Rd, Smithville, MO 64089","high","Event Website:","https://www.calontir.org/calendar/1986/","","Kingdom of Ansteorra","kingdom","False","39.3868396","-94.5815937","ok_retry"
"Oertha Summer Coronet and Investiture","2027-07-16 00:00:00","2027-07-18 23:59:59","","","empty","Save the Date","https://westkingdom.org/event/oertha-summer-coronet-and-investiture/","","Kingdom of the West","kingdom","False","","","skipped"
"Oertha Summer Coronet/Investiture (AK)","2026-07-17 16:00:00","2026-07-19 16:00:00","13701 Harry McDonald Rd, Eagle River, AK, United States","13701 Harry McDonald Rd, Eagle River, AK, United States","high","FACEBOOK EVENT LINK Event Steward SCA Name: Bella Hawke Event Steward contacts: Event Name: Oerthan Summer Coronet and Investiture Event Site Open: Jul 17, 4pm Event Site Close: Jul 19, 4pm Further Event Information: Joyous Greetings to you, Oertha, and the Known World! Their Highnesses, Soren and Clare, welcome one and all to join them as they hold a Joyous Tournament to choose their heirs. There will be fun and joy sprinkled throughout the days. Keep your eyes on the Event page for updates as the days draw near. Site Name: Harry J. McDonald Memorial Center Site Address: 13701 Harry McDonald Rd, Eagle River, AK 99577 Written Directions to Site: From Anchorage, or south of there: Follow AK-1 N to N Eagle River Access Rd. Take the exit toward N Eagle River from AK-1 N. Turn right onto N Eagle River Access Rd. Turn left onto Old Glenn Hwy. Turn right onto Harry McDonald Rd. Follow until you reach the site. From the north: Make your best way south onto AK-1 S until you reach N Eagle River Access Rd. Take the exit toward N Eagle River from AK-1 N. Turn right onto N Eagle River Access Rd. Turn left onto Old Glenn Hwy. Turn right onto Harry McDonald Rd. Follow until you reach the site. Adult “Non-Member” Registration: $40 Adult “Member” Registration: $30 Children/Miner Registration (Age and $): 17 & younger free Family Cap ($): no Can I PrePay: PayPal Site Accessibility: Cell Phone Reception Terrain Description: Bodies of Water on/near Site: Insects or wild animals to be aware of on/ near site: Amenities on Site: Portable Privies Additional Comments: Web Link Facebook link","https://sites.google.com/westkingdom.org/epay/home","https://www.facebook.com/events/3404781869698143/","Kingdom of the West","kingdom","False","61.3437026","-149.5468639","ok"
"Oertha Winter Coronet and Investiture","2027-01-15 00:00:00","2027-01-17 23:59:59","","","empty","Save The Date","https://westkingdom.org/event/oertha-winter-coronet-and-investiture/","","Kingdom of the West","kingdom","False","","","skipped"
"Officer Skills Development Symposium","2026-09-04","2026-09-08","","","empty","","","","Kingdom of Caid","kingdom","False","","","skipped"
"On Target (Lochmere)","2026-06-06","2026-06-07","On Target, 146 Riverview Ave, Annapolis, MD, 21401","146 Riverview Ave, Annapolis, MD, 21401","high","Bring your cups, your coins, and your luck!” Calling all archers and their supporters! Come enjoy a day of conviviality, competition, and camaraderie! Test your skills at 12 target stations, learn about historic taverns and the games played in them.","https://atlantia.sca.org/event/?event_id=6983b825","","Kingdom of Atlantia","kingdom","False","38.9722829","-76.4764604","ok"
"Ostgardr Archery Practice - Midland Vale (RECURRING)","2026-06-02 21:30:00","2026-06-02 23:00:00","Beaverdam Lake-Salisbury Mills, NY 12577, USA","Beaverdam Lake-Salisbury Mills, NY 12577, USA","low","Archery Practice for Ostgardr in Midland Vale. Please email .org for the exact address [RECURRING — also on: 2 Jun 2026, 16 Jun 2026, 30 Jun 2026, 14 Jul 2026]","","","Canton of Brokenbridge","baronial","False","40.750632","-73.9687884","ok_retry"
"Ostgardr Armor DaY","2026-06-13 16:00:00","2026-06-13 21:30:00","Flatbush, Brooklyn, NY, USA","Flatbush, Brooklyn, NY, USA","low","Ragnarr Blaskegg will be hosting an armor day in his shop (Garage) in Ditmas Park Brooklyn. Email .org to get the address. This will probably be a Potluck and hang out afterwards","","","Canton of Brokenbridge","baronial","False","40.6520481","-73.959027","ok"
"Otter's Welcome","2026-06-06 14:00:00","2026-06-06 22:00:00","Boylston Schul-Verein, 8 County St, Walpole, MA 02081, USA","8 County St, Walpole, MA 02081, USA","high","Otter’s Welcome is a free one-day event celebrating pre-17th century living history as we welcome people new to the SCA to our world. It is offered in the spirit of Rose Otter, a beloved Carolingian who was the very model of welcome in our society. So bring your curiosity about pre-17th century life and have a fun-filled day in the Barony of Carolingia within the beautiful East Kingdom. More details are available at and","https://carolingia.eastkingdom.org/otters-welcome/","","Barony of Carolingia","baronial","False","42.201478","-71.2526303","ok"
"Otter's Welcome - Newcomers Event and Baronial Heavy / A&S Champions","2026-06-06","2026-06-07","Boylston Schul-Verein (German Club) 8 County Street Walpole, MA 02081 US","8 County Street Walpole, MA 02081 US","high","","http://www.eastkingdom.org/EventDetails.php?eid=4571","","Kingdom of the East","kingdom","False","42.201478","-71.2526303","ok"
"Out of Kingdom – Known World Armored Combat Collegium","2026-09-05 14:00:00","2026-09-07 02:00:00","Mandt Center 400 Mandt Parkway, Stoughton, WI 53589","400 Mandt Parkway, Stoughton, WI 53589","high","Kingdom: Northshield Website: https:// kristyanapplegate.wixsite.com/ kwacc","https://kristyanapplegate.wixsite.com/kwacc","","Kingdom of Ansteorra","kingdom","False","42.9110945","-89.2161432","ok"
"Out of Kingdom: Lillies War","2026-06-05","2026-06-15","https://www.lilieswar.org/","https://www.lilieswar.org/","low","","https://www.lilieswar.org/","","Barony of Unser Hafen","baronial","False","","","skipped"
"Outdoor Archery & TW practice @ Grimmsfield (RECURRING)","2026-06-01 21:00:00","2026-06-02 00:00:00","16132 Crusade Ct, Haymarket, VA 20169, USA","16132 Crusade Ct, Haymarket, VA 20169, USA","high","Ponte Alto/Stierbach shared archery & thrown weapons practice at Grimmsfield. Practices run from 5pm until dusk (or whenever it is too dark to see). This is a shared practice between the baronies of Ponte Alto and Stierbach hosted by Grimmsfield. Loaner gear can be made available upon request. The range is outdoors. Please contact one of the marshals for more information! [RECURRING — also on: 1 Jun 2026, 8 Jun 2026, 15 Jun 2026, 22 Jun 2026, 29 Jun 2026, 6 Jul 2026, 13 Jul 2026, 20 Jul 2026, 27 Jul 2026]","http://www.grimmsfield.com/","","Barony of Ponte Alto","baronial","False","38.8121398","-77.6368038","ok_retry"
"Outdoor Practice and Gathering(s) (RECURRING)","2026-06-25 22:00:00","2026-06-26 01:00:00","Tysons-Pimmit Regional Library, 7584 Leesburg Pike, Falls Church, VA 22043, USA","7584 Leesburg Pike, Falls Church, VA 22043, USA","high","We are at Tysons-Pimmit Regional Library in the park behind the library! Practice starts at 6pm and goes until we run out of active fighters or we get close to dark! Time : 1800 - 2100 (or Dark) Location : 7584 Leesburg Pike, Falls Church, VA 22043 We suggest parking at the library and walking down the hill (paved path) to our gathering spot. Practice is geared to developing beginning and intermediate fighters through intensive hands on training with experienced instructors, as well to providing ample opportunity for more advanced fighters to spar with knight level combatants. All are welcome. We also use this space and time for social gatherings as well as Arts and Sciences! [RECURRING — also on: 25 Jun 2026, 2 Jul 2026, 9 Jul 2026, 16 Jul 2026, 23 Jul 2026]","","","Barony of Ponte Alto","baronial","False","38.9069368","-77.2064356","ok"
"Outlands - Battlemoor","2026-06-23 00:00:00","2026-06-28 00:00:00","Golden Eagle Campground, 710 Rock Creek Canyon Rd, Colorado Springs, CO, 800926","710 Rock Creek Canyon Rd, Colorado Springs, CO, 800926","high","Hosted by: the Outlands | Website:","https://www.outlands.org/","","Kingdom of Calontir","kingdom","False","38.8339578","-104.825348","ok_retry"
"Outlands 40th Year Celebration","2026-10-01 15:00:00","2026-10-05 23:00:00","New Mexico","New Mexico","low","Come celebrate the 40th anniversary of the creation of the Kingdom of the Outlands. Please come join us to revel in the Glory of Green and Gold for our 40th Anniversary!See the Might of the Stag Army: Archery, Thrown Weapons, Equestrian, Armored and Rapier Combat.Drown yourself in the richness and skill of our Artisans with in-depth classes.Treat your tastebuds with the astounding exploration of different regions and periods of food.Be prepared for fun shenanigans and surprises galore! Event Website Event Steward Admission Adult $40 Adult Member $30Youth 16-18 $15Feast $10 for 16+Under 16 free Preregistration will be available soon. Preregister Volunteers Welcome Information for volunteering will be available soon. Additional Information Site Directions:From North:Take I-25 South to exit 136Turn Right on CO- 83 SLeft on Hodgen RdRight on EastonvilleLeft on Murray RdRight on Peyton HwyLeft on US 24 ERight on Boulder StLeft on 10thEntrance on Right From South:Take I-25 North to exit 135Take the Milton E. Proby Parkway exit toward AirportTurn Left on CO- 21 N (Powers Blvd)Take Exit 141 EastRight on Boulder StLeft on 10thEntrance on Right","https://www.outlands.org/event/outlands-40th-year-celebration/","","Kingdom of the Outlands","kingdom","False","34.5802074","-105.996047","ok"
"PENNSIC WAR","2026-07-24","2026-08-10","Cooper's Lake Campground 205 Currie Rd Slippery Rock, PA 16057 US","205 Currie Rd Slippery Rock, PA 16057 US","high","","http://www.eastkingdom.org/EventDetails.php?eid=4570","","Kingdom of the East","kingdom","False","40.9749376","-80.138691","ok"
"Pandhandle Skirmishes 2027","2027-01-08 00:00:00","2027-01-08 00:00:00","","","empty","Hosted by TBD","","","Kingdom of Meridies","kingdom","False","","","skipped"
"Panhandle Skirmishes 2027","2027-01-08 00:00:00","2027-01-08 00:00:00","Compass Lake In the Hills, 645 Compass Lake Dr, Alford, FL 32420, USA","645 Compass Lake Dr, Alford, FL 32420, USA","high","Hosted by Kingdom of Trimaris","","","Kingdom of Meridies","kingdom","False","30.6936569","-85.3918968","ok_retry"
"Pax Interruptus and Baronial Investiture","2026-06-26 22:00:00","2026-06-28 00:00:00","Camp Whitman on Seneca lake, 150 Whitman Rd, Penn Yan, NY, 14527, United States","150 Whitman Rd, Penn Yan, NY, 14527, United States","high","Additional Notes on Flames: While camping, fires are permitted in designated fire rings. Royal Progress: The Barony of Thescorre cordially invites you to Pax Interruptus and the Baronial Investiture, to be held June 26–27. Site opens at 6:00 p.m. on June 26 and closes at 8:00 p.m. on June 27th. Join us for an overnight camping event featuring heavy combat, combat archery, siege, fencing, target archery, thrown weapons, merchants, Bardic, and A&S. The event will take place at Camp Whitman on Seneca Lake, 150 Whitman Rd., Penn Yan, NY 14527. Breakfast and lunch are included in the site fee. This year, we will honor the service of Baron Andriu and Baroness Nuzha as they retire, and we will welcome our incoming Baronage","https://aethelmearc.org/event/pax-interruptus-and-baronial-investiture/","","Kingdom of AEthelmearc","kingdom","False","42.6547492","-77.0563211","ok_retry"
"Pelican Council","2026-08-16","2026-08-17","","","empty","If any member of the populace wishes to write a letter of recommendation to the Pelican Council, you may email that by August 1 to the Secretary of the Order at","","","Kingdom of Caid","kingdom","False","","","skipped"
"Pelican Council (Public Notification)","2026-06-11 19:00:00","2026-06-11 20:00:00","","","empty","Members of the Order of the Pelican Only Log in to your Order email, visit Classrooms or the Order FB groups to access the link to the meeting","https://westkingdom.org/event/pelican-council-public-notification/","","Kingdom of the West","kingdom","False","","","skipped"
"Pennsic War","2026-07-24","2026-08-10","","","empty","","https://www.atenveldt.org/event/pennsic-war/","","Kingdom of Atenveldt","kingdom","False","","","skipped"
"Pennsic War","2026-07-24","2026-08-10","","","empty","","","","Kingdom of Northshield","kingdom","False","","","skipped"
"Pennsic War","2026-07-25 00:00:00","2026-07-25 00:00:00","Cooper's Lake, 205 Currie Road, Slipery Rock, PA 16057","205 Currie Road, Slipery Rock, PA 16057","high","","","","Kingdom of the Middle","kingdom","False","40.9749376","-80.138691","ok_photon"
"Pennsic War (OOK)","2026-07-25","2026-08-11","205 Currie Rd, Slippery Rock, PA 16057, USA","205 Currie Rd, Slippery Rock, PA 16057, USA","high","","https://www.pennsicwar.org","","Kingdom of Artemisia","kingdom","False","40.9749376","-80.138691","ok"
"Pennsic War 53","2026-07-24 00:00:00","2026-08-09 00:00:00","","","empty","Hosted by: Æthelmearc | Website:","https://aethelmearc.org/","","Kingdom of Calontir","kingdom","False","","","skipped"
"Pennsic War 53","2026-07-24","2026-08-10","205 Currie Rd., Slippery Rock, PA","205 Currie Rd., Slippery Rock, PA","high","Website:","https://www.pennsicwar.org/","","Barony of Black Diamond","baronial","False","","","failed"
"Pennsic War 53","2026-07-24","2026-08-10","Cooper’s Lake Campground, 205 Currie Road, Slippery Rock, PA, 16057, United States","205 Currie Road, Slippery Rock, PA, 16057, United States","high","Home Royal Progress:","https://aethelmearc.org/event/pennsic-war-53/","","Kingdom of AEthelmearc","kingdom","False","40.9749376","-80.138691","ok"
"Pennsic War LIII","2026-07-24 00:00:00","2026-08-09 23:59:59","Coopers Lake Campground, 205 Currie Rd, Slippery Rock, PA, 16057, United States","205 Currie Rd, Slippery Rock, PA, 16057, United States","high","","https://trimaris.org/event/pennsic-war-liv/","","Kingdom of Trimaris","kingdom","False","40.9751016","-80.1381864","ok"
"Pennsic War LIV","2027-07-30 00:00:00","2027-08-15 23:59:59","Coopers Lake Campground, 205 Currie Rd, Slippery Rock, PA, 16057, United States","205 Currie Rd, Slippery Rock, PA, 16057, United States","high","","https://trimaris.org/event/pennsic-war-lv/","","Kingdom of Trimaris","kingdom","False","40.9751016","-80.1381864","ok"
"Pentathlon (KINGDOM)","2027-06-05","2027-06-06","","","empty","","","","Kingdom of Caid","kingdom","False","","","skipped"
"Perfectly Period Ottoman Feast (Angels)","2026-08-22 21:00:00","2026-08-23 04:00:00","St Luke's Episcopal Church, 122 California Ave, Monrovia, CA 91016, USA","122 California Ave, Monrovia, CA 91016, USA","high","Perfectly Period Feast (or Plausibly Period Feast), known as PPF, is a feasting event that creates as period as possible immersion in a particular time and place. Our first ever PPF in Caid is recreating the Ottoman Empire at the height of Suleiman the Magnificent’s reign in the 1550s. WHEN: Saturday, August 22, 2026 from 2-9 PM WHERE: St. Luke’s Episcopal Church, 122 California Ave, Monrovia CA 91016 The food and style of service will be Ottoman, the garb will be Ottoman, the music will be Ottoman, everything will all blend together to create historical immersion to the best of our ability. To that end, we ask that attendees also come prepared to contribute to this wonderful experience. Please come attired appropriately, prepared for handwashing ceremonies, sitting down on sumptuous rugs and pillows, eating 20 dishes of 16th century Ottoman food with one’s fingers, and enjoying the ambience and company. This is an elaborate feast, and for resource purposes capped at 50 diners. So please reserve your spot early! For more information, as well as educational materials to help you prepare, please visit SCHEDULE 2 PM - Site Opens 2:30-3:30 PM - Educational class to set the stage 4 PM - Food Service begins 7 PM - Food Service ends 7-9 PM - Drinks and Post-dinner entertainment 10 PM - Site Closes SITE INFO/RESTRICTIONS: This is a discretely damp site. We are planning to offer small quantities of alcoholic beverages as period appropriate, and they are only permitted in the feast hall. Smoking and vaping are prohibited anywhere on the church grounds (inside, outside, or parking lot). EVENT STEWARD and EMAIL: Elisheva bat Yisrael, REGISTRATION: Limited to 50 diners. Pre-registration mandatory: Check or Electronic Payment. Adult registration $85. Adult member discount registration $75. Servers and Chefs registration $25 (members only). Sign-ups for Servers and Chefs are nearly full, contact the Event Steward to see if spots are remaining. No price discount for children. If you register and select to pay by Check, checks must be sent to: Angels Exchequer, 201 E. 4th Street, Azusa, CA 91702. Checks made out to “SCA Inc./Barony of the Angels.” If paying by check, include both SCA and modern name and your local barony or shire in the Memo. Pre-Registration is available on the event website: REFUND POLICY: If you need to cancel your reservation, you may do so 30-days in advance for a refund, minus $10 mandatory processing fee. The 30-day refund deadline is July 23, 2026. We ask for this large window so that we can find other diners to take your place, with enough time that they could reasonably prepare for the event (including preparing appropriate garb, etc.). Cancellation two weeks in advance of the event may be done for a refund minus $20. This refund deadline is August 8, 2026. No refunds will be issued after August 8, 2026. Refunds will only be made via a paper check. No cash or credit card refunds! That is, regardless of how you paid your registration, any money returned to you will be in the form of a check. All event refund requests can either be emailed to: Angels Exchequer, - caid.org or Elisheva bat Yisrael, at or mailed via USPS and postmarked no later than the above deadlines to this address: Angels Exchequer, 201 E. 4th Street, Azusa, CA 91702. Upon approval of your refund request: refunds will only be made to the person whose name is on the original transaction (ie. the name on the electronic payment method, or the name on the check). Please provide the modern name that was used on your original registration form and a complete and valid mailing address with your request. Refund requests received between July 24 and August 8 might not be fully processed until after the event. DIRECTIONS: Take your favorite route to the 210 freeway to Monrovia. From the east: take the Mountain Ave exit and turn right at the end of the offramp. Continue on Mountain Ave and turn left on Foothill Blvd. The church parking lot will be on your left at the corner of Foothill and California. From the north: take the Myrtle Ave exit and turn left at the end of the offramp. Continue on Myrtle Ave and turn right on Foothill Blvd. The church parking lot will be on your right at the corner of Foothill and California","https://ppf-caid.org/","","Kingdom of Caid","kingdom","False","34.1507311","-117.995063","ok"
"Pferdestadt Rapier Classic","2026-09-12 00:00:00","2026-09-12 00:00:00","Steve Young Memorial Lodge 24, 5327 Harding Hwy E Caledonia, OH 43314","5327 Harding Hwy E Caledonia, OH 43314","high","","","","Kingdom of the Middle","kingdom","False","40.6308889","-82.9856123","ok"
"Pirate for a Day 7: All is Fair in Rum and War","2026-09-12","2026-09-13","3102 Deer Forest Rd, Makinen, MN 55763, USA","3102 Deer Forest Rd, Makinen, MN 55763, USA","high","","","","Kingdom of Northshield","kingdom","False","47.3571518","-92.367684","ok_retry"
"Pluck Yew 2026","2026-10-09 08:00:00","2026-10-11 17:00:00","Hunter’s Glade, 13159 Old Settlement Rd, FL, 32309, United States","13159 Old Settlement Rd, FL, 32309, United States","high","","https://trimaris.org/event/pluck-yew-2026/","","Kingdom of Trimaris","kingdom","False","30.554483","-84.0498534","ok"
"Ponte Alto Fighter Practice (RECURRING)","2026-05-31 16:00:00","2026-05-31 20:00:00","Tysons-Pimmit Regional Library, 7584 Leesburg Pike, Falls Church, VA 22043, USA","7584 Leesburg Pike, Falls Church, VA 22043, USA","high","We are at Tysons Pimmit Park in the great outdoors! Time : 1200-1600 Location : 7584 Leesburg Pike, Falls Church, VA 22043 Practice is geared to developing beginning and intermediate fighters through intensive hands on training with experienced instructors, as well to providing ample opportunity for more advanced fighters to spar with knight level combatants. All are welcome. It is suggested to park at the library and just walk down to the park as that puts you closes to our gathering point [RECURRING — also on: 31 May 2026, 7 Jun 2026, 14 Jun 2026, 21 Jun 2026, 28 Jun 2026, 5 Jul 2026, 12 Jul 2026, 19 Jul 2026, 26 Jul 2026]","","","Barony of Ponte Alto","baronial","False","38.9069368","-77.2064356","ok"
"Poor Man's Pennsic","2026-08-14","2026-08-17","Grand Rapids Park 2411 36th St. S. Wisconsin Rapids, WI 54494","2411 36th St. S. Wisconsin Rapids, WI 54494","high","","","","Kingdom of Northshield","kingdom","False","44.362508","-89.7806215","ok"
"Potrero War (Calafia)","2027-05-27","2027-06-01","","San Diego, California","low","","","","Kingdom of Caid","kingdom","False","32.7174202","-117.162772","ok"
"Potted Arms and Fancy Faire: Summer In Bloom ***Now with FENCING TOURNEY DETAILS***","2026-06-06","2026-06-07","Unitarian Universalist Fellowship of Huntington 109 Browns Road Huntington, NY 11743 US","109 Browns Road Huntington, NY 11743 US","high","","http://www.eastkingdom.org/EventDetails.php?eid=4563","","Kingdom of the East","kingdom","False","40.8913746","-73.4369838","ok"
"Practicum of the Sword (Starkhafn)","2026-11-21","2026-11-23","","Las Vegas, Nevada","low","","","","Kingdom of Caid","kingdom","False","36.1674263","-115.1484131","ok_photon"
"Privy Council (Darach)","2026-10-04","2026-10-05","","Ventura, California","low","","","","Kingdom of Caid","kingdom","False","34.4458248","-119.0779359","ok"
"Privy Council (Host: Lyondemere)","2027-04-11","2027-04-12","","Long Beach, California","low","","","","Kingdom of Caid","kingdom","False","33.7690164","-118.191604","ok_photon"
"Procrastinators Paradise- Last Chance Authorizations and Sewing Day (Dun Carraig)","2026-07-18","2026-07-19","Good Samaritan Presbyterian Church, 13025 Good Samaritan Dr, Waldorf, MD, 20601","13025 Good Samaritan Dr, Waldorf, MD, 20601","high","Join us for a day of frantic sewing, good food, good folks, and all the authorizations your heart desires.","https://atlantia.sca.org/event/?event_id=69a8cdbd","","Kingdom of Atlantia","kingdom","False","38.5754323","-76.860276","ok"
"Project Day 1","2026-06-27 17:00:00","2026-06-28 01:00:00","Cheverly Community Center, 6401 Forest Rd, Cheverly, MD 20785, USA","6401 Forest Rd, Cheverly, MD 20785, USA","high","Join your friends and work on your projects. We will have the gym as well as the pavilion available. This is a great opportunity to make/fix garb, make/fix armor, work on an A&S project. We will have lots of tables for people to set up a machine, some tables and floor space for cutting fabric, ironing station. The fighters asked for out door space for fixing armor (it can be loud). There will be a pot luck, bring a dish to share","","","Barony of Storvik","baronial","False","38.9237974","-76.9057402","ok"
"Project Day 2","2026-07-03 19:00:00","2026-07-04 01:00:00","Cheverly Community Center, 6401 Forest Rd, Cheverly, MD 20785, USA","6401 Forest Rd, Cheverly, MD 20785, USA","high","Join your friends and work on your projects. We will have the gym as well as the pavilion available. This is a great opportunity to make/fix garb, make/fix armor, work on an A&S project. We will have lots of tables for people to set up a machine, some tables and floor space for cutting fabric, ironing station. The fighters asked for out door space for fixing armor (it can be loud). There will be a pot luck, bring a dish to share Note that the gym will be available on July 4. You can leave your project over night on July 3","","","Barony of Storvik","baronial","False","38.9237974","-76.9057402","ok"
"Project Day 3","2026-07-04 14:00:00","2026-07-05 01:00:00","Cheverly Community Center, 6401 Forest Rd, Cheverly, MD 20785, USA","6401 Forest Rd, Cheverly, MD 20785, USA","high","Join your friends and work on your projects. We will have the gym as well as the pavilion available. This is a great opportunity to make/fix garb, make/fix armor, work on an A&S project. We will have lots of tables for people to set up a machine, some tables and floor space for cutting fabric, ironing station. The fighters asked for out door space for fixing armor (it can be loud). There will be a pot luck, bring a dish to share Note that the gym will be available on July 4. You can leave your project over night on July 3","","","Barony of Storvik","baronial","False","38.9237974","-76.9057402","ok"
"Project Day 4","2026-07-11 17:00:00","2026-07-12 01:00:00","Cheverly Community Center, 6401 Forest Rd, Cheverly, MD 20785, USA","6401 Forest Rd, Cheverly, MD 20785, USA","high","Join your friends and work on your projects. We will have the gym as well as the pavilion available. This is a great opportunity to make/fix garb, make/fix armor, work on an A&S project. We will have lots of tables for people to set up a machine, some tables and floor space for cutting fabric, ironing station. The fighters asked for out door space for fixing armor (it can be loud). There will be a pot luck, bring a dish to share Note that the gym will be available on July 4. You can leave your project over night on July 3","","","Barony of Storvik","baronial","False","38.9237974","-76.9057402","ok"
"Province of Southern Shores Business Meeting (San Jose, CA Area)","2026-06-15 19:00:00","2026-06-15 20:00:00","","","empty","West Kingdom Zoom is inviting you to a scheduled Zoom meeting. Topic: Province of Southern Shores Business Meeting Time: This is a recurring meeting Meet anytime Join Zoom Meeting Meeting ID: 878 8772 5078 Passcode: 1066 — One tap mobile +16694449171,,87887725078#,,,,*1066# US +16699006833,,87887725078#,,,,*1066# US (San Jose) — Dial by your location • +1 US • +1 US (San Jose) • +1 US (Houston) • +1 US • +1 US • +1 US (Tacoma) • +1 US • +1 US • +1 US (Chicago) • +1 US • +1 US • +1 US • +1 US • +1 US • +1 US • +1 US (New York) • +1 US (Washington DC) Meeting ID: 878 8772 5078 Passcode: 1066","https://us06web.zoom.us/j/87887725078?pwd=cXJIYVFZUGFjTEJTU2RtV1pGOTdHQT09","","Kingdom of the West","kingdom","True","","","skipped"
"Province of Southern Shores Business Meeting (San Jose, CA Area)","2026-07-20 19:00:00","2026-07-20 20:00:00","","","empty","West Kingdom Zoom is inviting you to a scheduled Zoom meeting. Topic: Province of Southern Shores Business Meeting Time: This is a recurring meeting Meet anytime Join Zoom Meeting Meeting ID: 878 8772 5078 Passcode: 1066 — One tap mobile +16694449171,,87887725078#,,,,*1066# US +16699006833,,87887725078#,,,,*1066# US (San Jose) — Dial by your location • +1 US • +1 US (San Jose) • +1 US (Houston) • +1 US • +1 US • +1 US (Tacoma) • +1 US • +1 US • +1 US (Chicago) • +1 US • +1 US • +1 US • +1 US • +1 US • +1 US • +1 US (New York) • +1 US (Washington DC) Meeting ID: 878 8772 5078 Passcode: 1066","https://us06web.zoom.us/j/87887725078?pwd=cXJIYVFZUGFjTEJTU2RtV1pGOTdHQT09","","Kingdom of the West","kingdom","True","","","skipped"
"Province of Southern Shores Business Meeting (San Jose, CA Area)","2026-08-17 19:00:00","2026-08-17 20:00:00","","","empty","West Kingdom Zoom is inviting you to a scheduled Zoom meeting. Topic: Province of Southern Shores Business Meeting Time: This is a recurring meeting Meet anytime Join Zoom Meeting Meeting ID: 878 8772 5078 Passcode: 1066 — One tap mobile +16694449171,,87887725078#,,,,*1066# US +16699006833,,87887725078#,,,,*1066# US (San Jose) — Dial by your location • +1 US • +1 US (San Jose) • +1 US (Houston) • +1 US • +1 US • +1 US (Tacoma) • +1 US • +1 US • +1 US (Chicago) • +1 US • +1 US • +1 US • +1 US • +1 US • +1 US • +1 US (New York) • +1 US (Washington DC) Meeting ID: 878 8772 5078 Passcode: 1066","https://us06web.zoom.us/j/87887725078?pwd=cXJIYVFZUGFjTEJTU2RtV1pGOTdHQT09","","Kingdom of the West","kingdom","True","","","skipped"
"Province of Southern Shores Business Meeting (San Jose, CA Area)","2026-09-21 19:00:00","2026-09-21 20:00:00","","","empty","West Kingdom Zoom is inviting you to a scheduled Zoom meeting. Topic: Province of Southern Shores Business Meeting Time: This is a recurring meeting Meet anytime Join Zoom Meeting Meeting ID: 878 8772 5078 Passcode: 1066 — One tap mobile +16694449171,,87887725078#,,,,*1066# US +16699006833,,87887725078#,,,,*1066# US (San Jose) — Dial by your location • +1 US • +1 US (San Jose) • +1 US (Houston) • +1 US • +1 US • +1 US (Tacoma) • +1 US • +1 US • +1 US (Chicago) • +1 US • +1 US • +1 US • +1 US • +1 US • +1 US • +1 US (New York) • +1 US (Washington DC) Meeting ID: 878 8772 5078 Passcode: 1066","https://us06web.zoom.us/j/87887725078?pwd=cXJIYVFZUGFjTEJTU2RtV1pGOTdHQT09","","Kingdom of the West","kingdom","True","","","skipped"
"Province of Southern Shores Business Meeting (San Jose, CA Area)","2026-10-19 19:00:00","2026-10-19 20:00:00","","","empty","West Kingdom Zoom is inviting you to a scheduled Zoom meeting. Topic: Province of Southern Shores Business Meeting Time: This is a recurring meeting Meet anytime Join Zoom Meeting Meeting ID: 878 8772 5078 Passcode: 1066 — One tap mobile +16694449171,,87887725078#,,,,*1066# US +16699006833,,87887725078#,,,,*1066# US (San Jose) — Dial by your location • +1 US • +1 US (San Jose) • +1 US (Houston) • +1 US • +1 US • +1 US (Tacoma) • +1 US • +1 US • +1 US (Chicago) • +1 US • +1 US • +1 US • +1 US • +1 US • +1 US • +1 US (New York) • +1 US (Washington DC) Meeting ID: 878 8772 5078 Passcode: 1066","https://us06web.zoom.us/j/87887725078?pwd=cXJIYVFZUGFjTEJTU2RtV1pGOTdHQT09","","Kingdom of the West","kingdom","True","","","skipped"
"Province of Southern Shores Business Meeting (San Jose, CA Area)","2026-11-16 19:00:00","2026-11-16 20:00:00","","","empty","West Kingdom Zoom is inviting you to a scheduled Zoom meeting. Topic: Province of Southern Shores Business Meeting Time: This is a recurring meeting Meet anytime Join Zoom Meeting Meeting ID: 878 8772 5078 Passcode: 1066 — One tap mobile +16694449171,,87887725078#,,,,*1066# US +16699006833,,87887725078#,,,,*1066# US (San Jose) — Dial by your location • +1 US • +1 US (San Jose) • +1 US (Houston) • +1 US • +1 US • +1 US (Tacoma) • +1 US • +1 US • +1 US (Chicago) • +1 US • +1 US • +1 US • +1 US • +1 US • +1 US • +1 US (New York) • +1 US (Washington DC) Meeting ID: 878 8772 5078 Passcode: 1066","https://us06web.zoom.us/j/87887725078?pwd=cXJIYVFZUGFjTEJTU2RtV1pGOTdHQT09","","Kingdom of the West","kingdom","True","","","skipped"
"Province of Southern Shores Business Meeting (San Jose, CA Area)","2026-12-21 19:00:00","2026-12-21 20:00:00","","","empty","West Kingdom Zoom is inviting you to a scheduled Zoom meeting. Topic: Province of Southern Shores Business Meeting Time: This is a recurring meeting Meet anytime Join Zoom Meeting Meeting ID: 878 8772 5078 Passcode: 1066 — One tap mobile +16694449171,,87887725078#,,,,*1066# US +16699006833,,87887725078#,,,,*1066# US (San Jose) — Dial by your location • +1 US • +1 US (San Jose) • +1 US (Houston) • +1 US • +1 US • +1 US (Tacoma) • +1 US • +1 US • +1 US (Chicago) • +1 US • +1 US • +1 US • +1 US • +1 US • +1 US • +1 US (New York) • +1 US (Washington DC) Meeting ID: 878 8772 5078 Passcode: 1066","https://us06web.zoom.us/j/87887725078?pwd=cXJIYVFZUGFjTEJTU2RtV1pGOTdHQT09","","Kingdom of the West","kingdom","True","","","skipped"
"Province of Southern Shores Business Meeting (San Jose, CA Area)","2027-01-18 19:00:00","2027-01-18 20:00:00","","","empty","West Kingdom Zoom is inviting you to a scheduled Zoom meeting. Topic: Province of Southern Shores Business Meeting Time: This is a recurring meeting Meet anytime Join Zoom Meeting Meeting ID: 878 8772 5078 Passcode: 1066 — One tap mobile +16694449171,,87887725078#,,,,*1066# US +16699006833,,87887725078#,,,,*1066# US (San Jose) — Dial by your location • +1 US • +1 US (San Jose) • +1 US (Houston) • +1 US • +1 US • +1 US (Tacoma) • +1 US • +1 US • +1 US (Chicago) • +1 US • +1 US • +1 US • +1 US • +1 US • +1 US • +1 US (New York) • +1 US (Washington DC) Meeting ID: 878 8772 5078 Passcode: 1066","https://us06web.zoom.us/j/87887725078?pwd=cXJIYVFZUGFjTEJTU2RtV1pGOTdHQT09","","Kingdom of the West","kingdom","True","","","skipped"
"Province of Southern Shores Business Meeting (San Jose, CA Area)","2027-02-15 19:00:00","2027-02-15 20:00:00","","","empty","West Kingdom Zoom is inviting you to a scheduled Zoom meeting. Topic: Province of Southern Shores Business Meeting Time: This is a recurring meeting Meet anytime Join Zoom Meeting Meeting ID: 878 8772 5078 Passcode: 1066 — One tap mobile +16694449171,,87887725078#,,,,*1066# US +16699006833,,87887725078#,,,,*1066# US (San Jose) — Dial by your location • +1 US • +1 US (San Jose) • +1 US (Houston) • +1 US • +1 US • +1 US (Tacoma) • +1 US • +1 US • +1 US (Chicago) • +1 US • +1 US • +1 US • +1 US • +1 US • +1 US • +1 US (New York) • +1 US (Washington DC) Meeting ID: 878 8772 5078 Passcode: 1066","https://us06web.zoom.us/j/87887725078?pwd=cXJIYVFZUGFjTEJTU2RtV1pGOTdHQT09","","Kingdom of the West","kingdom","True","","","skipped"
"Province of Southern Shores Business Meeting (San Jose, CA Area)","2027-03-15 19:00:00","2027-03-15 20:00:00","","","empty","West Kingdom Zoom is inviting you to a scheduled Zoom meeting. Topic: Province of Southern Shores Business Meeting Time: This is a recurring meeting Meet anytime Join Zoom Meeting Meeting ID: 878 8772 5078 Passcode: 1066 — One tap mobile +16694449171,,87887725078#,,,,*1066# US +16699006833,,87887725078#,,,,*1066# US (San Jose) — Dial by your location • +1 US • +1 US (San Jose) • +1 US (Houston) • +1 US • +1 US • +1 US (Tacoma) • +1 US • +1 US • +1 US (Chicago) • +1 US • +1 US • +1 US • +1 US • +1 US • +1 US • +1 US (New York) • +1 US (Washington DC) Meeting ID: 878 8772 5078 Passcode: 1066","https://us06web.zoom.us/j/87887725078?pwd=cXJIYVFZUGFjTEJTU2RtV1pGOTdHQT09","","Kingdom of the West","kingdom","True","","","skipped"
"Province of Southern Shores Business Meeting (San Jose, CA Area)","2027-04-19 19:00:00","2027-04-19 20:00:00","","","empty","West Kingdom Zoom is inviting you to a scheduled Zoom meeting. Topic: Province of Southern Shores Business Meeting Time: This is a recurring meeting Meet anytime Join Zoom Meeting Meeting ID: 878 8772 5078 Passcode: 1066 — One tap mobile +16694449171,,87887725078#,,,,*1066# US +16699006833,,87887725078#,,,,*1066# US (San Jose) — Dial by your location • +1 US • +1 US (San Jose) • +1 US (Houston) • +1 US • +1 US • +1 US (Tacoma) • +1 US • +1 US • +1 US (Chicago) • +1 US • +1 US • +1 US • +1 US • +1 US • +1 US • +1 US (New York) • +1 US (Washington DC) Meeting ID: 878 8772 5078 Passcode: 1066","https://us06web.zoom.us/j/87887725078?pwd=cXJIYVFZUGFjTEJTU2RtV1pGOTdHQT09","","Kingdom of the West","kingdom","True","","","skipped"
"Province of Southern Shores Business Meeting (San Jose, CA Area)","2027-05-17 19:00:00","2027-05-17 20:00:00","","","empty","West Kingdom Zoom is inviting you to a scheduled Zoom meeting. Topic: Province of Southern Shores Business Meeting Time: This is a recurring meeting Meet anytime Join Zoom Meeting Meeting ID: 878 8772 5078 Passcode: 1066 — One tap mobile +16694449171,,87887725078#,,,,*1066# US +16699006833,,87887725078#,,,,*1066# US (San Jose) — Dial by your location • +1 US • +1 US (San Jose) • +1 US (Houston) • +1 US • +1 US • +1 US (Tacoma) • +1 US • +1 US • +1 US (Chicago) • +1 US • +1 US • +1 US • +1 US • +1 US • +1 US • +1 US (New York) • +1 US (Washington DC) Meeting ID: 878 8772 5078 Passcode: 1066","https://us06web.zoom.us/j/87887725078?pwd=cXJIYVFZUGFjTEJTU2RtV1pGOTdHQT09","","Kingdom of the West","kingdom","True","","","skipped"
"Province of Southern Shores Business Meeting (San Jose, CA Area)","2027-06-21 19:00:00","2027-06-21 20:00:00","","","empty","West Kingdom Zoom is inviting you to a scheduled Zoom meeting. Topic: Province of Southern Shores Business Meeting Time: This is a recurring meeting Meet anytime Join Zoom Meeting Meeting ID: 878 8772 5078 Passcode: 1066 — One tap mobile +16694449171,,87887725078#,,,,*1066# US +16699006833,,87887725078#,,,,*1066# US (San Jose) — Dial by your location • +1 US • +1 US (San Jose) • +1 US (Houston) • +1 US • +1 US • +1 US (Tacoma) • +1 US • +1 US • +1 US (Chicago) • +1 US • +1 US • +1 US • +1 US • +1 US • +1 US • +1 US (New York) • +1 US (Washington DC) Meeting ID: 878 8772 5078 Passcode: 1066","https://us06web.zoom.us/j/87887725078?pwd=cXJIYVFZUGFjTEJTU2RtV1pGOTdHQT09","","Kingdom of the West","kingdom","True","","","skipped"
"Province of Southern Shores Business Meeting (San Jose, CA Area)","2027-07-19 19:00:00","2027-07-19 20:00:00","","","empty","West Kingdom Zoom is inviting you to a scheduled Zoom meeting. Topic: Province of Southern Shores Business Meeting Time: This is a recurring meeting Meet anytime Join Zoom Meeting Meeting ID: 878 8772 5078 Passcode: 1066 — One tap mobile +16694449171,,87887725078#,,,,*1066# US +16699006833,,87887725078#,,,,*1066# US (San Jose) — Dial by your location • +1 US • +1 US (San Jose) • +1 US (Houston) • +1 US • +1 US • +1 US (Tacoma) • +1 US • +1 US • +1 US (Chicago) • +1 US • +1 US • +1 US • +1 US • +1 US • +1 US • +1 US (New York) • +1 US (Washington DC) Meeting ID: 878 8772 5078 Passcode: 1066","https://us06web.zoom.us/j/87887725078?pwd=cXJIYVFZUGFjTEJTU2RtV1pGOTdHQT09","","Kingdom of the West","kingdom","True","","","skipped"
"Province of Southern Shores Business Meeting (San Jose, CA Area)","2027-08-16 19:00:00","2027-08-16 20:00:00","","","empty","West Kingdom Zoom is inviting you to a scheduled Zoom meeting. Topic: Province of Southern Shores Business Meeting Time: This is a recurring meeting Meet anytime Join Zoom Meeting Meeting ID: 878 8772 5078 Passcode: 1066 — One tap mobile +16694449171,,87887725078#,,,,*1066# US +16699006833,,87887725078#,,,,*1066# US (San Jose) — Dial by your location • +1 US • +1 US (San Jose) • +1 US (Houston) • +1 US • +1 US • +1 US (Tacoma) • +1 US • +1 US • +1 US (Chicago) • +1 US • +1 US • +1 US • +1 US • +1 US • +1 US • +1 US (New York) • +1 US (Washington DC) Meeting ID: 878 8772 5078 Passcode: 1066","https://us06web.zoom.us/j/87887725078?pwd=cXJIYVFZUGFjTEJTU2RtV1pGOTdHQT09","","Kingdom of the West","kingdom","True","","","skipped"
"Province of Southern Shores Business Meeting (San Jose, CA Area)","2027-09-20 19:00:00","2027-09-20 20:00:00","","","empty","West Kingdom Zoom is inviting you to a scheduled Zoom meeting. Topic: Province of Southern Shores Business Meeting Time: This is a recurring meeting Meet anytime Join Zoom Meeting Meeting ID: 878 8772 5078 Passcode: 1066 — One tap mobile +16694449171,,87887725078#,,,,*1066# US +16699006833,,87887725078#,,,,*1066# US (San Jose) — Dial by your location • +1 US • +1 US (San Jose) • +1 US (Houston) • +1 US • +1 US • +1 US (Tacoma) • +1 US • +1 US • +1 US (Chicago) • +1 US • +1 US • +1 US • +1 US • +1 US • +1 US • +1 US (New York) • +1 US (Washington DC) Meeting ID: 878 8772 5078 Passcode: 1066","https://us06web.zoom.us/j/87887725078?pwd=cXJIYVFZUGFjTEJTU2RtV1pGOTdHQT09","","Kingdom of the West","kingdom","True","","","skipped"
"Province of Southern Shores Business Meeting (San Jose, CA Area)","2027-10-18 19:00:00","2027-10-18 20:00:00","","","empty","West Kingdom Zoom is inviting you to a scheduled Zoom meeting. Topic: Province of Southern Shores Business Meeting Time: This is a recurring meeting Meet anytime Join Zoom Meeting Meeting ID: 878 8772 5078 Passcode: 1066 — One tap mobile +16694449171,,87887725078#,,,,*1066# US +16699006833,,87887725078#,,,,*1066# US (San Jose) — Dial by your location • +1 US • +1 US (San Jose) • +1 US (Houston) • +1 US • +1 US • +1 US (Tacoma) • +1 US • +1 US • +1 US (Chicago) • +1 US • +1 US • +1 US • +1 US • +1 US • +1 US • +1 US (New York) • +1 US (Washington DC) Meeting ID: 878 8772 5078 Passcode: 1066","https://us06web.zoom.us/j/87887725078?pwd=cXJIYVFZUGFjTEJTU2RtV1pGOTdHQT09","","Kingdom of the West","kingdom","True","","","skipped"
"Province of Southern Shores Business Meeting (San Jose, CA Area)","2027-11-15 19:00:00","2027-11-15 20:00:00","","","empty","West Kingdom Zoom is inviting you to a scheduled Zoom meeting. Topic: Province of Southern Shores Business Meeting Time: This is a recurring meeting Meet anytime Join Zoom Meeting Meeting ID: 878 8772 5078 Passcode: 1066 — One tap mobile +16694449171,,87887725078#,,,,*1066# US +16699006833,,87887725078#,,,,*1066# US (San Jose) — Dial by your location • +1 US • +1 US (San Jose) • +1 US (Houston) • +1 US • +1 US • +1 US (Tacoma) • +1 US • +1 US • +1 US (Chicago) • +1 US • +1 US • +1 US • +1 US • +1 US • +1 US • +1 US (New York) • +1 US (Washington DC) Meeting ID: 878 8772 5078 Passcode: 1066","https://us06web.zoom.us/j/87887725078?pwd=cXJIYVFZUGFjTEJTU2RtV1pGOTdHQT09","","Kingdom of the West","kingdom","True","","","skipped"
"Province of Southern Shores Business Meeting (San Jose, CA Area)","2027-12-20 19:00:00","2027-12-20 20:00:00","","","empty","West Kingdom Zoom is inviting you to a scheduled Zoom meeting. Topic: Province of Southern Shores Business Meeting Time: This is a recurring meeting Meet anytime Join Zoom Meeting Meeting ID: 878 8772 5078 Passcode: 1066 — One tap mobile +16694449171,,87887725078#,,,,*1066# US +16699006833,,87887725078#,,,,*1066# US (San Jose) — Dial by your location • +1 US • +1 US (San Jose) • +1 US (Houston) • +1 US • +1 US • +1 US (Tacoma) • +1 US • +1 US • +1 US (Chicago) • +1 US • +1 US • +1 US • +1 US • +1 US • +1 US • +1 US (New York) • +1 US (Washington DC) Meeting ID: 878 8772 5078 Passcode: 1066","https://us06web.zoom.us/j/87887725078?pwd=cXJIYVFZUGFjTEJTU2RtV1pGOTdHQT09","","Kingdom of the West","kingdom","True","","","skipped"
"Province of Southern Shores Business Meeting (San Jose, CA Area)","2028-01-17 19:00:00","2028-01-17 20:00:00","","","empty","West Kingdom Zoom is inviting you to a scheduled Zoom meeting. Topic: Province of Southern Shores Business Meeting Time: This is a recurring meeting Meet anytime Join Zoom Meeting Meeting ID: 878 8772 5078 Passcode: 1066 — One tap mobile +16694449171,,87887725078#,,,,*1066# US +16699006833,,87887725078#,,,,*1066# US (San Jose) — Dial by your location • +1 US • +1 US (San Jose) • +1 US (Houston) • +1 US • +1 US • +1 US (Tacoma) • +1 US • +1 US • +1 US (Chicago) • +1 US • +1 US • +1 US • +1 US • +1 US • +1 US • +1 US (New York) • +1 US (Washington DC) Meeting ID: 878 8772 5078 Passcode: 1066","https://us06web.zoom.us/j/87887725078?pwd=cXJIYVFZUGFjTEJTU2RtV1pGOTdHQT09","","Kingdom of the West","kingdom","True","","","skipped"
"Purgatorio Coronation","2027-08-27 00:00:00","2027-08-29 23:59:59","","","empty","Save the Date","https://westkingdom.org/event/purgatorio-coronation/","","Kingdom of the West","kingdom","False","","","skipped"
"Purgatorio Coronation (N CA/NV)","2026-08-21 00:00:00","2026-08-23 23:59:59","","","empty","Save the Date","https://westkingdom.org/event/purgatorio-coronation-n-ca-nv/","","Kingdom of the West","kingdom","False","","","skipped"
"Push for Pennsic","2026-07-11 00:00:00","2026-07-11 00:00:00","Miami County Fairgrounds, 650 N County Rd 25A, Troy OH 45373","650 N County Rd 25A, Troy OH 45373","high","","","","Kingdom of the Middle","kingdom","False","40.0359883","-84.2116241","ok_retry"
"Queen's Prize","2027-11-20","2027-11-21","","","empty","","","","Kingdom of Artemisia","kingdom","False","","","skipped"
"Queen's Prize Tournament","2027-04-24 00:00:00","2027-04-24 00:00:00","Bremer County Fairgrounds, 300 39th St NE, Waverly, IA, 50677","300 39th St NE, Waverly, IA, 50677","high","Hosted by: Heraldshill | Website:","https://heraldshill.calontir.org","","Kingdom of Calontir","kingdom","False","42.7186214","-92.4256636","ok"
"Queen's Prize Tournament","2026-10-24","2026-10-25","Lindsay Rugby Football Club 47 Vince Jones Rd., Lindsay, ON, K9V 4R5","47 Vince Jones Rd., Lindsay, ON, K9V 4R5","high","October 24, 2026 Lindsay Rugby Football Club 47 Vince Jones Rd., Lindsay, ON, K9V 4R5 House Arrochar and the Shire of Bastille du Lac host Queen's Prize Tourney. Site opens : 9am Dayboard lunch included in registration fee. Adult members discount registration fee: $20 Adult registration fee: $30 Guests under 18- free of Charge wixsite.com/qpt2026 QPT Wrangler: Duchess Adrielle Kerric","https://baronessmatilda.wixsite.com/qpt2026?fbclid=IwZXh0bgNhZW0CMTAAYnJpZBExVVdySEMzYk5kUzBHY1owY3NydGMGYXBwX2lkEDIyMjAzOTE3ODgyMDA4OTIAAR4ar3RQQWf2QrTNtKWIxT0idayvKn7ZloGkSDVEcqqXuzWfTjDCi7X52bUCsw_aem_JtT4cpGokQvy7IP5fFJH_Q","","Kingdom of Ealdormere","kingdom","False","44.3551266","-78.7369939","ok_retry"
"Queen’s Champion","2026-11-14 06:00:00","2026-11-15 04:59:00","Knickerbocker Community Center 14499 FM-2335 San Angelo TX 76904","14499 FM-2335 San Angelo TX 76904","high","The Barony of Bonwicke will host the 2026 Fall Queen’s Champion to happen November 14th in San Angelo, TX. Lady Hrafna Sonja and Lord Connor Dupre will be the Event Stewards","","","Kingdom of Ansteorra","kingdom","False","31.4407678","-100.5198557","ok_photon"
"Quest - Gryphon's Lair","2027-06-26","2027-06-27","","","empty","","","","Kingdom of Artemisia","kingdom","False","","","skipped"
"Quest - Gryphon's Lair","2026-06-27","2026-06-28","Marquardt Park, 3240 Taylor Ave , Ogden, UT, 84401","3240 Taylor Ave, Ogden, UT, 84401","high","Quest.pdf","https://drive.google.com/file/d/1eXUNKBr7OHSUPTz0C7px4VPyhsTjizoe/view?usp=sharing","","Kingdom of Artemisia","kingdom","False","41.204778","-111.9401946","ok"
"Quest for Avalon ( Teufelberg )","2027-01-23 00:00:00","2027-01-23 23:59:59","","Antioch, California","low","Save the Date","https://westkingdom.org/event/quest-for-avalon-teufelberg/","","Kingdom of the West","kingdom","False","38.0093296","-121.8106925","ok"
"Quincy Fiber Crafting (RECURRING)","2026-06-11 22:30:00","2026-06-12 00:30:00","Thomas Crane Public Library","Thomas Crane Public Library","low","Join us at the Thomas Crane Public Library (Main Branch) in Quincy, MA for knitting, crochet, sewing, embroidery, and general fabric crafting! Stab, unstab, and gab! Bring extras from your stash if you'd like to exchange supplies! Event is T-accessible from the Quincy Center T stop. Take the Red Line (Braintree Branch) to Quincy Center. We will be meeting in the first floor conference room. Parking is also available [RECURRING — also on: 11 Jun 2026, 9 Jul 2026]","","","Barony of Carolingia","baronial","False","42.2515107","-71.0008246","ok"
"Quintavia Dance Practice","2026-06-09 23:00:00","2026-06-10 01:00:00","Mosaic Commons Cohousing Common House, 22 Village Ln, Berlin, MA 01503, USA","22 Village Ln, Berlin, MA 01503, USA","high","22 Village Ln, Berlin, MA 01503-1709 Health Acknowledgement By attending this event, you are confirming that you (as well as any minors that you are parent or guardian for): ➢ Are not experiencing symptoms of COVID-19 as identified by the Centers for Disease Control and Prevention at CDC.gov, including but not limited to: • Fever or chills • Dry cough, shortness of breath, or difficulty breathing • Muscle or body aches • New loss of sense of taste or smell; ➢ Have not been near someone with confirmed or suspected COVID-19 within the last 14 days without following CDC guidance for self-quarantine; ➢ Agree to follow all COVID safety restrictions imposed by the SCA, the event site, and/or local, state, provincial, or federal government or health authorities","","","Shire of Quintavia","baronial","False","42.3718222","-71.6262831","ok"
"Quintavia Dance Practice","2026-07-14 23:00:00","2026-07-15 01:00:00","Mosaic Commons Cohousing Common House, 22 Village Ln, Berlin, MA 01503, USA","22 Village Ln, Berlin, MA 01503, USA","high","22 Village Ln, Berlin, MA 01503-1709 Health Acknowledgement By attending this event, you are confirming that you (as well as any minors that you are parent or guardian for): ➢ Are not experiencing symptoms of COVID-19 as identified by the Centers for Disease Control and Prevention at CDC.gov, including but not limited to: • Fever or chills • Dry cough, shortness of breath, or difficulty breathing • Muscle or body aches • New loss of sense of taste or smell; ➢ Have not been near someone with confirmed or suspected COVID-19 within the last 14 days without following CDC guidance for self-quarantine; ➢ Agree to follow all COVID safety restrictions imposed by the SCA, the event site, and/or local, state, provincial, or federal government or health authorities","","","Shire of Quintavia","baronial","False","42.3718222","-71.6262831","ok"
"Quintavia Heavy List Practice (RECURRING)","2026-06-04 23:00:00","2026-06-05 01:30:00","69 Village Court Berlin Ma (Look for signs for Barn)","69 Village Court Berlin Ma (Look for signs for Barn)","high","See thursday practice notes for location Health Acknowledgement By attending this event, you are confirming that you (as well as any minors that you are parent or guardian for): Are not experiencing symptoms of COVID-19 as identified by the Centers for Disease Control and Prevention at CDC.gov, including but not limited to: Fever or chills Dry cough, shortness of breath, or difficulty breathing Muscle or body aches New loss of sense of taste or smell Have not been near someone with confirmed or suspected COVID-19 within the last 14 days without following CDC guidance for self-quarantine Agree to follow all COVID safety restrictions imposed by the SCA, the event site, and/or local, state, provincial, or federal government or health authorities. [RECURRING — also on: 4 Jun 2026, 11 Jun 2026, 18 Jun 2026, 25 Jun 2026, 2 Jul 2026, 9 Jul 2026, 16 Jul 2026, 23 Jul 2026]","https://www.google.com/maps/place/Camelot+Common+House,+69+Village+Ct,+Berlin,+MA+01503/@42.3737101,-71.6285009,17z/data=!3m1!4b1!4m5!3m4!1s0x89e3f3872e8ac249:0x91ed731c4eb94fae!8m2!3d42.3737062!4d-71.6263122","","Shire of Quintavia","baronial","False","42.3737385","-71.6263268","ok"
"Radburne War XVI (Dismal Fogs)","2026-08-21","2026-08-24","‘Dragon Hill’, 29L Gidgee Road, Dubbo NSW 2830 https://maps.app.goo.gl/NwbJaKmcAMZnK4pr7 Please note the Site is that of a Private Property Accessibility is moderate - everything is ground level but it is in a Paddock (Toilets are Portaloos on a trailer with steps)","‘Dragon Hill’, 29L Gidgee Road, Dubbo NSW 2830 https://maps.app.goo.gl/NwbJaKmcAMZnK4pr7 Please note the Site is that of a Private Property Accessibility is moderate - everything is ground level but it is in a Paddock (Toilets are Portaloos on a trailer with steps)","low","Come and join the Hamlet of Radburne for a weekend of war, feasting and frivolity! There will be a quest on Saturday night, lots of war, archery and hanging out with friends, old and new! There might even be some Equestrians in attendance. Free camping on site with caravan parks and motels a short ten to fifteen minute drive from the site. Portaloos are provided but there are no showers on site (one bush shower suitable for rinsing off) – please feel free to bring your own portable showers. Food provided from Friday evening to Sunday lunch when purchasing a full event ticket – please advise of any dietary allergies etc when booking so that we can ensure food is safe for you. Saturday night camp feast provided by the Radburne team – those that have been before can vouch for the tasty food! If you choose not to partake in the food offered, supermarkets and fast food outlets are a short drive from the site. Should people wish to stay the extra night (Sunday) and travel home Monday, arrangements can be made for a pizza run on Sunday night (extra cost). Bookings close 7th August 2026. Cancellation Policy: Full refund if cancelled before 7th August 2026. 50% refund if cancelled before 14th August 2026. No refunds if cancelled after 14th August 2026","https://radburne.lochac.sca.org/?page_id=941","","Kingdom of Lochac","kingdom","False","-32.2195575","148.505898","ok_retry"
"RagnaRok N' Roll: Gleann Abhann 21","2026-08-21 13:00:00","2026-08-23 22:00:00","","","empty","","https://gleannabhann.net/event/ragnarok-n-roll-gleann-abhann-21/","","Kingdom of Gleann Abhann","kingdom","False","","","skipped"
"Ragnarok War - Dragonmarch","2027-10-30","2027-10-31","","","empty","","","","Kingdom of Artemisia","kingdom","False","","","skipped"
"Ragnarok- A Tradition of Rainbows","2026-06-12 00:00:00","2026-06-14 00:00:00","Elks Page Park, 7883 S Lowell Park Rd, Dixon, IL 61021","7883 S Lowell Park Rd, Dixon, IL 61021","high","","","","Kingdom of the Middle","kingdom","False","41.8425197","-89.4814291","ok_retry"
"Raid or Trade","2026-09-04 00:00:00","2026-09-07 00:00:00","Ashton-Wildwood County Park, 8717 W 122nd St N, Mingo, IA, 50168","8717 W 122nd St N, Mingo, IA, 50168","high","Hosted by: Coeur d'Ennui | Website:","https://cde.calontir.org","","Kingdom of Calontir","kingdom","False","41.7676556","-93.2836333","ok_retry"
"Rapier Academy of Northsield","2026-10-17","2026-10-18","UW Stevens Point Skyward Fieldhouse 2050 4th Ave Stevens Point, WI","2050 4th Ave Stevens Point, WI","high","","","","Kingdom of Northshield","kingdom","False","","","failed"
"Rapier Open","2026-09-26","2026-09-27","","","empty","","","","Kingdom of Caid","kingdom","False","","","skipped"
"Rapier Practice (RECURRING)","2026-06-04 23:00:00","2026-06-05 01:00:00","Bethel Lutheran Church, 5759 Bolick Rd, Claremont, NC 28610, USA","5759 Bolick Rd, Claremont, NC 28610, USA","high","Rapier practice inside the community center [RECURRING — also on: 4 Jun 2026, 11 Jun 2026, 18 Jun 2026, 25 Jun 2026, 2 Jul 2026, 9 Jul 2026, 16 Jul 2026, 23 Jul 2026]","","https://facebook.com/events/s/january-4th-thursday-rapier-pr/682329654100146/?mibextid=Gg3lNB","Barony of Sacred Stone","baronial","False","35.7145776","-81.1461917","ok_retry"
"Rapier War (Wintermist)","2027-02-12","2027-02-16","","Bakersfield, California","low","","","","Kingdom of Caid","kingdom","False","35.3738712","-119.019463","ok"
"Rapier, Cut & Thrust Practice","2026-05-31 17:00:00","2026-05-31 20:00:00","201 North Ten Broeck Street, Scotia, NY 12302, USA","201 North Ten Broeck Street, Scotia, NY 12302, USA","high","","","","Barony of Concordia of the Snows","baronial","False","42.8285595","-73.9629861","ok"
"Rapier, Cut & Thrust Practice","2026-06-07 17:00:00","2026-06-07 20:00:00","201 North Ten Broeck Street, Scotia, NY 12302, USA","201 North Ten Broeck Street, Scotia, NY 12302, USA","high","","","","Barony of Concordia of the Snows","baronial","False","42.8285595","-73.9629861","ok"
"Rapier, Cut & Thrust Practice","2026-06-14 17:00:00","2026-06-14 20:00:00","201 North Ten Broeck Street, Scotia, NY 12302, USA","201 North Ten Broeck Street, Scotia, NY 12302, USA","high","","","","Barony of Concordia of the Snows","baronial","False","42.8285595","-73.9629861","ok"
"Rapier, Cut & Thrust Practice","2026-06-28 17:00:00","2026-06-28 20:00:00","201 North Ten Broeck Street, Scotia, NY 12302, USA","201 North Ten Broeck Street, Scotia, NY 12302, USA","high","","","","Barony of Concordia of the Snows","baronial","False","42.8285595","-73.9629861","ok"
"Rapier, Cut & Thrust Practice","2026-07-05 17:00:00","2026-07-05 20:00:00","201 North Ten Broeck Street, Scotia, NY 12302, USA","201 North Ten Broeck Street, Scotia, NY 12302, USA","high","","","","Barony of Concordia of the Snows","baronial","False","42.8285595","-73.9629861","ok"
"Rapier, Cut & Thrust Practice","2026-07-12 17:00:00","2026-07-12 20:00:00","201 North Ten Broeck Street, Scotia, NY 12302, USA","201 North Ten Broeck Street, Scotia, NY 12302, USA","high","","","","Barony of Concordia of the Snows","baronial","False","42.8285595","-73.9629861","ok"
"Rapier, Cut & Thrust Practice","2026-07-26 17:00:00","2026-07-26 20:00:00","201 North Ten Broeck Street, Scotia, NY 12302, USA","201 North Ten Broeck Street, Scotia, NY 12302, USA","high","","","","Barony of Concordia of the Snows","baronial","False","42.8285595","-73.9629861","ok"
"Raptor War - Arn Hold","2027-09-03","2027-09-06","","","empty","","","","Kingdom of Artemisia","kingdom","False","","","skipped"
"Ravenshore Business Meeting (Virtual – Ukiah, CA Area)","2026-06-18 19:30:00","2026-06-18 21:30:00","","","empty","West Kingdom Zoom is inviting you to a scheduled Zoom meeting. Topic: Ravenshore Meeting Room Time: This is a recurring meeting Meet anytime Join Zoom Meeting Meeting ID: 883 8896 0615 One tap mobile +13017158592,,88388960615# US (Washington DC) +13092053325,,88388960615# US Dial by your location +1 US (Washington DC) +1 US +1 US (Chicago) +1 US (Houston) +1 US +1 US +1 US +1 US +1 US (San Jose) +1 US +1 US (New York) +1 US (Tacoma) Meeting ID: 883 8896 0615","https://us06web.zoom.us/j/88388960615","","Kingdom of the West","kingdom","True","","","skipped"
"Ravenshore Business Meeting (Virtual – Ukiah, CA Area)","2026-07-16 19:30:00","2026-07-16 21:30:00","","","empty","West Kingdom Zoom is inviting you to a scheduled Zoom meeting. Topic: Ravenshore Meeting Room Time: This is a recurring meeting Meet anytime Join Zoom Meeting Meeting ID: 883 8896 0615 One tap mobile +13017158592,,88388960615# US (Washington DC) +13092053325,,88388960615# US Dial by your location +1 US (Washington DC) +1 US +1 US (Chicago) +1 US (Houston) +1 US +1 US +1 US +1 US +1 US (San Jose) +1 US +1 US (New York) +1 US (Tacoma) Meeting ID: 883 8896 0615","https://us06web.zoom.us/j/88388960615","","Kingdom of the West","kingdom","True","","","skipped"
"Ravenshore Business Meeting (Virtual – Ukiah, CA Area)","2026-08-20 19:30:00","2026-08-20 21:30:00","","","empty","West Kingdom Zoom is inviting you to a scheduled Zoom meeting. Topic: Ravenshore Meeting Room Time: This is a recurring meeting Meet anytime Join Zoom Meeting Meeting ID: 883 8896 0615 One tap mobile +13017158592,,88388960615# US (Washington DC) +13092053325,,88388960615# US Dial by your location +1 US (Washington DC) +1 US +1 US (Chicago) +1 US (Houston) +1 US +1 US +1 US +1 US +1 US (San Jose) +1 US +1 US (New York) +1 US (Tacoma) Meeting ID: 883 8896 0615","https://us06web.zoom.us/j/88388960615","","Kingdom of the West","kingdom","True","","","skipped"
"Ravenshore Business Meeting (Virtual – Ukiah, CA Area)","2026-09-17 19:30:00","2026-09-17 21:30:00","","","empty","West Kingdom Zoom is inviting you to a scheduled Zoom meeting. Topic: Ravenshore Meeting Room Time: This is a recurring meeting Meet anytime Join Zoom Meeting Meeting ID: 883 8896 0615 One tap mobile +13017158592,,88388960615# US (Washington DC) +13092053325,,88388960615# US Dial by your location +1 US (Washington DC) +1 US +1 US (Chicago) +1 US (Houston) +1 US +1 US +1 US +1 US +1 US (San Jose) +1 US +1 US (New York) +1 US (Tacoma) Meeting ID: 883 8896 0615","https://us06web.zoom.us/j/88388960615","","Kingdom of the West","kingdom","True","","","skipped"
"Ravenshore Business Meeting (Virtual – Ukiah, CA Area)","2026-10-15 19:30:00","2026-10-15 21:30:00","","","empty","West Kingdom Zoom is inviting you to a scheduled Zoom meeting. Topic: Ravenshore Meeting Room Time: This is a recurring meeting Meet anytime Join Zoom Meeting Meeting ID: 883 8896 0615 One tap mobile +13017158592,,88388960615# US (Washington DC) +13092053325,,88388960615# US Dial by your location +1 US (Washington DC) +1 US +1 US (Chicago) +1 US (Houston) +1 US +1 US +1 US +1 US +1 US (San Jose) +1 US +1 US (New York) +1 US (Tacoma) Meeting ID: 883 8896 0615","https://us06web.zoom.us/j/88388960615","","Kingdom of the West","kingdom","True","","","skipped"
"Ravenshore Business Meeting (Virtual – Ukiah, CA Area)","2026-11-19 19:30:00","2026-11-19 21:30:00","","","empty","West Kingdom Zoom is inviting you to a scheduled Zoom meeting. Topic: Ravenshore Meeting Room Time: This is a recurring meeting Meet anytime Join Zoom Meeting Meeting ID: 883 8896 0615 One tap mobile +13017158592,,88388960615# US (Washington DC) +13092053325,,88388960615# US Dial by your location +1 US (Washington DC) +1 US +1 US (Chicago) +1 US (Houston) +1 US +1 US +1 US +1 US +1 US (San Jose) +1 US +1 US (New York) +1 US (Tacoma) Meeting ID: 883 8896 0615","https://us06web.zoom.us/j/88388960615","","Kingdom of the West","kingdom","True","","","skipped"
"Ravenshore Business Meeting (Virtual – Ukiah, CA Area)","2026-12-17 19:30:00","2026-12-17 21:30:00","","","empty","West Kingdom Zoom is inviting you to a scheduled Zoom meeting. Topic: Ravenshore Meeting Room Time: This is a recurring meeting Meet anytime Join Zoom Meeting Meeting ID: 883 8896 0615 One tap mobile +13017158592,,88388960615# US (Washington DC) +13092053325,,88388960615# US Dial by your location +1 US (Washington DC) +1 US +1 US (Chicago) +1 US (Houston) +1 US +1 US +1 US +1 US +1 US (San Jose) +1 US +1 US (New York) +1 US (Tacoma) Meeting ID: 883 8896 0615","https://us06web.zoom.us/j/88388960615","","Kingdom of the West","kingdom","True","","","skipped"
"Ravenshore Business Meeting (Virtual – Ukiah, CA Area)","2027-01-21 19:30:00","2027-01-21 21:30:00","","","empty","West Kingdom Zoom is inviting you to a scheduled Zoom meeting. Topic: Ravenshore Meeting Room Time: This is a recurring meeting Meet anytime Join Zoom Meeting Meeting ID: 883 8896 0615 One tap mobile +13017158592,,88388960615# US (Washington DC) +13092053325,,88388960615# US Dial by your location +1 US (Washington DC) +1 US +1 US (Chicago) +1 US (Houston) +1 US +1 US +1 US +1 US +1 US (San Jose) +1 US +1 US (New York) +1 US (Tacoma) Meeting ID: 883 8896 0615","https://us06web.zoom.us/j/88388960615","","Kingdom of the West","kingdom","True","","","skipped"
"Ravenshore Business Meeting (Virtual – Ukiah, CA Area)","2027-02-18 19:30:00","2027-02-18 21:30:00","","","empty","West Kingdom Zoom is inviting you to a scheduled Zoom meeting. Topic: Ravenshore Meeting Room Time: This is a recurring meeting Meet anytime Join Zoom Meeting Meeting ID: 883 8896 0615 One tap mobile +13017158592,,88388960615# US (Washington DC) +13092053325,,88388960615# US Dial by your location +1 US (Washington DC) +1 US +1 US (Chicago) +1 US (Houston) +1 US +1 US +1 US +1 US +1 US (San Jose) +1 US +1 US (New York) +1 US (Tacoma) Meeting ID: 883 8896 0615","https://us06web.zoom.us/j/88388960615","","Kingdom of the West","kingdom","True","","","skipped"
"Ravenshore Business Meeting (Virtual – Ukiah, CA Area)","2027-03-18 19:30:00","2027-03-18 21:30:00","","","empty","West Kingdom Zoom is inviting you to a scheduled Zoom meeting. Topic: Ravenshore Meeting Room Time: This is a recurring meeting Meet anytime Join Zoom Meeting Meeting ID: 883 8896 0615 One tap mobile +13017158592,,88388960615# US (Washington DC) +13092053325,,88388960615# US Dial by your location +1 US (Washington DC) +1 US +1 US (Chicago) +1 US (Houston) +1 US +1 US +1 US +1 US +1 US (San Jose) +1 US +1 US (New York) +1 US (Tacoma) Meeting ID: 883 8896 0615","https://us06web.zoom.us/j/88388960615","","Kingdom of the West","kingdom","True","","","skipped"
"Ravenshore Business Meeting (Virtual – Ukiah, CA Area)","2027-04-15 19:30:00","2027-04-15 21:30:00","","","empty","West Kingdom Zoom is inviting you to a scheduled Zoom meeting. Topic: Ravenshore Meeting Room Time: This is a recurring meeting Meet anytime Join Zoom Meeting Meeting ID: 883 8896 0615 One tap mobile +13017158592,,88388960615# US (Washington DC) +13092053325,,88388960615# US Dial by your location +1 US (Washington DC) +1 US +1 US (Chicago) +1 US (Houston) +1 US +1 US +1 US +1 US +1 US (San Jose) +1 US +1 US (New York) +1 US (Tacoma) Meeting ID: 883 8896 0615","https://us06web.zoom.us/j/88388960615","","Kingdom of the West","kingdom","True","","","skipped"
"Ravenshore Business Meeting (Virtual – Ukiah, CA Area)","2027-05-20 19:30:00","2027-05-20 21:30:00","","","empty","West Kingdom Zoom is inviting you to a scheduled Zoom meeting. Topic: Ravenshore Meeting Room Time: This is a recurring meeting Meet anytime Join Zoom Meeting Meeting ID: 883 8896 0615 One tap mobile +13017158592,,88388960615# US (Washington DC) +13092053325,,88388960615# US Dial by your location +1 US (Washington DC) +1 US +1 US (Chicago) +1 US (Houston) +1 US +1 US +1 US +1 US +1 US (San Jose) +1 US +1 US (New York) +1 US (Tacoma) Meeting ID: 883 8896 0615","https://us06web.zoom.us/j/88388960615","","Kingdom of the West","kingdom","True","","","skipped"
"Ravenshore Business Meeting (Virtual – Ukiah, CA Area)","2027-06-17 19:30:00","2027-06-17 21:30:00","","","empty","West Kingdom Zoom is inviting you to a scheduled Zoom meeting. Topic: Ravenshore Meeting Room Time: This is a recurring meeting Meet anytime Join Zoom Meeting Meeting ID: 883 8896 0615 One tap mobile +13017158592,,88388960615# US (Washington DC) +13092053325,,88388960615# US Dial by your location +1 US (Washington DC) +1 US +1 US (Chicago) +1 US (Houston) +1 US +1 US +1 US +1 US +1 US (San Jose) +1 US +1 US (New York) +1 US (Tacoma) Meeting ID: 883 8896 0615","https://us06web.zoom.us/j/88388960615","","Kingdom of the West","kingdom","True","","","skipped"
"Ravenshore Business Meeting (Virtual – Ukiah, CA Area)","2027-07-15 19:30:00","2027-07-15 21:30:00","","","empty","West Kingdom Zoom is inviting you to a scheduled Zoom meeting. Topic: Ravenshore Meeting Room Time: This is a recurring meeting Meet anytime Join Zoom Meeting Meeting ID: 883 8896 0615 One tap mobile +13017158592,,88388960615# US (Washington DC) +13092053325,,88388960615# US Dial by your location +1 US (Washington DC) +1 US +1 US (Chicago) +1 US (Houston) +1 US +1 US +1 US +1 US +1 US (San Jose) +1 US +1 US (New York) +1 US (Tacoma) Meeting ID: 883 8896 0615","https://us06web.zoom.us/j/88388960615","","Kingdom of the West","kingdom","True","","","skipped"
"Ravenshore Business Meeting (Virtual – Ukiah, CA Area)","2027-08-19 19:30:00","2027-08-19 21:30:00","","","empty","West Kingdom Zoom is inviting you to a scheduled Zoom meeting. Topic: Ravenshore Meeting Room Time: This is a recurring meeting Meet anytime Join Zoom Meeting Meeting ID: 883 8896 0615 One tap mobile +13017158592,,88388960615# US (Washington DC) +13092053325,,88388960615# US Dial by your location +1 US (Washington DC) +1 US +1 US (Chicago) +1 US (Houston) +1 US +1 US +1 US +1 US +1 US (San Jose) +1 US +1 US (New York) +1 US (Tacoma) Meeting ID: 883 8896 0615","https://us06web.zoom.us/j/88388960615","","Kingdom of the West","kingdom","True","","","skipped"
"Ravenshore Business Meeting (Virtual – Ukiah, CA Area)","2027-09-16 19:30:00","2027-09-16 21:30:00","","","empty","West Kingdom Zoom is inviting you to a scheduled Zoom meeting. Topic: Ravenshore Meeting Room Time: This is a recurring meeting Meet anytime Join Zoom Meeting Meeting ID: 883 8896 0615 One tap mobile +13017158592,,88388960615# US (Washington DC) +13092053325,,88388960615# US Dial by your location +1 US (Washington DC) +1 US +1 US (Chicago) +1 US (Houston) +1 US +1 US +1 US +1 US +1 US (San Jose) +1 US +1 US (New York) +1 US (Tacoma) Meeting ID: 883 8896 0615","https://us06web.zoom.us/j/88388960615","","Kingdom of the West","kingdom","True","","","skipped"
"Ravenshore Business Meeting (Virtual – Ukiah, CA Area)","2027-10-21 19:30:00","2027-10-21 21:30:00","","","empty","West Kingdom Zoom is inviting you to a scheduled Zoom meeting. Topic: Ravenshore Meeting Room Time: This is a recurring meeting Meet anytime Join Zoom Meeting Meeting ID: 883 8896 0615 One tap mobile +13017158592,,88388960615# US (Washington DC) +13092053325,,88388960615# US Dial by your location +1 US (Washington DC) +1 US +1 US (Chicago) +1 US (Houston) +1 US +1 US +1 US +1 US +1 US (San Jose) +1 US +1 US (New York) +1 US (Tacoma) Meeting ID: 883 8896 0615","https://us06web.zoom.us/j/88388960615","","Kingdom of the West","kingdom","True","","","skipped"
"Ravenshore Business Meeting (Virtual – Ukiah, CA Area)","2027-11-18 19:30:00","2027-11-18 21:30:00","","","empty","West Kingdom Zoom is inviting you to a scheduled Zoom meeting. Topic: Ravenshore Meeting Room Time: This is a recurring meeting Meet anytime Join Zoom Meeting Meeting ID: 883 8896 0615 One tap mobile +13017158592,,88388960615# US (Washington DC) +13092053325,,88388960615# US Dial by your location +1 US (Washington DC) +1 US +1 US (Chicago) +1 US (Houston) +1 US +1 US +1 US +1 US +1 US (San Jose) +1 US +1 US (New York) +1 US (Tacoma) Meeting ID: 883 8896 0615","https://us06web.zoom.us/j/88388960615","","Kingdom of the West","kingdom","True","","","skipped"
"Ravenshore Business Meeting (Virtual – Ukiah, CA Area)","2027-12-16 19:30:00","2027-12-16 21:30:00","","","empty","West Kingdom Zoom is inviting you to a scheduled Zoom meeting. Topic: Ravenshore Meeting Room Time: This is a recurring meeting Meet anytime Join Zoom Meeting Meeting ID: 883 8896 0615 One tap mobile +13017158592,,88388960615# US (Washington DC) +13092053325,,88388960615# US Dial by your location +1 US (Washington DC) +1 US +1 US (Chicago) +1 US (Houston) +1 US +1 US +1 US +1 US +1 US (San Jose) +1 US +1 US (New York) +1 US (Tacoma) Meeting ID: 883 8896 0615","https://us06web.zoom.us/j/88388960615","","Kingdom of the West","kingdom","True","","","skipped"
"Ravenshore Business Meeting (Virtual – Ukiah, CA Area)","2028-01-20 19:30:00","2028-01-20 21:30:00","","","empty","West Kingdom Zoom is inviting you to a scheduled Zoom meeting. Topic: Ravenshore Meeting Room Time: This is a recurring meeting Meet anytime Join Zoom Meeting Meeting ID: 883 8896 0615 One tap mobile +13017158592,,88388960615# US (Washington DC) +13092053325,,88388960615# US Dial by your location +1 US (Washington DC) +1 US +1 US (Chicago) +1 US (Houston) +1 US +1 US +1 US +1 US +1 US (San Jose) +1 US +1 US (New York) +1 US (Tacoma) Meeting ID: 883 8896 0615","https://us06web.zoom.us/j/88388960615","","Kingdom of the West","kingdom","True","","","skipped"
"Ravenshore Business Meeting (Virtual – Ukiah, CA Area)","2028-02-17 19:30:00","2028-02-17 21:30:00","","","empty","West Kingdom Zoom is inviting you to a scheduled Zoom meeting. Topic: Ravenshore Meeting Room Time: This is a recurring meeting Meet anytime Join Zoom Meeting Meeting ID: 883 8896 0615 One tap mobile +13017158592,,88388960615# US (Washington DC) +13092053325,,88388960615# US Dial by your location +1 US (Washington DC) +1 US +1 US (Chicago) +1 US (Houston) +1 US +1 US +1 US +1 US +1 US (San Jose) +1 US +1 US (New York) +1 US (Tacoma) Meeting ID: 883 8896 0615","https://us06web.zoom.us/j/88388960615","","Kingdom of the West","kingdom","True","","","skipped"
"Ravenshore Business Meeting (Virtual – Ukiah, CA Area)","2028-03-16 19:30:00","2028-03-16 21:30:00","","","empty","West Kingdom Zoom is inviting you to a scheduled Zoom meeting. Topic: Ravenshore Meeting Room Time: This is a recurring meeting Meet anytime Join Zoom Meeting Meeting ID: 883 8896 0615 One tap mobile +13017158592,,88388960615# US (Washington DC) +13092053325,,88388960615# US Dial by your location +1 US (Washington DC) +1 US +1 US (Chicago) +1 US (Houston) +1 US +1 US +1 US +1 US +1 US (San Jose) +1 US +1 US (New York) +1 US (Tacoma) Meeting ID: 883 8896 0615","https://us06web.zoom.us/j/88388960615","","Kingdom of the West","kingdom","True","","","skipped"
"Ravenshore Business Meeting (Virtual – Ukiah, CA Area)","2028-04-20 19:30:00","2028-04-20 21:30:00","","","empty","West Kingdom Zoom is inviting you to a scheduled Zoom meeting. Topic: Ravenshore Meeting Room Time: This is a recurring meeting Meet anytime Join Zoom Meeting Meeting ID: 883 8896 0615 One tap mobile +13017158592,,88388960615# US (Washington DC) +13092053325,,88388960615# US Dial by your location +1 US (Washington DC) +1 US +1 US (Chicago) +1 US (Houston) +1 US +1 US +1 US +1 US +1 US (San Jose) +1 US +1 US (New York) +1 US (Tacoma) Meeting ID: 883 8896 0615","https://us06web.zoom.us/j/88388960615","","Kingdom of the West","kingdom","True","","","skipped"
"Ravenshore Business Meeting (Virtual – Ukiah, CA Area)","2028-05-18 19:30:00","2028-05-18 21:30:00","","","empty","West Kingdom Zoom is inviting you to a scheduled Zoom meeting. Topic: Ravenshore Meeting Room Time: This is a recurring meeting Meet anytime Join Zoom Meeting Meeting ID: 883 8896 0615 One tap mobile +13017158592,,88388960615# US (Washington DC) +13092053325,,88388960615# US Dial by your location +1 US (Washington DC) +1 US +1 US (Chicago) +1 US (Houston) +1 US +1 US +1 US +1 US +1 US (San Jose) +1 US +1 US (New York) +1 US (Tacoma) Meeting ID: 883 8896 0615","https://us06web.zoom.us/j/88388960615","","Kingdom of the West","kingdom","True","","","skipped"
"Raven’s Fort Defender of the Fort","2026-09-18 06:00:00","2026-09-21 04:59:00","","","empty","","","","Kingdom of Ansteorra","kingdom","False","","","skipped"
"Red Dragon","2026-10-03 00:00:00","2026-10-03 00:00:00","Madison County Fairgrounds, N Oaken, 205 Elm Street, London, OH 43140","205 Elm Street, London, OH 43140","high","","","","Kingdom of the Middle","kingdom","False","39.8963605","-83.4467354","ok"
"Red Tower 2026","2026-09-18 00:00:00","2026-09-18 00:00:00","","Atlanta Metropolitan area","low","Hosted by Barony of South Downs","","","Kingdom of Meridies","kingdom","False","33.7544657","-84.3898151","ok_retry"
"Regional Fencing Practice (RECURRING)","2026-06-01 23:00:00","2026-06-02 01:00:00","54 Leland st, Grafton MA","54 Leland st, Grafton MA","high","Site fee will be $5 a head for entry, payable directly to the school. 54 Leland st, Grafton MA (Touchstone community school) The site has a large parking lot, a sizable hardwood indoor gym, a room for changing, and a field for the warmer weather. -YOU AGREE TO INFORM ME IMMEDIATELY IF YOU CONTRACT COVID. -Do NOT share food on site. -Do NOT share drinks on site, unless it is an unopened bottle. - THE SCA PROHIBITS HARASSMENT AND BULLYING OF ALL INDIVIDUALS AND GROUPS. Participants engaging in this behavior are subject to appropriate sanctions. If you are subjected to harassment, bullying or retaliation, or if you become aware of anyone being harassed or bullied, contact a seneschal, President of the SCA, or your Kingdom’s Board Ombudsman [RECURRING — also on: 1 Jun 2026, 8 Jun 2026, 15 Jun 2026, 22 Jun 2026, 29 Jun 2026, 6 Jul 2026, 13 Jul 2026, 20 Jul 2026, 27 Jul 2026]","","","Shire of Quintavia","baronial","False","42.1829912","-71.6441056","ok"
"Regional Practice - Heavy Combat, Rapier, Archery","2026-06-28 16:00:00","2026-06-28 21:00:00","7928 Howardsville Rd, Scottsville, VA 24562, USA","7928 Howardsville Rd, Scottsville, VA 24562, USA","high","Roland Shellnut is hosting a Regional Practice on Sunday June 28th from noon to 5. He is inviting rapier, heavies, and target archers. The practice will be held at 7928 Howardsville Road, Scottsville Va. Please invite your fighting and archery friends. There is plenty of room for parking and room heavy and rapier melee to run simultaneously. It should be a great day to prep for Pennsic! Facebook event link:","","https://facebook.com/events/s/regional-practice-at-rolands/1601259097838805/","Barony of Black Diamond","baronial","False","37.7987569","-78.4955662","ok_retry"
"Reign of Arrows hits the Gold","2026-08-28 00:00:00","2026-08-30 00:00:00","8486 Calkins Rd Flint Mi 48532-5521, 8486 Calkins Rd Flint Mi 48532-5521","8486 Calkins Rd Flint Mi 48532-5521, 8486 Calkins Rd Flint Mi 48532-5521","high","","","","Kingdom of the Middle","kingdom","False","43.0120193","-83.7645761","ok_retry"
"Renaissance Dance Practice (RECURRING)","2026-06-11 23:00:00","2026-06-12 01:00:00","TBD","","empty"," [RECURRING — also on: 11 Jun 2026, 9 Jul 2026]","","","Barony of Ponte Alto","baronial","False","","","skipped"
"Rendezvous at the Bridge XXXVI","2026-10-09 00:00:00","2026-10-11 00:00:00","Lincoln State Park, Lincoln City, Indiana","Lincoln State Park, Lincoln City, Indiana","low","","","","Kingdom of the Middle","kingdom","False","38.114219","-86.9958297","ok"
"Res Societas LXI","2026-08-22 09:00:00","2026-08-22 18:00:00","The Clubhouse @ Stonehedge on the Hill, 39820 US Highway 19 N, Tarpon Springs, FL, 34689, United States","39820 US Highway 19 N, Tarpon Springs, FL, 34689, United States","high","","https://trimaris.org/event/res-societas-lxi/","","Kingdom of Trimaris","kingdom","False","28.1455031","-82.759688","ok_retry"
"Reserved for Fall Coronation","2027-09-25 00:00:00","2027-09-25 00:00:00","","","empty","","","","Kingdom of the Middle","kingdom","False","","","skipped"
"Reserved for Fall Crown","2026-10-17 00:00:00","2026-10-17 00:00:00","","","empty","","","","Kingdom of the Middle","kingdom","False","","","skipped"
"Reserved for Fall Crown","2027-10-16 00:00:00","2027-10-16 00:00:00","","","empty","","","","Kingdom of the Middle","kingdom","False","","","skipped"
"Reserved for Spring Coronation","2027-05-01 00:00:00","2027-05-01 00:00:00","","","empty","","","","Kingdom of the Middle","kingdom","False","","","skipped"
"Reserved for Spring Coronation","2028-05-06 00:00:00","2028-05-06 00:00:00","","","empty","","","","Kingdom of the Middle","kingdom","False","","","skipped"
"Reserved for Spring Crown","2027-05-29 00:00:00","2027-05-30 00:00:00","","","empty","","","","Kingdom of the Middle","kingdom","False","","","skipped"
"Reserved for Spring Crown","2028-05-27 00:00:00","2028-05-28 00:00:00","","","empty","","","","Kingdom of the Middle","kingdom","False","","","skipped"
"Return of the Banner Tournament","2026-07-11 16:00:00","2026-07-12 03:00:00","Lion’s Park Gazebo, 511 Lions Park Dr, Cheyenne, Wyoming, 82001, United States","511 Lions Park Dr, Cheyenne, Wyoming, 82001, United States","high","Banner Returns! Join the Shire of Windkeep for a day of fun, fierce heavy & light tournaments, and the revival of a beloved tradition. Come fight, cheer, and celebrate as the banners fly once more! Do you miss the days of old, when every summer you would trek to the Shire of Windkeep for a day of frivolity filled with fighting, food, and friends? The roar of the crowd, the clang of battle echoing through the trees, the glorious death scenes, and a chance to win the coveted Banner! Then join us on July 11, 2026, as we bring back memories of times past… and bring forth new ones into the future. All who step upon the field to seek glory and fame must first bear aloft a banner of their own. From among these brave souls, great acclaim shall be granted to the most valiant, dramatic, and glorious fall upon the field. A donation burger burn will be held—please bring cash if you wish to participate. You are also welcome to bring non-perishable items to contribute; however, there will be no way to keep items hot or cold on site. Event Website Event Steward Admission Free Donation Burger burn after the tournament, if you wish to participate please bring cash. Donation will be taken about halfway through the tournament as to provide time to gather items","https://www.outlands.org/event/return-of-the-banner-tournament/","","Kingdom of the Outlands","kingdom","False","41.1591059","-104.8312131","ok"
"Revel at the River - River Serpent","2026-06-05","2026-06-08","Niagara Springs State Park, 2136 Niagara Springs Rd, Wendell, ID 83355, USA","2136 Niagara Springs Rd, Wendell, ID 83355, USA","high","Revel at the River.pdf","https://drive.google.com/file/d/1uDwYu6oDwlT4wIMNAMQG9TNGgDzalfnk/view?usp=sharing","","Kingdom of Artemisia","kingdom","False","42.7757368","-114.7042168","ok_retry"
"Revel at the River - River Serponnde","2027-05-29","2027-05-30","","","empty","","","","Kingdom of Artemisia","kingdom","False","","","skipped"
"Revenge of the Stitch XII (Spiaggia Levantina)","2027-04-23","2027-04-25","Caroline County 4H Park, 8230 Detour Rd, Denton, MD, 21629","8230 Detour Rd, Denton, MD, 21629","high","A long time ago, in a shire far, far away, there was a mighty battle fought……... Now, the battle returns! Competition, combat, music, feasting in a beautiful and expansive rural setting. (not very far from the Bay Bridge!) There is a large hall, covered outdoor spaces and plentiful camping. What historical garb can the teams create in 24 hours? What melodies and tales will delight the competitors and audience? Come and find out at Revenge of the Stitch XII!","https://atlantia.sca.org/event/?event_id=69e6babd","","Kingdom of Atlantia","kingdom","False","38.8845583","-75.8271564","ok_retry"
"Rivenoak Championship","2027-10-02 00:00:00","2027-10-02 23:59:59","","Chico, California","low","Save the Date","https://westkingdom.org/event/rivenoak-championship/","","Kingdom of the West","kingdom","False","39.7284945","-121.8374777","ok"
"Rivenoak Yule Revel ( Rivenoak )","2027-12-11 00:00:00","2027-12-11 23:59:59","","Chico, California","low","Save the Date","https://westkingdom.org/event/rivenoak-yule-revel-rivenoak/","","Kingdom of the West","kingdom","False","39.7284945","-121.8374777","ok"
"River War with EK Equestrian Championship","2026-09-18","2026-09-21","Gloucester County 4-H Fairgrounds 275 NJ-77 Mullica Hill , NJ 08062 US","275 NJ-77 Mullica Hill, NJ 08062 US","high","","http://www.eastkingdom.org/EventDetails.php?eid=4511","","Kingdom of the East","kingdom","False","39.7288786","-75.2238556","ok"
"Roanoke Area Archery Practice (RECURRING)","2026-05-31 18:00:00","2026-05-31 22:00:00","3337 Clara Ave SW, Roanoke, VA 24018, USA","3337 Clara Ave SW, Roanoke, VA 24018, USA","high"," [RECURRING — also on: 31 May 2026, 7 Jun 2026, 14 Jun 2026, 21 Jun 2026, 28 Jun 2026, 5 Jul 2026, 12 Jul 2026, 19 Jul 2026, 26 Jul 2026]","","","Barony of Black Diamond","baronial","False","37.2578548","-80.009022","ok"
"Roanoke Area Weekly Fighter Practice and Get-Together: Summer Location (RECURRING)","2026-06-04 22:00:00","2026-06-05 01:00:00","Longwood Park, 601 E Main St, Salem, VA 24153, USA","601 E Main St, Salem, VA 24153, USA","high","Starting March 26, 2026, we will be at our Summer Location until fall. Everyone is welcome! We have Arts & Sciences, fighting (heavy & rapier), and people just hanging out and chatting. Our Summer location is at Longwood Park, 611 E. Main Street, Salem, VA 24153. We are at the shelter at the top of the hill. To get there, turn off Main Street onto Craig Ave, and make a right turn onto Monroe St. At the top of the hill, there is a parking lot on your right, across from Monroe Lane. Park in that lot, and we are located just uphill from there. Handicapped parking can be found by driving through the first parking lot, following the road to the right. There is a second parking lot located there, which is level with both shelters and with the restrooms. Our Winter Location is at Windsor Hills United Methodist Church, 3591 Windsor Rd, Roanoke, VA 24018 [RECURRING — also on: 4 Jun 2026, 11 Jun 2026, 18 Jun 2026, 25 Jun 2026, 2 Jul 2026, 9 Jul 2026, 16 Jul 2026, 23 Jul 2026]","","","Barony of Black Diamond","baronial","False","37.294098","-80.051086","ok"
"Robinhood Archery (Angels)","2027-02-28","2027-03-01","","Los Angeles, California","low","","","","Kingdom of Caid","kingdom","False","34.0536909","-118.242766","ok"
"Rose Tournament at Feast of the Chase","2026-10-02 00:00:00","2026-10-04 00:00:00","Camp Vandeventer, 3463 Trout Camp Rd, Waterloo, IL 62298","3463 Trout Camp Rd, Waterloo, IL 62298","high","","","","Kingdom of the Middle","kingdom","False","38.3358857","-90.1498341","ok_retry"
"Rosenfeld Champions and Three Things","2026-09-25 06:00:00","2026-09-28 04:58:00","","Tyler, Texas","low","","","","Kingdom of Ansteorra","kingdom","False","32.3512601","-95.3010624","ok"
"Royal Archer Tournament (Bright Hills)","2026-06-26","2026-06-28","Baltimore Bowmen, 10301 Harford Rd, Glen Arm, MD, 21057","10301 Harford Rd, Glen Arm, MD, 21057","high","Join us for a day of fun and archery! Come out and shoot at strange and magical creatures. Bring lots of arrows! Most stations will require 8 arrows/bolts be shot and/or a long timed end. If you are shooting to win, be sure to be on site and inspected prior to morning court as the clout will be shot immediately after and will not be run again. No loaner equipment will be provided, so be sure to bring your own, or get in contact with someone to bring theirs to lend to you. A prize will be given to someone that can guess the theme of the shoot and where these creatures came from and can be won by non- archers as well. There will be lots of other prizes to be won as well by the archers. The top rank of each royal round class will have a medal that they can take home with them, it will need to be returned for the following year. Additional prizes will be announced later. As customary with the Royal Archery competition, there will be a 16-person shoot-off at the end to announce the Royal Archer Champion. The person that wins this will be able to place their coat of arms on the Royal Archer Quiver and will be in charge of putting the shoot together for the following year. For those that won a medal for their ranking in 2025, please get in contact with Chris LeStrange to return it so that we can pass it on to the new winners this year. You can contact him at ChrisRStrange@gmail.com.","https://atlantia.sca.org/event/?event_id=68c371e4","","Kingdom of Atlantia","kingdom","False","39.4145041","-76.5072109","ok"
"Royal University of Meridies 2026","2026-07-18 00:00:00","2026-07-18 00:00:00","Wesley Way United Methodist, 150 John Wesley Way, McDonough, GA 30252 GPS: 33.452222 N, 84.103333 W","150 John Wesley Way, McDonough, GA 30252 GPS: 33.452222 N, 84.103333 W","high","Hosted by Barony of Bryn Madoc","","","Kingdom of Meridies","kingdom","False","33.452222","-84.103333","ok"
"Ruantallan Summer Warcamp","2026-07-03","2026-07-07","PANS 138 Great Village Lornevale Rd Great villlage, NS B0M 1L0 Canada","138 Great Village Lornevale Rd Great villlage, NS B0M 1L0 Canada","high","","http://www.eastkingdom.org/EventDetails.php?eid=4578","","Kingdom of the East","kingdom","False","45.42258321340327","-63.60291058266885","ok_photon"
"Rumors of War- Part Tres (Stormwall)","2026-06-05","2026-06-08","Great Smoky Mountain Event Park 1170 Hyatt Creek Road Bryson City, NC 28713, 1170 Hyatt Creek Road, Bryson City, NC, 28713","1170 Hyatt Creek Road, Bryson City, NC, 28713","high","Call to Arms ! This time it's for real! L ast year the rumors of war were proven to be false. While the enemy did not appear on the horizon, the Atlantian Army, small as it was, was ready to defend our lands and hold off the invaders until the entire kingdom could be mustered and brought to bare. This time it's for real! We know the rumors to be true and the Meridians are coming! The Back Story The Canton of Stormwall is completely surrounded on three sides by the Kingdom of Meridies . It is logical that the Meridians would make their incursion into Atlantia through this sleepy canton nestled in the mountains. It could take weeks before news of this invasion would reach the ears of the Atlantian Crown and a kingdom wide alarm is raised. Stormwall must rely on their brethren from Hawkwood and their cousins from Sacred Stone and Nottinghill Coill if the invaders are to be slowed or dare we hope, repelled. Gird up your loins, strap your kit to your steed and make haste to the West to prevent the invaders from gaining a foothold on our lands.","https://atlantia.sca.org/event/?event_id=684892b9","","Kingdom of Atlantia","kingdom","False","35.4309291","-83.447381","ok_retry"
"SCA 60 Year Celebration","2026-06-26 00:00:00","2026-06-26 23:59:59","Hendricks County Fairgrounds, 1900 E Main St, Danville, IN, United States","1900 E Main St, Danville, IN, United States","high","FB SAVE THE DATE","https://westkingdom.org/event/sca-60-year-celebration/","https://www.facebook.com/events/1235131794392903","Kingdom of the West","kingdom","False","39.761675","-86.488535","ok"
"SCA Birthday - Otherhill","2027-05-01","2027-05-02","","","empty","","","","Kingdom of Artemisia","kingdom","False","","","skipped"
"SCA WorldCon Demo","2026-08-27 21:00:00","2026-08-31 13:30:00","Anaheim Convention Center, 800 W Katella Ave, Anaheim, CA 92802, USA","800 W Katella Ave, Anaheim, CA 92802, USA","high","The Kingdom of Caid and the Barony of Gyldenholt will be presenting a multi-day demo at LAcon V (WorldCon 84), one of the largest science fiction and fantasy conventions in the world. Activities will include armored and rapier combat demonstrations, a makerspace showcasing period arts demonstrations, youth activities, and a fan table staffed throughout the convention. This is a public-facing outreach event and an excellent opportunity to introduce the SCA to a large audience of enthusiastic new people. Volunteers are needed: contact g to get involved Site hours: Thursday 2:00–7:00 PM; Friday–Sunday 10:00 AM–6:00 PM; Monday 10:00 AM–3:00 PM","","","Kingdom of Caid","kingdom","False","33.8005839","-117.9208047","ok"
"SCA/Fighter Practice (RECURRING)","2026-05-31 20:00:00","2026-05-31 23:00:00","Dwayne Webster Veterans Park, 400-422 W Eisenhower Blvd, Loveland, CO 80537, USA","Dwayne Webster Veterans Park, 400-422 W Eisenhower Blvd, Loveland, CO 80537, USA","low","Summer Loveland Practice For more details see our web page For last-minute changes, see our Facebook groups. Notice: Although the SCA complies with all applicable laws to try to ensure the health and safety of our event participants, we cannot eliminate the risk of exposure to infectious diseases during in-person events. By participating in the in-person events of the SCA, you acknowledge and accept the potential risks. You agree to take any additional steps to protect your own health and safety and those under your control as you believe to be necessary [RECURRING — also on: 31 May 2026, 7 Jun 2026, 14 Jun 2026, 21 Jun 2026, 28 Jun 2026, 5 Jul 2026, 12 Jul 2026, 19 Jul 2026, 26 Jul 2026]","https://unserhafen.outlands.org/activities/fighter-practice/","","Barony of Unser Hafen","baronial","False","40.3977612","-105.07498","ok_retry"
"SCA: NRV/Blacksburg A&S (RECURRING)","2026-06-09 23:00:00","2026-06-10 01:00:00","Charles & Ona B. Free Memorial Library, 300 Giles Ave, Dublin, VA 24084, USA","300 Giles Ave, Dublin, VA 24084, USA","high"," [RECURRING — also on: 9 Jun 2026, 7 Jul 2026]","","","Barony of Black Diamond","baronial","False","37.1081633","-80.6874254","ok"
"SKEWERED! VI - Gaithersburg, MC (Roxbury Mill)","2026-05-30 04:00:59","2026-05-30 05:00:59","8401 Turkey Thicket Dr, Montgomery Village, MD 20879, USA","8401 Turkey Thicket Dr, Montgomery Village, MD 20879, USA","high","Event Site: Lois Green-Sligo Chapter, Izaak Walton League Event Website: Atlantian Calendar of Events: Added by Ursula von Bremen 01/22/2026","https://atlantia.sca.org/event/?event_id=68f64371","","Barony of Windmasters' Hill","baronial","False","","","failed"
"Saint Eligius Arts & Sciences Competition","2026-11-14","2026-11-15","Durham Community Center 144 Pickett Lane Durham, CT 06422 US","144 Pickett Lane Durham, CT 06422 US","high","","http://www.eastkingdom.org/EventDetails.php?eid=4590","","Kingdom of the East","kingdom","False","41.4773195","-72.6723824","ok"
"Samhain","2026-10-30 22:00:00","2026-11-01 16:00:00","","","empty","","https://gleannabhann.net/event/samhain-5/","","Kingdom of Gleann Abhann","kingdom","False","","","skipped"
"Samhain","2027-10-29 22:00:00","2027-10-31 15:00:00","","","empty","","https://gleannabhann.net/event/samhain-5/","","Kingdom of Gleann Abhann","kingdom","False","","","skipped"
"Samhain (Eskalya)","2026-10-24 00:00:00","2026-10-24 23:59:59","","Anchorage, Alaska","low","Save the Date","https://westkingdom.org/event/samhain-eskalya/","","Kingdom of the West","kingdom","False","61.2163129","-149.894852","ok"
"Sangre del Sol 50th Anniversary featuring Ex Opus","2026-10-02 08:00:00","2026-10-04 17:00:00","Greynold’s Park, Miami, FL, United States","Greynold’s Park, Miami, FL, United States","low","","https://trimaris.org/event/sangre-del-so-50th-anniversary-featuring-ex-opus/","","Kingdom of Trimaris","kingdom","False","25.7741566","-80.1935973","ok_retry"
"Saxon Summer XXIII, 2026","2026-09-19 00:00:00","2026-09-21 00:00:00","5800 Park Rd, Leavittsburg, Ohio 44430, 5800 Park Rd, Leavittsburg, Ohio 44430","5800 Park Rd, Leavittsburg, Ohio 44430, 5800 Park Rd, Leavittsburg, Ohio 44430","high","","","","Kingdom of the Middle","kingdom","False","41.2463563","-80.8902377","ok_retry"
"Scarlet Guard Inn XI","2026-06-05 19:00:00","2026-06-07 16:00:00","Fraternal Order of Eagles #965, 1050 Eagle’s Nest Road, Brockway, 15824","Fraternal Order of Eagles #965, 1050 Eagle’s Nest Road, Brockway, 15824","low","Additional Notes on Pet Policy: Pets must be on a leash and you must clean up after them. Royal Progress: Scarlet Guard Inn XI Shire of Hunters Home June 5, 2026, 3pm June 7, 2026, 1pm Fraternal Order of Eagles #965 1050 Eagle’s Nest Road Brockway PA 15824 Greetings archers and throwers! The Order of the Scarlet Guard and the Shire of Hunters Home invite you to attend the eleventh Scarlet Guard Inn Archery Festival. As with years past, there is a lot going on over this weekend, so here are the highlights! Archery! The main attraction is, of course, the archery. We can’t wait until Saturday to begin, so the annual Flight Shoot will be Friday evening. Saturday will see a smorgasbord of options, as we already have slated a bunch of novelty ranges, a couple woods walks, a clout range, and of course the Scarlet Guard Challenge. Speaking of which… The Scarlet Guard Challenge! Any group with a seneschal can send one archer as a representative, as long as the archer is not a member of the Scarlet Guard, equivalent, or higher Order. Anyone who has previously won the Scarlet Guard Challenge is likewise ineligible to compete again. Once a group has chosen their archer, please contact Master Juan Miguel Cezar () with the name of the group being represented, the name of the seneschal, and the name of the archer no later than June 3, 2026. For the tournament itself, archers MUST bring a letter signed by the seneschal declaring them as the chosen representative of that group, as well as a small prize to be added to a gift basket which will be presented to the winner along with the ancestral banner which bears the name of all past winners and the groups they have represented. Thrown Weapons! We already support the flinging of wood and metal through the air, regardless of its shape, but this year brings something special. It has been declared that the Aethelmearc Thrown Weapons Champion will be determined at the Scarlet Guard Inn! Throw for fun! Throw for glory! (Or both, both is good) Bardic! Come enjoy the camaraderie and entertainment of our bardic circle tradition. Whether it is under the roof of the big pavilion or gathering around our large fire ring, each night everyone is encouraged to help fill the air with songs and stories. Merchants! Hunters Home invites merchants to set up their wares at no additional charge. We had many great items for sale at our last event. Please inform the autocrat so that we can reserve space for you. Camping! Camping is free! Please feel free to stay Friday and Saturday night. There is plenty of camping space. Some already have regular spots, but it IS first come first serve. There is space for RVs but it is limited and there are no hookups and no dumping allowed, please contact the autocrat ahead of time. We have a community campfire that everyone is welcome to join, but if you choose to have your own campfire that is fine as long as you leave the site as you found it. The Tavern! The Food: There will be no feast at this event, however there will be a modest sideboard open Friday evening and throughout the day on Saturday in the tavern. The Games: Want to compete off the range as well? Two gaming tables will be set aside in the tavern with an assortment of games to choose from. We welcome any additions. In addition to the bardic offerings, period games have proven to be a popular way to spend the evenings. Some general notes: -Your equipment will need to be inspected before engaging in martial activities, so please give yourself time to get inspected. -The site is discreetly wet. Just make sure you clean up any messes and leave the site as you found it. -Being June in Pennsylvania, and since this site isn’t conveniently close to any major shopping areas, be prepared for any weather. This means both sunscreen and some way to stay warm through the night. -Bug and tick spray! We had a good long freeze this winter, so maybe they won’t be as bad this year, but it’s better safe than sorry. The schedule as it currently stands: Friday 3pm Site Opens 7pm Flight Shoot Saturday 9am Troll Opens 10am Morning Court 10am – after court – All ranges open. 11am Qualifier for Thrown Weapons Championships begins 3pm Thrown Weapons Championships finals 345pm Ranges close 4pm Scarlet Guard Challenge 5pm Awards Ceremony and Royal Court Sunday 12pm Site Closes This schedule is subject to change Adult Event Registration is $30, Adult Member Discount Event Registration is $20, Children 6-17: $5, Children 5 and under: Free. Make checks payable to SCA-PA, Inc. – Shire of Hunters Home. Reservations may be sent to the Autocrat. AUTOCRAT for this event will be Thorfinnr y Elsfiord (Tod Elford) -AUTOCRAT is Alrekr Bergsson (David Bessler)","https://aethelmearc.org/event/scarlet-guard-inn-xi/","","Kingdom of AEthelmearc","kingdom","False","41.2492279","-78.7994738","ok_retry"
"Schola - Bronzehelm","2027-05-08","2027-05-09","","Billings, MT","low","","","","Kingdom of Artemisia","kingdom","False","45.7874957","-108.49607","ok"
"Schützenfest XV","2026-06-05","2026-06-08","Camp Singing Hills, 49496 193rd Ave, Waterville, MN 56096, USA","49496 193rd Ave, Waterville, MN 56096, USA","high","","","","Kingdom of Northshield","kingdom","False","44.2189914","-93.56797","ok_retry"
"Scraps - Wyndegate","2026-05-30","2026-05-31","137 Main St, Shelby, MT 59474, USA","137 Main St, Shelby, MT 59474, USA","high","Scraps.pdf","https://drive.google.com/file/d/1aZLW-8OtbdCXIF9fxmpctQ4570Rd7P4l/view?usp=sharing","","Kingdom of Artemisia","kingdom","False","48.504742","-111.8545953","ok"
"Scraps from the Table - Windegate","2027-05-22","2027-05-23","","Shelby, MT","low","","","","Kingdom of Artemisia","kingdom","False","48.5054997","-111.856872","ok"
"Scribal Guild","2026-06-16 00:00:00","2026-06-16 02:00:00","5318 Ravenswood Lane, Johnstown, CO 80534, USA","5318 Ravenswood Lane, Johnstown, CO 80534, USA","high","For more details see our web page Notice: Although the SCA complies with all applicable laws to try to ensure the health and safety of our event participants, we cannot eliminate the risk of exposure to infectious diseases during in-person events. By participating in the in-person events of the SCA, you acknowledge and accept the potential risks. You agree to take any additional steps to protect your own health and safety and those under your control as you believe to be necessary. Join with Google Meet: Or dial: (US) +1 PIN: 175123969# More phone numbers: Learn more about Meet at:","https://unserhafen.org/scribal-guild","","Barony of Unser Hafen","baronial","False","40.3892657","-104.9894925","ok"
"Scribal Guild","2026-07-21 00:00:00","2026-07-21 02:00:00","5318 Ravenswood Lane, Johnstown, CO 80534, USA","5318 Ravenswood Lane, Johnstown, CO 80534, USA","high","For more details see our web page Notice: Although the SCA complies with all applicable laws to try to ensure the health and safety of our event participants, we cannot eliminate the risk of exposure to infectious diseases during in-person events. By participating in the in-person events of the SCA, you acknowledge and accept the potential risks. You agree to take any additional steps to protect your own health and safety and those under your control as you believe to be necessary. Join with Google Meet: Or dial: (US) +1 PIN: 175123969# More phone numbers: Learn more about Meet at:","https://unserhafen.org/scribal-guild","","Barony of Unser Hafen","baronial","False","40.3892657","-104.9894925","ok"
"Scribal Meetup (RECURRING)","2026-06-03 23:00:00","2026-06-04 02:00:00","8 Mt Pleasant St, Woburn, MA 01801, USA","8 Mt Pleasant St, Woburn, MA 01801, USA","high","All are welcome to gather for a monthly meeting of local calligraphers, illuminators, and other scribal artists! Bring a current work, materials to practice, or just come and chat. Do not wear garb. We will have a collection of reference books to look through, some basic supplies to practice with, and lots of coffee, tea, or hot cocoa. Our meetups will be at Philippa Dyvill's home. Please note there are stairs at the entryway and before the bathroom, and the home has (friendly) cats. Note the location is not accessible by public transportation. Street parking is available. Please contact Philippa Dyvill by email at .org or by phone at with questions [RECURRING — also on: 3 Jun 2026, 1 Jul 2026]","","","Barony of Carolingia","baronial","False","42.4766423","-71.1471451","ok"
"Seawinds Defender","2026-10-30 06:00:00","2026-11-02 04:59:00","","Corpus Christi, Texas","low","","","","Kingdom of Ansteorra","kingdom","False","27.7635302","-97.4033191","ok"
"See the Sea (Pavlok Gorod)","2026-06-20 00:00:00","2026-06-20 23:59:59","","Kodiak, Alaska","low","Save the Date","https://westkingdom.org/event/see-the-sea-pavlok-gorod/","","Kingdom of the West","kingdom","False","57.7901661","-152.4067073","ok"
"Shadowlands Fall Event","2026-11-06 06:00:00","2026-11-09 04:59:00","","College Station, Texas","low","","","","Kingdom of Ansteorra","kingdom","False","30.6183939","-96.3455991","ok"
"Shire of Cloondara (Virtual – San Francisco, CA Area)","2026-06-09 19:00:00","2026-06-09 22:00:00","https://us06web.zoom.us/j/83987435924?pwd=M0ovVnprMlkxaG5wUkRWcGIrQ3F1QT09","https://us06web.zoom.us/j/83987435924?pwd=M0ovVnprMlkxaG5wUkRWcGIrQ3F1QT09","low","West Kingdom Zoom is inviting you to a scheduled Zoom meeting. Join Zoom Meeting Meeting ID: 839 8743 5924 Passcode: 1066 The Zoom Meeting opens are 7 PM Pacific for social time. The Shire Business Meeting starts at 8 pm. Many of the meetings are run in a hybrid fashion with optional in person or remote atetndance","https://us06web.zoom.us/j/83987435924?pwd=M0ovVnprMlkxaG5wUkRWcGIrQ3F1QT09","","Kingdom of the West","kingdom","True","","","skipped"
"Shire of Cloondara (Virtual – San Francisco, CA Area)","2026-06-23 19:00:00","2026-06-23 22:00:00","https://us06web.zoom.us/j/83987435924?pwd=M0ovVnprMlkxaG5wUkRWcGIrQ3F1QT09","https://us06web.zoom.us/j/83987435924?pwd=M0ovVnprMlkxaG5wUkRWcGIrQ3F1QT09","low","West Kingdom Zoom is inviting you to a scheduled Zoom meeting. Join Zoom Meeting Meeting ID: 839 8743 5924 Passcode: 1066 The Zoom Meeting opens are 7 PM Pacific for social time. The Shire Business Meeting starts at 8 pm.Many of the meetings are run in a hybrid fashion with optional in person or remote attendance","https://us06web.zoom.us/j/83987435924?pwd=M0ovVnprMlkxaG5wUkRWcGIrQ3F1QT09","","Kingdom of the West","kingdom","True","","","skipped"
"Shire of Cloondara (Virtual – San Francisco, CA Area)","2026-07-14 19:00:00","2026-07-14 22:00:00","https://us06web.zoom.us/j/83987435924?pwd=M0ovVnprMlkxaG5wUkRWcGIrQ3F1QT09","https://us06web.zoom.us/j/83987435924?pwd=M0ovVnprMlkxaG5wUkRWcGIrQ3F1QT09","low","West Kingdom Zoom is inviting you to a scheduled Zoom meeting. Join Zoom Meeting Meeting ID: 839 8743 5924 Passcode: 1066 The Zoom Meeting opens are 7 PM Pacific for social time. The Shire Business Meeting starts at 8 pm. Many of the meetings are run in a hybrid fashion with optional in person or remote atetndance","https://us06web.zoom.us/j/83987435924?pwd=M0ovVnprMlkxaG5wUkRWcGIrQ3F1QT09","","Kingdom of the West","kingdom","True","","","skipped"
"Shire of Cloondara (Virtual – San Francisco, CA Area)","2026-07-28 19:00:00","2026-07-28 22:00:00","https://us06web.zoom.us/j/83987435924?pwd=M0ovVnprMlkxaG5wUkRWcGIrQ3F1QT09","https://us06web.zoom.us/j/83987435924?pwd=M0ovVnprMlkxaG5wUkRWcGIrQ3F1QT09","low","West Kingdom Zoom is inviting you to a scheduled Zoom meeting. Join Zoom Meeting Meeting ID: 839 8743 5924 Passcode: 1066 The Zoom Meeting opens are 7 PM Pacific for social time. The Shire Business Meeting starts at 8 pm.Many of the meetings are run in a hybrid fashion with optional in person or remote attendance","https://us06web.zoom.us/j/83987435924?pwd=M0ovVnprMlkxaG5wUkRWcGIrQ3F1QT09","","Kingdom of the West","kingdom","True","","","skipped"
"Shire of Cloondara (Virtual – San Francisco, CA Area)","2026-08-11 19:00:00","2026-08-11 22:00:00","https://us06web.zoom.us/j/83987435924?pwd=M0ovVnprMlkxaG5wUkRWcGIrQ3F1QT09","https://us06web.zoom.us/j/83987435924?pwd=M0ovVnprMlkxaG5wUkRWcGIrQ3F1QT09","low","West Kingdom Zoom is inviting you to a scheduled Zoom meeting. Join Zoom Meeting Meeting ID: 839 8743 5924 Passcode: 1066 The Zoom Meeting opens are 7 PM Pacific for social time. The Shire Business Meeting starts at 8 pm. Many of the meetings are run in a hybrid fashion with optional in person or remote atetndance","https://us06web.zoom.us/j/83987435924?pwd=M0ovVnprMlkxaG5wUkRWcGIrQ3F1QT09","","Kingdom of the West","kingdom","True","","","skipped"
"Shire of Cloondara (Virtual – San Francisco, CA Area)","2026-08-25 19:00:00","2026-08-25 22:00:00","https://us06web.zoom.us/j/83987435924?pwd=M0ovVnprMlkxaG5wUkRWcGIrQ3F1QT09","https://us06web.zoom.us/j/83987435924?pwd=M0ovVnprMlkxaG5wUkRWcGIrQ3F1QT09","low","West Kingdom Zoom is inviting you to a scheduled Zoom meeting. Join Zoom Meeting Meeting ID: 839 8743 5924 Passcode: 1066 The Zoom Meeting opens are 7 PM Pacific for social time. The Shire Business Meeting starts at 8 pm.Many of the meetings are run in a hybrid fashion with optional in person or remote attendance","https://us06web.zoom.us/j/83987435924?pwd=M0ovVnprMlkxaG5wUkRWcGIrQ3F1QT09","","Kingdom of the West","kingdom","True","","","skipped"
"Shire of Cloondara (Virtual – San Francisco, CA Area)","2026-09-08 19:00:00","2026-09-08 22:00:00","https://us06web.zoom.us/j/83987435924?pwd=M0ovVnprMlkxaG5wUkRWcGIrQ3F1QT09","https://us06web.zoom.us/j/83987435924?pwd=M0ovVnprMlkxaG5wUkRWcGIrQ3F1QT09","low","West Kingdom Zoom is inviting you to a scheduled Zoom meeting. Join Zoom Meeting Meeting ID: 839 8743 5924 Passcode: 1066 The Zoom Meeting opens are 7 PM Pacific for social time. The Shire Business Meeting starts at 8 pm. Many of the meetings are run in a hybrid fashion with optional in person or remote atetndance","https://us06web.zoom.us/j/83987435924?pwd=M0ovVnprMlkxaG5wUkRWcGIrQ3F1QT09","","Kingdom of the West","kingdom","True","","","skipped"
"Shire of Cloondara (Virtual – San Francisco, CA Area)","2026-09-22 19:00:00","2026-09-22 22:00:00","https://us06web.zoom.us/j/83987435924?pwd=M0ovVnprMlkxaG5wUkRWcGIrQ3F1QT09","https://us06web.zoom.us/j/83987435924?pwd=M0ovVnprMlkxaG5wUkRWcGIrQ3F1QT09","low","West Kingdom Zoom is inviting you to a scheduled Zoom meeting. Join Zoom Meeting Meeting ID: 839 8743 5924 Passcode: 1066 The Zoom Meeting opens are 7 PM Pacific for social time. The Shire Business Meeting starts at 8 pm.Many of the meetings are run in a hybrid fashion with optional in person or remote attendance","https://us06web.zoom.us/j/83987435924?pwd=M0ovVnprMlkxaG5wUkRWcGIrQ3F1QT09","","Kingdom of the West","kingdom","True","","","skipped"
"Shire of Cloondara (Virtual – San Francisco, CA Area)","2026-10-13 19:00:00","2026-10-13 22:00:00","https://us06web.zoom.us/j/83987435924?pwd=M0ovVnprMlkxaG5wUkRWcGIrQ3F1QT09","https://us06web.zoom.us/j/83987435924?pwd=M0ovVnprMlkxaG5wUkRWcGIrQ3F1QT09","low","West Kingdom Zoom is inviting you to a scheduled Zoom meeting. Join Zoom Meeting Meeting ID: 839 8743 5924 Passcode: 1066 The Zoom Meeting opens are 7 PM Pacific for social time. The Shire Business Meeting starts at 8 pm. Many of the meetings are run in a hybrid fashion with optional in person or remote atetndance","https://us06web.zoom.us/j/83987435924?pwd=M0ovVnprMlkxaG5wUkRWcGIrQ3F1QT09","","Kingdom of the West","kingdom","True","","","skipped"
"Shire of Cloondara (Virtual – San Francisco, CA Area)","2026-10-27 19:00:00","2026-10-27 22:00:00","https://us06web.zoom.us/j/83987435924?pwd=M0ovVnprMlkxaG5wUkRWcGIrQ3F1QT09","https://us06web.zoom.us/j/83987435924?pwd=M0ovVnprMlkxaG5wUkRWcGIrQ3F1QT09","low","West Kingdom Zoom is inviting you to a scheduled Zoom meeting. Join Zoom Meeting Meeting ID: 839 8743 5924 Passcode: 1066 The Zoom Meeting opens are 7 PM Pacific for social time. The Shire Business Meeting starts at 8 pm.Many of the meetings are run in a hybrid fashion with optional in person or remote attendance","https://us06web.zoom.us/j/83987435924?pwd=M0ovVnprMlkxaG5wUkRWcGIrQ3F1QT09","","Kingdom of the West","kingdom","True","","","skipped"
"Shire of Cloondara (Virtual – San Francisco, CA Area)","2026-11-10 19:00:00","2026-11-10 22:00:00","https://us06web.zoom.us/j/83987435924?pwd=M0ovVnprMlkxaG5wUkRWcGIrQ3F1QT09","https://us06web.zoom.us/j/83987435924?pwd=M0ovVnprMlkxaG5wUkRWcGIrQ3F1QT09","low","West Kingdom Zoom is inviting you to a scheduled Zoom meeting. Join Zoom Meeting Meeting ID: 839 8743 5924 Passcode: 1066 The Zoom Meeting opens are 7 PM Pacific for social time. The Shire Business Meeting starts at 8 pm. Many of the meetings are run in a hybrid fashion with optional in person or remote atetndance","https://us06web.zoom.us/j/83987435924?pwd=M0ovVnprMlkxaG5wUkRWcGIrQ3F1QT09","","Kingdom of the West","kingdom","True","","","skipped"
"Shire of Cloondara (Virtual – San Francisco, CA Area)","2026-11-24 19:00:00","2026-11-24 22:00:00","https://us06web.zoom.us/j/83987435924?pwd=M0ovVnprMlkxaG5wUkRWcGIrQ3F1QT09","https://us06web.zoom.us/j/83987435924?pwd=M0ovVnprMlkxaG5wUkRWcGIrQ3F1QT09","low","West Kingdom Zoom is inviting you to a scheduled Zoom meeting. Join Zoom Meeting Meeting ID: 839 8743 5924 Passcode: 1066 The Zoom Meeting opens are 7 PM Pacific for social time. The Shire Business Meeting starts at 8 pm.Many of the meetings are run in a hybrid fashion with optional in person or remote attendance","https://us06web.zoom.us/j/83987435924?pwd=M0ovVnprMlkxaG5wUkRWcGIrQ3F1QT09","","Kingdom of the West","kingdom","True","","","skipped"
"Shire of Cloondara (Virtual – San Francisco, CA Area)","2026-12-08 19:00:00","2026-12-08 22:00:00","https://us06web.zoom.us/j/83987435924?pwd=M0ovVnprMlkxaG5wUkRWcGIrQ3F1QT09","https://us06web.zoom.us/j/83987435924?pwd=M0ovVnprMlkxaG5wUkRWcGIrQ3F1QT09","low","West Kingdom Zoom is inviting you to a scheduled Zoom meeting. Join Zoom Meeting Meeting ID: 839 8743 5924 Passcode: 1066 The Zoom Meeting opens are 7 PM Pacific for social time. The Shire Business Meeting starts at 8 pm. Many of the meetings are run in a hybrid fashion with optional in person or remote atetndance","https://us06web.zoom.us/j/83987435924?pwd=M0ovVnprMlkxaG5wUkRWcGIrQ3F1QT09","","Kingdom of the West","kingdom","True","","","skipped"
"Shire of Cloondara (Virtual – San Francisco, CA Area)","2026-12-22 19:00:00","2026-12-22 22:00:00","https://us06web.zoom.us/j/83987435924?pwd=M0ovVnprMlkxaG5wUkRWcGIrQ3F1QT09","https://us06web.zoom.us/j/83987435924?pwd=M0ovVnprMlkxaG5wUkRWcGIrQ3F1QT09","low","West Kingdom Zoom is inviting you to a scheduled Zoom meeting. Join Zoom Meeting Meeting ID: 839 8743 5924 Passcode: 1066 The Zoom Meeting opens are 7 PM Pacific for social time. The Shire Business Meeting starts at 8 pm.Many of the meetings are run in a hybrid fashion with optional in person or remote attendance","https://us06web.zoom.us/j/83987435924?pwd=M0ovVnprMlkxaG5wUkRWcGIrQ3F1QT09","","Kingdom of the West","kingdom","True","","","skipped"
"Shire of Cloondara (Virtual – San Francisco, CA Area)","2027-01-12 19:00:00","2027-01-12 22:00:00","https://us06web.zoom.us/j/83987435924?pwd=M0ovVnprMlkxaG5wUkRWcGIrQ3F1QT09","https://us06web.zoom.us/j/83987435924?pwd=M0ovVnprMlkxaG5wUkRWcGIrQ3F1QT09","low","West Kingdom Zoom is inviting you to a scheduled Zoom meeting. Join Zoom Meeting Meeting ID: 839 8743 5924 Passcode: 1066 The Zoom Meeting opens are 7 PM Pacific for social time. The Shire Business Meeting starts at 8 pm. Many of the meetings are run in a hybrid fashion with optional in person or remote atetndance","https://us06web.zoom.us/j/83987435924?pwd=M0ovVnprMlkxaG5wUkRWcGIrQ3F1QT09","","Kingdom of the West","kingdom","True","","","skipped"
"Shire of Cloondara (Virtual – San Francisco, CA Area)","2027-01-26 19:00:00","2027-01-26 22:00:00","https://us06web.zoom.us/j/83987435924?pwd=M0ovVnprMlkxaG5wUkRWcGIrQ3F1QT09","https://us06web.zoom.us/j/83987435924?pwd=M0ovVnprMlkxaG5wUkRWcGIrQ3F1QT09","low","West Kingdom Zoom is inviting you to a scheduled Zoom meeting. Join Zoom Meeting Meeting ID: 839 8743 5924 Passcode: 1066 The Zoom Meeting opens are 7 PM Pacific for social time. The Shire Business Meeting starts at 8 pm.Many of the meetings are run in a hybrid fashion with optional in person or remote attendance","https://us06web.zoom.us/j/83987435924?pwd=M0ovVnprMlkxaG5wUkRWcGIrQ3F1QT09","","Kingdom of the West","kingdom","True","","","skipped"
"Shire of Cloondara (Virtual – San Francisco, CA Area)","2027-02-09 19:00:00","2027-02-09 22:00:00","https://us06web.zoom.us/j/83987435924?pwd=M0ovVnprMlkxaG5wUkRWcGIrQ3F1QT09","https://us06web.zoom.us/j/83987435924?pwd=M0ovVnprMlkxaG5wUkRWcGIrQ3F1QT09","low","West Kingdom Zoom is inviting you to a scheduled Zoom meeting. Join Zoom Meeting Meeting ID: 839 8743 5924 Passcode: 1066 The Zoom Meeting opens are 7 PM Pacific for social time. The Shire Business Meeting starts at 8 pm. Many of the meetings are run in a hybrid fashion with optional in person or remote atetndance","https://us06web.zoom.us/j/83987435924?pwd=M0ovVnprMlkxaG5wUkRWcGIrQ3F1QT09","","Kingdom of the West","kingdom","True","","","skipped"
"Shire of Cloondara (Virtual – San Francisco, CA Area)","2027-02-23 19:00:00","2027-02-23 22:00:00","https://us06web.zoom.us/j/83987435924?pwd=M0ovVnprMlkxaG5wUkRWcGIrQ3F1QT09","https://us06web.zoom.us/j/83987435924?pwd=M0ovVnprMlkxaG5wUkRWcGIrQ3F1QT09","low","West Kingdom Zoom is inviting you to a scheduled Zoom meeting. Join Zoom Meeting Meeting ID: 839 8743 5924 Passcode: 1066 The Zoom Meeting opens are 7 PM Pacific for social time. The Shire Business Meeting starts at 8 pm.Many of the meetings are run in a hybrid fashion with optional in person or remote attendance","https://us06web.zoom.us/j/83987435924?pwd=M0ovVnprMlkxaG5wUkRWcGIrQ3F1QT09","","Kingdom of the West","kingdom","True","","","skipped"
"Shire of Cloondara (Virtual – San Francisco, CA Area)","2027-03-09 19:00:00","2027-03-09 22:00:00","https://us06web.zoom.us/j/83987435924?pwd=M0ovVnprMlkxaG5wUkRWcGIrQ3F1QT09","https://us06web.zoom.us/j/83987435924?pwd=M0ovVnprMlkxaG5wUkRWcGIrQ3F1QT09","low","West Kingdom Zoom is inviting you to a scheduled Zoom meeting. Join Zoom Meeting Meeting ID: 839 8743 5924 Passcode: 1066 The Zoom Meeting opens are 7 PM Pacific for social time. The Shire Business Meeting starts at 8 pm. Many of the meetings are run in a hybrid fashion with optional in person or remote atetndance","https://us06web.zoom.us/j/83987435924?pwd=M0ovVnprMlkxaG5wUkRWcGIrQ3F1QT09","","Kingdom of the West","kingdom","True","","","skipped"
"Shire of Cloondara (Virtual – San Francisco, CA Area)","2027-03-23 19:00:00","2027-03-23 22:00:00","https://us06web.zoom.us/j/83987435924?pwd=M0ovVnprMlkxaG5wUkRWcGIrQ3F1QT09","https://us06web.zoom.us/j/83987435924?pwd=M0ovVnprMlkxaG5wUkRWcGIrQ3F1QT09","low","West Kingdom Zoom is inviting you to a scheduled Zoom meeting. Join Zoom Meeting Meeting ID: 839 8743 5924 Passcode: 1066 The Zoom Meeting opens are 7 PM Pacific for social time. The Shire Business Meeting starts at 8 pm.Many of the meetings are run in a hybrid fashion with optional in person or remote attendance","https://us06web.zoom.us/j/83987435924?pwd=M0ovVnprMlkxaG5wUkRWcGIrQ3F1QT09","","Kingdom of the West","kingdom","True","","","skipped"
"Shire of Cloondara (Virtual – San Francisco, CA Area)","2027-04-13 19:00:00","2027-04-13 22:00:00","https://us06web.zoom.us/j/83987435924?pwd=M0ovVnprMlkxaG5wUkRWcGIrQ3F1QT09","https://us06web.zoom.us/j/83987435924?pwd=M0ovVnprMlkxaG5wUkRWcGIrQ3F1QT09","low","West Kingdom Zoom is inviting you to a scheduled Zoom meeting. Join Zoom Meeting Meeting ID: 839 8743 5924 Passcode: 1066 The Zoom Meeting opens are 7 PM Pacific for social time. The Shire Business Meeting starts at 8 pm. Many of the meetings are run in a hybrid fashion with optional in person or remote atetndance","https://us06web.zoom.us/j/83987435924?pwd=M0ovVnprMlkxaG5wUkRWcGIrQ3F1QT09","","Kingdom of the West","kingdom","True","","","skipped"
"Shire of Cloondara (Virtual – San Francisco, CA Area)","2027-04-27 19:00:00","2027-04-27 22:00:00","https://us06web.zoom.us/j/83987435924?pwd=M0ovVnprMlkxaG5wUkRWcGIrQ3F1QT09","https://us06web.zoom.us/j/83987435924?pwd=M0ovVnprMlkxaG5wUkRWcGIrQ3F1QT09","low","West Kingdom Zoom is inviting you to a scheduled Zoom meeting. Join Zoom Meeting Meeting ID: 839 8743 5924 Passcode: 1066 The Zoom Meeting opens are 7 PM Pacific for social time. The Shire Business Meeting starts at 8 pm.Many of the meetings are run in a hybrid fashion with optional in person or remote attendance","https://us06web.zoom.us/j/83987435924?pwd=M0ovVnprMlkxaG5wUkRWcGIrQ3F1QT09","","Kingdom of the West","kingdom","True","","","skipped"
"Shire of Cloondara (Virtual – San Francisco, CA Area)","2027-05-11 19:00:00","2027-05-11 22:00:00","https://us06web.zoom.us/j/83987435924?pwd=M0ovVnprMlkxaG5wUkRWcGIrQ3F1QT09","https://us06web.zoom.us/j/83987435924?pwd=M0ovVnprMlkxaG5wUkRWcGIrQ3F1QT09","low","West Kingdom Zoom is inviting you to a scheduled Zoom meeting. Join Zoom Meeting Meeting ID: 839 8743 5924 Passcode: 1066 The Zoom Meeting opens are 7 PM Pacific for social time. The Shire Business Meeting starts at 8 pm. Many of the meetings are run in a hybrid fashion with optional in person or remote atetndance","https://us06web.zoom.us/j/83987435924?pwd=M0ovVnprMlkxaG5wUkRWcGIrQ3F1QT09","","Kingdom of the West","kingdom","True","","","skipped"
"Shire of Cloondara (Virtual – San Francisco, CA Area)","2027-05-25 19:00:00","2027-05-25 22:00:00","https://us06web.zoom.us/j/83987435924?pwd=M0ovVnprMlkxaG5wUkRWcGIrQ3F1QT09","https://us06web.zoom.us/j/83987435924?pwd=M0ovVnprMlkxaG5wUkRWcGIrQ3F1QT09","low","West Kingdom Zoom is inviting you to a scheduled Zoom meeting. Join Zoom Meeting Meeting ID: 839 8743 5924 Passcode: 1066 The Zoom Meeting opens are 7 PM Pacific for social time. The Shire Business Meeting starts at 8 pm.Many of the meetings are run in a hybrid fashion with optional in person or remote attendance","https://us06web.zoom.us/j/83987435924?pwd=M0ovVnprMlkxaG5wUkRWcGIrQ3F1QT09","","Kingdom of the West","kingdom","True","","","skipped"
"Shire of Cloondara (Virtual – San Francisco, CA Area)","2027-06-08 19:00:00","2027-06-08 22:00:00","https://us06web.zoom.us/j/83987435924?pwd=M0ovVnprMlkxaG5wUkRWcGIrQ3F1QT09","https://us06web.zoom.us/j/83987435924?pwd=M0ovVnprMlkxaG5wUkRWcGIrQ3F1QT09","low","West Kingdom Zoom is inviting you to a scheduled Zoom meeting. Join Zoom Meeting Meeting ID: 839 8743 5924 Passcode: 1066 The Zoom Meeting opens are 7 PM Pacific for social time. The Shire Business Meeting starts at 8 pm. Many of the meetings are run in a hybrid fashion with optional in person or remote atetndance","https://us06web.zoom.us/j/83987435924?pwd=M0ovVnprMlkxaG5wUkRWcGIrQ3F1QT09","","Kingdom of the West","kingdom","True","","","skipped"
"Shire of Cloondara (Virtual – San Francisco, CA Area)","2027-06-22 19:00:00","2027-06-22 22:00:00","https://us06web.zoom.us/j/83987435924?pwd=M0ovVnprMlkxaG5wUkRWcGIrQ3F1QT09","https://us06web.zoom.us/j/83987435924?pwd=M0ovVnprMlkxaG5wUkRWcGIrQ3F1QT09","low","West Kingdom Zoom is inviting you to a scheduled Zoom meeting. Join Zoom Meeting Meeting ID: 839 8743 5924 Passcode: 1066 The Zoom Meeting opens are 7 PM Pacific for social time. The Shire Business Meeting starts at 8 pm.Many of the meetings are run in a hybrid fashion with optional in person or remote attendance","https://us06web.zoom.us/j/83987435924?pwd=M0ovVnprMlkxaG5wUkRWcGIrQ3F1QT09","","Kingdom of the West","kingdom","True","","","skipped"
"Shire of Cloondara (Virtual – San Francisco, CA Area)","2027-07-13 19:00:00","2027-07-13 22:00:00","https://us06web.zoom.us/j/83987435924?pwd=M0ovVnprMlkxaG5wUkRWcGIrQ3F1QT09","https://us06web.zoom.us/j/83987435924?pwd=M0ovVnprMlkxaG5wUkRWcGIrQ3F1QT09","low","West Kingdom Zoom is inviting you to a scheduled Zoom meeting. Join Zoom Meeting Meeting ID: 839 8743 5924 Passcode: 1066 The Zoom Meeting opens are 7 PM Pacific for social time. The Shire Business Meeting starts at 8 pm. Many of the meetings are run in a hybrid fashion with optional in person or remote atetndance","https://us06web.zoom.us/j/83987435924?pwd=M0ovVnprMlkxaG5wUkRWcGIrQ3F1QT09","","Kingdom of the West","kingdom","True","","","skipped"
"Shire of Cloondara (Virtual – San Francisco, CA Area)","2027-07-27 19:00:00","2027-07-27 22:00:00","https://us06web.zoom.us/j/83987435924?pwd=M0ovVnprMlkxaG5wUkRWcGIrQ3F1QT09","https://us06web.zoom.us/j/83987435924?pwd=M0ovVnprMlkxaG5wUkRWcGIrQ3F1QT09","low","West Kingdom Zoom is inviting you to a scheduled Zoom meeting. Join Zoom Meeting Meeting ID: 839 8743 5924 Passcode: 1066 The Zoom Meeting opens are 7 PM Pacific for social time. The Shire Business Meeting starts at 8 pm.Many of the meetings are run in a hybrid fashion with optional in person or remote attendance","https://us06web.zoom.us/j/83987435924?pwd=M0ovVnprMlkxaG5wUkRWcGIrQ3F1QT09","","Kingdom of the West","kingdom","True","","","skipped"
"Shire of Cloondara (Virtual – San Francisco, CA Area)","2027-08-10 19:00:00","2027-08-10 22:00:00","https://us06web.zoom.us/j/83987435924?pwd=M0ovVnprMlkxaG5wUkRWcGIrQ3F1QT09","https://us06web.zoom.us/j/83987435924?pwd=M0ovVnprMlkxaG5wUkRWcGIrQ3F1QT09","low","West Kingdom Zoom is inviting you to a scheduled Zoom meeting. Join Zoom Meeting Meeting ID: 839 8743 5924 Passcode: 1066 The Zoom Meeting opens are 7 PM Pacific for social time. The Shire Business Meeting starts at 8 pm. Many of the meetings are run in a hybrid fashion with optional in person or remote atetndance","https://us06web.zoom.us/j/83987435924?pwd=M0ovVnprMlkxaG5wUkRWcGIrQ3F1QT09","","Kingdom of the West","kingdom","True","","","skipped"
"Shire of Cloondara (Virtual – San Francisco, CA Area)","2027-08-24 19:00:00","2027-08-24 22:00:00","https://us06web.zoom.us/j/83987435924?pwd=M0ovVnprMlkxaG5wUkRWcGIrQ3F1QT09","https://us06web.zoom.us/j/83987435924?pwd=M0ovVnprMlkxaG5wUkRWcGIrQ3F1QT09","low","West Kingdom Zoom is inviting you to a scheduled Zoom meeting. Join Zoom Meeting Meeting ID: 839 8743 5924 Passcode: 1066 The Zoom Meeting opens are 7 PM Pacific for social time. The Shire Business Meeting starts at 8 pm.Many of the meetings are run in a hybrid fashion with optional in person or remote attendance","https://us06web.zoom.us/j/83987435924?pwd=M0ovVnprMlkxaG5wUkRWcGIrQ3F1QT09","","Kingdom of the West","kingdom","True","","","skipped"
"Shire of Cloondara (Virtual – San Francisco, CA Area)","2027-09-14 19:00:00","2027-09-14 22:00:00","https://us06web.zoom.us/j/83987435924?pwd=M0ovVnprMlkxaG5wUkRWcGIrQ3F1QT09","https://us06web.zoom.us/j/83987435924?pwd=M0ovVnprMlkxaG5wUkRWcGIrQ3F1QT09","low","West Kingdom Zoom is inviting you to a scheduled Zoom meeting. Join Zoom Meeting Meeting ID: 839 8743 5924 Passcode: 1066 The Zoom Meeting opens are 7 PM Pacific for social time. The Shire Business Meeting starts at 8 pm. Many of the meetings are run in a hybrid fashion with optional in person or remote atetndance","https://us06web.zoom.us/j/83987435924?pwd=M0ovVnprMlkxaG5wUkRWcGIrQ3F1QT09","","Kingdom of the West","kingdom","True","","","skipped"
"Shire of Cloondara (Virtual – San Francisco, CA Area)","2027-09-28 19:00:00","2027-09-28 22:00:00","https://us06web.zoom.us/j/83987435924?pwd=M0ovVnprMlkxaG5wUkRWcGIrQ3F1QT09","https://us06web.zoom.us/j/83987435924?pwd=M0ovVnprMlkxaG5wUkRWcGIrQ3F1QT09","low","West Kingdom Zoom is inviting you to a scheduled Zoom meeting. Join Zoom Meeting Meeting ID: 839 8743 5924 Passcode: 1066 The Zoom Meeting opens are 7 PM Pacific for social time. The Shire Business Meeting starts at 8 pm.Many of the meetings are run in a hybrid fashion with optional in person or remote attendance","https://us06web.zoom.us/j/83987435924?pwd=M0ovVnprMlkxaG5wUkRWcGIrQ3F1QT09","","Kingdom of the West","kingdom","True","","","skipped"
"Shire of Cloondara (Virtual – San Francisco, CA Area)","2027-10-12 19:00:00","2027-10-12 22:00:00","https://us06web.zoom.us/j/83987435924?pwd=M0ovVnprMlkxaG5wUkRWcGIrQ3F1QT09","https://us06web.zoom.us/j/83987435924?pwd=M0ovVnprMlkxaG5wUkRWcGIrQ3F1QT09","low","West Kingdom Zoom is inviting you to a scheduled Zoom meeting. Join Zoom Meeting Meeting ID: 839 8743 5924 Passcode: 1066 The Zoom Meeting opens are 7 PM Pacific for social time. The Shire Business Meeting starts at 8 pm. Many of the meetings are run in a hybrid fashion with optional in person or remote atetndance","https://us06web.zoom.us/j/83987435924?pwd=M0ovVnprMlkxaG5wUkRWcGIrQ3F1QT09","","Kingdom of the West","kingdom","True","","","skipped"
"Shire of Cloondara (Virtual – San Francisco, CA Area)","2027-10-26 19:00:00","2027-10-26 22:00:00","https://us06web.zoom.us/j/83987435924?pwd=M0ovVnprMlkxaG5wUkRWcGIrQ3F1QT09","https://us06web.zoom.us/j/83987435924?pwd=M0ovVnprMlkxaG5wUkRWcGIrQ3F1QT09","low","West Kingdom Zoom is inviting you to a scheduled Zoom meeting. Join Zoom Meeting Meeting ID: 839 8743 5924 Passcode: 1066 The Zoom Meeting opens are 7 PM Pacific for social time. The Shire Business Meeting starts at 8 pm.Many of the meetings are run in a hybrid fashion with optional in person or remote attendance","https://us06web.zoom.us/j/83987435924?pwd=M0ovVnprMlkxaG5wUkRWcGIrQ3F1QT09","","Kingdom of the West","kingdom","True","","","skipped"
"Shire of Cloondara (Virtual – San Francisco, CA Area)","2027-11-09 19:00:00","2027-11-09 22:00:00","https://us06web.zoom.us/j/83987435924?pwd=M0ovVnprMlkxaG5wUkRWcGIrQ3F1QT09","https://us06web.zoom.us/j/83987435924?pwd=M0ovVnprMlkxaG5wUkRWcGIrQ3F1QT09","low","West Kingdom Zoom is inviting you to a scheduled Zoom meeting. Join Zoom Meeting Meeting ID: 839 8743 5924 Passcode: 1066 The Zoom Meeting opens are 7 PM Pacific for social time. The Shire Business Meeting starts at 8 pm. Many of the meetings are run in a hybrid fashion with optional in person or remote atetndance","https://us06web.zoom.us/j/83987435924?pwd=M0ovVnprMlkxaG5wUkRWcGIrQ3F1QT09","","Kingdom of the West","kingdom","True","","","skipped"
"Shire of Cloondara (Virtual – San Francisco, CA Area)","2027-11-23 19:00:00","2027-11-23 22:00:00","https://us06web.zoom.us/j/83987435924?pwd=M0ovVnprMlkxaG5wUkRWcGIrQ3F1QT09","https://us06web.zoom.us/j/83987435924?pwd=M0ovVnprMlkxaG5wUkRWcGIrQ3F1QT09","low","West Kingdom Zoom is inviting you to a scheduled Zoom meeting. Join Zoom Meeting Meeting ID: 839 8743 5924 Passcode: 1066 The Zoom Meeting opens are 7 PM Pacific for social time. The Shire Business Meeting starts at 8 pm.Many of the meetings are run in a hybrid fashion with optional in person or remote attendance","https://us06web.zoom.us/j/83987435924?pwd=M0ovVnprMlkxaG5wUkRWcGIrQ3F1QT09","","Kingdom of the West","kingdom","True","","","skipped"
"Shire of Cloondara (Virtual – San Francisco, CA Area)","2027-12-14 19:00:00","2027-12-14 22:00:00","https://us06web.zoom.us/j/83987435924?pwd=M0ovVnprMlkxaG5wUkRWcGIrQ3F1QT09","https://us06web.zoom.us/j/83987435924?pwd=M0ovVnprMlkxaG5wUkRWcGIrQ3F1QT09","low","West Kingdom Zoom is inviting you to a scheduled Zoom meeting. Join Zoom Meeting Meeting ID: 839 8743 5924 Passcode: 1066 The Zoom Meeting opens are 7 PM Pacific for social time. The Shire Business Meeting starts at 8 pm. Many of the meetings are run in a hybrid fashion with optional in person or remote atetndance","https://us06web.zoom.us/j/83987435924?pwd=M0ovVnprMlkxaG5wUkRWcGIrQ3F1QT09","","Kingdom of the West","kingdom","True","","","skipped"
"Shire of Cloondara (Virtual – San Francisco, CA Area)","2027-12-28 19:00:00","2027-12-28 22:00:00","https://us06web.zoom.us/j/83987435924?pwd=M0ovVnprMlkxaG5wUkRWcGIrQ3F1QT09","https://us06web.zoom.us/j/83987435924?pwd=M0ovVnprMlkxaG5wUkRWcGIrQ3F1QT09","low","West Kingdom Zoom is inviting you to a scheduled Zoom meeting. Join Zoom Meeting Meeting ID: 839 8743 5924 Passcode: 1066 The Zoom Meeting opens are 7 PM Pacific for social time. The Shire Business Meeting starts at 8 pm.Many of the meetings are run in a hybrid fashion with optional in person or remote attendance","https://us06web.zoom.us/j/83987435924?pwd=M0ovVnprMlkxaG5wUkRWcGIrQ3F1QT09","","Kingdom of the West","kingdom","True","","","skipped"
"Shire of Cloondara (Virtual – San Francisco, CA Area)","2028-01-11 19:00:00","2028-01-11 22:00:00","https://us06web.zoom.us/j/83987435924?pwd=M0ovVnprMlkxaG5wUkRWcGIrQ3F1QT09","https://us06web.zoom.us/j/83987435924?pwd=M0ovVnprMlkxaG5wUkRWcGIrQ3F1QT09","low","West Kingdom Zoom is inviting you to a scheduled Zoom meeting. Join Zoom Meeting Meeting ID: 839 8743 5924 Passcode: 1066 The Zoom Meeting opens are 7 PM Pacific for social time. The Shire Business Meeting starts at 8 pm. Many of the meetings are run in a hybrid fashion with optional in person or remote atetndance","https://us06web.zoom.us/j/83987435924?pwd=M0ovVnprMlkxaG5wUkRWcGIrQ3F1QT09","","Kingdom of the West","kingdom","True","","","skipped"
"Shire of Cloondara (Virtual – San Francisco, CA Area)","2028-01-25 19:00:00","2028-01-25 22:00:00","https://us06web.zoom.us/j/83987435924?pwd=M0ovVnprMlkxaG5wUkRWcGIrQ3F1QT09","https://us06web.zoom.us/j/83987435924?pwd=M0ovVnprMlkxaG5wUkRWcGIrQ3F1QT09","low","West Kingdom Zoom is inviting you to a scheduled Zoom meeting. Join Zoom Meeting Meeting ID: 839 8743 5924 Passcode: 1066 The Zoom Meeting opens are 7 PM Pacific for social time. The Shire Business Meeting starts at 8 pm.Many of the meetings are run in a hybrid fashion with optional in person or remote attendance","https://us06web.zoom.us/j/83987435924?pwd=M0ovVnprMlkxaG5wUkRWcGIrQ3F1QT09","","Kingdom of the West","kingdom","True","","","skipped"
"Shire of Cloondara (Virtual – San Francisco, CA Area)","2028-02-08 19:00:00","2028-02-08 22:00:00","https://us06web.zoom.us/j/83987435924?pwd=M0ovVnprMlkxaG5wUkRWcGIrQ3F1QT09","https://us06web.zoom.us/j/83987435924?pwd=M0ovVnprMlkxaG5wUkRWcGIrQ3F1QT09","low","West Kingdom Zoom is inviting you to a scheduled Zoom meeting. Join Zoom Meeting Meeting ID: 839 8743 5924 Passcode: 1066 The Zoom Meeting opens are 7 PM Pacific for social time. The Shire Business Meeting starts at 8 pm. Many of the meetings are run in a hybrid fashion with optional in person or remote atetndance","https://us06web.zoom.us/j/83987435924?pwd=M0ovVnprMlkxaG5wUkRWcGIrQ3F1QT09","","Kingdom of the West","kingdom","True","","","skipped"
"Shire of Cloondara (Virtual – San Francisco, CA Area)","2028-02-22 19:00:00","2028-02-22 22:00:00","https://us06web.zoom.us/j/83987435924?pwd=M0ovVnprMlkxaG5wUkRWcGIrQ3F1QT09","https://us06web.zoom.us/j/83987435924?pwd=M0ovVnprMlkxaG5wUkRWcGIrQ3F1QT09","low","West Kingdom Zoom is inviting you to a scheduled Zoom meeting. Join Zoom Meeting Meeting ID: 839 8743 5924 Passcode: 1066 The Zoom Meeting opens are 7 PM Pacific for social time. The Shire Business Meeting starts at 8 pm.Many of the meetings are run in a hybrid fashion with optional in person or remote attendance","https://us06web.zoom.us/j/83987435924?pwd=M0ovVnprMlkxaG5wUkRWcGIrQ3F1QT09","","Kingdom of the West","kingdom","True","","","skipped"
"Shire of Cloondara (Virtual – San Francisco, CA Area)","2028-03-14 19:00:00","2028-03-14 22:00:00","https://us06web.zoom.us/j/83987435924?pwd=M0ovVnprMlkxaG5wUkRWcGIrQ3F1QT09","https://us06web.zoom.us/j/83987435924?pwd=M0ovVnprMlkxaG5wUkRWcGIrQ3F1QT09","low","West Kingdom Zoom is inviting you to a scheduled Zoom meeting. Join Zoom Meeting Meeting ID: 839 8743 5924 Passcode: 1066 The Zoom Meeting opens are 7 PM Pacific for social time. The Shire Business Meeting starts at 8 pm. Many of the meetings are run in a hybrid fashion with optional in person or remote atetndance","https://us06web.zoom.us/j/83987435924?pwd=M0ovVnprMlkxaG5wUkRWcGIrQ3F1QT09","","Kingdom of the West","kingdom","True","","","skipped"
"Shire of Cloondara (Virtual – San Francisco, CA Area)","2028-03-28 19:00:00","2028-03-28 22:00:00","https://us06web.zoom.us/j/83987435924?pwd=M0ovVnprMlkxaG5wUkRWcGIrQ3F1QT09","https://us06web.zoom.us/j/83987435924?pwd=M0ovVnprMlkxaG5wUkRWcGIrQ3F1QT09","low","West Kingdom Zoom is inviting you to a scheduled Zoom meeting. Join Zoom Meeting Meeting ID: 839 8743 5924 Passcode: 1066 The Zoom Meeting opens are 7 PM Pacific for social time. The Shire Business Meeting starts at 8 pm.Many of the meetings are run in a hybrid fashion with optional in person or remote attendance","https://us06web.zoom.us/j/83987435924?pwd=M0ovVnprMlkxaG5wUkRWcGIrQ3F1QT09","","Kingdom of the West","kingdom","True","","","skipped"
"Shire of Cloondara (Virtual – San Francisco, CA Area)","2028-04-11 19:00:00","2028-04-11 22:00:00","https://us06web.zoom.us/j/83987435924?pwd=M0ovVnprMlkxaG5wUkRWcGIrQ3F1QT09","https://us06web.zoom.us/j/83987435924?pwd=M0ovVnprMlkxaG5wUkRWcGIrQ3F1QT09","low","West Kingdom Zoom is inviting you to a scheduled Zoom meeting. Join Zoom Meeting Meeting ID: 839 8743 5924 Passcode: 1066 The Zoom Meeting opens are 7 PM Pacific for social time. The Shire Business Meeting starts at 8 pm. Many of the meetings are run in a hybrid fashion with optional in person or remote atetndance","https://us06web.zoom.us/j/83987435924?pwd=M0ovVnprMlkxaG5wUkRWcGIrQ3F1QT09","","Kingdom of the West","kingdom","True","","","skipped"
"Shire of Cloondara (Virtual – San Francisco, CA Area)","2028-04-25 19:00:00","2028-04-25 22:00:00","https://us06web.zoom.us/j/83987435924?pwd=M0ovVnprMlkxaG5wUkRWcGIrQ3F1QT09","https://us06web.zoom.us/j/83987435924?pwd=M0ovVnprMlkxaG5wUkRWcGIrQ3F1QT09","low","West Kingdom Zoom is inviting you to a scheduled Zoom meeting. Join Zoom Meeting Meeting ID: 839 8743 5924 Passcode: 1066 The Zoom Meeting opens are 7 PM Pacific for social time. The Shire Business Meeting starts at 8 pm.Many of the meetings are run in a hybrid fashion with optional in person or remote attendance","https://us06web.zoom.us/j/83987435924?pwd=M0ovVnprMlkxaG5wUkRWcGIrQ3F1QT09","","Kingdom of the West","kingdom","True","","","skipped"
"Shire of Mountain Freehold's 50th Birthday Bash","2026-09-25","2026-09-28","Camp Abnaki 1252 Abnaki Rd North Hero, VT 05474 US","1252 Abnaki Rd North Hero, VT 05474 US","high","","http://www.eastkingdom.org/EventDetails.php?eid=4527","","Kingdom of the East","kingdom","False","44.7662974","-73.309917","ok"
"Siege of the City","2026-10-30 22:00:00","2026-11-01 19:00:00","City of Rocks State Park, 327 NM-61, Faywood, New Mexico, 88034","327 NM-61, Faywood, New Mexico, 88034","high","","https://www.outlands.org/event/siege-of-the-city-3/","","Kingdom of the Outlands","kingdom","False","32.6222831","-107.8780247","ok"
"Silver Desert Business Meeting","2026-06-18 18:30:00","2026-06-18 20:00:00","","","empty","West Kingdom Zoom is inviting you to a scheduled Zoom meeting. Topic: Silver Desert Meetings Time: This is a recurring meeting Meet anytime Join Zoom Meeting Meeting ID: 848 2749 5949 Passcode: 1066 — One tap mobile +16699006833,,84827495949#,,,,*1066# US (San Jose) +16694449171,,84827495949#,,,,*1066# US — Dial by your location • +1 US (San Jose) • +1 US • +1 US • +1 US • +1 US (Tacoma) • +1 US (Houston) • +1 US • +1 US (Chicago) • +1 US • +1 US • +1 US • +1 US • +1 US • +1 US • +1 US (New York) • +1 US (Washington DC) • +1 US Meeting ID: 848 2749 5949 Passcode: 1066","https://us06web.zoom.us/j/84827495949?pwd=cO44Eojcn0AHpgw6CKgVE0lAv58jvm.1","","Kingdom of the West","kingdom","True","","","skipped"
"Silver Desert Business Meeting","2026-07-16 18:30:00","2026-07-16 20:00:00","","","empty","West Kingdom Zoom is inviting you to a scheduled Zoom meeting. Topic: Silver Desert Meetings Time: This is a recurring meeting Meet anytime Join Zoom Meeting Meeting ID: 848 2749 5949 Passcode: 1066 — One tap mobile +16699006833,,84827495949#,,,,*1066# US (San Jose) +16694449171,,84827495949#,,,,*1066# US — Dial by your location • +1 US (San Jose) • +1 US • +1 US • +1 US • +1 US (Tacoma) • +1 US (Houston) • +1 US • +1 US (Chicago) • +1 US • +1 US • +1 US • +1 US • +1 US • +1 US • +1 US (New York) • +1 US (Washington DC) • +1 US Meeting ID: 848 2749 5949 Passcode: 1066","https://us06web.zoom.us/j/84827495949?pwd=cO44Eojcn0AHpgw6CKgVE0lAv58jvm.1","","Kingdom of the West","kingdom","True","","","skipped"
"Silver Desert Business Meeting","2026-08-20 18:30:00","2026-08-20 20:00:00","","","empty","West Kingdom Zoom is inviting you to a scheduled Zoom meeting. Topic: Silver Desert Meetings Time: This is a recurring meeting Meet anytime Join Zoom Meeting Meeting ID: 848 2749 5949 Passcode: 1066 — One tap mobile +16699006833,,84827495949#,,,,*1066# US (San Jose) +16694449171,,84827495949#,,,,*1066# US — Dial by your location • +1 US (San Jose) • +1 US • +1 US • +1 US • +1 US (Tacoma) • +1 US (Houston) • +1 US • +1 US (Chicago) • +1 US • +1 US • +1 US • +1 US • +1 US • +1 US • +1 US (New York) • +1 US (Washington DC) • +1 US Meeting ID: 848 2749 5949 Passcode: 1066","https://us06web.zoom.us/j/84827495949?pwd=cO44Eojcn0AHpgw6CKgVE0lAv58jvm.1","","Kingdom of the West","kingdom","True","","","skipped"
"Silver Desert Business Meeting","2026-09-17 18:30:00","2026-09-17 20:00:00","","","empty","West Kingdom Zoom is inviting you to a scheduled Zoom meeting. Topic: Silver Desert Meetings Time: This is a recurring meeting Meet anytime Join Zoom Meeting Meeting ID: 848 2749 5949 Passcode: 1066 — One tap mobile +16699006833,,84827495949#,,,,*1066# US (San Jose) +16694449171,,84827495949#,,,,*1066# US — Dial by your location • +1 US (San Jose) • +1 US • +1 US • +1 US • +1 US (Tacoma) • +1 US (Houston) • +1 US • +1 US (Chicago) • +1 US • +1 US • +1 US • +1 US • +1 US • +1 US • +1 US (New York) • +1 US (Washington DC) • +1 US Meeting ID: 848 2749 5949 Passcode: 1066","https://us06web.zoom.us/j/84827495949?pwd=cO44Eojcn0AHpgw6CKgVE0lAv58jvm.1","","Kingdom of the West","kingdom","True","","","skipped"
"Silver Desert Business Meeting","2026-10-15 18:30:00","2026-10-15 20:00:00","","","empty","West Kingdom Zoom is inviting you to a scheduled Zoom meeting. Topic: Silver Desert Meetings Time: This is a recurring meeting Meet anytime Join Zoom Meeting Meeting ID: 848 2749 5949 Passcode: 1066 — One tap mobile +16699006833,,84827495949#,,,,*1066# US (San Jose) +16694449171,,84827495949#,,,,*1066# US — Dial by your location • +1 US (San Jose) • +1 US • +1 US • +1 US • +1 US (Tacoma) • +1 US (Houston) • +1 US • +1 US (Chicago) • +1 US • +1 US • +1 US • +1 US • +1 US • +1 US • +1 US (New York) • +1 US (Washington DC) • +1 US Meeting ID: 848 2749 5949 Passcode: 1066","https://us06web.zoom.us/j/84827495949?pwd=cO44Eojcn0AHpgw6CKgVE0lAv58jvm.1","","Kingdom of the West","kingdom","True","","","skipped"
"Silver Desert Business Meeting","2026-11-19 18:30:00","2026-11-19 20:00:00","","","empty","West Kingdom Zoom is inviting you to a scheduled Zoom meeting. Topic: Silver Desert Meetings Time: This is a recurring meeting Meet anytime Join Zoom Meeting Meeting ID: 848 2749 5949 Passcode: 1066 — One tap mobile +16699006833,,84827495949#,,,,*1066# US (San Jose) +16694449171,,84827495949#,,,,*1066# US — Dial by your location • +1 US (San Jose) • +1 US • +1 US • +1 US • +1 US (Tacoma) • +1 US (Houston) • +1 US • +1 US (Chicago) • +1 US • +1 US • +1 US • +1 US • +1 US • +1 US • +1 US (New York) • +1 US (Washington DC) • +1 US Meeting ID: 848 2749 5949 Passcode: 1066","https://us06web.zoom.us/j/84827495949?pwd=cO44Eojcn0AHpgw6CKgVE0lAv58jvm.1","","Kingdom of the West","kingdom","True","","","skipped"
"Silver Desert Business Meeting","2026-12-17 18:30:00","2026-12-17 20:00:00","","","empty","West Kingdom Zoom is inviting you to a scheduled Zoom meeting. Topic: Silver Desert Meetings Time: This is a recurring meeting Meet anytime Join Zoom Meeting Meeting ID: 848 2749 5949 Passcode: 1066 — One tap mobile +16699006833,,84827495949#,,,,*1066# US (San Jose) +16694449171,,84827495949#,,,,*1066# US — Dial by your location • +1 US (San Jose) • +1 US • +1 US • +1 US • +1 US (Tacoma) • +1 US (Houston) • +1 US • +1 US (Chicago) • +1 US • +1 US • +1 US • +1 US • +1 US • +1 US • +1 US (New York) • +1 US (Washington DC) • +1 US Meeting ID: 848 2749 5949 Passcode: 1066","https://us06web.zoom.us/j/84827495949?pwd=cO44Eojcn0AHpgw6CKgVE0lAv58jvm.1","","Kingdom of the West","kingdom","True","","","skipped"
"Silver Desert Business Meeting","2027-01-21 18:30:00","2027-01-21 20:00:00","","","empty","West Kingdom Zoom is inviting you to a scheduled Zoom meeting. Topic: Silver Desert Meetings Time: This is a recurring meeting Meet anytime Join Zoom Meeting Meeting ID: 848 2749 5949 Passcode: 1066 — One tap mobile +16699006833,,84827495949#,,,,*1066# US (San Jose) +16694449171,,84827495949#,,,,*1066# US — Dial by your location • +1 US (San Jose) • +1 US • +1 US • +1 US • +1 US (Tacoma) • +1 US (Houston) • +1 US • +1 US (Chicago) • +1 US • +1 US • +1 US • +1 US • +1 US • +1 US • +1 US (New York) • +1 US (Washington DC) • +1 US Meeting ID: 848 2749 5949 Passcode: 1066","https://us06web.zoom.us/j/84827495949?pwd=cO44Eojcn0AHpgw6CKgVE0lAv58jvm.1","","Kingdom of the West","kingdom","True","","","skipped"
"Silver Desert Business Meeting","2027-02-18 18:30:00","2027-02-18 20:00:00","","","empty","West Kingdom Zoom is inviting you to a scheduled Zoom meeting. Topic: Silver Desert Meetings Time: This is a recurring meeting Meet anytime Join Zoom Meeting Meeting ID: 848 2749 5949 Passcode: 1066 — One tap mobile +16699006833,,84827495949#,,,,*1066# US (San Jose) +16694449171,,84827495949#,,,,*1066# US — Dial by your location • +1 US (San Jose) • +1 US • +1 US • +1 US • +1 US (Tacoma) • +1 US (Houston) • +1 US • +1 US (Chicago) • +1 US • +1 US • +1 US • +1 US • +1 US • +1 US • +1 US (New York) • +1 US (Washington DC) • +1 US Meeting ID: 848 2749 5949 Passcode: 1066","https://us06web.zoom.us/j/84827495949?pwd=cO44Eojcn0AHpgw6CKgVE0lAv58jvm.1","","Kingdom of the West","kingdom","True","","","skipped"
"Silver Desert Business Meeting","2027-03-18 18:30:00","2027-03-18 20:00:00","","","empty","West Kingdom Zoom is inviting you to a scheduled Zoom meeting. Topic: Silver Desert Meetings Time: This is a recurring meeting Meet anytime Join Zoom Meeting Meeting ID: 848 2749 5949 Passcode: 1066 — One tap mobile +16699006833,,84827495949#,,,,*1066# US (San Jose) +16694449171,,84827495949#,,,,*1066# US — Dial by your location • +1 US (San Jose) • +1 US • +1 US • +1 US • +1 US (Tacoma) • +1 US (Houston) • +1 US • +1 US (Chicago) • +1 US • +1 US • +1 US • +1 US • +1 US • +1 US • +1 US (New York) • +1 US (Washington DC) • +1 US Meeting ID: 848 2749 5949 Passcode: 1066","https://us06web.zoom.us/j/84827495949?pwd=cO44Eojcn0AHpgw6CKgVE0lAv58jvm.1","","Kingdom of the West","kingdom","True","","","skipped"
"Silver Desert Business Meeting","2027-04-15 18:30:00","2027-04-15 20:00:00","","","empty","West Kingdom Zoom is inviting you to a scheduled Zoom meeting. Topic: Silver Desert Meetings Time: This is a recurring meeting Meet anytime Join Zoom Meeting Meeting ID: 848 2749 5949 Passcode: 1066 — One tap mobile +16699006833,,84827495949#,,,,*1066# US (San Jose) +16694449171,,84827495949#,,,,*1066# US — Dial by your location • +1 US (San Jose) • +1 US • +1 US • +1 US • +1 US (Tacoma) • +1 US (Houston) • +1 US • +1 US (Chicago) • +1 US • +1 US • +1 US • +1 US • +1 US • +1 US • +1 US (New York) • +1 US (Washington DC) • +1 US Meeting ID: 848 2749 5949 Passcode: 1066","https://us06web.zoom.us/j/84827495949?pwd=cO44Eojcn0AHpgw6CKgVE0lAv58jvm.1","","Kingdom of the West","kingdom","True","","","skipped"
"Silver Desert Business Meeting","2027-05-20 18:30:00","2027-05-20 20:00:00","","","empty","West Kingdom Zoom is inviting you to a scheduled Zoom meeting. Topic: Silver Desert Meetings Time: This is a recurring meeting Meet anytime Join Zoom Meeting Meeting ID: 848 2749 5949 Passcode: 1066 — One tap mobile +16699006833,,84827495949#,,,,*1066# US (San Jose) +16694449171,,84827495949#,,,,*1066# US — Dial by your location • +1 US (San Jose) • +1 US • +1 US • +1 US • +1 US (Tacoma) • +1 US (Houston) • +1 US • +1 US (Chicago) • +1 US • +1 US • +1 US • +1 US • +1 US • +1 US • +1 US (New York) • +1 US (Washington DC) • +1 US Meeting ID: 848 2749 5949 Passcode: 1066","https://us06web.zoom.us/j/84827495949?pwd=cO44Eojcn0AHpgw6CKgVE0lAv58jvm.1","","Kingdom of the West","kingdom","True","","","skipped"
"Silver Desert Business Meeting","2027-06-17 18:30:00","2027-06-17 20:00:00","","","empty","West Kingdom Zoom is inviting you to a scheduled Zoom meeting. Topic: Silver Desert Meetings Time: This is a recurring meeting Meet anytime Join Zoom Meeting Meeting ID: 848 2749 5949 Passcode: 1066 — One tap mobile +16699006833,,84827495949#,,,,*1066# US (San Jose) +16694449171,,84827495949#,,,,*1066# US — Dial by your location • +1 US (San Jose) • +1 US • +1 US • +1 US • +1 US (Tacoma) • +1 US (Houston) • +1 US • +1 US (Chicago) • +1 US • +1 US • +1 US • +1 US • +1 US • +1 US • +1 US (New York) • +1 US (Washington DC) • +1 US Meeting ID: 848 2749 5949 Passcode: 1066","https://us06web.zoom.us/j/84827495949?pwd=cO44Eojcn0AHpgw6CKgVE0lAv58jvm.1","","Kingdom of the West","kingdom","True","","","skipped"
"Silver Desert Business Meeting","2027-07-15 18:30:00","2027-07-15 20:00:00","","","empty","West Kingdom Zoom is inviting you to a scheduled Zoom meeting. Topic: Silver Desert Meetings Time: This is a recurring meeting Meet anytime Join Zoom Meeting Meeting ID: 848 2749 5949 Passcode: 1066 — One tap mobile +16699006833,,84827495949#,,,,*1066# US (San Jose) +16694449171,,84827495949#,,,,*1066# US — Dial by your location • +1 US (San Jose) • +1 US • +1 US • +1 US • +1 US (Tacoma) • +1 US (Houston) • +1 US • +1 US (Chicago) • +1 US • +1 US • +1 US • +1 US • +1 US • +1 US • +1 US (New York) • +1 US (Washington DC) • +1 US Meeting ID: 848 2749 5949 Passcode: 1066","https://us06web.zoom.us/j/84827495949?pwd=cO44Eojcn0AHpgw6CKgVE0lAv58jvm.1","","Kingdom of the West","kingdom","True","","","skipped"
"Silver Desert Business Meeting","2027-08-19 18:30:00","2027-08-19 20:00:00","","","empty","West Kingdom Zoom is inviting you to a scheduled Zoom meeting. Topic: Silver Desert Meetings Time: This is a recurring meeting Meet anytime Join Zoom Meeting Meeting ID: 848 2749 5949 Passcode: 1066 — One tap mobile +16699006833,,84827495949#,,,,*1066# US (San Jose) +16694449171,,84827495949#,,,,*1066# US — Dial by your location • +1 US (San Jose) • +1 US • +1 US • +1 US • +1 US (Tacoma) • +1 US (Houston) • +1 US • +1 US (Chicago) • +1 US • +1 US • +1 US • +1 US • +1 US • +1 US • +1 US (New York) • +1 US (Washington DC) • +1 US Meeting ID: 848 2749 5949 Passcode: 1066","https://us06web.zoom.us/j/84827495949?pwd=cO44Eojcn0AHpgw6CKgVE0lAv58jvm.1","","Kingdom of the West","kingdom","True","","","skipped"
"Silver Desert Business Meeting","2027-09-16 18:30:00","2027-09-16 20:00:00","","","empty","West Kingdom Zoom is inviting you to a scheduled Zoom meeting. Topic: Silver Desert Meetings Time: This is a recurring meeting Meet anytime Join Zoom Meeting Meeting ID: 848 2749 5949 Passcode: 1066 — One tap mobile +16699006833,,84827495949#,,,,*1066# US (San Jose) +16694449171,,84827495949#,,,,*1066# US — Dial by your location • +1 US (San Jose) • +1 US • +1 US • +1 US • +1 US (Tacoma) • +1 US (Houston) • +1 US • +1 US (Chicago) • +1 US • +1 US • +1 US • +1 US • +1 US • +1 US • +1 US (New York) • +1 US (Washington DC) • +1 US Meeting ID: 848 2749 5949 Passcode: 1066","https://us06web.zoom.us/j/84827495949?pwd=cO44Eojcn0AHpgw6CKgVE0lAv58jvm.1","","Kingdom of the West","kingdom","True","","","skipped"
"Silver Desert Business Meeting","2027-10-21 18:30:00","2027-10-21 20:00:00","","","empty","West Kingdom Zoom is inviting you to a scheduled Zoom meeting. Topic: Silver Desert Meetings Time: This is a recurring meeting Meet anytime Join Zoom Meeting Meeting ID: 848 2749 5949 Passcode: 1066 — One tap mobile +16699006833,,84827495949#,,,,*1066# US (San Jose) +16694449171,,84827495949#,,,,*1066# US — Dial by your location • +1 US (San Jose) • +1 US • +1 US • +1 US • +1 US (Tacoma) • +1 US (Houston) • +1 US • +1 US (Chicago) • +1 US • +1 US • +1 US • +1 US • +1 US • +1 US • +1 US (New York) • +1 US (Washington DC) • +1 US Meeting ID: 848 2749 5949 Passcode: 1066","https://us06web.zoom.us/j/84827495949?pwd=cO44Eojcn0AHpgw6CKgVE0lAv58jvm.1","","Kingdom of the West","kingdom","True","","","skipped"
"Silver Desert Business Meeting","2027-11-18 18:30:00","2027-11-18 20:00:00","","","empty","West Kingdom Zoom is inviting you to a scheduled Zoom meeting. Topic: Silver Desert Meetings Time: This is a recurring meeting Meet anytime Join Zoom Meeting Meeting ID: 848 2749 5949 Passcode: 1066 — One tap mobile +16699006833,,84827495949#,,,,*1066# US (San Jose) +16694449171,,84827495949#,,,,*1066# US — Dial by your location • +1 US (San Jose) • +1 US • +1 US • +1 US • +1 US (Tacoma) • +1 US (Houston) • +1 US • +1 US (Chicago) • +1 US • +1 US • +1 US • +1 US • +1 US • +1 US • +1 US (New York) • +1 US (Washington DC) • +1 US Meeting ID: 848 2749 5949 Passcode: 1066","https://us06web.zoom.us/j/84827495949?pwd=cO44Eojcn0AHpgw6CKgVE0lAv58jvm.1","","Kingdom of the West","kingdom","True","","","skipped"
"Silver Desert Business Meeting","2027-12-16 18:30:00","2027-12-16 20:00:00","","","empty","West Kingdom Zoom is inviting you to a scheduled Zoom meeting. Topic: Silver Desert Meetings Time: This is a recurring meeting Meet anytime Join Zoom Meeting Meeting ID: 848 2749 5949 Passcode: 1066 — One tap mobile +16699006833,,84827495949#,,,,*1066# US (San Jose) +16694449171,,84827495949#,,,,*1066# US — Dial by your location • +1 US (San Jose) • +1 US • +1 US • +1 US • +1 US (Tacoma) • +1 US (Houston) • +1 US • +1 US (Chicago) • +1 US • +1 US • +1 US • +1 US • +1 US • +1 US • +1 US (New York) • +1 US (Washington DC) • +1 US Meeting ID: 848 2749 5949 Passcode: 1066","https://us06web.zoom.us/j/84827495949?pwd=cO44Eojcn0AHpgw6CKgVE0lAv58jvm.1","","Kingdom of the West","kingdom","True","","","skipped"
"Silver Desert Business Meeting","2028-01-20 18:30:00","2028-01-20 20:00:00","","","empty","West Kingdom Zoom is inviting you to a scheduled Zoom meeting. Topic: Silver Desert Meetings Time: This is a recurring meeting Meet anytime Join Zoom Meeting Meeting ID: 848 2749 5949 Passcode: 1066 — One tap mobile +16699006833,,84827495949#,,,,*1066# US (San Jose) +16694449171,,84827495949#,,,,*1066# US — Dial by your location • +1 US (San Jose) • +1 US • +1 US • +1 US • +1 US (Tacoma) • +1 US (Houston) • +1 US • +1 US (Chicago) • +1 US • +1 US • +1 US • +1 US • +1 US • +1 US • +1 US (New York) • +1 US (Washington DC) • +1 US Meeting ID: 848 2749 5949 Passcode: 1066","https://us06web.zoom.us/j/84827495949?pwd=cO44Eojcn0AHpgw6CKgVE0lAv58jvm.1","","Kingdom of the West","kingdom","True","","","skipped"
"Silver Desert Business Meeting","2028-02-17 18:30:00","2028-02-17 20:00:00","","","empty","West Kingdom Zoom is inviting you to a scheduled Zoom meeting. Topic: Silver Desert Meetings Time: This is a recurring meeting Meet anytime Join Zoom Meeting Meeting ID: 848 2749 5949 Passcode: 1066 — One tap mobile +16699006833,,84827495949#,,,,*1066# US (San Jose) +16694449171,,84827495949#,,,,*1066# US — Dial by your location • +1 US (San Jose) • +1 US • +1 US • +1 US • +1 US (Tacoma) • +1 US (Houston) • +1 US • +1 US (Chicago) • +1 US • +1 US • +1 US • +1 US • +1 US • +1 US • +1 US (New York) • +1 US (Washington DC) • +1 US Meeting ID: 848 2749 5949 Passcode: 1066","https://us06web.zoom.us/j/84827495949?pwd=cO44Eojcn0AHpgw6CKgVE0lAv58jvm.1","","Kingdom of the West","kingdom","True","","","skipped"
"Silver Desert Business Meeting","2028-03-16 18:30:00","2028-03-16 20:00:00","","","empty","West Kingdom Zoom is inviting you to a scheduled Zoom meeting. Topic: Silver Desert Meetings Time: This is a recurring meeting Meet anytime Join Zoom Meeting Meeting ID: 848 2749 5949 Passcode: 1066 — One tap mobile +16699006833,,84827495949#,,,,*1066# US (San Jose) +16694449171,,84827495949#,,,,*1066# US — Dial by your location • +1 US (San Jose) • +1 US • +1 US • +1 US • +1 US (Tacoma) • +1 US (Houston) • +1 US • +1 US (Chicago) • +1 US • +1 US • +1 US • +1 US • +1 US • +1 US • +1 US (New York) • +1 US (Washington DC) • +1 US Meeting ID: 848 2749 5949 Passcode: 1066","https://us06web.zoom.us/j/84827495949?pwd=cO44Eojcn0AHpgw6CKgVE0lAv58jvm.1","","Kingdom of the West","kingdom","True","","","skipped"
"Silver Desert Business Meeting","2028-04-20 18:30:00","2028-04-20 20:00:00","","","empty","West Kingdom Zoom is inviting you to a scheduled Zoom meeting. Topic: Silver Desert Meetings Time: This is a recurring meeting Meet anytime Join Zoom Meeting Meeting ID: 848 2749 5949 Passcode: 1066 — One tap mobile +16699006833,,84827495949#,,,,*1066# US (San Jose) +16694449171,,84827495949#,,,,*1066# US — Dial by your location • +1 US (San Jose) • +1 US • +1 US • +1 US • +1 US (Tacoma) • +1 US (Houston) • +1 US • +1 US (Chicago) • +1 US • +1 US • +1 US • +1 US • +1 US • +1 US • +1 US (New York) • +1 US (Washington DC) • +1 US Meeting ID: 848 2749 5949 Passcode: 1066","https://us06web.zoom.us/j/84827495949?pwd=cO44Eojcn0AHpgw6CKgVE0lAv58jvm.1","","Kingdom of the West","kingdom","True","","","skipped"
"Silver Desert Business Meeting (Reno, NV Area – Virtual)","2026-06-18 18:30:00","2026-06-18 20:00:00","","","empty","West Kingdom Zoom is inviting you to a scheduled Zoom meeting. Topic: Silver Desert Meetings Time: This is a recurring meeting Meet anytime Join Zoom Meeting Meeting ID: 848 2749 5949 Passcode: 1066 — One tap mobile +16699006833,,84827495949#,,,,*1066# US (San Jose) +16694449171,,84827495949#,,,,*1066# US — Dial by your location • +1 US (San Jose) • +1 US • +1 US • +1 US • +1 US (Tacoma) • +1 US (Houston) • +1 US • +1 US (Chicago) • +1 US • +1 US • +1 US • +1 US • +1 US • +1 US • +1 US (New York) • +1 US (Washington DC) • +1 US Meeting ID: 848 2749 5949 Passcode: 1066","https://us06web.zoom.us/j/84827495949?pwd=cO44Eojcn0AHpgw6CKgVE0lAv58jvm.1","","Kingdom of the West","kingdom","True","","","skipped"
"Silver Desert Business Meeting (Reno, NV Area – Virtual)","2026-07-16 18:30:00","2026-07-16 20:00:00","","","empty","West Kingdom Zoom is inviting you to a scheduled Zoom meeting. Topic: Silver Desert Meetings Time: This is a recurring meeting Meet anytime Join Zoom Meeting Meeting ID: 848 2749 5949 Passcode: 1066 — One tap mobile +16699006833,,84827495949#,,,,*1066# US (San Jose) +16694449171,,84827495949#,,,,*1066# US — Dial by your location • +1 US (San Jose) • +1 US • +1 US • +1 US • +1 US (Tacoma) • +1 US (Houston) • +1 US • +1 US (Chicago) • +1 US • +1 US • +1 US • +1 US • +1 US • +1 US • +1 US (New York) • +1 US (Washington DC) • +1 US Meeting ID: 848 2749 5949 Passcode: 1066","https://us06web.zoom.us/j/84827495949?pwd=cO44Eojcn0AHpgw6CKgVE0lAv58jvm.1","","Kingdom of the West","kingdom","True","","","skipped"
"Silver Desert Business Meeting (Reno, NV Area – Virtual)","2026-08-20 18:30:00","2026-08-20 20:00:00","","","empty","West Kingdom Zoom is inviting you to a scheduled Zoom meeting. Topic: Silver Desert Meetings Time: This is a recurring meeting Meet anytime Join Zoom Meeting Meeting ID: 848 2749 5949 Passcode: 1066 — One tap mobile +16699006833,,84827495949#,,,,*1066# US (San Jose) +16694449171,,84827495949#,,,,*1066# US — Dial by your location • +1 US (San Jose) • +1 US • +1 US • +1 US • +1 US (Tacoma) • +1 US (Houston) • +1 US • +1 US (Chicago) • +1 US • +1 US • +1 US • +1 US • +1 US • +1 US • +1 US (New York) • +1 US (Washington DC) • +1 US Meeting ID: 848 2749 5949 Passcode: 1066","https://us06web.zoom.us/j/84827495949?pwd=cO44Eojcn0AHpgw6CKgVE0lAv58jvm.1","","Kingdom of the West","kingdom","True","","","skipped"
"Silver Desert Business Meeting (Reno, NV Area – Virtual)","2026-09-17 18:30:00","2026-09-17 20:00:00","","","empty","West Kingdom Zoom is inviting you to a scheduled Zoom meeting. Topic: Silver Desert Meetings Time: This is a recurring meeting Meet anytime Join Zoom Meeting Meeting ID: 848 2749 5949 Passcode: 1066 — One tap mobile +16699006833,,84827495949#,,,,*1066# US (San Jose) +16694449171,,84827495949#,,,,*1066# US — Dial by your location • +1 US (San Jose) • +1 US • +1 US • +1 US • +1 US (Tacoma) • +1 US (Houston) • +1 US • +1 US (Chicago) • +1 US • +1 US • +1 US • +1 US • +1 US • +1 US • +1 US (New York) • +1 US (Washington DC) • +1 US Meeting ID: 848 2749 5949 Passcode: 1066","https://us06web.zoom.us/j/84827495949?pwd=cO44Eojcn0AHpgw6CKgVE0lAv58jvm.1","","Kingdom of the West","kingdom","True","","","skipped"
"Silver Desert Business Meeting (Reno, NV Area – Virtual)","2026-10-15 18:30:00","2026-10-15 20:00:00","","","empty","West Kingdom Zoom is inviting you to a scheduled Zoom meeting. Topic: Silver Desert Meetings Time: This is a recurring meeting Meet anytime Join Zoom Meeting Meeting ID: 848 2749 5949 Passcode: 1066 — One tap mobile +16699006833,,84827495949#,,,,*1066# US (San Jose) +16694449171,,84827495949#,,,,*1066# US — Dial by your location • +1 US (San Jose) • +1 US • +1 US • +1 US • +1 US (Tacoma) • +1 US (Houston) • +1 US • +1 US (Chicago) • +1 US • +1 US • +1 US • +1 US • +1 US • +1 US • +1 US (New York) • +1 US (Washington DC) • +1 US Meeting ID: 848 2749 5949 Passcode: 1066","https://us06web.zoom.us/j/84827495949?pwd=cO44Eojcn0AHpgw6CKgVE0lAv58jvm.1","","Kingdom of the West","kingdom","True","","","skipped"
"Silver Desert Business Meeting (Reno, NV Area – Virtual)","2026-11-19 18:30:00","2026-11-19 20:00:00","","","empty","West Kingdom Zoom is inviting you to a scheduled Zoom meeting. Topic: Silver Desert Meetings Time: This is a recurring meeting Meet anytime Join Zoom Meeting Meeting ID: 848 2749 5949 Passcode: 1066 — One tap mobile +16699006833,,84827495949#,,,,*1066# US (San Jose) +16694449171,,84827495949#,,,,*1066# US — Dial by your location • +1 US (San Jose) • +1 US • +1 US • +1 US • +1 US (Tacoma) • +1 US (Houston) • +1 US • +1 US (Chicago) • +1 US • +1 US • +1 US • +1 US • +1 US • +1 US • +1 US (New York) • +1 US (Washington DC) • +1 US Meeting ID: 848 2749 5949 Passcode: 1066","https://us06web.zoom.us/j/84827495949?pwd=cO44Eojcn0AHpgw6CKgVE0lAv58jvm.1","","Kingdom of the West","kingdom","True","","","skipped"
"Silver Desert Business Meeting (Reno, NV Area – Virtual)","2026-12-17 18:30:00","2026-12-17 20:00:00","","","empty","West Kingdom Zoom is inviting you to a scheduled Zoom meeting. Topic: Silver Desert Meetings Time: This is a recurring meeting Meet anytime Join Zoom Meeting Meeting ID: 848 2749 5949 Passcode: 1066 — One tap mobile +16699006833,,84827495949#,,,,*1066# US (San Jose) +16694449171,,84827495949#,,,,*1066# US — Dial by your location • +1 US (San Jose) • +1 US • +1 US • +1 US • +1 US (Tacoma) • +1 US (Houston) • +1 US • +1 US (Chicago) • +1 US • +1 US • +1 US • +1 US • +1 US • +1 US • +1 US (New York) • +1 US (Washington DC) • +1 US Meeting ID: 848 2749 5949 Passcode: 1066","https://us06web.zoom.us/j/84827495949?pwd=cO44Eojcn0AHpgw6CKgVE0lAv58jvm.1","","Kingdom of the West","kingdom","True","","","skipped"
"Silver Desert Business Meeting (Reno, NV Area – Virtual)","2027-01-21 18:30:00","2027-01-21 20:00:00","","","empty","West Kingdom Zoom is inviting you to a scheduled Zoom meeting. Topic: Silver Desert Meetings Time: This is a recurring meeting Meet anytime Join Zoom Meeting Meeting ID: 848 2749 5949 Passcode: 1066 — One tap mobile +16699006833,,84827495949#,,,,*1066# US (San Jose) +16694449171,,84827495949#,,,,*1066# US — Dial by your location • +1 US (San Jose) • +1 US • +1 US • +1 US • +1 US (Tacoma) • +1 US (Houston) • +1 US • +1 US (Chicago) • +1 US • +1 US • +1 US • +1 US • +1 US • +1 US • +1 US (New York) • +1 US (Washington DC) • +1 US Meeting ID: 848 2749 5949 Passcode: 1066","https://us06web.zoom.us/j/84827495949?pwd=cO44Eojcn0AHpgw6CKgVE0lAv58jvm.1","","Kingdom of the West","kingdom","True","","","skipped"
"Silver Desert Business Meeting (Reno, NV Area – Virtual)","2027-02-18 18:30:00","2027-02-18 20:00:00","","","empty","West Kingdom Zoom is inviting you to a scheduled Zoom meeting. Topic: Silver Desert Meetings Time: This is a recurring meeting Meet anytime Join Zoom Meeting Meeting ID: 848 2749 5949 Passcode: 1066 — One tap mobile +16699006833,,84827495949#,,,,*1066# US (San Jose) +16694449171,,84827495949#,,,,*1066# US — Dial by your location • +1 US (San Jose) • +1 US • +1 US • +1 US • +1 US (Tacoma) • +1 US (Houston) • +1 US • +1 US (Chicago) • +1 US • +1 US • +1 US • +1 US • +1 US • +1 US • +1 US (New York) • +1 US (Washington DC) • +1 US Meeting ID: 848 2749 5949 Passcode: 1066","https://us06web.zoom.us/j/84827495949?pwd=cO44Eojcn0AHpgw6CKgVE0lAv58jvm.1","","Kingdom of the West","kingdom","True","","","skipped"
"Silver Desert Business Meeting (Reno, NV Area – Virtual)","2027-03-18 18:30:00","2027-03-18 20:00:00","","","empty","West Kingdom Zoom is inviting you to a scheduled Zoom meeting. Topic: Silver Desert Meetings Time: This is a recurring meeting Meet anytime Join Zoom Meeting Meeting ID: 848 2749 5949 Passcode: 1066 — One tap mobile +16699006833,,84827495949#,,,,*1066# US (San Jose) +16694449171,,84827495949#,,,,*1066# US — Dial by your location • +1 US (San Jose) • +1 US • +1 US • +1 US • +1 US (Tacoma) • +1 US (Houston) • +1 US • +1 US (Chicago) • +1 US • +1 US • +1 US • +1 US • +1 US • +1 US • +1 US (New York) • +1 US (Washington DC) • +1 US Meeting ID: 848 2749 5949 Passcode: 1066","https://us06web.zoom.us/j/84827495949?pwd=cO44Eojcn0AHpgw6CKgVE0lAv58jvm.1","","Kingdom of the West","kingdom","True","","","skipped"
"Silver Desert Business Meeting (Reno, NV Area – Virtual)","2027-04-15 18:30:00","2027-04-15 20:00:00","","","empty","West Kingdom Zoom is inviting you to a scheduled Zoom meeting. Topic: Silver Desert Meetings Time: This is a recurring meeting Meet anytime Join Zoom Meeting Meeting ID: 848 2749 5949 Passcode: 1066 — One tap mobile +16699006833,,84827495949#,,,,*1066# US (San Jose) +16694449171,,84827495949#,,,,*1066# US — Dial by your location • +1 US (San Jose) • +1 US • +1 US • +1 US • +1 US (Tacoma) • +1 US (Houston) • +1 US • +1 US (Chicago) • +1 US • +1 US • +1 US • +1 US • +1 US • +1 US • +1 US (New York) • +1 US (Washington DC) • +1 US Meeting ID: 848 2749 5949 Passcode: 1066","https://us06web.zoom.us/j/84827495949?pwd=cO44Eojcn0AHpgw6CKgVE0lAv58jvm.1","","Kingdom of the West","kingdom","True","","","skipped"
"Silver Desert Business Meeting (Reno, NV Area – Virtual)","2027-05-20 18:30:00","2027-05-20 20:00:00","","","empty","West Kingdom Zoom is inviting you to a scheduled Zoom meeting. Topic: Silver Desert Meetings Time: This is a recurring meeting Meet anytime Join Zoom Meeting Meeting ID: 848 2749 5949 Passcode: 1066 — One tap mobile +16699006833,,84827495949#,,,,*1066# US (San Jose) +16694449171,,84827495949#,,,,*1066# US — Dial by your location • +1 US (San Jose) • +1 US • +1 US • +1 US • +1 US (Tacoma) • +1 US (Houston) • +1 US • +1 US (Chicago) • +1 US • +1 US • +1 US • +1 US • +1 US • +1 US • +1 US (New York) • +1 US (Washington DC) • +1 US Meeting ID: 848 2749 5949 Passcode: 1066","https://us06web.zoom.us/j/84827495949?pwd=cO44Eojcn0AHpgw6CKgVE0lAv58jvm.1","","Kingdom of the West","kingdom","True","","","skipped"
"Silver Desert Business Meeting (Reno, NV Area – Virtual)","2027-06-17 18:30:00","2027-06-17 20:00:00","","","empty","West Kingdom Zoom is inviting you to a scheduled Zoom meeting. Topic: Silver Desert Meetings Time: This is a recurring meeting Meet anytime Join Zoom Meeting Meeting ID: 848 2749 5949 Passcode: 1066 — One tap mobile +16699006833,,84827495949#,,,,*1066# US (San Jose) +16694449171,,84827495949#,,,,*1066# US — Dial by your location • +1 US (San Jose) • +1 US • +1 US • +1 US • +1 US (Tacoma) • +1 US (Houston) • +1 US • +1 US (Chicago) • +1 US • +1 US • +1 US • +1 US • +1 US • +1 US • +1 US (New York) • +1 US (Washington DC) • +1 US Meeting ID: 848 2749 5949 Passcode: 1066","https://us06web.zoom.us/j/84827495949?pwd=cO44Eojcn0AHpgw6CKgVE0lAv58jvm.1","","Kingdom of the West","kingdom","True","","","skipped"
"Silver Desert Business Meeting (Reno, NV Area – Virtual)","2027-07-15 18:30:00","2027-07-15 20:00:00","","","empty","West Kingdom Zoom is inviting you to a scheduled Zoom meeting. Topic: Silver Desert Meetings Time: This is a recurring meeting Meet anytime Join Zoom Meeting Meeting ID: 848 2749 5949 Passcode: 1066 — One tap mobile +16699006833,,84827495949#,,,,*1066# US (San Jose) +16694449171,,84827495949#,,,,*1066# US — Dial by your location • +1 US (San Jose) • +1 US • +1 US • +1 US • +1 US (Tacoma) • +1 US (Houston) • +1 US • +1 US (Chicago) • +1 US • +1 US • +1 US • +1 US • +1 US • +1 US • +1 US (New York) • +1 US (Washington DC) • +1 US Meeting ID: 848 2749 5949 Passcode: 1066","https://us06web.zoom.us/j/84827495949?pwd=cO44Eojcn0AHpgw6CKgVE0lAv58jvm.1","","Kingdom of the West","kingdom","True","","","skipped"
"Silver Desert Business Meeting (Reno, NV Area – Virtual)","2027-08-19 18:30:00","2027-08-19 20:00:00","","","empty","West Kingdom Zoom is inviting you to a scheduled Zoom meeting. Topic: Silver Desert Meetings Time: This is a recurring meeting Meet anytime Join Zoom Meeting Meeting ID: 848 2749 5949 Passcode: 1066 — One tap mobile +16699006833,,84827495949#,,,,*1066# US (San Jose) +16694449171,,84827495949#,,,,*1066# US — Dial by your location • +1 US (San Jose) • +1 US • +1 US • +1 US • +1 US (Tacoma) • +1 US (Houston) • +1 US • +1 US (Chicago) • +1 US • +1 US • +1 US • +1 US • +1 US • +1 US • +1 US (New York) • +1 US (Washington DC) • +1 US Meeting ID: 848 2749 5949 Passcode: 1066","https://us06web.zoom.us/j/84827495949?pwd=cO44Eojcn0AHpgw6CKgVE0lAv58jvm.1","","Kingdom of the West","kingdom","True","","","skipped"
"Silver Desert Business Meeting (Reno, NV Area – Virtual)","2027-09-16 18:30:00","2027-09-16 20:00:00","","","empty","West Kingdom Zoom is inviting you to a scheduled Zoom meeting. Topic: Silver Desert Meetings Time: This is a recurring meeting Meet anytime Join Zoom Meeting Meeting ID: 848 2749 5949 Passcode: 1066 — One tap mobile +16699006833,,84827495949#,,,,*1066# US (San Jose) +16694449171,,84827495949#,,,,*1066# US — Dial by your location • +1 US (San Jose) • +1 US • +1 US • +1 US • +1 US (Tacoma) • +1 US (Houston) • +1 US • +1 US (Chicago) • +1 US • +1 US • +1 US • +1 US • +1 US • +1 US • +1 US (New York) • +1 US (Washington DC) • +1 US Meeting ID: 848 2749 5949 Passcode: 1066","https://us06web.zoom.us/j/84827495949?pwd=cO44Eojcn0AHpgw6CKgVE0lAv58jvm.1","","Kingdom of the West","kingdom","True","","","skipped"
"Silver Desert Business Meeting (Reno, NV Area – Virtual)","2027-10-21 18:30:00","2027-10-21 20:00:00","","","empty","West Kingdom Zoom is inviting you to a scheduled Zoom meeting. Topic: Silver Desert Meetings Time: This is a recurring meeting Meet anytime Join Zoom Meeting Meeting ID: 848 2749 5949 Passcode: 1066 — One tap mobile +16699006833,,84827495949#,,,,*1066# US (San Jose) +16694449171,,84827495949#,,,,*1066# US — Dial by your location • +1 US (San Jose) • +1 US • +1 US • +1 US • +1 US (Tacoma) • +1 US (Houston) • +1 US • +1 US (Chicago) • +1 US • +1 US • +1 US • +1 US • +1 US • +1 US • +1 US (New York) • +1 US (Washington DC) • +1 US Meeting ID: 848 2749 5949 Passcode: 1066","https://us06web.zoom.us/j/84827495949?pwd=cO44Eojcn0AHpgw6CKgVE0lAv58jvm.1","","Kingdom of the West","kingdom","True","","","skipped"
"Silver Desert Business Meeting (Reno, NV Area – Virtual)","2027-11-18 18:30:00","2027-11-18 20:00:00","","","empty","West Kingdom Zoom is inviting you to a scheduled Zoom meeting. Topic: Silver Desert Meetings Time: This is a recurring meeting Meet anytime Join Zoom Meeting Meeting ID: 848 2749 5949 Passcode: 1066 — One tap mobile +16699006833,,84827495949#,,,,*1066# US (San Jose) +16694449171,,84827495949#,,,,*1066# US — Dial by your location • +1 US (San Jose) • +1 US • +1 US • +1 US • +1 US (Tacoma) • +1 US (Houston) • +1 US • +1 US (Chicago) • +1 US • +1 US • +1 US • +1 US • +1 US • +1 US • +1 US (New York) • +1 US (Washington DC) • +1 US Meeting ID: 848 2749 5949 Passcode: 1066","https://us06web.zoom.us/j/84827495949?pwd=cO44Eojcn0AHpgw6CKgVE0lAv58jvm.1","","Kingdom of the West","kingdom","True","","","skipped"
"Silver Desert Business Meeting (Reno, NV Area – Virtual)","2027-12-16 18:30:00","2027-12-16 20:00:00","","","empty","West Kingdom Zoom is inviting you to a scheduled Zoom meeting. Topic: Silver Desert Meetings Time: This is a recurring meeting Meet anytime Join Zoom Meeting Meeting ID: 848 2749 5949 Passcode: 1066 — One tap mobile +16699006833,,84827495949#,,,,*1066# US (San Jose) +16694449171,,84827495949#,,,,*1066# US — Dial by your location • +1 US (San Jose) • +1 US • +1 US • +1 US • +1 US (Tacoma) • +1 US (Houston) • +1 US • +1 US (Chicago) • +1 US • +1 US • +1 US • +1 US • +1 US • +1 US • +1 US (New York) • +1 US (Washington DC) • +1 US Meeting ID: 848 2749 5949 Passcode: 1066","https://us06web.zoom.us/j/84827495949?pwd=cO44Eojcn0AHpgw6CKgVE0lAv58jvm.1","","Kingdom of the West","kingdom","True","","","skipped"
"Silver Desert Business Meeting (Reno, NV Area – Virtual)","2028-01-20 18:30:00","2028-01-20 20:00:00","","","empty","West Kingdom Zoom is inviting you to a scheduled Zoom meeting. Topic: Silver Desert Meetings Time: This is a recurring meeting Meet anytime Join Zoom Meeting Meeting ID: 848 2749 5949 Passcode: 1066 — One tap mobile +16699006833,,84827495949#,,,,*1066# US (San Jose) +16694449171,,84827495949#,,,,*1066# US — Dial by your location • +1 US (San Jose) • +1 US • +1 US • +1 US • +1 US (Tacoma) • +1 US (Houston) • +1 US • +1 US (Chicago) • +1 US • +1 US • +1 US • +1 US • +1 US • +1 US • +1 US (New York) • +1 US (Washington DC) • +1 US Meeting ID: 848 2749 5949 Passcode: 1066","https://us06web.zoom.us/j/84827495949?pwd=cO44Eojcn0AHpgw6CKgVE0lAv58jvm.1","","Kingdom of the West","kingdom","True","","","skipped"
"Silver Desert Business Meeting (Reno, NV Area – Virtual)","2028-02-17 18:30:00","2028-02-17 20:00:00","","","empty","West Kingdom Zoom is inviting you to a scheduled Zoom meeting. Topic: Silver Desert Meetings Time: This is a recurring meeting Meet anytime Join Zoom Meeting Meeting ID: 848 2749 5949 Passcode: 1066 — One tap mobile +16699006833,,84827495949#,,,,*1066# US (San Jose) +16694449171,,84827495949#,,,,*1066# US — Dial by your location • +1 US (San Jose) • +1 US • +1 US • +1 US • +1 US (Tacoma) • +1 US (Houston) • +1 US • +1 US (Chicago) • +1 US • +1 US • +1 US • +1 US • +1 US • +1 US • +1 US (New York) • +1 US (Washington DC) • +1 US Meeting ID: 848 2749 5949 Passcode: 1066","https://us06web.zoom.us/j/84827495949?pwd=cO44Eojcn0AHpgw6CKgVE0lAv58jvm.1","","Kingdom of the West","kingdom","True","","","skipped"
"Silver Desert Business Meeting (Reno, NV Area – Virtual)","2028-03-16 18:30:00","2028-03-16 20:00:00","","","empty","West Kingdom Zoom is inviting you to a scheduled Zoom meeting. Topic: Silver Desert Meetings Time: This is a recurring meeting Meet anytime Join Zoom Meeting Meeting ID: 848 2749 5949 Passcode: 1066 — One tap mobile +16699006833,,84827495949#,,,,*1066# US (San Jose) +16694449171,,84827495949#,,,,*1066# US — Dial by your location • +1 US (San Jose) • +1 US • +1 US • +1 US • +1 US (Tacoma) • +1 US (Houston) • +1 US • +1 US (Chicago) • +1 US • +1 US • +1 US • +1 US • +1 US • +1 US • +1 US (New York) • +1 US (Washington DC) • +1 US Meeting ID: 848 2749 5949 Passcode: 1066","https://us06web.zoom.us/j/84827495949?pwd=cO44Eojcn0AHpgw6CKgVE0lAv58jvm.1","","Kingdom of the West","kingdom","True","","","skipped"
"Silver Desert Business Meeting (Reno, NV Area – Virtual)","2028-04-20 18:30:00","2028-04-20 20:00:00","","","empty","West Kingdom Zoom is inviting you to a scheduled Zoom meeting. Topic: Silver Desert Meetings Time: This is a recurring meeting Meet anytime Join Zoom Meeting Meeting ID: 848 2749 5949 Passcode: 1066 — One tap mobile +16699006833,,84827495949#,,,,*1066# US (San Jose) +16694449171,,84827495949#,,,,*1066# US — Dial by your location • +1 US (San Jose) • +1 US • +1 US • +1 US • +1 US (Tacoma) • +1 US (Houston) • +1 US • +1 US (Chicago) • +1 US • +1 US • +1 US • +1 US • +1 US • +1 US • +1 US (New York) • +1 US (Washington DC) • +1 US Meeting ID: 848 2749 5949 Passcode: 1066","https://us06web.zoom.us/j/84827495949?pwd=cO44Eojcn0AHpgw6CKgVE0lAv58jvm.1","","Kingdom of the West","kingdom","True","","","skipped"
"Silver Desert Business Meeting (Reno, NV Area – Virtual)","2028-05-18 18:30:00","2028-05-18 20:00:00","","","empty","West Kingdom Zoom is inviting you to a scheduled Zoom meeting. Topic: Silver Desert Meetings Time: This is a recurring meeting Meet anytime Join Zoom Meeting Meeting ID: 848 2749 5949 Passcode: 1066 — One tap mobile +16699006833,,84827495949#,,,,*1066# US (San Jose) +16694449171,,84827495949#,,,,*1066# US — Dial by your location • +1 US (San Jose) • +1 US • +1 US • +1 US • +1 US (Tacoma) • +1 US (Houston) • +1 US • +1 US (Chicago) • +1 US • +1 US • +1 US • +1 US • +1 US • +1 US • +1 US (New York) • +1 US (Washington DC) • +1 US Meeting ID: 848 2749 5949 Passcode: 1066","https://us06web.zoom.us/j/84827495949?pwd=cO44Eojcn0AHpgw6CKgVE0lAv58jvm.1","","Kingdom of the West","kingdom","True","","","skipped"
"Silver Desert Business Meeting (Virtual – Reno, NV area)","2026-06-18 18:30:00","2026-06-18 20:00:00","","","empty","West Kingdom Zoom is inviting you to a scheduled Zoom meeting. Topic: Silver Desert Meetings Time: This is a recurring meeting Meet anytime Join Zoom Meeting Meeting ID: 848 2749 5949 Passcode: 1066 — One tap mobile +16699006833,,84827495949#,,,,*1066# US (San Jose) +16694449171,,84827495949#,,,,*1066# US — Dial by your location • +1 US (San Jose) • +1 US • +1 US • +1 US • +1 US (Tacoma) • +1 US (Houston) • +1 US • +1 US (Chicago) • +1 US • +1 US • +1 US • +1 US • +1 US • +1 US • +1 US (New York) • +1 US (Washington DC) • +1 US Meeting ID: 848 2749 5949 Passcode: 1066","https://us06web.zoom.us/j/84827495949?pwd=cO44Eojcn0AHpgw6CKgVE0lAv58jvm.1","","Kingdom of the West","kingdom","True","","","skipped"
"Silver Desert Business Meeting (Virtual – Reno, NV area)","2026-07-16 18:30:00","2026-07-16 20:00:00","","","empty","West Kingdom Zoom is inviting you to a scheduled Zoom meeting. Topic: Silver Desert Meetings Time: This is a recurring meeting Meet anytime Join Zoom Meeting Meeting ID: 848 2749 5949 Passcode: 1066 — One tap mobile +16699006833,,84827495949#,,,,*1066# US (San Jose) +16694449171,,84827495949#,,,,*1066# US — Dial by your location • +1 US (San Jose) • +1 US • +1 US • +1 US • +1 US (Tacoma) • +1 US (Houston) • +1 US • +1 US (Chicago) • +1 US • +1 US • +1 US • +1 US • +1 US • +1 US • +1 US (New York) • +1 US (Washington DC) • +1 US Meeting ID: 848 2749 5949 Passcode: 1066","https://us06web.zoom.us/j/84827495949?pwd=cO44Eojcn0AHpgw6CKgVE0lAv58jvm.1","","Kingdom of the West","kingdom","True","","","skipped"
"Silver Desert Business Meeting (Virtual – Reno, NV area)","2026-08-20 18:30:00","2026-08-20 20:00:00","","","empty","West Kingdom Zoom is inviting you to a scheduled Zoom meeting. Topic: Silver Desert Meetings Time: This is a recurring meeting Meet anytime Join Zoom Meeting Meeting ID: 848 2749 5949 Passcode: 1066 — One tap mobile +16699006833,,84827495949#,,,,*1066# US (San Jose) +16694449171,,84827495949#,,,,*1066# US — Dial by your location • +1 US (San Jose) • +1 US • +1 US • +1 US • +1 US (Tacoma) • +1 US (Houston) • +1 US • +1 US (Chicago) • +1 US • +1 US • +1 US • +1 US • +1 US • +1 US • +1 US (New York) • +1 US (Washington DC) • +1 US Meeting ID: 848 2749 5949 Passcode: 1066","https://us06web.zoom.us/j/84827495949?pwd=cO44Eojcn0AHpgw6CKgVE0lAv58jvm.1","","Kingdom of the West","kingdom","True","","","skipped"
"Silver Desert Business Meeting (Virtual – Reno, NV area)","2026-09-17 18:30:00","2026-09-17 20:00:00","","","empty","West Kingdom Zoom is inviting you to a scheduled Zoom meeting. Topic: Silver Desert Meetings Time: This is a recurring meeting Meet anytime Join Zoom Meeting Meeting ID: 848 2749 5949 Passcode: 1066 — One tap mobile +16699006833,,84827495949#,,,,*1066# US (San Jose) +16694449171,,84827495949#,,,,*1066# US — Dial by your location • +1 US (San Jose) • +1 US • +1 US • +1 US • +1 US (Tacoma) • +1 US (Houston) • +1 US • +1 US (Chicago) • +1 US • +1 US • +1 US • +1 US • +1 US • +1 US • +1 US (New York) • +1 US (Washington DC) • +1 US Meeting ID: 848 2749 5949 Passcode: 1066","https://us06web.zoom.us/j/84827495949?pwd=cO44Eojcn0AHpgw6CKgVE0lAv58jvm.1","","Kingdom of the West","kingdom","True","","","skipped"
"Silver Desert Business Meeting (Virtual – Reno, NV area)","2026-10-15 18:30:00","2026-10-15 20:00:00","","","empty","West Kingdom Zoom is inviting you to a scheduled Zoom meeting. Topic: Silver Desert Meetings Time: This is a recurring meeting Meet anytime Join Zoom Meeting Meeting ID: 848 2749 5949 Passcode: 1066 — One tap mobile +16699006833,,84827495949#,,,,*1066# US (San Jose) +16694449171,,84827495949#,,,,*1066# US — Dial by your location • +1 US (San Jose) • +1 US • +1 US • +1 US • +1 US (Tacoma) • +1 US (Houston) • +1 US • +1 US (Chicago) • +1 US • +1 US • +1 US • +1 US • +1 US • +1 US • +1 US (New York) • +1 US (Washington DC) • +1 US Meeting ID: 848 2749 5949 Passcode: 1066","https://us06web.zoom.us/j/84827495949?pwd=cO44Eojcn0AHpgw6CKgVE0lAv58jvm.1","","Kingdom of the West","kingdom","True","","","skipped"
"Silver Desert Business Meeting (Virtual – Reno, NV area)","2026-11-19 18:30:00","2026-11-19 20:00:00","","","empty","West Kingdom Zoom is inviting you to a scheduled Zoom meeting. Topic: Silver Desert Meetings Time: This is a recurring meeting Meet anytime Join Zoom Meeting Meeting ID: 848 2749 5949 Passcode: 1066 — One tap mobile +16699006833,,84827495949#,,,,*1066# US (San Jose) +16694449171,,84827495949#,,,,*1066# US — Dial by your location • +1 US (San Jose) • +1 US • +1 US • +1 US • +1 US (Tacoma) • +1 US (Houston) • +1 US • +1 US (Chicago) • +1 US • +1 US • +1 US • +1 US • +1 US • +1 US • +1 US (New York) • +1 US (Washington DC) • +1 US Meeting ID: 848 2749 5949 Passcode: 1066","https://us06web.zoom.us/j/84827495949?pwd=cO44Eojcn0AHpgw6CKgVE0lAv58jvm.1","","Kingdom of the West","kingdom","True","","","skipped"
"Silver Desert Business Meeting (Virtual – Reno, NV area)","2026-12-17 18:30:00","2026-12-17 20:00:00","","","empty","West Kingdom Zoom is inviting you to a scheduled Zoom meeting. Topic: Silver Desert Meetings Time: This is a recurring meeting Meet anytime Join Zoom Meeting Meeting ID: 848 2749 5949 Passcode: 1066 — One tap mobile +16699006833,,84827495949#,,,,*1066# US (San Jose) +16694449171,,84827495949#,,,,*1066# US — Dial by your location • +1 US (San Jose) • +1 US • +1 US • +1 US • +1 US (Tacoma) • +1 US (Houston) • +1 US • +1 US (Chicago) • +1 US • +1 US • +1 US • +1 US • +1 US • +1 US • +1 US (New York) • +1 US (Washington DC) • +1 US Meeting ID: 848 2749 5949 Passcode: 1066","https://us06web.zoom.us/j/84827495949?pwd=cO44Eojcn0AHpgw6CKgVE0lAv58jvm.1","","Kingdom of the West","kingdom","True","","","skipped"
"Silver Desert Business Meeting (Virtual – Reno, NV area)","2027-01-21 18:30:00","2027-01-21 20:00:00","","","empty","West Kingdom Zoom is inviting you to a scheduled Zoom meeting. Topic: Silver Desert Meetings Time: This is a recurring meeting Meet anytime Join Zoom Meeting Meeting ID: 848 2749 5949 Passcode: 1066 — One tap mobile +16699006833,,84827495949#,,,,*1066# US (San Jose) +16694449171,,84827495949#,,,,*1066# US — Dial by your location • +1 US (San Jose) • +1 US • +1 US • +1 US • +1 US (Tacoma) • +1 US (Houston) • +1 US • +1 US (Chicago) • +1 US • +1 US • +1 US • +1 US • +1 US • +1 US • +1 US (New York) • +1 US (Washington DC) • +1 US Meeting ID: 848 2749 5949 Passcode: 1066","https://us06web.zoom.us/j/84827495949?pwd=cO44Eojcn0AHpgw6CKgVE0lAv58jvm.1","","Kingdom of the West","kingdom","True","","","skipped"
"Silver Desert Business Meeting (Virtual – Reno, NV area)","2027-02-18 18:30:00","2027-02-18 20:00:00","","","empty","West Kingdom Zoom is inviting you to a scheduled Zoom meeting. Topic: Silver Desert Meetings Time: This is a recurring meeting Meet anytime Join Zoom Meeting Meeting ID: 848 2749 5949 Passcode: 1066 — One tap mobile +16699006833,,84827495949#,,,,*1066# US (San Jose) +16694449171,,84827495949#,,,,*1066# US — Dial by your location • +1 US (San Jose) • +1 US • +1 US • +1 US • +1 US (Tacoma) • +1 US (Houston) • +1 US • +1 US (Chicago) • +1 US • +1 US • +1 US • +1 US • +1 US • +1 US • +1 US (New York) • +1 US (Washington DC) • +1 US Meeting ID: 848 2749 5949 Passcode: 1066","https://us06web.zoom.us/j/84827495949?pwd=cO44Eojcn0AHpgw6CKgVE0lAv58jvm.1","","Kingdom of the West","kingdom","True","","","skipped"
"Silver Desert Business Meeting (Virtual – Reno, NV area)","2027-03-18 18:30:00","2027-03-18 20:00:00","","","empty","West Kingdom Zoom is inviting you to a scheduled Zoom meeting. Topic: Silver Desert Meetings Time: This is a recurring meeting Meet anytime Join Zoom Meeting Meeting ID: 848 2749 5949 Passcode: 1066 — One tap mobile +16699006833,,84827495949#,,,,*1066# US (San Jose) +16694449171,,84827495949#,,,,*1066# US — Dial by your location • +1 US (San Jose) • +1 US • +1 US • +1 US • +1 US (Tacoma) • +1 US (Houston) • +1 US • +1 US (Chicago) • +1 US • +1 US • +1 US • +1 US • +1 US • +1 US • +1 US (New York) • +1 US (Washington DC) • +1 US Meeting ID: 848 2749 5949 Passcode: 1066","https://us06web.zoom.us/j/84827495949?pwd=cO44Eojcn0AHpgw6CKgVE0lAv58jvm.1","","Kingdom of the West","kingdom","True","","","skipped"
"Silver Desert Business Meeting (Virtual – Reno, NV area)","2027-04-15 18:30:00","2027-04-15 20:00:00","","","empty","West Kingdom Zoom is inviting you to a scheduled Zoom meeting. Topic: Silver Desert Meetings Time: This is a recurring meeting Meet anytime Join Zoom Meeting Meeting ID: 848 2749 5949 Passcode: 1066 — One tap mobile +16699006833,,84827495949#,,,,*1066# US (San Jose) +16694449171,,84827495949#,,,,*1066# US — Dial by your location • +1 US (San Jose) • +1 US • +1 US • +1 US • +1 US (Tacoma) • +1 US (Houston) • +1 US • +1 US (Chicago) • +1 US • +1 US • +1 US • +1 US • +1 US • +1 US • +1 US (New York) • +1 US (Washington DC) • +1 US Meeting ID: 848 2749 5949 Passcode: 1066","https://us06web.zoom.us/j/84827495949?pwd=cO44Eojcn0AHpgw6CKgVE0lAv58jvm.1","","Kingdom of the West","kingdom","True","","","skipped"
"Silver Desert Business Meeting (Virtual – Reno, NV area)","2027-05-20 18:30:00","2027-05-20 20:00:00","","","empty","West Kingdom Zoom is inviting you to a scheduled Zoom meeting. Topic: Silver Desert Meetings Time: This is a recurring meeting Meet anytime Join Zoom Meeting Meeting ID: 848 2749 5949 Passcode: 1066 — One tap mobile +16699006833,,84827495949#,,,,*1066# US (San Jose) +16694449171,,84827495949#,,,,*1066# US — Dial by your location • +1 US (San Jose) • +1 US • +1 US • +1 US • +1 US (Tacoma) • +1 US (Houston) • +1 US • +1 US (Chicago) • +1 US • +1 US • +1 US • +1 US • +1 US • +1 US • +1 US (New York) • +1 US (Washington DC) • +1 US Meeting ID: 848 2749 5949 Passcode: 1066","https://us06web.zoom.us/j/84827495949?pwd=cO44Eojcn0AHpgw6CKgVE0lAv58jvm.1","","Kingdom of the West","kingdom","True","","","skipped"
"Silver Desert Business Meeting (Virtual – Reno, NV area)","2027-06-17 18:30:00","2027-06-17 20:00:00","","","empty","West Kingdom Zoom is inviting you to a scheduled Zoom meeting. Topic: Silver Desert Meetings Time: This is a recurring meeting Meet anytime Join Zoom Meeting Meeting ID: 848 2749 5949 Passcode: 1066 — One tap mobile +16699006833,,84827495949#,,,,*1066# US (San Jose) +16694449171,,84827495949#,,,,*1066# US — Dial by your location • +1 US (San Jose) • +1 US • +1 US • +1 US • +1 US (Tacoma) • +1 US (Houston) • +1 US • +1 US (Chicago) • +1 US • +1 US • +1 US • +1 US • +1 US • +1 US • +1 US (New York) • +1 US (Washington DC) • +1 US Meeting ID: 848 2749 5949 Passcode: 1066","https://us06web.zoom.us/j/84827495949?pwd=cO44Eojcn0AHpgw6CKgVE0lAv58jvm.1","","Kingdom of the West","kingdom","True","","","skipped"
"Silver Desert Business Meeting (Virtual – Reno, NV area)","2027-07-15 18:30:00","2027-07-15 20:00:00","","","empty","West Kingdom Zoom is inviting you to a scheduled Zoom meeting. Topic: Silver Desert Meetings Time: This is a recurring meeting Meet anytime Join Zoom Meeting Meeting ID: 848 2749 5949 Passcode: 1066 — One tap mobile +16699006833,,84827495949#,,,,*1066# US (San Jose) +16694449171,,84827495949#,,,,*1066# US — Dial by your location • +1 US (San Jose) • +1 US • +1 US • +1 US • +1 US (Tacoma) • +1 US (Houston) • +1 US • +1 US (Chicago) • +1 US • +1 US • +1 US • +1 US • +1 US • +1 US • +1 US (New York) • +1 US (Washington DC) • +1 US Meeting ID: 848 2749 5949 Passcode: 1066","https://us06web.zoom.us/j/84827495949?pwd=cO44Eojcn0AHpgw6CKgVE0lAv58jvm.1","","Kingdom of the West","kingdom","True","","","skipped"
"Silver Desert Business Meeting (Virtual – Reno, NV area)","2027-08-19 18:30:00","2027-08-19 20:00:00","","","empty","West Kingdom Zoom is inviting you to a scheduled Zoom meeting. Topic: Silver Desert Meetings Time: This is a recurring meeting Meet anytime Join Zoom Meeting Meeting ID: 848 2749 5949 Passcode: 1066 — One tap mobile +16699006833,,84827495949#,,,,*1066# US (San Jose) +16694449171,,84827495949#,,,,*1066# US — Dial by your location • +1 US (San Jose) • +1 US • +1 US • +1 US • +1 US (Tacoma) • +1 US (Houston) • +1 US • +1 US (Chicago) • +1 US • +1 US • +1 US • +1 US • +1 US • +1 US • +1 US (New York) • +1 US (Washington DC) • +1 US Meeting ID: 848 2749 5949 Passcode: 1066","https://us06web.zoom.us/j/84827495949?pwd=cO44Eojcn0AHpgw6CKgVE0lAv58jvm.1","","Kingdom of the West","kingdom","True","","","skipped"
"Silver Desert Business Meeting (Virtual – Reno, NV area)","2027-09-16 18:30:00","2027-09-16 20:00:00","","","empty","West Kingdom Zoom is inviting you to a scheduled Zoom meeting. Topic: Silver Desert Meetings Time: This is a recurring meeting Meet anytime Join Zoom Meeting Meeting ID: 848 2749 5949 Passcode: 1066 — One tap mobile +16699006833,,84827495949#,,,,*1066# US (San Jose) +16694449171,,84827495949#,,,,*1066# US — Dial by your location • +1 US (San Jose) • +1 US • +1 US • +1 US • +1 US (Tacoma) • +1 US (Houston) • +1 US • +1 US (Chicago) • +1 US • +1 US • +1 US • +1 US • +1 US • +1 US • +1 US (New York) • +1 US (Washington DC) • +1 US Meeting ID: 848 2749 5949 Passcode: 1066","https://us06web.zoom.us/j/84827495949?pwd=cO44Eojcn0AHpgw6CKgVE0lAv58jvm.1","","Kingdom of the West","kingdom","True","","","skipped"
"Silver Desert Business Meeting (Virtual – Reno, NV area)","2027-10-21 18:30:00","2027-10-21 20:00:00","","","empty","West Kingdom Zoom is inviting you to a scheduled Zoom meeting. Topic: Silver Desert Meetings Time: This is a recurring meeting Meet anytime Join Zoom Meeting Meeting ID: 848 2749 5949 Passcode: 1066 — One tap mobile +16699006833,,84827495949#,,,,*1066# US (San Jose) +16694449171,,84827495949#,,,,*1066# US — Dial by your location • +1 US (San Jose) • +1 US • +1 US • +1 US • +1 US (Tacoma) • +1 US (Houston) • +1 US • +1 US (Chicago) • +1 US • +1 US • +1 US • +1 US • +1 US • +1 US • +1 US (New York) • +1 US (Washington DC) • +1 US Meeting ID: 848 2749 5949 Passcode: 1066","https://us06web.zoom.us/j/84827495949?pwd=cO44Eojcn0AHpgw6CKgVE0lAv58jvm.1","","Kingdom of the West","kingdom","True","","","skipped"
"Silver Desert Business Meeting (Virtual – Reno, NV area)","2027-11-18 18:30:00","2027-11-18 20:00:00","","","empty","West Kingdom Zoom is inviting you to a scheduled Zoom meeting. Topic: Silver Desert Meetings Time: This is a recurring meeting Meet anytime Join Zoom Meeting Meeting ID: 848 2749 5949 Passcode: 1066 — One tap mobile +16699006833,,84827495949#,,,,*1066# US (San Jose) +16694449171,,84827495949#,,,,*1066# US — Dial by your location • +1 US (San Jose) • +1 US • +1 US • +1 US • +1 US (Tacoma) • +1 US (Houston) • +1 US • +1 US (Chicago) • +1 US • +1 US • +1 US • +1 US • +1 US • +1 US • +1 US (New York) • +1 US (Washington DC) • +1 US Meeting ID: 848 2749 5949 Passcode: 1066","https://us06web.zoom.us/j/84827495949?pwd=cO44Eojcn0AHpgw6CKgVE0lAv58jvm.1","","Kingdom of the West","kingdom","True","","","skipped"
"Silver Desert Business Meeting (Virtual – Reno, NV area)","2027-12-16 18:30:00","2027-12-16 20:00:00","","","empty","West Kingdom Zoom is inviting you to a scheduled Zoom meeting. Topic: Silver Desert Meetings Time: This is a recurring meeting Meet anytime Join Zoom Meeting Meeting ID: 848 2749 5949 Passcode: 1066 — One tap mobile +16699006833,,84827495949#,,,,*1066# US (San Jose) +16694449171,,84827495949#,,,,*1066# US — Dial by your location • +1 US (San Jose) • +1 US • +1 US • +1 US • +1 US (Tacoma) • +1 US (Houston) • +1 US • +1 US (Chicago) • +1 US • +1 US • +1 US • +1 US • +1 US • +1 US • +1 US (New York) • +1 US (Washington DC) • +1 US Meeting ID: 848 2749 5949 Passcode: 1066","https://us06web.zoom.us/j/84827495949?pwd=cO44Eojcn0AHpgw6CKgVE0lAv58jvm.1","","Kingdom of the West","kingdom","True","","","skipped"
"Silver Desert Business Meeting (Virtual – Reno, NV area)","2028-01-20 18:30:00","2028-01-20 20:00:00","","","empty","West Kingdom Zoom is inviting you to a scheduled Zoom meeting. Topic: Silver Desert Meetings Time: This is a recurring meeting Meet anytime Join Zoom Meeting Meeting ID: 848 2749 5949 Passcode: 1066 — One tap mobile +16699006833,,84827495949#,,,,*1066# US (San Jose) +16694449171,,84827495949#,,,,*1066# US — Dial by your location • +1 US (San Jose) • +1 US • +1 US • +1 US • +1 US (Tacoma) • +1 US (Houston) • +1 US • +1 US (Chicago) • +1 US • +1 US • +1 US • +1 US • +1 US • +1 US • +1 US (New York) • +1 US (Washington DC) • +1 US Meeting ID: 848 2749 5949 Passcode: 1066","https://us06web.zoom.us/j/84827495949?pwd=cO44Eojcn0AHpgw6CKgVE0lAv58jvm.1","","Kingdom of the West","kingdom","True","","","skipped"
"Silver Desert Business Meeting (Virtual – Reno, NV area)","2028-02-17 18:30:00","2028-02-17 20:00:00","","","empty","West Kingdom Zoom is inviting you to a scheduled Zoom meeting. Topic: Silver Desert Meetings Time: This is a recurring meeting Meet anytime Join Zoom Meeting Meeting ID: 848 2749 5949 Passcode: 1066 — One tap mobile +16699006833,,84827495949#,,,,*1066# US (San Jose) +16694449171,,84827495949#,,,,*1066# US — Dial by your location • +1 US (San Jose) • +1 US • +1 US • +1 US • +1 US (Tacoma) • +1 US (Houston) • +1 US • +1 US (Chicago) • +1 US • +1 US • +1 US • +1 US • +1 US • +1 US • +1 US (New York) • +1 US (Washington DC) • +1 US Meeting ID: 848 2749 5949 Passcode: 1066","https://us06web.zoom.us/j/84827495949?pwd=cO44Eojcn0AHpgw6CKgVE0lAv58jvm.1","","Kingdom of the West","kingdom","True","","","skipped"
"Silver Desert Business Meeting (Virtual – Reno, NV area)","2028-03-16 18:30:00","2028-03-16 20:00:00","","","empty","West Kingdom Zoom is inviting you to a scheduled Zoom meeting. Topic: Silver Desert Meetings Time: This is a recurring meeting Meet anytime Join Zoom Meeting Meeting ID: 848 2749 5949 Passcode: 1066 — One tap mobile +16699006833,,84827495949#,,,,*1066# US (San Jose) +16694449171,,84827495949#,,,,*1066# US — Dial by your location • +1 US (San Jose) • +1 US • +1 US • +1 US • +1 US (Tacoma) • +1 US (Houston) • +1 US • +1 US (Chicago) • +1 US • +1 US • +1 US • +1 US • +1 US • +1 US • +1 US (New York) • +1 US (Washington DC) • +1 US Meeting ID: 848 2749 5949 Passcode: 1066","https://us06web.zoom.us/j/84827495949?pwd=cO44Eojcn0AHpgw6CKgVE0lAv58jvm.1","","Kingdom of the West","kingdom","True","","","skipped"
"Silver Desert Business Meeting (Virtual – Reno, NV area)","2028-04-20 18:30:00","2028-04-20 20:00:00","","","empty","West Kingdom Zoom is inviting you to a scheduled Zoom meeting. Topic: Silver Desert Meetings Time: This is a recurring meeting Meet anytime Join Zoom Meeting Meeting ID: 848 2749 5949 Passcode: 1066 — One tap mobile +16699006833,,84827495949#,,,,*1066# US (San Jose) +16694449171,,84827495949#,,,,*1066# US — Dial by your location • +1 US (San Jose) • +1 US • +1 US • +1 US • +1 US (Tacoma) • +1 US (Houston) • +1 US • +1 US (Chicago) • +1 US • +1 US • +1 US • +1 US • +1 US • +1 US • +1 US (New York) • +1 US (Washington DC) • +1 US Meeting ID: 848 2749 5949 Passcode: 1066","https://us06web.zoom.us/j/84827495949?pwd=cO44Eojcn0AHpgw6CKgVE0lAv58jvm.1","","Kingdom of the West","kingdom","True","","","skipped"
"Silver Desert Business Meeting (Virtual – Reno, NV area)","2028-05-18 18:30:00","2028-05-18 20:00:00","","","empty","West Kingdom Zoom is inviting you to a scheduled Zoom meeting. Topic: Silver Desert Meetings Time: This is a recurring meeting Meet anytime Join Zoom Meeting Meeting ID: 848 2749 5949 Passcode: 1066 — One tap mobile +16699006833,,84827495949#,,,,*1066# US (San Jose) +16694449171,,84827495949#,,,,*1066# US — Dial by your location • +1 US (San Jose) • +1 US • +1 US • +1 US • +1 US (Tacoma) • +1 US (Houston) • +1 US • +1 US (Chicago) • +1 US • +1 US • +1 US • +1 US • +1 US • +1 US • +1 US (New York) • +1 US (Washington DC) • +1 US Meeting ID: 848 2749 5949 Passcode: 1066","https://us06web.zoom.us/j/84827495949?pwd=cO44Eojcn0AHpgw6CKgVE0lAv58jvm.1","","Kingdom of the West","kingdom","True","","","skipped"
"Silver Hammer 2026","2026-10-23 00:00:00","2026-10-23 00:00:00","","Knoxville","low","Hosted by Barony of Thors Mountain","","","Kingdom of Meridies","kingdom","False","35.9603948","-83.9210261","ok"
"Skewered! 6 (Roxbury Mill)","2026-05-30","2026-05-31","Lois Green-Sligo Chapter, Izaak Walton League, 8401 Turkey Thicket Dr, Gaithersburg, MD, 20879","8401 Turkey Thicket Dr, Gaithersburg, MD, 20879","high","Skewered! 6 will continue our tradition of highlighting a culture-specific lunch feast , paired with arts and educational activities for all ages which expand on the lunch theme. A flyer with themes and activities will follow shortly, and more information can be found on our Shire 's webpage as details develop: https://roxburymill.atlantia.sca.org","https://atlantia.sca.org/event/?event_id=68f64371","","Kingdom of Atlantia","kingdom","False","39.1399187","-77.1929215","ok_retry"
"Skirmish at the Loch 2026","2026-05-29 00:00:00","2026-05-29 00:00:00","Coffee County Fairgrounds 99 Lakeview Drive Manchester, TN 37355","99 Lakeview Drive Manchester, TN 37355","high","Hosted by Shire of Loch Cairn","","","Kingdom of Meridies","kingdom","False","35.4967869","-86.0931718","ok"
"Skorragardr’s Axeman","2026-11-06 06:00:00","2026-11-09 04:59:00","","","empty","","","","Kingdom of Ansteorra","kingdom","False","","","skipped"
"Skrael and Friends A&S Evenings","2026-06-28 23:00:00","2026-06-29 01:00:00","","","empty","Online Arts & Science meet-ups. Bring your projects to work on. Sometimes there will be a class. Host: Noble Estienne, Baronial MoAS Ealdormere Zoom is inviting you to a scheduled Zoom meeting. Topic: Skrael & Friends A&S Time: Aug 23, 2020 Every month on the Fourth Sun, until Jan 24, 2021, 6 occurrence(s) Please download and import the following iCalendar (.ics) files to your calendar system. Monthly: Join Zoom Meeting Meeting ID: 818 2880 3405 Passcode: 684424 One tap mobile +13017158592,,81828803405#,,,,,,0#,,684424# US (Germantown) +13126266799,,81828803405#,,,,,,0#,,684424# US (Chicago) Dial by your location +1 US (Germantown) +1 US (Chicago) +1 US (Houston) +1 US (San Jose) +1 US (New York) +1 US (Tacoma) +1 Canada +1 Canada +1 Canada +1 Canada +1 Canada +1 Canada Meeting ID: 818 2880 3405 Passcode: 684424 Join with Google Meet: Learn more about Meet at:","https://us02web.zoom.us/meeting/tZUldeGgrjguGtEtL1g9xdMebJ1DBb_BUkox/ics?icsToken=98tyKuGppjkiEtSWtBmCRpwcGojoWfzziHZbjbd4iDO0BHlLZi7zNMgTFpB9L_rl","","Kingdom of Ealdormere","kingdom","True","","","skipped"
"Skrael and Friends A&S Evenings","2026-07-26 23:00:00","2026-07-27 01:00:00","","","empty","Online Arts & Science meet-ups. Bring your projects to work on. Sometimes there will be a class. Host: Noble Estienne, Baronial MoAS Ealdormere Zoom is inviting you to a scheduled Zoom meeting. Topic: Skrael & Friends A&S Time: Aug 23, 2020 Every month on the Fourth Sun, until Jan 24, 2021, 6 occurrence(s) Please download and import the following iCalendar (.ics) files to your calendar system. Monthly: Join Zoom Meeting Meeting ID: 818 2880 3405 Passcode: 684424 One tap mobile +13017158592,,81828803405#,,,,,,0#,,684424# US (Germantown) +13126266799,,81828803405#,,,,,,0#,,684424# US (Chicago) Dial by your location +1 US (Germantown) +1 US (Chicago) +1 US (Houston) +1 US (San Jose) +1 US (New York) +1 US (Tacoma) +1 Canada +1 Canada +1 Canada +1 Canada +1 Canada +1 Canada Meeting ID: 818 2880 3405 Passcode: 684424 Join with Google Meet: Learn more about Meet at:","https://us02web.zoom.us/meeting/tZUldeGgrjguGtEtL1g9xdMebJ1DBb_BUkox/ics?icsToken=98tyKuGppjkiEtSWtBmCRpwcGojoWfzziHZbjbd4iDO0BHlLZi7zNMgTFpB9L_rl","","Kingdom of Ealdormere","kingdom","True","","","skipped"
"Skrael and Friends A&S Evenings","2026-08-23 23:00:00","2026-08-24 01:00:00","","","empty","Online Arts & Science meet-ups. Bring your projects to work on. Sometimes there will be a class. Host: Noble Estienne, Baronial MoAS Ealdormere Zoom is inviting you to a scheduled Zoom meeting. Topic: Skrael & Friends A&S Time: Aug 23, 2020 Every month on the Fourth Sun, until Jan 24, 2021, 6 occurrence(s) Please download and import the following iCalendar (.ics) files to your calendar system. Monthly: Join Zoom Meeting Meeting ID: 818 2880 3405 Passcode: 684424 One tap mobile +13017158592,,81828803405#,,,,,,0#,,684424# US (Germantown) +13126266799,,81828803405#,,,,,,0#,,684424# US (Chicago) Dial by your location +1 US (Germantown) +1 US (Chicago) +1 US (Houston) +1 US (San Jose) +1 US (New York) +1 US (Tacoma) +1 Canada +1 Canada +1 Canada +1 Canada +1 Canada +1 Canada Meeting ID: 818 2880 3405 Passcode: 684424 Join with Google Meet: Learn more about Meet at:","https://us02web.zoom.us/meeting/tZUldeGgrjguGtEtL1g9xdMebJ1DBb_BUkox/ics?icsToken=98tyKuGppjkiEtSWtBmCRpwcGojoWfzziHZbjbd4iDO0BHlLZi7zNMgTFpB9L_rl","","Kingdom of Ealdormere","kingdom","True","","","skipped"
"Skrael and Friends A&S Evenings","2026-09-27 23:00:00","2026-09-28 01:00:00","","","empty","Online Arts & Science meet-ups. Bring your projects to work on. Sometimes there will be a class. Host: Noble Estienne, Baronial MoAS Ealdormere Zoom is inviting you to a scheduled Zoom meeting. Topic: Skrael & Friends A&S Time: Aug 23, 2020 Every month on the Fourth Sun, until Jan 24, 2021, 6 occurrence(s) Please download and import the following iCalendar (.ics) files to your calendar system. Monthly: Join Zoom Meeting Meeting ID: 818 2880 3405 Passcode: 684424 One tap mobile +13017158592,,81828803405#,,,,,,0#,,684424# US (Germantown) +13126266799,,81828803405#,,,,,,0#,,684424# US (Chicago) Dial by your location +1 US (Germantown) +1 US (Chicago) +1 US (Houston) +1 US (San Jose) +1 US (New York) +1 US (Tacoma) +1 Canada +1 Canada +1 Canada +1 Canada +1 Canada +1 Canada Meeting ID: 818 2880 3405 Passcode: 684424 Join with Google Meet: Learn more about Meet at:","https://us02web.zoom.us/meeting/tZUldeGgrjguGtEtL1g9xdMebJ1DBb_BUkox/ics?icsToken=98tyKuGppjkiEtSWtBmCRpwcGojoWfzziHZbjbd4iDO0BHlLZi7zNMgTFpB9L_rl","","Kingdom of Ealdormere","kingdom","True","","","skipped"
"Skrael and Friends A&S Evenings","2026-10-25 23:00:00","2026-10-26 01:00:00","","","empty","Online Arts & Science meet-ups. Bring your projects to work on. Sometimes there will be a class. Host: Noble Estienne, Baronial MoAS Ealdormere Zoom is inviting you to a scheduled Zoom meeting. Topic: Skrael & Friends A&S Time: Aug 23, 2020 Every month on the Fourth Sun, until Jan 24, 2021, 6 occurrence(s) Please download and import the following iCalendar (.ics) files to your calendar system. Monthly: Join Zoom Meeting Meeting ID: 818 2880 3405 Passcode: 684424 One tap mobile +13017158592,,81828803405#,,,,,,0#,,684424# US (Germantown) +13126266799,,81828803405#,,,,,,0#,,684424# US (Chicago) Dial by your location +1 US (Germantown) +1 US (Chicago) +1 US (Houston) +1 US (San Jose) +1 US (New York) +1 US (Tacoma) +1 Canada +1 Canada +1 Canada +1 Canada +1 Canada +1 Canada Meeting ID: 818 2880 3405 Passcode: 684424 Join with Google Meet: Learn more about Meet at:","https://us02web.zoom.us/meeting/tZUldeGgrjguGtEtL1g9xdMebJ1DBb_BUkox/ics?icsToken=98tyKuGppjkiEtSWtBmCRpwcGojoWfzziHZbjbd4iDO0BHlLZi7zNMgTFpB9L_rl","","Kingdom of Ealdormere","kingdom","True","","","skipped"
"Skrael and Friends A&S Evenings","2026-11-23 00:00:00","2026-11-23 02:00:00","","","empty","Online Arts & Science meet-ups. Bring your projects to work on. Sometimes there will be a class. Host: Noble Estienne, Baronial MoAS Ealdormere Zoom is inviting you to a scheduled Zoom meeting. Topic: Skrael & Friends A&S Time: Aug 23, 2020 Every month on the Fourth Sun, until Jan 24, 2021, 6 occurrence(s) Please download and import the following iCalendar (.ics) files to your calendar system. Monthly: Join Zoom Meeting Meeting ID: 818 2880 3405 Passcode: 684424 One tap mobile +13017158592,,81828803405#,,,,,,0#,,684424# US (Germantown) +13126266799,,81828803405#,,,,,,0#,,684424# US (Chicago) Dial by your location +1 US (Germantown) +1 US (Chicago) +1 US (Houston) +1 US (San Jose) +1 US (New York) +1 US (Tacoma) +1 Canada +1 Canada +1 Canada +1 Canada +1 Canada +1 Canada Meeting ID: 818 2880 3405 Passcode: 684424 Join with Google Meet: Learn more about Meet at:","https://us02web.zoom.us/meeting/tZUldeGgrjguGtEtL1g9xdMebJ1DBb_BUkox/ics?icsToken=98tyKuGppjkiEtSWtBmCRpwcGojoWfzziHZbjbd4iDO0BHlLZi7zNMgTFpB9L_rl","","Kingdom of Ealdormere","kingdom","True","","","skipped"
"Skrael and Friends A&S Evenings","2026-12-28 00:00:00","2026-12-28 02:00:00","","","empty","Online Arts & Science meet-ups. Bring your projects to work on. Sometimes there will be a class. Host: Noble Estienne, Baronial MoAS Ealdormere Zoom is inviting you to a scheduled Zoom meeting. Topic: Skrael & Friends A&S Time: Aug 23, 2020 Every month on the Fourth Sun, until Jan 24, 2021, 6 occurrence(s) Please download and import the following iCalendar (.ics) files to your calendar system. Monthly: Join Zoom Meeting Meeting ID: 818 2880 3405 Passcode: 684424 One tap mobile +13017158592,,81828803405#,,,,,,0#,,684424# US (Germantown) +13126266799,,81828803405#,,,,,,0#,,684424# US (Chicago) Dial by your location +1 US (Germantown) +1 US (Chicago) +1 US (Houston) +1 US (San Jose) +1 US (New York) +1 US (Tacoma) +1 Canada +1 Canada +1 Canada +1 Canada +1 Canada +1 Canada Meeting ID: 818 2880 3405 Passcode: 684424 Join with Google Meet: Learn more about Meet at:","https://us02web.zoom.us/meeting/tZUldeGgrjguGtEtL1g9xdMebJ1DBb_BUkox/ics?icsToken=98tyKuGppjkiEtSWtBmCRpwcGojoWfzziHZbjbd4iDO0BHlLZi7zNMgTFpB9L_rl","","Kingdom of Ealdormere","kingdom","True","","","skipped"
"Skrael and Friends A&S Evenings","2027-01-25 00:00:00","2027-01-25 02:00:00","","","empty","Online Arts & Science meet-ups. Bring your projects to work on. Sometimes there will be a class. Host: Noble Estienne, Baronial MoAS Ealdormere Zoom is inviting you to a scheduled Zoom meeting. Topic: Skrael & Friends A&S Time: Aug 23, 2020 Every month on the Fourth Sun, until Jan 24, 2021, 6 occurrence(s) Please download and import the following iCalendar (.ics) files to your calendar system. Monthly: Join Zoom Meeting Meeting ID: 818 2880 3405 Passcode: 684424 One tap mobile +13017158592,,81828803405#,,,,,,0#,,684424# US (Germantown) +13126266799,,81828803405#,,,,,,0#,,684424# US (Chicago) Dial by your location +1 US (Germantown) +1 US (Chicago) +1 US (Houston) +1 US (San Jose) +1 US (New York) +1 US (Tacoma) +1 Canada +1 Canada +1 Canada +1 Canada +1 Canada +1 Canada Meeting ID: 818 2880 3405 Passcode: 684424 Join with Google Meet: Learn more about Meet at:","https://us02web.zoom.us/meeting/tZUldeGgrjguGtEtL1g9xdMebJ1DBb_BUkox/ics?icsToken=98tyKuGppjkiEtSWtBmCRpwcGojoWfzziHZbjbd4iDO0BHlLZi7zNMgTFpB9L_rl","","Kingdom of Ealdormere","kingdom","True","","","skipped"
"Skrael and Friends A&S Evenings","2027-03-01 00:00:00","2027-03-01 02:00:00","","","empty","Online Arts & Science meet-ups. Bring your projects to work on. Sometimes there will be a class. Host: Noble Estienne, Baronial MoAS Ealdormere Zoom is inviting you to a scheduled Zoom meeting. Topic: Skrael & Friends A&S Time: Aug 23, 2020 Every month on the Fourth Sun, until Jan 24, 2021, 6 occurrence(s) Please download and import the following iCalendar (.ics) files to your calendar system. Monthly: Join Zoom Meeting Meeting ID: 818 2880 3405 Passcode: 684424 One tap mobile +13017158592,,81828803405#,,,,,,0#,,684424# US (Germantown) +13126266799,,81828803405#,,,,,,0#,,684424# US (Chicago) Dial by your location +1 US (Germantown) +1 US (Chicago) +1 US (Houston) +1 US (San Jose) +1 US (New York) +1 US (Tacoma) +1 Canada +1 Canada +1 Canada +1 Canada +1 Canada +1 Canada Meeting ID: 818 2880 3405 Passcode: 684424 Join with Google Meet: Learn more about Meet at:","https://us02web.zoom.us/meeting/tZUldeGgrjguGtEtL1g9xdMebJ1DBb_BUkox/ics?icsToken=98tyKuGppjkiEtSWtBmCRpwcGojoWfzziHZbjbd4iDO0BHlLZi7zNMgTFpB9L_rl","","Kingdom of Ealdormere","kingdom","True","","","skipped"
"Skrael and Friends A&S Evenings","2027-03-28 23:00:00","2027-03-29 01:00:00","","","empty","Online Arts & Science meet-ups. Bring your projects to work on. Sometimes there will be a class. Host: Noble Estienne, Baronial MoAS Ealdormere Zoom is inviting you to a scheduled Zoom meeting. Topic: Skrael & Friends A&S Time: Aug 23, 2020 Every month on the Fourth Sun, until Jan 24, 2021, 6 occurrence(s) Please download and import the following iCalendar (.ics) files to your calendar system. Monthly: Join Zoom Meeting Meeting ID: 818 2880 3405 Passcode: 684424 One tap mobile +13017158592,,81828803405#,,,,,,0#,,684424# US (Germantown) +13126266799,,81828803405#,,,,,,0#,,684424# US (Chicago) Dial by your location +1 US (Germantown) +1 US (Chicago) +1 US (Houston) +1 US (San Jose) +1 US (New York) +1 US (Tacoma) +1 Canada +1 Canada +1 Canada +1 Canada +1 Canada +1 Canada Meeting ID: 818 2880 3405 Passcode: 684424 Join with Google Meet: Learn more about Meet at:","https://us02web.zoom.us/meeting/tZUldeGgrjguGtEtL1g9xdMebJ1DBb_BUkox/ics?icsToken=98tyKuGppjkiEtSWtBmCRpwcGojoWfzziHZbjbd4iDO0BHlLZi7zNMgTFpB9L_rl","","Kingdom of Ealdormere","kingdom","True","","","skipped"
"Skrael and Friends A&S Evenings","2027-04-25 23:00:00","2027-04-26 01:00:00","","","empty","Online Arts & Science meet-ups. Bring your projects to work on. Sometimes there will be a class. Host: Noble Estienne, Baronial MoAS Ealdormere Zoom is inviting you to a scheduled Zoom meeting. Topic: Skrael & Friends A&S Time: Aug 23, 2020 Every month on the Fourth Sun, until Jan 24, 2021, 6 occurrence(s) Please download and import the following iCalendar (.ics) files to your calendar system. Monthly: Join Zoom Meeting Meeting ID: 818 2880 3405 Passcode: 684424 One tap mobile +13017158592,,81828803405#,,,,,,0#,,684424# US (Germantown) +13126266799,,81828803405#,,,,,,0#,,684424# US (Chicago) Dial by your location +1 US (Germantown) +1 US (Chicago) +1 US (Houston) +1 US (San Jose) +1 US (New York) +1 US (Tacoma) +1 Canada +1 Canada +1 Canada +1 Canada +1 Canada +1 Canada Meeting ID: 818 2880 3405 Passcode: 684424 Join with Google Meet: Learn more about Meet at:","https://us02web.zoom.us/meeting/tZUldeGgrjguGtEtL1g9xdMebJ1DBb_BUkox/ics?icsToken=98tyKuGppjkiEtSWtBmCRpwcGojoWfzziHZbjbd4iDO0BHlLZi7zNMgTFpB9L_rl","","Kingdom of Ealdormere","kingdom","True","","","skipped"
"Skrael and Friends A&S Evenings","2027-05-23 23:00:00","2027-05-24 01:00:00","","","empty","Online Arts & Science meet-ups. Bring your projects to work on. Sometimes there will be a class. Host: Noble Estienne, Baronial MoAS Ealdormere Zoom is inviting you to a scheduled Zoom meeting. Topic: Skrael & Friends A&S Time: Aug 23, 2020 Every month on the Fourth Sun, until Jan 24, 2021, 6 occurrence(s) Please download and import the following iCalendar (.ics) files to your calendar system. Monthly: Join Zoom Meeting Meeting ID: 818 2880 3405 Passcode: 684424 One tap mobile +13017158592,,81828803405#,,,,,,0#,,684424# US (Germantown) +13126266799,,81828803405#,,,,,,0#,,684424# US (Chicago) Dial by your location +1 US (Germantown) +1 US (Chicago) +1 US (Houston) +1 US (San Jose) +1 US (New York) +1 US (Tacoma) +1 Canada +1 Canada +1 Canada +1 Canada +1 Canada +1 Canada Meeting ID: 818 2880 3405 Passcode: 684424 Join with Google Meet: Learn more about Meet at:","https://us02web.zoom.us/meeting/tZUldeGgrjguGtEtL1g9xdMebJ1DBb_BUkox/ics?icsToken=98tyKuGppjkiEtSWtBmCRpwcGojoWfzziHZbjbd4iDO0BHlLZi7zNMgTFpB9L_rl","","Kingdom of Ealdormere","kingdom","True","","","skipped"
"Skrael and Friends A&S Evenings","2027-06-27 23:00:00","2027-06-28 01:00:00","","","empty","Online Arts & Science meet-ups. Bring your projects to work on. Sometimes there will be a class. Host: Noble Estienne, Baronial MoAS Ealdormere Zoom is inviting you to a scheduled Zoom meeting. Topic: Skrael & Friends A&S Time: Aug 23, 2020 Every month on the Fourth Sun, until Jan 24, 2021, 6 occurrence(s) Please download and import the following iCalendar (.ics) files to your calendar system. Monthly: Join Zoom Meeting Meeting ID: 818 2880 3405 Passcode: 684424 One tap mobile +13017158592,,81828803405#,,,,,,0#,,684424# US (Germantown) +13126266799,,81828803405#,,,,,,0#,,684424# US (Chicago) Dial by your location +1 US (Germantown) +1 US (Chicago) +1 US (Houston) +1 US (San Jose) +1 US (New York) +1 US (Tacoma) +1 Canada +1 Canada +1 Canada +1 Canada +1 Canada +1 Canada Meeting ID: 818 2880 3405 Passcode: 684424 Join with Google Meet: Learn more about Meet at:","https://us02web.zoom.us/meeting/tZUldeGgrjguGtEtL1g9xdMebJ1DBb_BUkox/ics?icsToken=98tyKuGppjkiEtSWtBmCRpwcGojoWfzziHZbjbd4iDO0BHlLZi7zNMgTFpB9L_rl","","Kingdom of Ealdormere","kingdom","True","","","skipped"
"Skrael and Friends A&S Evenings","2027-07-25 23:00:00","2027-07-26 01:00:00","","","empty","Online Arts & Science meet-ups. Bring your projects to work on. Sometimes there will be a class. Host: Noble Estienne, Baronial MoAS Ealdormere Zoom is inviting you to a scheduled Zoom meeting. Topic: Skrael & Friends A&S Time: Aug 23, 2020 Every month on the Fourth Sun, until Jan 24, 2021, 6 occurrence(s) Please download and import the following iCalendar (.ics) files to your calendar system. Monthly: Join Zoom Meeting Meeting ID: 818 2880 3405 Passcode: 684424 One tap mobile +13017158592,,81828803405#,,,,,,0#,,684424# US (Germantown) +13126266799,,81828803405#,,,,,,0#,,684424# US (Chicago) Dial by your location +1 US (Germantown) +1 US (Chicago) +1 US (Houston) +1 US (San Jose) +1 US (New York) +1 US (Tacoma) +1 Canada +1 Canada +1 Canada +1 Canada +1 Canada +1 Canada Meeting ID: 818 2880 3405 Passcode: 684424 Join with Google Meet: Learn more about Meet at:","https://us02web.zoom.us/meeting/tZUldeGgrjguGtEtL1g9xdMebJ1DBb_BUkox/ics?icsToken=98tyKuGppjkiEtSWtBmCRpwcGojoWfzziHZbjbd4iDO0BHlLZi7zNMgTFpB9L_rl","","Kingdom of Ealdormere","kingdom","True","","","skipped"
"Skrael and Friends A&S Evenings","2027-08-22 23:00:00","2027-08-23 01:00:00","","","empty","Online Arts & Science meet-ups. Bring your projects to work on. Sometimes there will be a class. Host: Noble Estienne, Baronial MoAS Ealdormere Zoom is inviting you to a scheduled Zoom meeting. Topic: Skrael & Friends A&S Time: Aug 23, 2020 Every month on the Fourth Sun, until Jan 24, 2021, 6 occurrence(s) Please download and import the following iCalendar (.ics) files to your calendar system. Monthly: Join Zoom Meeting Meeting ID: 818 2880 3405 Passcode: 684424 One tap mobile +13017158592,,81828803405#,,,,,,0#,,684424# US (Germantown) +13126266799,,81828803405#,,,,,,0#,,684424# US (Chicago) Dial by your location +1 US (Germantown) +1 US (Chicago) +1 US (Houston) +1 US (San Jose) +1 US (New York) +1 US (Tacoma) +1 Canada +1 Canada +1 Canada +1 Canada +1 Canada +1 Canada Meeting ID: 818 2880 3405 Passcode: 684424 Join with Google Meet: Learn more about Meet at:","https://us02web.zoom.us/meeting/tZUldeGgrjguGtEtL1g9xdMebJ1DBb_BUkox/ics?icsToken=98tyKuGppjkiEtSWtBmCRpwcGojoWfzziHZbjbd4iDO0BHlLZi7zNMgTFpB9L_rl","","Kingdom of Ealdormere","kingdom","True","","","skipped"
"Skrael and Friends A&S Evenings","2027-09-26 23:00:00","2027-09-27 01:00:00","","","empty","Online Arts & Science meet-ups. Bring your projects to work on. Sometimes there will be a class. Host: Noble Estienne, Baronial MoAS Ealdormere Zoom is inviting you to a scheduled Zoom meeting. Topic: Skrael & Friends A&S Time: Aug 23, 2020 Every month on the Fourth Sun, until Jan 24, 2021, 6 occurrence(s) Please download and import the following iCalendar (.ics) files to your calendar system. Monthly: Join Zoom Meeting Meeting ID: 818 2880 3405 Passcode: 684424 One tap mobile +13017158592,,81828803405#,,,,,,0#,,684424# US (Germantown) +13126266799,,81828803405#,,,,,,0#,,684424# US (Chicago) Dial by your location +1 US (Germantown) +1 US (Chicago) +1 US (Houston) +1 US (San Jose) +1 US (New York) +1 US (Tacoma) +1 Canada +1 Canada +1 Canada +1 Canada +1 Canada +1 Canada Meeting ID: 818 2880 3405 Passcode: 684424 Join with Google Meet: Learn more about Meet at:","https://us02web.zoom.us/meeting/tZUldeGgrjguGtEtL1g9xdMebJ1DBb_BUkox/ics?icsToken=98tyKuGppjkiEtSWtBmCRpwcGojoWfzziHZbjbd4iDO0BHlLZi7zNMgTFpB9L_rl","","Kingdom of Ealdormere","kingdom","True","","","skipped"
"Skrael and Friends A&S Evenings","2027-10-24 23:00:00","2027-10-25 01:00:00","","","empty","Online Arts & Science meet-ups. Bring your projects to work on. Sometimes there will be a class. Host: Noble Estienne, Baronial MoAS Ealdormere Zoom is inviting you to a scheduled Zoom meeting. Topic: Skrael & Friends A&S Time: Aug 23, 2020 Every month on the Fourth Sun, until Jan 24, 2021, 6 occurrence(s) Please download and import the following iCalendar (.ics) files to your calendar system. Monthly: Join Zoom Meeting Meeting ID: 818 2880 3405 Passcode: 684424 One tap mobile +13017158592,,81828803405#,,,,,,0#,,684424# US (Germantown) +13126266799,,81828803405#,,,,,,0#,,684424# US (Chicago) Dial by your location +1 US (Germantown) +1 US (Chicago) +1 US (Houston) +1 US (San Jose) +1 US (New York) +1 US (Tacoma) +1 Canada +1 Canada +1 Canada +1 Canada +1 Canada +1 Canada Meeting ID: 818 2880 3405 Passcode: 684424 Join with Google Meet: Learn more about Meet at:","https://us02web.zoom.us/meeting/tZUldeGgrjguGtEtL1g9xdMebJ1DBb_BUkox/ics?icsToken=98tyKuGppjkiEtSWtBmCRpwcGojoWfzziHZbjbd4iDO0BHlLZi7zNMgTFpB9L_rl","","Kingdom of Ealdormere","kingdom","True","","","skipped"
"Skrael and Friends A&S Evenings","2027-11-29 00:00:00","2027-11-29 02:00:00","","","empty","Online Arts & Science meet-ups. Bring your projects to work on. Sometimes there will be a class. Host: Noble Estienne, Baronial MoAS Ealdormere Zoom is inviting you to a scheduled Zoom meeting. Topic: Skrael & Friends A&S Time: Aug 23, 2020 Every month on the Fourth Sun, until Jan 24, 2021, 6 occurrence(s) Please download and import the following iCalendar (.ics) files to your calendar system. Monthly: Join Zoom Meeting Meeting ID: 818 2880 3405 Passcode: 684424 One tap mobile +13017158592,,81828803405#,,,,,,0#,,684424# US (Germantown) +13126266799,,81828803405#,,,,,,0#,,684424# US (Chicago) Dial by your location +1 US (Germantown) +1 US (Chicago) +1 US (Houston) +1 US (San Jose) +1 US (New York) +1 US (Tacoma) +1 Canada +1 Canada +1 Canada +1 Canada +1 Canada +1 Canada Meeting ID: 818 2880 3405 Passcode: 684424 Join with Google Meet: Learn more about Meet at:","https://us02web.zoom.us/meeting/tZUldeGgrjguGtEtL1g9xdMebJ1DBb_BUkox/ics?icsToken=98tyKuGppjkiEtSWtBmCRpwcGojoWfzziHZbjbd4iDO0BHlLZi7zNMgTFpB9L_rl","","Kingdom of Ealdormere","kingdom","True","","","skipped"
"Skrael and Friends A&S Evenings","2027-12-27 00:00:00","2027-12-27 02:00:00","","","empty","Online Arts & Science meet-ups. Bring your projects to work on. Sometimes there will be a class. Host: Noble Estienne, Baronial MoAS Ealdormere Zoom is inviting you to a scheduled Zoom meeting. Topic: Skrael & Friends A&S Time: Aug 23, 2020 Every month on the Fourth Sun, until Jan 24, 2021, 6 occurrence(s) Please download and import the following iCalendar (.ics) files to your calendar system. Monthly: Join Zoom Meeting Meeting ID: 818 2880 3405 Passcode: 684424 One tap mobile +13017158592,,81828803405#,,,,,,0#,,684424# US (Germantown) +13126266799,,81828803405#,,,,,,0#,,684424# US (Chicago) Dial by your location +1 US (Germantown) +1 US (Chicago) +1 US (Houston) +1 US (San Jose) +1 US (New York) +1 US (Tacoma) +1 Canada +1 Canada +1 Canada +1 Canada +1 Canada +1 Canada Meeting ID: 818 2880 3405 Passcode: 684424 Join with Google Meet: Learn more about Meet at:","https://us02web.zoom.us/meeting/tZUldeGgrjguGtEtL1g9xdMebJ1DBb_BUkox/ics?icsToken=98tyKuGppjkiEtSWtBmCRpwcGojoWfzziHZbjbd4iDO0BHlLZi7zNMgTFpB9L_rl","","Kingdom of Ealdormere","kingdom","True","","","skipped"
"Skrael and Friends A&S Evenings","2028-01-24 00:00:00","2028-01-24 02:00:00","","","empty","Online Arts & Science meet-ups. Bring your projects to work on. Sometimes there will be a class. Host: Noble Estienne, Baronial MoAS Ealdormere Zoom is inviting you to a scheduled Zoom meeting. Topic: Skrael & Friends A&S Time: Aug 23, 2020 Every month on the Fourth Sun, until Jan 24, 2021, 6 occurrence(s) Please download and import the following iCalendar (.ics) files to your calendar system. Monthly: Join Zoom Meeting Meeting ID: 818 2880 3405 Passcode: 684424 One tap mobile +13017158592,,81828803405#,,,,,,0#,,684424# US (Germantown) +13126266799,,81828803405#,,,,,,0#,,684424# US (Chicago) Dial by your location +1 US (Germantown) +1 US (Chicago) +1 US (Houston) +1 US (San Jose) +1 US (New York) +1 US (Tacoma) +1 Canada +1 Canada +1 Canada +1 Canada +1 Canada +1 Canada Meeting ID: 818 2880 3405 Passcode: 684424 Join with Google Meet: Learn more about Meet at:","https://us02web.zoom.us/meeting/tZUldeGgrjguGtEtL1g9xdMebJ1DBb_BUkox/ics?icsToken=98tyKuGppjkiEtSWtBmCRpwcGojoWfzziHZbjbd4iDO0BHlLZi7zNMgTFpB9L_rl","","Kingdom of Ealdormere","kingdom","True","","","skipped"
"Skrael and Friends A&S Evenings","2028-02-28 00:00:00","2028-02-28 02:00:00","","","empty","Online Arts & Science meet-ups. Bring your projects to work on. Sometimes there will be a class. Host: Noble Estienne, Baronial MoAS Ealdormere Zoom is inviting you to a scheduled Zoom meeting. Topic: Skrael & Friends A&S Time: Aug 23, 2020 Every month on the Fourth Sun, until Jan 24, 2021, 6 occurrence(s) Please download and import the following iCalendar (.ics) files to your calendar system. Monthly: Join Zoom Meeting Meeting ID: 818 2880 3405 Passcode: 684424 One tap mobile +13017158592,,81828803405#,,,,,,0#,,684424# US (Germantown) +13126266799,,81828803405#,,,,,,0#,,684424# US (Chicago) Dial by your location +1 US (Germantown) +1 US (Chicago) +1 US (Houston) +1 US (San Jose) +1 US (New York) +1 US (Tacoma) +1 Canada +1 Canada +1 Canada +1 Canada +1 Canada +1 Canada Meeting ID: 818 2880 3405 Passcode: 684424 Join with Google Meet: Learn more about Meet at:","https://us02web.zoom.us/meeting/tZUldeGgrjguGtEtL1g9xdMebJ1DBb_BUkox/ics?icsToken=98tyKuGppjkiEtSWtBmCRpwcGojoWfzziHZbjbd4iDO0BHlLZi7zNMgTFpB9L_rl","","Kingdom of Ealdormere","kingdom","True","","","skipped"
"Skrael and Friends A&S Evenings","2028-03-26 23:00:00","2028-03-27 01:00:00","","","empty","Online Arts & Science meet-ups. Bring your projects to work on. Sometimes there will be a class. Host: Noble Estienne, Baronial MoAS Ealdormere Zoom is inviting you to a scheduled Zoom meeting. Topic: Skrael & Friends A&S Time: Aug 23, 2020 Every month on the Fourth Sun, until Jan 24, 2021, 6 occurrence(s) Please download and import the following iCalendar (.ics) files to your calendar system. Monthly: Join Zoom Meeting Meeting ID: 818 2880 3405 Passcode: 684424 One tap mobile +13017158592,,81828803405#,,,,,,0#,,684424# US (Germantown) +13126266799,,81828803405#,,,,,,0#,,684424# US (Chicago) Dial by your location +1 US (Germantown) +1 US (Chicago) +1 US (Houston) +1 US (San Jose) +1 US (New York) +1 US (Tacoma) +1 Canada +1 Canada +1 Canada +1 Canada +1 Canada +1 Canada Meeting ID: 818 2880 3405 Passcode: 684424 Join with Google Meet: Learn more about Meet at:","https://us02web.zoom.us/meeting/tZUldeGgrjguGtEtL1g9xdMebJ1DBb_BUkox/ics?icsToken=98tyKuGppjkiEtSWtBmCRpwcGojoWfzziHZbjbd4iDO0BHlLZi7zNMgTFpB9L_rl","","Kingdom of Ealdormere","kingdom","True","","","skipped"
"Skrael and Friends A&S Evenings","2028-04-23 23:00:00","2028-04-24 01:00:00","","","empty","Online Arts & Science meet-ups. Bring your projects to work on. Sometimes there will be a class. Host: Noble Estienne, Baronial MoAS Ealdormere Zoom is inviting you to a scheduled Zoom meeting. Topic: Skrael & Friends A&S Time: Aug 23, 2020 Every month on the Fourth Sun, until Jan 24, 2021, 6 occurrence(s) Please download and import the following iCalendar (.ics) files to your calendar system. Monthly: Join Zoom Meeting Meeting ID: 818 2880 3405 Passcode: 684424 One tap mobile +13017158592,,81828803405#,,,,,,0#,,684424# US (Germantown) +13126266799,,81828803405#,,,,,,0#,,684424# US (Chicago) Dial by your location +1 US (Germantown) +1 US (Chicago) +1 US (Houston) +1 US (San Jose) +1 US (New York) +1 US (Tacoma) +1 Canada +1 Canada +1 Canada +1 Canada +1 Canada +1 Canada Meeting ID: 818 2880 3405 Passcode: 684424 Join with Google Meet: Learn more about Meet at:","https://us02web.zoom.us/meeting/tZUldeGgrjguGtEtL1g9xdMebJ1DBb_BUkox/ics?icsToken=98tyKuGppjkiEtSWtBmCRpwcGojoWfzziHZbjbd4iDO0BHlLZi7zNMgTFpB9L_rl","","Kingdom of Ealdormere","kingdom","True","","","skipped"
"Slay the Dragon","2026-11-20 23:00:00","2026-11-22 16:00:00","","","empty","","https://gleannabhann.net/event/slay-the-dragon-4/","","Kingdom of Gleann Abhann","kingdom","False","","","skipped"
"Smiths, Bakers, Weavers, and Wrights","2026-10-09 00:00:00","2026-10-11 00:00:00","Kensington Metro Park, Farm Center, Living History Village","Kensington Metro Park, Farm Center, Living History Village","low","","","","Kingdom of the Middle","kingdom","False","42.5591047","-83.6201794","ok_retry"
"Smurf shoot","2026-05-31 00:00:00","2026-05-31 00:00:00","Haus Applegarth, Penatamere, 5555 Edgar Rd, Clarkston, MI 48346","5555 Edgar Rd, Clarkston, MI 48346","high","","","","Kingdom of the Middle","kingdom","False","42.735863","-83.4188304","ok_retry"
"Social Media Deputy Domesday due","2026-11-25","2026-11-26","","","empty","","","","Kingdom of Northshield","kingdom","False","","","skipped"
"Social Media Deputy Domesday due","2027-11-25","2027-11-26","","","empty","","","","Kingdom of Northshield","kingdom","False","","","skipped"
"Solstice (BSD)","2026-12-06","2026-12-07","","","empty","","https://www.atenveldt.org/event/solstice-bsd/","","Kingdom of Atenveldt","kingdom","False","","","skipped"
"Solstice Feast - Loch Salann","2027-12-11","2027-12-12","","","empty","","","","Kingdom of Artemisia","kingdom","False","","","skipped"
"Sommer Schola (and Champion's Challenge!)","2026-06-19","2026-06-22","Camp Lion Knoll 77 Oak Hill Rd Greenfield, MA 01301 US","77 Oak Hill Rd Greenfield, MA 01301 US","high","","http://www.eastkingdom.org/EventDetails.php?eid=4567","","Kingdom of the East","kingdom","False","42.6486299","-72.599304","ok"
"Southern Region War Camp","2026-05-29","2026-06-01","Quail Hill Scout Camp 56 La Valley Drive Manalapan, NJ 07726 US","56 La Valley Drive Manalapan, NJ 07726 US","high","","http://www.eastkingdom.org/EventDetails.php?eid=4528","","Kingdom of the East","kingdom","False","40.2651471","-74.3952076","ok"
"Southern Shores Meeting (Virtual)","2026-06-15 19:00:00","2026-06-15 20:00:00","","","empty","West Kingdom Zoom is inviting you to a scheduled Zoom meeting. Topic: Province of Southern Shores Business Meeting Time: This is a recurring meeting Meet anytime Join Zoom Meeting Meeting ID: 878 8772 5078 Passcode: 1066","https://us06web.zoom.us/j/87887725078?pwd=cXJIYVFZUGFjTEJTU2RtV1pGOTdHQT09","","Kingdom of the West","kingdom","True","","","skipped"
"Southern Shores Meeting (Virtual)","2026-07-20 19:00:00","2026-07-20 20:00:00","","","empty","West Kingdom Zoom is inviting you to a scheduled Zoom meeting. Topic: Province of Southern Shores Business Meeting Time: This is a recurring meeting Meet anytime Join Zoom Meeting Meeting ID: 878 8772 5078 Passcode: 1066","https://us06web.zoom.us/j/87887725078?pwd=cXJIYVFZUGFjTEJTU2RtV1pGOTdHQT09","","Kingdom of the West","kingdom","True","","","skipped"
"Southern Shores Meeting (Virtual)","2026-08-17 19:00:00","2026-08-17 20:00:00","","","empty","West Kingdom Zoom is inviting you to a scheduled Zoom meeting. Topic: Province of Southern Shores Business Meeting Time: This is a recurring meeting Meet anytime Join Zoom Meeting Meeting ID: 878 8772 5078 Passcode: 1066","https://us06web.zoom.us/j/87887725078?pwd=cXJIYVFZUGFjTEJTU2RtV1pGOTdHQT09","","Kingdom of the West","kingdom","True","","","skipped"
"Southern Shores Meeting (Virtual)","2026-09-21 19:00:00","2026-09-21 20:00:00","","","empty","West Kingdom Zoom is inviting you to a scheduled Zoom meeting. Topic: Province of Southern Shores Business Meeting Time: This is a recurring meeting Meet anytime Join Zoom Meeting Meeting ID: 878 8772 5078 Passcode: 1066","https://us06web.zoom.us/j/87887725078?pwd=cXJIYVFZUGFjTEJTU2RtV1pGOTdHQT09","","Kingdom of the West","kingdom","True","","","skipped"
"Southern Shores Meeting (Virtual)","2026-10-19 19:00:00","2026-10-19 20:00:00","","","empty","West Kingdom Zoom is inviting you to a scheduled Zoom meeting. Topic: Province of Southern Shores Business Meeting Time: This is a recurring meeting Meet anytime Join Zoom Meeting Meeting ID: 878 8772 5078 Passcode: 1066","https://us06web.zoom.us/j/87887725078?pwd=cXJIYVFZUGFjTEJTU2RtV1pGOTdHQT09","","Kingdom of the West","kingdom","True","","","skipped"
"Southern Shores Meeting (Virtual)","2026-11-16 19:00:00","2026-11-16 20:00:00","","","empty","West Kingdom Zoom is inviting you to a scheduled Zoom meeting. Topic: Province of Southern Shores Business Meeting Time: This is a recurring meeting Meet anytime Join Zoom Meeting Meeting ID: 878 8772 5078 Passcode: 1066","https://us06web.zoom.us/j/87887725078?pwd=cXJIYVFZUGFjTEJTU2RtV1pGOTdHQT09","","Kingdom of the West","kingdom","True","","","skipped"
"Southern Shores Meeting (Virtual)","2026-12-21 19:00:00","2026-12-21 20:00:00","","","empty","West Kingdom Zoom is inviting you to a scheduled Zoom meeting. Topic: Province of Southern Shores Business Meeting Time: This is a recurring meeting Meet anytime Join Zoom Meeting Meeting ID: 878 8772 5078 Passcode: 1066","https://us06web.zoom.us/j/87887725078?pwd=cXJIYVFZUGFjTEJTU2RtV1pGOTdHQT09","","Kingdom of the West","kingdom","True","","","skipped"
"Southern Shores Meeting (Virtual)","2027-01-18 19:00:00","2027-01-18 20:00:00","","","empty","West Kingdom Zoom is inviting you to a scheduled Zoom meeting. Topic: Province of Southern Shores Business Meeting Time: This is a recurring meeting Meet anytime Join Zoom Meeting Meeting ID: 878 8772 5078 Passcode: 1066","https://us06web.zoom.us/j/87887725078?pwd=cXJIYVFZUGFjTEJTU2RtV1pGOTdHQT09","","Kingdom of the West","kingdom","True","","","skipped"
"Southern Shores Meeting (Virtual)","2027-02-15 19:00:00","2027-02-15 20:00:00","","","empty","West Kingdom Zoom is inviting you to a scheduled Zoom meeting. Topic: Province of Southern Shores Business Meeting Time: This is a recurring meeting Meet anytime Join Zoom Meeting Meeting ID: 878 8772 5078 Passcode: 1066","https://us06web.zoom.us/j/87887725078?pwd=cXJIYVFZUGFjTEJTU2RtV1pGOTdHQT09","","Kingdom of the West","kingdom","True","","","skipped"
"Southern Shores Meeting (Virtual)","2027-03-15 19:00:00","2027-03-15 20:00:00","","","empty","West Kingdom Zoom is inviting you to a scheduled Zoom meeting. Topic: Province of Southern Shores Business Meeting Time: This is a recurring meeting Meet anytime Join Zoom Meeting Meeting ID: 878 8772 5078 Passcode: 1066","https://us06web.zoom.us/j/87887725078?pwd=cXJIYVFZUGFjTEJTU2RtV1pGOTdHQT09","","Kingdom of the West","kingdom","True","","","skipped"
"Southern Shores Meeting (Virtual)","2027-04-19 19:00:00","2027-04-19 20:00:00","","","empty","West Kingdom Zoom is inviting you to a scheduled Zoom meeting. Topic: Province of Southern Shores Business Meeting Time: This is a recurring meeting Meet anytime Join Zoom Meeting Meeting ID: 878 8772 5078 Passcode: 1066","https://us06web.zoom.us/j/87887725078?pwd=cXJIYVFZUGFjTEJTU2RtV1pGOTdHQT09","","Kingdom of the West","kingdom","True","","","skipped"
"Southern Shores Meeting (Virtual)","2027-05-17 19:00:00","2027-05-17 20:00:00","","","empty","West Kingdom Zoom is inviting you to a scheduled Zoom meeting. Topic: Province of Southern Shores Business Meeting Time: This is a recurring meeting Meet anytime Join Zoom Meeting Meeting ID: 878 8772 5078 Passcode: 1066","https://us06web.zoom.us/j/87887725078?pwd=cXJIYVFZUGFjTEJTU2RtV1pGOTdHQT09","","Kingdom of the West","kingdom","True","","","skipped"
"Southern Shores Meeting (Virtual)","2027-06-21 19:00:00","2027-06-21 20:00:00","","","empty","West Kingdom Zoom is inviting you to a scheduled Zoom meeting. Topic: Province of Southern Shores Business Meeting Time: This is a recurring meeting Meet anytime Join Zoom Meeting Meeting ID: 878 8772 5078 Passcode: 1066","https://us06web.zoom.us/j/87887725078?pwd=cXJIYVFZUGFjTEJTU2RtV1pGOTdHQT09","","Kingdom of the West","kingdom","True","","","skipped"
"Southern Shores Meeting (Virtual)","2027-07-19 19:00:00","2027-07-19 20:00:00","","","empty","West Kingdom Zoom is inviting you to a scheduled Zoom meeting. Topic: Province of Southern Shores Business Meeting Time: This is a recurring meeting Meet anytime Join Zoom Meeting Meeting ID: 878 8772 5078 Passcode: 1066","https://us06web.zoom.us/j/87887725078?pwd=cXJIYVFZUGFjTEJTU2RtV1pGOTdHQT09","","Kingdom of the West","kingdom","True","","","skipped"
"Southern Shores Meeting (Virtual)","2027-08-16 19:00:00","2027-08-16 20:00:00","","","empty","West Kingdom Zoom is inviting you to a scheduled Zoom meeting. Topic: Province of Southern Shores Business Meeting Time: This is a recurring meeting Meet anytime Join Zoom Meeting Meeting ID: 878 8772 5078 Passcode: 1066","https://us06web.zoom.us/j/87887725078?pwd=cXJIYVFZUGFjTEJTU2RtV1pGOTdHQT09","","Kingdom of the West","kingdom","True","","","skipped"
"Southern Shores Meeting (Virtual)","2027-09-20 19:00:00","2027-09-20 20:00:00","","","empty","West Kingdom Zoom is inviting you to a scheduled Zoom meeting. Topic: Province of Southern Shores Business Meeting Time: This is a recurring meeting Meet anytime Join Zoom Meeting Meeting ID: 878 8772 5078 Passcode: 1066","https://us06web.zoom.us/j/87887725078?pwd=cXJIYVFZUGFjTEJTU2RtV1pGOTdHQT09","","Kingdom of the West","kingdom","True","","","skipped"
"Southern Shores Meeting (Virtual)","2027-10-18 19:00:00","2027-10-18 20:00:00","","","empty","West Kingdom Zoom is inviting you to a scheduled Zoom meeting. Topic: Province of Southern Shores Business Meeting Time: This is a recurring meeting Meet anytime Join Zoom Meeting Meeting ID: 878 8772 5078 Passcode: 1066","https://us06web.zoom.us/j/87887725078?pwd=cXJIYVFZUGFjTEJTU2RtV1pGOTdHQT09","","Kingdom of the West","kingdom","True","","","skipped"
"Southern Shores Meeting (Virtual)","2027-11-15 19:00:00","2027-11-15 20:00:00","","","empty","West Kingdom Zoom is inviting you to a scheduled Zoom meeting. Topic: Province of Southern Shores Business Meeting Time: This is a recurring meeting Meet anytime Join Zoom Meeting Meeting ID: 878 8772 5078 Passcode: 1066","https://us06web.zoom.us/j/87887725078?pwd=cXJIYVFZUGFjTEJTU2RtV1pGOTdHQT09","","Kingdom of the West","kingdom","True","","","skipped"
"Southern Shores Meeting (Virtual)","2027-12-20 19:00:00","2027-12-20 20:00:00","","","empty","West Kingdom Zoom is inviting you to a scheduled Zoom meeting. Topic: Province of Southern Shores Business Meeting Time: This is a recurring meeting Meet anytime Join Zoom Meeting Meeting ID: 878 8772 5078 Passcode: 1066","https://us06web.zoom.us/j/87887725078?pwd=cXJIYVFZUGFjTEJTU2RtV1pGOTdHQT09","","Kingdom of the West","kingdom","True","","","skipped"
"Southern Shores Meeting (Virtual)","2028-01-17 19:00:00","2028-01-17 20:00:00","","","empty","West Kingdom Zoom is inviting you to a scheduled Zoom meeting. Topic: Province of Southern Shores Business Meeting Time: This is a recurring meeting Meet anytime Join Zoom Meeting Meeting ID: 878 8772 5078 Passcode: 1066","https://us06web.zoom.us/j/87887725078?pwd=cXJIYVFZUGFjTEJTU2RtV1pGOTdHQT09","","Kingdom of the West","kingdom","True","","","skipped"
"Southern Shores Meeting (Virtual)","2028-02-21 19:00:00","2028-02-21 20:00:00","","","empty","West Kingdom Zoom is inviting you to a scheduled Zoom meeting. Topic: Province of Southern Shores Business Meeting Time: This is a recurring meeting Meet anytime Join Zoom Meeting Meeting ID: 878 8772 5078 Passcode: 1066","https://us06web.zoom.us/j/87887725078?pwd=cXJIYVFZUGFjTEJTU2RtV1pGOTdHQT09","","Kingdom of the West","kingdom","True","","","skipped"
"Southern Shores Meeting (Virtual)","2028-03-20 19:00:00","2028-03-20 20:00:00","","","empty","West Kingdom Zoom is inviting you to a scheduled Zoom meeting. Topic: Province of Southern Shores Business Meeting Time: This is a recurring meeting Meet anytime Join Zoom Meeting Meeting ID: 878 8772 5078 Passcode: 1066","https://us06web.zoom.us/j/87887725078?pwd=cXJIYVFZUGFjTEJTU2RtV1pGOTdHQT09","","Kingdom of the West","kingdom","True","","","skipped"
"Southern Shores Meeting (Virtual)","2028-04-17 19:00:00","2028-04-17 20:00:00","","","empty","West Kingdom Zoom is inviting you to a scheduled Zoom meeting. Topic: Province of Southern Shores Business Meeting Time: This is a recurring meeting Meet anytime Join Zoom Meeting Meeting ID: 878 8772 5078 Passcode: 1066","https://us06web.zoom.us/j/87887725078?pwd=cXJIYVFZUGFjTEJTU2RtV1pGOTdHQT09","","Kingdom of the West","kingdom","True","","","skipped"
"Southern Shores Newcomers ( Southern Shores )","2027-04-24 00:00:00","2027-04-24 23:59:59","","San Jose, California","low","Save the Date","https://westkingdom.org/event/southern-shores-newcomers-southern-shores/","","Kingdom of the West","kingdom","False","37.3361663","-121.890591","ok"
"Southern Yule (BMMT)","2026-12-12","2026-12-13","","","empty","","https://www.atenveldt.org/event/southern-yule-bmmt-2/","","Kingdom of Atenveldt","kingdom","False","","","skipped"
"Spring AEcademy and War College 2026","2026-06-20 13:00:00","2026-06-20 22:00:00","Clarion Inn Harpers Ferry, 4328 William L. Wilson Fwy, Harpers Ferry, WV, 25425, United States","Clarion Inn Harpers Ferry, 4328 William L. Wilson Fwy, Harpers Ferry, WV, 25425, United States","low","Additional Notes on Alcohol Policy: There is a bar and restaurant on site. The site requests that we do no serve alcohol but teaching and tasting is fine. Royal Progress: Additional Notes on Alcohol Policy: There is a bar and restaurant on site. The site requests that we do no serve alcohol but teaching and tasting is fine. Unto the most noble populace of Glorious Aethelmearc and surrounding kingdoms, does the Shire of Sylvan Glen, the Chancellors of The Academy and Dean of the War College send warmest greetings. Let it be known to all that on the 20th day of June 2026, magisters and informators will be gathering in our fair shire for a day of instruction and marshal training. We would invite all that desire to increase their knowledge or skill to join us at the Clarion Inn, 4328 William L. Wilson Fwy, Harpers Ferry, WV 25425 This site is discreetly damp, there is a bar and restaurant located in the hotel so they ask that we not serve alcohol except as is necessary in a class setting. All teaching areas are ADA accessible with both a ramp and elevator. The event will begin at 9:00 am and end at 6:00 pm. A block of rooms will be set aside at a discounted rate for event attendees. Adult fee $30 SCA Member discount $20 Children 6-17 $10 Children under 6 are free Event Stewards are Master Angelino the Bookmaker ,(MKA Joshua LaFaber, 115 Court St, Charles Town, WV 25414, , ) and Duchess Kallista Morgunova, (MKA Denise Zavala, 58 Rockaway Ct, Harpers Ferry, WV 25425, , ) Registration clerk Baroness Zafira bint Benjamin ibn Ibrahim, (MKA Kendra McKinney, 50 Tocoma Ct, Inwood, WV 25428, , Make checks payable to SCA WV INC – Shire of Sylvan Glenn Dayboard head cook Lady Airanna Dal Vallone, dietary concerns should be directed to her at All class proposals should be submitted to the Google Form listed below. This form will close on May 20th or when we hit class capacity, whichever comes first. Please email the Chancellors at with any questions regarding this form","https://forms.gle/ZeA2eTuUUAA2dAfV9","","Kingdom of AEthelmearc","kingdom","False","38.0058685","-80.930587","ok"
"Spring Baroness’ Championships (Winter’s Gate)","2026-05-30 12:00:00","2026-05-31 18:00:00","207 Wilbur St, Fairbanks, AK, United States","207 Wilbur St, Fairbanks, AK, United States","high","FACEBOOK EVENT PAGE Event Steward SCA Name: Hans Shaffer Event Steward contacts: Event Name: Spring Baroness’ Championships Event Site Open: May 30, 12pm Event Site Close: May 31, 6pm Further Event Information: Welcome to spring, and what better way to start the season than by a clash of steel. Join the Barony of Winter’s Gate as we find our new Commander and Light of Winters Gate through fencing on the field of honor. After the new Commander and Light is revealed we will also have a fight for the Baroness’s armored champion as well. The event will be held on May 30th and 31st at the Growden Park Pavillion located on 207 Wilbur St, Fairbanks AK. From the Airport head down Airport Way and then take a left at Wilbur St, the Park is on the right next to the Goldpanners baseball field. Site opens at noon on Saturday and ends Sunday in the evening. There is no camping available on site and no items should be left on site overnight. Donations will be accepted but there is no cost for this event. Site Name: Growden Park Site Address: 207 Wilbur Str Fairbanks, AK Written Directions to Site: From the airport head down Airport Way, take left on Wilbur str, site will be on the right behind the Goldpanner’s baseball field Donation only Event?: yes Site Accessibility: Wheelchair Accessible, DEIB Officer / Deputy available, Sidewalks, Close / Handicap Parking, Cell Phone Reception Terrain Description: Uneven grass, possibly snow Bodies of Water on/near Site: None Insects or wild animals to be aware of on/ near site: Mosquitos, possible moose Amenities on Site: Stone Privies, Modern Lighting: Such as Street/ Walkway lights, Pet Friendly Additional Comments: Web Link Facebook link","https://westkingdom.org/calendar/sca","https://www.facebook.com/events/843467478775312/","Kingdom of the West","kingdom","False","64.8352452","-147.7618543","ok"
"Spring Camp (Cluain)","2026-10-23","2026-10-27","Braythwayte Manor in Hamurana, Rotorua, NZ (Private address. Full details will be provided on booking)","Braythwayte Manor in Hamurana, Rotorua, NZ (Private address. Full details will be provided on booking)","low","This is a 'Living History' based camp, with all food stored and prepared in camp and a focus on authenticity. The setting is park-like, with a brick bread oven, camp kitchen and wood-fire cooking hearth. It is envisaged that people will amuse themselves with music, combat, archery, cooking and various Arts & Sciences projects and classes. Master Edward Braythwayte can help members of the populace with workshop-based projects if negotiated prior to the event","https://cluain.lochac.sca.org/node/393","","Kingdom of Lochac","kingdom","False","-38.136073","176.2525434","ok_retry"
"Spring Coronation PREFERRED Date (ANY REGION)","2027-04-03","2027-04-04","PA","Pennsylvania, USA","low","","https://aethelmearc.org/event/spring-coronation-preferred-date-any-region-5/","","Kingdom of AEthelmearc","kingdom","False","40.9699889","-77.7278831","ok"
"Spring Crown AS61 (Dismal Fogs)","2026-09-05","2026-09-07","Blackheath Memorial Community Hall – Phillips Hall","Blackheath Memorial Community Hall – Phillips Hall","low","The Shire of Dismal Fogs invites you to our lands to witness the grand tournament that will determine the next heirs to the Crown of Lochac. Join us in celebrating their victory with a feast in the vast and picturesque surroundings of Dismal Fogs","","","Kingdom of Lochac","kingdom","False","-33.6333517","150.2852041","ok_photon"
"Spring Crown Tournament","2027-04-10 00:00:00","2027-04-10 00:00:00","Christ United Methodist Church, 14506 E 39th St S, Independence, MO, 64055","14506 E 39th St S, Independence, MO, 64055","high","Hosted by: Forgotten Sea | Website:","https://forgottensea.calontir.org","","Kingdom of Calontir","kingdom","False","39.0505972","-94.4081526","ok"
"Spring Crown Tourney","2027-04-17","2027-04-18","","","empty","","","","Kingdom of Artemisia","kingdom","False","","","skipped"
"Spring Feast - Sentinel's Keep","2027-04-24","2027-04-25","","","empty","","","","Kingdom of Artemisia","kingdom","False","","","skipped"
"Spring Fling","2026-05-30 13:00:00","2026-05-31 03:00:00","Holbrook Family Campgrounds, 331-343 Bangall Road, Parish, NY, 13131, United States","Holbrook Family Campgrounds, 331-343 Bangall Road, Parish, NY, 13131, United States","low","On May 30, 2026, the Canton of Dunloch and the Barony of Delftwood will present Spring Fling, a day of thrown weapons, heavy weapons fighting, and music and dance of the Middle East. Event Details: The site is located at 331-343 Bangall Road, Parish NY 13131. The site opens at 9 AM May 30, 2026, and closes at 11 PM that evening. An event schedule will be posted closer to the event, but will include Thrown Weapons contests, Heavy Weapons contests and melees (to possibly include the Delftwood Baronial Heavy Weapons Championship), and Middle Eastern Dancing and Fun! The site is wet. In the event of inclement weather, most of the planned activities will be held inside a large pavilion on site. The event fee is $25.00 for an adult (18+), $15.00 SCA adult (18+) member discount price, youths 6-17 would be $5.00 and children 5 and under are free of charge. The day board will be assorted foods of the Middle East and Persia and is included in the event fee. All dietary questions and requests can be forwarded to the Event Steward, Lady Ana Sirena de Valbuena (Stacey Rohling) at or (calls & texts accepted after 8 AM or before 9 PM), or by mail at 393 Fort Leazier Road, Mexico, NY 13114. Reservations are welcome, checks can be made out to “SCA NY Inc, Barony of Delftwood” and mailed to: Barony of Delftwood","https://aethelmearc.org/event/spring-fling/","","Kingdom of AEthelmearc","kingdom","False","43.4169877","-76.1109578","ok_retry"
"Spring coronation 2027","2027-04-02 08:00:00","2027-04-04 17:00:00","","","empty","","https://trimaris.org/event/spring-coronation-7/","","Kingdom of Trimaris","kingdom","False","","","skipped"
"St Florian 25th Anniversary (St Florian de la Riviere)","2026-07-25","2026-07-26","Sunnybank Hall, 121 Lister Street, Sunnybank QLD 4109","121 Lister Street, Sunnybank QLD 4109","high","TL: DR – An evening of trivia and entertainment as we celebrate 25 years of St Florian de la Riviere. Please join us in celebrating St Florian de la Riviere’s silver anniversary in style. We invite the populace to dress in their best purple and white or add a splash of purple to your favourite outfit in the form of a ribbon, sash or accessory. We would love for anyone with personal banners to lend them to the event – a collection will be organised prior so that the event team can dress the hall. There will be trivia through the decades of the group, as well as highlights from history, stories to relive tales of the past. There will be memories told by previous Barons & Baronesses of St Florian de la Riviere, and we’re to be assured there may be a few ‘no shit there I was’ stories. We would love for members of the populace to bring Items of Baronial Significance – these will be displayed with a placard of what they are, how they have made history, and the name of the owner (for safe return of the object). Objects will be photographed and will be able to be collected at the end of the event. A delightful arrangement of finger food will be provided, with memorable tastes from the annals of St Florian’s cooking history","","","Kingdom of Lochac","kingdom","False","-27.5781525","153.0570903","ok"
"St Florian Baronial Championships (St Florian de la Riviere)","2026-09-19","2026-09-21","Brisbane Bridge Club, Frederick St, Yeronga","Brisbane Bridge Club, Frederick St, Yeronga","low","Come one, come all to the Barony of St Florian de la Riviere and join with Their Excellencies Baron Gustaf and Baroness Kathelyne as they search for their new Champions! This glorious weekend will be a relaxed affair spread over two days, celebrating the wonders of this peaceful & mercantile Barony through her Populace as they compete for the Championships of Arts & Science, Archery, Heavy Combat and Rapier Combat","https://stflorian.lochac.sca.org/events/","","Kingdom of Lochac","kingdom","False","-27.51899","153.0262485","ok_retry"
"St John's Fair Display (Politarchopolis)","2026-10-17","2026-10-18","St John's Anglican Church, 45 Constitution Avenue Reid ACT","45 Constitution Avenue Reid ACT","high","One of Politarchopolis' major recruitment events is St John's Fair. We set up a mini-encampment with Arts & Sciences, rapier & heavy combat, dance, and other displays. Your presence is welcome, whether you join us for an hour or the whole day","","https://www.facebook.com/events/876467981877829/","Kingdom of Lochac","kingdom","False","-35.2888791","149.1405047","ok"
"St Jude's Tourney (Angels)","2027-05-22","2027-05-23","","Los Angeles, California","low","","","","Kingdom of Caid","kingdom","False","34.0536909","-118.242766","ok"
"St. Augustine's Faire: It Flies Through the Air","2026-08-14 00:00:00","2026-08-16 00:00:00","Grafton Community Center, 202 6th Ave, Grafton, IA, 50440","202 6th Ave, Grafton, IA, 50440","high","Hosted by: Heraldshill | Website:","https://heraldshill.calontir.org","","Kingdom of Calontir","kingdom","False","43.3281326","-93.06554","ok"
"St. Cecilia at the Tower XII","2026-06-27 00:00:00","2026-06-27 00:00:00","Peoples Presbyterian Church, Peoples Presbyterian Church, Milan, MI","Peoples Presbyterian Church, Peoples Presbyterian Church, Milan, MI","low","","","","Kingdom of the Middle","kingdom","False","42.0900347","-83.6795815","ok_retry"
"St. Georges Michaelmas 2026","2026-10-16 08:00:00","2026-10-18 17:00:00","Camp Kiwanis, 19300 SE 3rd St, Silver Springs, FL, 34488, United States","19300 SE 3rd St, Silver Springs, FL, 34488, United States","high","","https://trimaris.org/event/st-georges-michaelmas-2026/","","Kingdom of Trimaris","kingdom","False","29.2049847","-81.9244477","ok_retry"
"St. Jude’s Fundraiser Tourney (Angels)","2026-05-30 15:00:00","2026-05-31 01:00:00","Kuns Park, 1600 Bonita Ave, La Verne, CA 91750, USA","1600 Bonita Ave, La Verne, CA 91750, USA","high","St Judes Tourney Hosted by the Barony of the Angels & The Hospitallers of St. John of Caid There will be many games and amusements throughout the event, and we will have tickets on sale at Gate for those things. We ask that you donate to St. Jude by participating in the many options we have. The event will start at 10 am, with Set Up starting at 8 am. Fighting will include Armored, Rapier, & Cut and Thrust combat. There will be games. Again, there will be tickets available at *Gate to use for this and the games! Please come and help us raise money for this amazing place of Life and Love! Contact event steward for any pavilion, pop up or day shade space. There will be a silent auction. Please contact the event steward about donating items. We will need 6’ tables to help display auction items. If you are able to bring any we will be eternally grateful. Event Registration Fees: ONCE GATE OPENS, MAKE SURE YOU SIGN IN! There are NO DESIGNATED site fees for Gate. EVERYTHING given at Gate will be given to St. Jude’s AS A DONATION! SITE INFORMATION: This is a DRY site. Pets must be on leash Event Stewards: THL Chrétienne Angèle de Courtenay and Sir Jethro de Calce des Excurtynyx email: -caid.org Directions: From the North. Take 210 to Foothill Blvd in La Verne. Take Foothill East to Fairplex and go South to Wheeler Ave. East to Fifth St. East and Kuns Park is on your Right. From the South. Take 57 North to Arrow Hwy East to Bonita Ave East to Magnolia North and the Park is on your right. There is street parking only and please do not block any driveways","","","Kingdom of Caid","kingdom","False","34.103786","-117.778782","ok"
"St. Nicolas Day Revel (Pavlok Gorod)","2026-12-19 00:00:00","2026-12-19 23:59:59","","Kodiak, Alaska","low","Save the Date","https://westkingdom.org/event/st-nicolas-day-revel-pavlok-gorod/","","Kingdom of the West","kingdom","False","57.7901661","-152.4067073","ok"
"St. Radegund's Faire","2026-08-21","2026-08-24","Jack McGowans Farm, 20001 T-198, Mankato, MN 56001, USA","20001 T-198, Mankato, MN 56001, USA","high","","","","Kingdom of Northshield","kingdom","False","44.1658533","-94.0028013","ok_retry"
"St. Sebastian's Archery","2026-09-04 20:00:00","2026-09-07 22:00:00","Antelope Run, 36725 Fiddleback Ranch Circle, Kiowa, Colorado, 80117, United States","36725 Fiddleback Ranch Circle, Kiowa, Colorado, 80117, United States","high","Outlands premier Archery event since AS XXI This year’s St. Sebastian’s promises merriment and martial skill aplenty! There shall be a great many shoots and contests to delight archers of every stripe, from the Novice to the Bowmasters. St. Sebastian’s—the premier archery event in the Outlands—The staff are hard at work, toiling with care and passion, to craft an experience worthy of your skill, spirit, and station. Whether you are a seasoned archer or newly drawn to the bow, this will be the gathering you both want and deserve.This year’s St. Sebastian’s promises merriment and martial skill aplenty! There shall be a great many shoots and contests to delight archers of every stripe, from the keen-eyed novice to the most seasoned of marksmen. This year, at the grand and noble gathering of St. Sebastian’s, we shall unveil not one, not two, but FOUR glorious ranges—aye, FOUR, all open and teeming with challenge and mirth! But wait—there is more!For those who favor the ways of the ancients, we shall also open a range for the mighty Atlatl! Come and test thy prowess with this noble and time-honored hunting tool, as ye seek to bring down quarry with skill and cunning alone.This art, swiftly growing in favor throughout the Outlands, is beloved by many—and we are gladdened to share in its practice once more!Whether ye be seasoned in the spear-thrower’s craft or newly drawn to its ancient call, come join us on the hunt—glory and good sport await!There is more, for later… Event Website Event Steward Admission Adult $35Adult Member $25Under 16 free","https://www.outlands.org/event/st-sebastians-archery/","","Kingdom of the Outlands","kingdom","False","38.9912381","-104.8588346","ok_retry"
"St. Valentine’s Day Massacre","2027-02-13 00:00:00","2027-02-13 00:00:00","Kalamazoo County Expo Center & Fairgrounds, 2900 Lake Street, Kalamazoo, MI 49048","2900 Lake Street, Kalamazoo, MI 49048","high","","","","Kingdom of the Middle","kingdom","False","42.279171","-85.543866","ok"
"Stargate Baronial","2027-04-16 22:00:00","2027-04-18 17:00:00","","Houston, Texas","low","","","","Kingdom of Ansteorra","kingdom","False","29.7589382","-95.3676974","ok"
"Starhaven’s Summer Arts &#038; Sciences Symposium 2026","2026-06-13 08:00:00","2026-06-13 17:00:00","St. Timothy Lutheran Church, 1903 Croton Road, Melbourne, FL, 32935, United States","1903 Croton Road, Melbourne, FL, 32935, United States","high","","https://trimaris.org/event/starhavens-summer-arts-sciences-symposium/","","Kingdom of Trimaris","kingdom","False","28.1375264","-80.6548953","ok"
"Starkhafn Anniversary","2027-04-17","2027-04-18","","Las Vegas, Nevada","low","","","","Kingdom of Caid","kingdom","False","36.1674263","-115.1484131","ok_photon"
"Starkhafn Yule (Tenative date)","2026-12-19","2026-12-20","","Las Vegas, Nevada","low","","https://www.atenveldt.org/event/starkhafn-yule-tenative-date/","","Kingdom of Atenveldt","kingdom","False","36.1674263","-115.1484131","ok_photon"
"Stellar University of Northshield","2026-11-14","2026-11-15","First United Methodist Church, 117 N Central Ave, Pierre, SD 57501, USA","117 N Central Ave, Pierre, SD 57501, USA","high","","","","Kingdom of Northshield","kingdom","False","44.3711952","-100.3539253","ok"
"Step Spritely","2026-09-19","2026-09-20","","","empty","spritely/","https://ealdormere.ca/step-spritely/","","Kingdom of Ealdormere","kingdom","False","","","skipped"
"Steppes 12th Night","2027-01-02 12:00:00","2027-01-03 02:00:00","","Dallas, Texas","low","","","","Kingdom of Ansteorra","kingdom","False","32.7762719","-96.7968559","ok"
"Steppes Artisan","2026-08-08 06:00:00","2026-08-09 04:00:00","","Dallas, Texas","low","","","","Kingdom of Ansteorra","kingdom","False","32.7762719","-96.7968559","ok"
"Stierbach Birthday XXVIII (Stierbach)","2026-09-25","2026-09-27","Mt. Run Winery, 10753 Mountain Run Lake Rd, Culpepper, VA, 22701","10753 Mountain Run Lake Rd, Culpepper, VA, 22701","high","Their Excellencies of Stierbach invite you to join us in celebrating our 28th year! We will celebrate from Friday evening until Sunday morning with tournaments, games, and competitions. Join us for fun silliness and show off your prowess and all the greatness our barony has to offer.","https://atlantia.sca.org/event/?event_id=69606615","","Kingdom of Atlantia","kingdom","False","38.4511658","-77.9913436","ok_retry"
"Stone the Crows","2026-09-12","2026-09-13","Merlin Masonic Temple, 150 Aberdeen St, Merlin, ON N0P 1W0, Canada","150 Aberdeen St, Merlin, ON N0P 1W0, Canada","high","Shire of Champcorbeau 9am - 6pm $30.00 Adults, $20.00 adult members, children under 16 free","","","Kingdom of Ealdormere","kingdom","False","42.2436253","-82.2275603","ok"
"Stormborne Test of Steel II (RTOC)","2026-12-18 23:00:00","2026-12-20 16:00:00","","","empty","","https://gleannabhann.net/event/stormborne-test-of-steel-ii-rtoc/","","Kingdom of Gleann Abhann","kingdom","False","","","skipped"
"Storvik Oar and Board Monthly Tournament (RECURRING)","2026-06-29 23:00:00","2026-06-30 01:00:00","4512 College Ave College Park, MD 20740 United States","4512 College Ave College Park, MD 20740 United States","high","Join the Barony of Storvik for the 8th Oar and Board Monthly Tournament! Oar and Board is always held on the last Monday of the month from 7:00 pm to 9:30 pm at the Saint Andrews Episcopal Church in College Park, MD. Prizes will be awarded! [RECURRING — also on: 29 Jun 2026, 27 Jul 2026]","","","Barony of Storvik","baronial","False","38.9820822","-76.9350098","ok"
"Summer A&S Craft Day (RECURRING)","2026-06-06 16:00:00","2026-06-07 00:00:00","1601 Turkey Walk Trail, Loveland, CO 80537, USA","1601 Turkey Walk Trail, Loveland, CO 80537, USA","high","GPS is often inaccurate. If you would like to use GPS, navigate to the Flatiron Reservoir campground, turn right off the paved road, then follow the directions from there. GPS waypoint: Flatiron Reservoir campground 10932 W County Road 18E Loveland, CO 80537 Go to the A&S Craft Day webpage for full directions and map. Summer Directions: 1601 Turkey Walk Trail, Loveland, CO 80537 Craft day is in the two story workshop. There is zero-step access upstairs as long as the weather is dry. The mountain dirt road is steep and narrow. Carpool with someone with a 4WD/AWD vehicle if you can. Contact Ásleif at for information or accessibility needs [RECURRING — also on: 6 Jun 2026, 4 Jul 2026]","https://unserhafen.outlands.org/activities/artssciences-craft-day/","","Barony of Unser Hafen","baronial","False","40.3977612","-105.07498","ok_retry"
"Summer Arts (Dreiburgen)","2026-07-18","2026-07-19","105 S 4th St, Redlands, CA 92373, USA","105 S 4th St, Redlands, CA 92373, USA","high","The Barony of Dreiburgen extends a joyous invitation to all for a wondrous day of Arts and Sciences! Under the patronage of Their Excellencies, Ramvoldus and Kungund, there will be a grand competition to determine the Dreiburgen Arts and Sciences Champion, as well as a People's Choice. Marvel at mesmerizing displays of creativity and enjoy immersive classes on a variety of topics, where you can expand your skills or learn a new art! We eagerly await your presence and hope to see you there! SCHEDULE: 8:00am Set-up 9:00am Site opens to the Populace 12:00pm to 1:00pm Lunch Break 3:00pm Closing Court 4:00pm Event ends. Clean-up follows; off site by 5pm REGISTRATION INFORMATION: Adult Event Registration: $30. Adult Member Discount Event Registration: $20. Children 17 and under are guests of the barony. Cash and checks made payable to “SCA, Inc./Barony of Dreiburgen” will be accepted at gate. DREIBURGEN SUMMER ARTS & SCIENCES CHAMPION COMPETITION ON 7/18/2026: Baron Ramvoldus has created 4 distinct riddles. To enter the competition, answer these riddles with your art! Riddle 1: More things shimmer than silver and gold, what does darkness fear and make thee bold? Riddle 2: A stalwart guard, I protect the most precious tool. I greet you first with warm embrace, then I see you off to find your grace. I am with you always in station and task. Riddle 3: No steel, no word nor fletch or fin. My point will drive deep into your heart without piercing skin. Riddle 4: Whatever your art form, let it ring true. The only one who can answer this one is you! You may submit an arts entry for as many of the riddles as you like. To enter the Baronial Arts Championship, you must submit an arts entry to at least 3 of the 4 riddles. Entries must have been created within the last year. Documentation is appreciated and may give your entry an impressive edge, but it is not required. There will be 6 winners, each receiving a beautiful, unique prize. Each riddle will have a winner, the Baronial Arts Champion will be chosen from those individuals who answer at least 3 of the 4 riddles with their arts entries, and Populace Choice. To reserve space for competition or display of your latest art, please complete the form via this link: CLASSES AND DEMOS FOR DREIBURGEN SUMMER ARTS 7/18/2026: For those wishing to impart their skills through teaching, we warmly welcome your class proposal via this link: The deadline for class submissions is Sunday, July 5th. SITE INFORMATION & RESTRICTIONS: No open flames. No smoking on the property. LUNCH: No lunch will be provided. We will have a list of local places to eat. You can bring your own food and drink. EVENT STEWARDS: Lady Esa Cowper and Baroness Tyne MacPhersone EVENT EMAIL: -caid.org DIRECTIONS: From the North: I-15 S to I-10 E, take exit 79 toward Orange St/CA-38/Downtown Redlands, turn right onto Eureka St, turn left onto W Vine St, turn right onto S 4th St, turn left into parking area. From the South: I-15 N to the I-10 E, take exit 79 toward Orange St/CA-38/Downtown Redlands, turn right onto Eureka St, turn left onto W Vine St, turn right onto S 4th St, turn left into parking area. From the West: I-10 E, take exit 79 toward Orange St/CA-38/Downtown Redlands, turn right onto Eureka St, turn left onto W Vine St, turn right onto S 4th St, turn left into parking area. From the East: I-10 W, take exit 80 for Cypress Avenue, turn left onto E Cypress Ave, turn right onto Cajon St, turn left onto W Olive Ave, turn right at the 1st cross street onto S 4th St, turn right into parking area","https://forms.gle/Bx7D2eEFmC7reyDGA","","Kingdom of Caid","kingdom","False","34.0545429","-117.1833664","ok"
"Summer Coronation","2026-07-11 00:00:00","2026-07-11 00:00:00","First Congregational Church of Webster Groves UCC, 10 W Lockwood Ave, Webster Groves, MO, 63119","10 W Lockwood Ave, Webster Groves, MO, 63119","high","Hosted by: Three Rivers | Website:","https://b3r.calontir.org","","Kingdom of Calontir","kingdom","False","38.5926878","-90.3572377","ok"
"Summer Coronation (Barony of Caerthe)","2026-07-18 14:00:00","2026-07-19 22:00:00","Lowry Conference Center, 1061 Akron Way, Denver, Colorado, 80230, United States","1061 Akron Way, Denver, Colorado, 80230, United States","high","We are honored to announce a distinguished event in the Mighty Barony of Caerthe: the Coronation of Mordygan Æ∂eling and Crown Princess Ymanie, the rightful Heirs to the Stag Thrones of the Outlands. This momentous occasion marks the beginning of their reign and pays tribute to the enduring legacy of Their Majesties, reflecting deep tradition, artistic grandeur, and heroic valor. The heart of the celebration takes place on Saturday with the Coronation Court, a day devoted to honoring the new heirs through solemn ceremonies and joyful gatherings. As the day transitions to evening, a grand feast will bring together attendees in a spirit of fellowship and celebration. Skilled artisans are invited to present their finest works under the inspiring theme of Viking heritage. This exhibition offers a unique opportunity to share the rich beauty and intricate craftsmanship of Viking art with the community, enhancing the cultural depth of the festivities. On Sunday, the event shifts to valor and skill as warriors from across the realm gather to compete for the honor of the new Queen. The armored combatants will meet upon the field of battle in the Queen’s Favor Tournament and the Fencers will cross blades in the Protector of the Queen’s Heart Tournament, while Cut and Thrust competitors vie for the title of Queen’s Defender. This thrilling series of contests offers champions a rare opportunity to demonstrate their prowess and earn glory before the eyes of the realm. Event Website Event Steward Admission Adult $30 (Pre-Registered)Adult Member $20 (Pre-Registered) Adult at gate: $35 Adult Member at Gate: $25Feast: $15Under 16 free Pre-registration link pending. Pre-register Schedule Saturday, July 188:00 am Site opens10:00 am Morning Court1:00-4:00 pm Circles5:00 Evening Court6:30 Feast 10:00 p.m. Site Closes Sunday, July 199:00 Site opensTournaments and Court at Their Majesties’ discretion4:00 pm Site closes","https://www.outlands.org/event/summer-coronation-barony-of-caerthe/","","Kingdom of the Outlands","kingdom","False","39.7289439","-104.8866395","ok"
"Summer Crown Tournament","2026-06-13 13:00:00","2026-06-13 23:00:00","The Tri-State Commercial Exhibits Hall 3301 SE 10th Ave, Amarillo, TX 79104","3301 SE 10th Ave, Amarillo, TX 79104","high","Event Website: PayPal Preregistration: The Shire of Adlersruhe will host the 2026 Summer Crown Tournament to happen June 13th in Amarillo, TX. Lady Elizabeth Brewer and Centurion Charles the Grey will be the Event Stewards","https://ansteorra.org/adlersruhe/crown","","Kingdom of Ansteorra","kingdom","False","35.200598","-101.7976997","ok"
"Summer Event - Silver Keep","2027-06-12","2027-06-13","","","empty","","","","Kingdom of Artemisia","kingdom","False","","","skipped"
"Summer Round Table","2026-07-18 06:00:00","2026-07-19 04:59:00","","","empty","","","","Kingdom of Ansteorra","kingdom","False","","","skipped"
"Summer's End 2026","2026-08-29 13:00:00","2026-08-30 01:00:00","Seven Hills Girl Scout Camp, 10299 Savage Road, Holland, NY, 14080, United States","10299 Savage Road, Holland, NY, 14080, United States","high","Additional Notes on Alcohol Policy: No alcohol is allowed on site for any reason. Announcing the Summer’s End event hosted by the Canton of Beau Fleuve! We finally have a site and have reserved the date of August 29th, 2026. Mark your calendars! Come one, come all to Summer’s End in the Barony of the Rhydderich Hael, to the South of the Canton of Beau Fleuve. Join us for a day of Heavy fighting, Archery, Thrown Weapons, Fencing, and Arts and Science. The site will have plenty of open space if you wish to bring a pop-up or a pavilion. This year’s event will be held at the Seven Hills Girl Scout Camp, 10299 Savage Road, Holland, NY 14080. Site opens at 9:00am and closes at 9:00pm. Site Registration: Adult pre-reg: $10.00 Adult at door: $10.00 Adult non-member pre reg: $20.00 Adult non-member at door: $20.00 Young Adult (6-17): attend free Adult Feast: $10.00 Young Adult (6-17) Feast: $5.00 Children Feast (5 and under): No charge. Make Checks payable to SCA NY, Inc – Canton of Beau Fleuve Site registration includes a lunch sideboard (while supplies last). All payments will be taken at the door the day of the event. Money will not be taken prior to the event, please show up and pay at the door. Please take a moment to fill out our online preregistration form which is in progress","https://aethelmearc.org/event/summers-end-2026/","","Kingdom of AEthelmearc","kingdom","False","42.5992195","-78.5371527","ok"
"Swords and Needles (Pavlok Gorod)","2026-08-15 00:00:00","2026-08-15 23:59:59","","Kodiak, Alaska","low","Save the Date","https://westkingdom.org/event/swords-and-needles-pavlok-gorod/","","Kingdom of the West","kingdom","False","57.7901661","-152.4067073","ok"
"TMT 2027","2027-05-14 08:00:00","2027-05-14 17:00:00","","","empty","","https://trimaris.org/event/tmt-2/","","Kingdom of Trimaris","kingdom","False","","","skipped"
"TRU 2026","2026-08-15 08:00:00","2026-08-15 17:00:00","Camp Kiwanis, 19300 SE 3rd St, Silver Springs, FL, 34488, United States","19300 SE 3rd St, Silver Springs, FL, 34488, United States","high","","https://trimaris.org/event/tru-2026/","","Kingdom of Trimaris","kingdom","False","29.2049847","-81.9244477","ok_retry"
"Taverne du Sanglier Noir (Ynys Fawr)","2026-12-05","2026-12-06","Fern Tree Community Centre 8 Stephenson Place, Fern Tree, TAS","8 Stephenson Place, Fern Tree, TAS","high","A gaggle of patrons gathered in the camaraderie and community of the road, gently carousing and imbibing. There will be games of chance and other diverse entertainments. There will be bards and troubadours (we hope - they’re always welcome!). There will be food. There will be a memorial toast. Fun most assuredly will be had!","","","Kingdom of Lochac","kingdom","False","-42.9222797","147.2614975","ok"
"Ten Year Birthday - Stonegate","2027-09-25","2027-09-26","","Pocatello, ID","low","","","","Kingdom of Artemisia","kingdom","False","42.8620287","-112.450627","ok"
"Thatsa Mare:A Ceilidh in the Trees","2026-06-19","2026-06-22","","","empty","Gillies Community Centre 1835 Hwy 595 Kakabeka Falls, ONTARIO","","","Kingdom of Northshield","kingdom","False","","","skipped"
"The Baroness's Bunny Ball 2026","2026-06-20","2026-06-21","Tanglewood Hillsdale Community Association, 30 Woodfield Dr, Nepean, ON K2G 3Y5, Canada","30 Woodfield Dr, Nepean, ON K2G 3Y5, Canada","high","The Baroness's Bunny Ball 2026 Hosted by the Canton of Caldrithig Location: Tanglewood Hillsdale Community Association, 30 Woodfield Dr, Nepean, ON K2G 3Y5, Canada Time: 2pm - 8pm Site Fee: $35 Adult | $25 Member *The site fee is inclusive of dayboard Stewards: Noble Philomena Lancione / Her Excellency, Baroness Eleanor of Bonwicke Website: Coming Soon! Let's celebrate the marvelous tenure of Their Lapine Excellencies, Baroness Dubhesa Inghean ui Uilliam and Baron Joffr Rodson, with a wonderful evening of dance, music, and merrymaking! Enjoy a wonderful day-board meal included with your site fee, take in a number of fabulous classes, and bring their Excellencies' final summer in with style. This event will include announcements regarding the upcoming Baronial Investiture for the Althing. Wonderful hare-folk and joyous kinship!!","","","Kingdom of Ealdormere","kingdom","False","45.336993","-75.7299607","ok"
"The Barony of St. Swithin's Bog Three Day Event","2026-07-10 21:00:00","2026-07-12 16:00:00","New Germany Grove Hall, 1635 New Germany Rd, Summerhill, PA, 15958, United States","1635 New Germany Rd, Summerhill, PA, 15958, United States","high","Royal Progress: Bog 3-Day Event & Investiture 2026: When Eagles Fell: Twilight of Rome Fri-Sun, July 10-12, 2026 New Germany Grove Hall, 1635 New Germany Road, Summerhill, PA, 15958 Join us this year for a special 3-Day as we prepare for the retirement of Their Excellencies Jean-Philippe & Caterine to their estates, and invest Master Ian Campbell of Glen Mor & Lady Eudoxia Antonina to the Cattail Thrones. The once-mighty Empire trembles. The eagles of Rome falter beneath the weight of corruption, invasion, and the turning of fate’s relentless wheel. The roads crumble, the legions waver, and whispers spread that the Eternal City itself may soon fall into shadow. Will you stand with the legions to preserve civilization? Will you march with the barbarian tribes to claim the riches of a dying empire? Or shall you simply revel as the world burns around you? Join us for yet another fun-filled weekend of martial activities including Heavy, Rapier, Thrown Weapons, and Archery. We will again have A&S Activities including the 17th Annual Iron Scribe Competition! There are also children and youth activities planned. After feast this year we will have a tavern in the Beer Hall open to bards! The Site: New Germany Grove Hall, 1635 New Germany Road, Summerhill, PA 15958 Site will open on Friday, July 10th at 5:00pm and close Sunday, July 12th at 12:00pm. There is space for camping at no additional cost. No shower facilities are available, but please feel free to bring your own amenities. The site is discreetly wet and above ground fires are permitted. Service animals only please. Event Fees: Adult Member Pre-Registration: $15.00 Adult Member Day-of Registration: $20.00 Adult Non-Member Day-of Registration: $30.00 Saturday Feast Fee (Ages 6+): $15.00 Children 17 and under Event Registration: Free Hours for","https://aethelmearc.org/event/the-barony-of-st-swithins-bog-three-day-event/","","Kingdom of AEthelmearc","kingdom","False","40.3782234","-78.7604068","ok"
"The Board and Bardic Brawl (Ynys Fawr)","2026-06-06","2026-06-07","Glenorchy Guide Hall, Booth Avenue, Glenorchy, Tasmania, 7010.","Glenorchy Guide Hall, Booth Avenue, Glenorchy, Tasmania, 7010.","low","Join us as we welcome winter, a time where the night grows cold, so one must seek warmth in kind faces and friendly revelry. Join their Excellencies and Imminencies by the candles glow for an evening of games and bardic feats. His Excellency would like to challenge all who will pick up the gauntlet to a game of wits, be it chess, checkers or dice. Whilst her excellency is eager to hear tales of adventure, witty banter and musical feats. Whether you wish to take up their challenge or spectate in comfort, we ask that you dress in period comfort and bring along a plate to share in the spirit of pot-luck","","","Kingdom of Lochac","kingdom","False","-42.8339024","147.274444","ok_retry"
"The Catfish Ball","2026-11-21 00:00:00","2026-11-21 00:00:00","Fireman's Park Pavilion, 1049 Park Ave Columbus, WI 53925","1049 Park Ave Columbus, WI 53925","high","","","","Kingdom of the Middle","kingdom","False","43.3308779","-89.0236916","ok"
"The Catfish Ball","2026-11-21","2026-11-22","Fireman's Park Pavilion, 1049 Park Ave, Columbus, WI 53925, USA","1049 Park Ave, Columbus, WI 53925, USA","high","","","","Kingdom of Northshield","kingdom","False","43.3308779","-89.0236916","ok"
"The Endewearde Hunt: Yeomen & Foresters","2026-10-08","2026-10-13","Private Property 2910 Western Ave. Newburgh, ME 04444 US","2910 Western Ave. Newburgh, ME 04444 US","high","","http://www.eastkingdom.org/EventDetails.php?eid=4579","","Kingdom of the East","kingdom","False","44.7108896","-69.0404997","ok"
"The Hunt in the Red Woods","2026-09-04","2026-09-08","Default R5, 13045","Syracuse, NY","low","Hosted By: The Barony of Delftwood","https://aethelmearc.org/event/the-hunt-in-the-red-woods/","","Kingdom of AEthelmearc","kingdom","False","43.0481221","-76.1474244","ok"
"The Inn of the White Cat","2026-10-24","2026-10-25","Lower Allen Community Park Barn 4093-4091 Lower Allen Township Community Park Mechanicsburg, PA 17055 US","Lower Allen Community Park Barn 4093-4091 Lower Allen Township Community Park Mechanicsburg, PA 17055 US","low","","http://www.eastkingdom.org/EventDetails.php?eid=4569","","Kingdom of the East","kingdom","False","40.1893935","-76.9919371","ok_retry"
"The Innilgard Promenade (Innilgard)","2026-08-14","2026-08-15","Lithuanian House, 6 Eastry Street, Norwood, SA 5067","6 Eastry Street, Norwood, SA 5067","high","Their Excellencies, Curie and Odette, Baronesses of Innilgard, in Conjunction with Elder Brass of the Elder Conservatorium of Music, Invite You to an Evening of Music, Dance, and General Merry Making. To Be Held at Lithuanian House, 6 Eastry Street, Norwood, on Friday, the 14th Day of August at 7:30pm. Come in Your Best Medieval Attire and Fleetest Dancing Shoes. A Light Repast will be provided. This is, however, a Dry Event, so please do not bring alcohol on site. An Arts and Sciences Competition will be held, the theme of which is Music and Movement. For more information, please contact Noble Oisin a Run at .sa.org","","","Kingdom of Lochac","kingdom","False","-34.9210125","138.6258582","ok"
"The Midlands County Faire (formerly Baroness Wars XIII)","2026-09-11 00:00:00","2026-09-13 00:00:00","Christian County Fairgrounds, 1716 West Spresser St. Taylorville il 62568","1716 West Spresser St. Taylorville il 62568","high","","","","Kingdom of the Middle","kingdom","False","39.552721","-89.316419","ok"
"The Mor You Know","2026-06-06 15:00:00","2026-06-06 23:00:00","Carbondale Community School, 1505 Santank Rd, Carbondale, Colorado, 81623, United States","1505 Santank Rd, Carbondale, Colorado, 81623, United States","high","Come join us for a day of learning, conversation, and feasting at our annual event. We will have a list of classes and an A&S display Event Website Event Steward Admission Adult $20Adult Member $10Under 13 free","https://www.outlands.org/event/the-mor-you-know/","","Kingdom of the Outlands","kingdom","False","29.9857773","-97.1341536","ok_retry"
"The Queens Marque","2026-08-15","2026-08-16","Codrington Community Centre, 2992 County Rd 30, Codrington, ON K0K 1R0, Canada","2992 County Rd 30, Codrington, ON K0K 1R0, Canada","high","The Canton of Petrea Thule 10am - 6pm Adult Discount Member Registration: $20 Adult Registration: $30 Youth under 18: free of charge Processional begins at 10:30am Event Stewards: Lady Fairamay and Rowan Baarda Reservation Steward: Lady Fairamay A Marks event tournament of prestige! Pick inspiration to fight for!","https://ealdormere.ca/petrea-thule/the-queens-marque/","","Kingdom of Ealdormere","kingdom","False","44.162401","-77.8015895","ok_retry"
"The Road to Rouen","2026-09-11 18:00:00","2026-09-13 16:00:00","Camp Timbercrest, 11169 Moore Road, Randolph, NY, 14772, United States","11169 Moore Road, Randolph, NY, 14772, United States","high","Additional Notes on Flames: all flames are to be either in established fire pits on site or in raised braziers Please join us for The Road to Rouen, a late 14th-century focused camping event inspired by the Hundred Years’ War. Hosted by the Shire of Heronter, this immersive event emphasizes period encampments, martial activities, archery, Arts & Sciences, and life on campaign in the late 1300s. Previous iterations of this event have drawn over 200 attendees, and we look forward to welcoming returning and new participants alike. Activities will include Heavy Fighting, Archery, Arts & Sciences classes, and period social activities. Additional classes and activities may be scheduled throughout the weekend. Troll will be open on Friday, September 11, from 2:00 p.m. – 10:00 p.m., and on Saturday, September 12, from 8:00 a.m. – 1:00 p.m. The site will close at 12:00 p.m. on Sunday, September 13, and all participants must be off site by that time. The event will be held at Camp Timbercrest, 1169 Moore Rd, Randolph, NY. The site offers primitive and semi-primitive camping, indoor restroom and shower facilities, open fields suitable for martial activities, and an established archery range. Camp Timbercrest has ample capacity and infrastructure to comfortably support the expected attendance. Your Event Steward (Autocrat) is Enzo de Pazzi (John Meyer). He may be contacted at [](mailto:). Please direct all event-related questions to the Event Steward. — Registration: $40 Weekend Registration (Members) $30 Day-Trip Registration (Members) $10 Non-Member Surcharge** — Additional Notes on Accessibility: Camp Timbercrest includes indoor restroom and shower facilities. Some areas of the site may have uneven terrain typical of a wooded camp environment. Additional Notes on Alcohol Policy: Alcohol consumption is limited to beer and wine only, and must comply with all SCA policies and site rules. — Directions: From the West, South, and East: Take your best route to I-86. Take the appropriate exit for Randolph, NY, and follow local signage to Moore Road. Camp Timbercrest is located at 1169 Moore Rd, Randolph, NY. From the North: Take your best route to I-90, then connect to I-86 toward Randolph. Follow local signage to Moore Road","https://aethelmearc.org/event/the-road-to-rouen-3/","","Kingdom of AEthelmearc","kingdom","False","42.106421","-78.9559071","ok"
"The Silver Wyvern Challenge II and Smoking Rocks 50th Birthday","2026-10-23","2026-10-26","Camp Haiastan 722 Summer Street Franklin, MA 02038 US","722 Summer Street Franklin, MA 02038 US","high","","http://www.eastkingdom.org/EventDetails.php?eid=4549","","Kingdom of the East","kingdom","False","42.0639904","-71.3817048","ok"
"Thrown Weapons Practice","2026-05-30 14:00:00","2026-05-30 17:00:00","Framingham, MA, USA","Framingham, MA, USA","low","Thrown Weapons is throwing axes, knives, spears, and other pointy objects at targets. No experience is needed. We have loaner weapons and are happy to teach! Youth ages 5 and up are welcome to throw (with their parents permission). Garb is not needed during practice. This practice is not accessible by public transportation, but there is parking both on-site and a few doors down in the church parking lot. The ground is unpaved. Please reach out to Pandaulf at .org with any questions or for the address","","","Barony of Carolingia","baronial","False","42.2773177","-71.4165905","ok"
"Thrown Weapons Practice","2026-06-13 14:00:00","2026-06-13 17:00:00","Framingham, MA, USA","Framingham, MA, USA","low","Thrown Weapons is throwing axes, knives, spears, and other pointy objects at targets. No experience is needed. We have loaner weapons and are happy to teach! Youth ages 5 and up are welcome to throw (with their parents permission). Garb is not needed during practice. This practice is not accessible by public transportation, but there is parking both on-site and a few doors down in the church parking lot. The ground is unpaved. Please reach out to Pandaulf at .org with any questions or for the address","","","Barony of Carolingia","baronial","False","42.2773177","-71.4165905","ok"
"Thrown Weapons Practice","2026-06-20 14:00:00","2026-06-20 17:00:00","Framingham, MA, USA","Framingham, MA, USA","low","Thrown Weapons is throwing axes, knives, spears, and other pointy objects at targets. No experience is needed. We have loaner weapons and are happy to teach! Youth ages 5 and up are welcome to throw (with their parents permission). Garb is not needed during practice. This practice is not accessible by public transportation, but there is parking both on-site and a few doors down in the church parking lot. The ground is unpaved. Please reach out to Pandaulf at .org with any questions or for the address","","","Barony of Carolingia","baronial","False","42.2773177","-71.4165905","ok"
"Thrown Weapons Practice","2026-06-27 14:00:00","2026-06-27 17:00:00","Framingham, MA, USA","Framingham, MA, USA","low","Thrown Weapons is throwing axes, knives, spears, and other pointy objects at targets. No experience is needed. We have loaner weapons and are happy to teach! Youth ages 5 and up are welcome to throw (with their parents permission). Garb is not needed during practice. This practice is not accessible by public transportation, but there is parking both on-site and a few doors down in the church parking lot. The ground is unpaved. Please reach out to Pandaulf at .org with any questions or for the address","","","Barony of Carolingia","baronial","False","42.2773177","-71.4165905","ok"
"Thrown Weapons Practice","2026-07-04 14:00:00","2026-07-04 17:00:00","Framingham, MA, USA","Framingham, MA, USA","low","Thrown Weapons is throwing axes, knives, spears, and other pointy objects at targets. No experience is needed. We have loaner weapons and are happy to teach! Youth ages 5 and up are welcome to throw (with their parents permission). Garb is not needed during practice. This practice is not accessible by public transportation, but there is parking both on-site and a few doors down in the church parking lot. The ground is unpaved. Please reach out to Pandaulf at .org with any questions or for the address","","","Barony of Carolingia","baronial","False","42.2773177","-71.4165905","ok"
"Thrown Weapons Practice","2026-07-11 14:00:00","2026-07-11 17:00:00","Framingham, MA, USA","Framingham, MA, USA","low","Thrown Weapons is throwing axes, knives, spears, and other pointy objects at targets. No experience is needed. We have loaner weapons and are happy to teach! Youth ages 5 and up are welcome to throw (with their parents permission). Garb is not needed during practice. This practice is not accessible by public transportation, but there is parking both on-site and a few doors down in the church parking lot. The ground is unpaved. Please reach out to Pandaulf at .org with any questions or for the address","","","Barony of Carolingia","baronial","False","42.2773177","-71.4165905","ok"
"Thrown Weapons Practice","2026-07-18 14:00:00","2026-07-18 17:00:00","Framingham, MA, USA","Framingham, MA, USA","low","Thrown Weapons is throwing axes, knives, spears, and other pointy objects at targets. No experience is needed. We have loaner weapons and are happy to teach! Youth ages 5 and up are welcome to throw (with their parents permission). Garb is not needed during practice. This practice is not accessible by public transportation, but there is parking both on-site and a few doors down in the church parking lot. The ground is unpaved. Please reach out to Pandaulf at .org with any questions or for the address","","","Barony of Carolingia","baronial","False","42.2773177","-71.4165905","ok"
"Thrown Weapons Practice","2026-07-25 14:00:00","2026-07-25 17:00:00","Framingham, MA, USA","Framingham, MA, USA","low","Thrown Weapons is throwing axes, knives, spears, and other pointy objects at targets. No experience is needed. We have loaner weapons and are happy to teach! Youth ages 5 and up are welcome to throw (with their parents permission). Garb is not needed during practice. This practice is not accessible by public transportation, but there is parking both on-site and a few doors down in the church parking lot. The ground is unpaved. Please reach out to Pandaulf at .org with any questions or for the address","","","Barony of Carolingia","baronial","False","42.2773177","-71.4165905","ok"
"Too Hot (BES)","2026-06-19","2026-06-22","","","empty","Too Hot Event Announcement: When: June 19, 2026 (site opens at 10 AM for setup), through June 21, 2026 Where: Ashurst Lake - Loop 3 All are invited to join the Barony of Ered Sul for the annual Too Hot event. Celebrate the Birthday of our wild and wooly Barony, and compete in the Baron and Baroness’ tournaments as they search for Their new Champions. Let it be known that those seeking to be a champion of Hard suit, Executioner, Standard Bearer, Rapier, Surgeon, Archery, Thrown Weapons, Arts & Sciences, or Bardic should all bring their best for the honor of Their Excellencies Court. All declarations for Champions may be received by Their Excellencies any time up to the day of the tournaments and are open to anyone in the Kingdom. Court expectations: ● Be willing to run the Champion tournament in your discipline the following year. ● Be willing to have fun. ● Be willing to stand court when needed. ● Be willing to travel and represent the Barony of Ered Sul within your discipline. ● Be willing to promote your discipline to any interested people. Any questions regarding expectations can be directed to Their Excellencies at “”. SCA “Garage” Sale/Swap: Bring all of your old SCA things that you would like to get rid of and sell/trade/give to people that will love and use them. Feast gear, garb, armor... anything that doesn’t fit you anymore. Bring a table to set up your wares and haggle to your heart’s content! Or you may donate to the Barony to use as newcomer supplies. Site Fees will only be paid at gate (No pre-reg): ● Entire Event: ○ Adult Members: $30 ○ Adult Non-members: $40 ○ Youth 17 and under Free Schedule: (subject to change based on actual run times) Friday, June 19, 202: 12 PM:Site opens for set up Saturday, June 20, 2026: 10 AM: Opening Court Baronial Birthday Celebration with Cupcakes 11 AM: Baronial Archery Championship Tournament Baronial Arts & Sciences Championship Tournament starts Baronial Hardsuit Championship Tournament 12 PM: Baronial Rapier Championship Tournament 1 PM: Baronial Thrown Weapons Championship Tournament Executioner Championship Tournament 2 PM: Baronial Surgeon Championship Tournament 3 PM: Baronial Standard Bearer Championship Tournament ***Kingdom Court at Their Majesties/Highnesses discretion*** 6 PM: Baronial Bardic Championship Competition 7 PM: Birthday Party Games! Sunday, June 21, 2026: 10 AM:Closing Court 6 PM: Site closes *** SITE RULES*** - Pack out everything brought in. - There will be a grey water tank provided by the privies closest to the tournament area. - Leave the site cleaner than you found it. Looking forward to seeing everyone there!","https://www.atenveldt.org/event/too-hot-bes-2/","","Kingdom of Atenveldt","kingdom","False","","","skipped"
"Torwyn Hill Encampment","2026-07-31","2026-08-10","Scouts Canada - Camp Impeesa, 827559 Township Rd 8, Drumbo, ON N0J 1G0, Canada","827559 Township Rd 8, Drumbo, ON N0J 1G0, Canada","high","The Canton of Bryniau Twynnog is proud to create a new summer long weekend event for those who do not wish to attend Pennsic War. Join us at Camp Impessa, 827559 Township Rd 8., Drumbo, ON, N0J 1G0. Site opens: noon on Friday July 31 Site closes: noon on Sunday August 9 Site is very discreetly damp. Event Registration Fees: $185 for the entire event, $10 member discount Adult Day site: $30, $10 member discount Teens (14-18) $10 per day Children (5-14) $5 per day, Infants (under 5) Free","https://ealdormere.ca/torwyn-hill-2026/","","Kingdom of Ealdormere","kingdom","False","43.2625719","-80.4985216","ok"
"Tournament of Thunder (BMMT)","2026-07-25","2026-07-27","","","empty","","https://www.atenveldt.org/event/tournament-of-thunder-bmmt/","","Kingdom of Atenveldt","kingdom","False","","","skipped"
"Tournament of the Springing Doe","2026-06-27","2026-06-28","Akridge Scout Camp 1910 Baden Powell Way Dover, DE 19904 US","1910 Baden Powell Way Dover, DE 19904 US","high","","http://www.eastkingdom.org/EventDetails.php?eid=4581","","Kingdom of the East","kingdom","False","39.1263701","-75.5428623","ok"
"Tournament of the Wickerman","2026-11-06 17:00:00","2026-11-08 17:00:00","Jackson County Jr Fairgrounds, 508 Cottageville Rd, Cottageville, WV, 25239, United States","508 Cottageville Rd, Cottageville, WV, 25239, United States","high","Additional Notes on Pet Policy: Service animals and leashed pets are welcome. Additional Notes on Flames: Fires must be in designated or elevated fire pits. As the leaves change their colors and the days grow short, the Barony of Blackstone Mountain invites you to the inaugural Tournament of the Wickerman, to be held at the picturesque Jackson County Junior Fairgrounds in Cottageville, West Virginia. Join us for a fun filled weekend of Equestrian, Fighting, Fencing, Archery, Thrown Weapons, Bardic, Children’s Activities, and Arts and Sciences. Prizes will be awarded to the winner of each tournament held. Write down your wishes and hopes for the coming year and send them to the heavens as we celebrate the harvest season with the burning of a wickerman on Saturday night. Spend time with friends and loved ones enjoying a weekend of decadent foods and treats provided by our feastcrats THL Verena von Talhain and Mastarina Astridr Vigaskegg. Date: November 6-8, 2026 Location: Jackson County Junior Fairgrounds 508 Cottageville Rd, Cottageville, WV 25239 Time: Site opens at Noon, November 6 and closes at Noon, Sunday November 8. Fees for the weekend are (includes Saturday dayboard): Adult registration -$35 Adult Member discount – $25 Children (Ages 11-17) – $10 Children (Ages 10 and Under) – Free Camping is provided through the fairgrounds during check in – rates: Tent Camping $5/night RV 30 AMP $15/ night RV 50 AMP $20/night There will only be electric hook-ups available, the water hook-ups will have been turned off for the season. There is a dump station on site. Feast is by Paid Pre – Registration Only, $15 a seat and is limited to 50 persons. Pre-registrations can be sent to THL Ro’is inghean u ‘Dhubhsla’ine (Rose Delaney) (No calls after 10pm) Make checks or money orders payable to: SCA-WV Inc. Barony of Blackstone Mountain. Your event staff for the weekend- Autocrat – THL Ulrych Volckhart (Grant Martin) (No calls after 10pm)","https://aethelmearc.org/event/tournament-of-the-wickerman/","","Kingdom of AEthelmearc","kingdom","False","38.7222198","-81.9497434","ok"
"Toys for Tots - Arrow's Flight","2027-11-06","2027-11-07","","","empty","","","","Kingdom of Artemisia","kingdom","False","","","skipped"
"Trial by Fire (Bright Hills)","2026-09-25","2026-09-27","Baltimore Bowmen , 10301 Harford Rd , Glen Arm, MD, 21057","10301 Harford Rd, Glen Arm, MD, 21057","high","Trial by Fire this year will be the traditional cooking competitions (details yet to come!) along with plenty of room for fighting and archery!! Camp all weekend for free!","https://atlantia.sca.org/event/?event_id=69c47364","","Kingdom of Atlantia","kingdom","False","39.4145041","-76.5072109","ok"
"Trident Tourney 2027","2027-01-08 08:00:00","2027-01-10 17:00:00","Camp Kiwanis, 19300 SE 3rd St, Silver Springs, FL, 34488, United States","19300 SE 3rd St, Silver Springs, FL, 34488, United States","high","","https://trimaris.org/event/trident-tourney-6/","","Kingdom of Trimaris","kingdom","False","29.2049847","-81.9244477","ok_retry"
"Turkey Tourney (Hawks Haven)","2026-10-31 00:00:00","2026-10-31 23:59:59","","Hollister, California","low","save the date","https://westkingdom.org/event/turkey-tourney-hawks-haven-2/","","Kingdom of the West","kingdom","False","36.8524545","-121.4016021","ok"
"Twelfth Night 2027 (Atlantia)","2027-01-08","2027-01-09","Maola at Riverside, 1400 N Craven Street, New Bern, NC, 28560","1400 N Craven Street, New Bern, NC, 28560","high","For Twelfth Night 2027, the populace is invited to celebrate a season of transition, where old traditions and joyful excess meet at the turning of the year. The theme draws inspiration from late medieval southern Germany and Switzerland, where winter observances blended seamlessly with lively seasonal celebrations marking the close of one cycle and the promise of the next. By the fifteenth century, these celebrations had fused into a distinctive blend of formality and fun. Daytime brought courtly pomp, displays of skill, and structured ceremony, while nightfall ushered in feasting, dancing, and masked revelry. This balance of order and exuberance provides the perfect setting for Atlantia’s Twelfth Night, offering a full day of pageantry and arts followed by an evening devoted to celebration, community, and unapologetic joy. During this time, the days surrounding Twelfth Night marked the end of the winter holiday season and the gradual shift toward spring. Communities gathered for pageantry, symbolic acts of renewal, and public festivities that reflected both reflection and anticipation. These moments were as much about community and tradition as they were about marking time itself. Alongside this came Fasnacht, a vibrant pre Lenten carnival that preserved much older seasonal customs. Masquerades, mummers, and playful processions filled towns with music, laughter, and satire. Masks and costumes allowed for mischief and creativity, and the rules of everyday life were happily bent before the long quiet of late winter.","https://atlantia.sca.org/event/?event_id=6965185f","","Kingdom of Atlantia","kingdom","False","35.121585","-77.04675","ok"
"Twelfth Night ALTERNATE PREFERRED Date (REGION 5)","2027-01-09 13:00:00","2027-01-09 22:00:00","Default R5, 13045","","empty","","https://aethelmearc.org/event/twelfth-night-alternate-preferred-date-region-5/","","Kingdom of AEthelmearc","kingdom","False","","","skipped"
"Twelfth Night Coronation","2028-01-07 00:00:00","2028-01-09 23:59:59","","","empty","Save the Date","https://westkingdom.org/event/twelfth-night-coronation/","","Kingdom of the West","kingdom","False","","","skipped"
"Twelfth Night Coronation 2027 (N CA/NV)","2027-01-08 00:00:00","2027-01-10 23:59:59","","","empty","Save the Date","https://westkingdom.org/event/twelfth-night-coronation-2027-n-ca-nv/","","Kingdom of the West","kingdom","False","","","skipped"
"Twelfth Night PREFERRED Date (REGION 5)","2027-01-02","2027-01-03","Default R5, 13045","","empty","","https://aethelmearc.org/event/twelfth-night-preferred-date-region-5/","","Kingdom of AEthelmearc","kingdom","False","","","skipped"
"Twelfth Night in the Middle Marches","2027-01-09 00:00:00","2027-01-09 00:00:00","Camp Christian, 10299 Maple Dell Rd, Marysville, OH 43040","10299 Maple Dell Rd, Marysville, OH 43040","high","","","","Kingdom of the Middle","kingdom","False","40.2364486","-83.3671432","ok_retry"
"Tyger Hunt 40","2026-07-11 00:00:00","2026-07-11 00:00:00","","","empty","","","","Kingdom of the Middle","kingdom","False","","","skipped"
"Unbelted (Gyldenholt)","2027-01-23","2027-01-24","","Santa Ana, California","low","","","","Kingdom of Caid","kingdom","False","33.7494951","-117.873221","ok"
"University of Atlantia (Atlantia)","2026-06-13","2026-06-14","Ridge Road Baptist Church, 2011 Ridge Road, Raleigh, NC, 27607","2011 Ridge Road, Raleigh, NC, 27607","high","For information about the University of Atlantia, please see the website at university.atlantia.sca.org This event, Saturday June 13, is the in-person day of a weekend long event. University of Atlantia hosts online classes on Sunday, June 14. University of Atlantia is a protected Kingdom event.","https://atlantia.sca.org/event/?event_id=69eac396","","Kingdom of Atlantia","kingdom","False","35.818018","-78.679582","ok"
"Unser Hafen Newcomers Festival and War Practice","2026-08-22 14:00:00","2026-08-23 20:00:00","Spring Canyon Community Park – Creekside Shelter, 3156 S Overland Trail, Fort Collins, Colorado, 80526, United States","3156 S Overland Trail, Fort Collins, Colorado, 80526, United States","high","Celebrate and share the dream!“In Service to the Dream” means something different to everyone. Veterans, this is your opportunity to show what the dream is to you. Newcomers, this is your chance to experience the dream and start learning what that means to you.This event will include:Potluck lunch!Newcomers competitions!!!Sunday War Practice!Classes!And more!! AND IT’S FREE!!! Come out and experience the boundless love and fun that this game can bring. On Sunday, August 23rd, there will be a War Practice at the same location! Discover new skills and learn about different activities through classes taught by gracious volunteersSit down with peers and mentorsHave you been fighting for less than a year?Do you have an A&S project in a discipline you are unfamiliar with? Show off your skill in competition with other newcomers.Enjoy a bardic circle, all are welcome to participate around the fire in a low stakes fun closing activity.Help yourself to food at our donation potluck and haggle with Dagney for affordable garb and trinkets! Event Website Event Steward Admission Free","https://www.outlands.org/event/unser-hafens-newcomers-celebration/","","Kingdom of the Outlands","kingdom","False","40.5619858","-105.133931","ok"
"Untitled Rapier Event 2","2026-06-20","2026-06-21","Good Shepherd Lutheran Church, 5701 Raymond Rd, Madison, WI 53711, USA","5701 Raymond Rd, Madison, WI 53711, USA","high","","","","Kingdom of Northshield","kingdom","False","43.0312489","-89.4778141","ok"
"Uprising - One Thousand Eyes","2027-07-08","2027-07-12","","","empty","","","","Kingdom of Artemisia","kingdom","False","","","skipped"
"Vertigo: Birdigo!","2026-09-25 00:00:00","2026-09-27 00:00:00","Crowder State Park, Group Site 8598 76 MO-128, Trenton, MO, 64683","Crowder State Park, Group Site 8598 76 MO-128, Trenton, MO, 64683","low","Hosted by: Lost Moor | Website:","https://lostmoor.calontir.org","","Kingdom of Calontir","kingdom","False","40.0789018","-93.6166074","ok_retry"
"Vices and Virtues 2026","2026-09-04 00:00:00","2026-09-04 00:00:00","277 County Road 632, Mentone, AL 35984","277 County Road 632, Mentone, AL 35984","high","Hosted by Shire of Phoenix Rising","","","Kingdom of Meridies","kingdom","False","34.5795282","-85.5905204","ok_retry"
"Victory on the Vine (Ponte Alto)","2026-06-19","2026-06-21","Mountain Run Winery, 10753 Mountain Run Lake Rd., Culpeper, VA, 22701","10753 Mountain Run Lake Rd., Culpeper, VA, 22701","high","The Barony of Ponte Alto welcomes you to Victory on the Vine II with a day of fighting and fun for all at Mountain Run Winery. Last years event was roaring successful and launch Mountain Run Winey to one of the best sites for fighting and SCA events in NOVA. Pre-Reg Here and save time and $. This year we have access to the site all weekend with the winery welcome camping Friday, Saturday, and evening Sunday nights. (if you want to make it a long weekend) Come Saturday for the day or Tent Camp over the weekend for $10 for adults and kids camp free. Expect a fun filled day of M elee, Melee and more Melee with the chance to authorize in any weapons form on the fighting fields. Bardics : Friday evening: There will be a Bardic in the Tavern Saturday evening: There will be a Bardic around a Fire pit EVENT SCHEDULE Friday 4 pm - Campers, Merchants, and Equestrian welcome to arrive on site 6 pm - Day Shade Placement pop-ups setup 7pm - Late - Bardic in the Tavern Saturday 7am - 10am - More Day shade placement 9 am - Troll Opens 9am - 10am - Authorizations 10:30 am - 3 pm - Armored and Rapier Fighting 10 am- 3 pm A & S Entry drop off at 10 am. Pickup at 3 pm 12:15 pm - Youth Combat 4 pm - Court After court begin taking down shades and loading trailers 7 pm - 10 pm Bardic around fire pit 10 pm - Dragon Song performance in the Tavern Sunday Leisurely exit site welcome the enjoy the day at the winery. In addition the great spaces for fighting, archery, bardic, A&S , and merchants etc... the site has a pub with indoor seating to enjoy wine, beer, mead, food, games, and AC. This year we are stepping it up to make VotV an annual Father's weekend event.","https://atlantia.sca.org/event/?event_id=68346820","","Kingdom of Atlantia","kingdom","False","38.4639152","-78.0560503","ok"
"Victory on the Vine (Ponte Alto)","2027-06-18","2027-06-20","Mountain Run Winey , 10753 Mountain Run Lake Rd., Culpeper, VA, 22701","10753 Mountain Run Lake Rd., Culpeper, VA, 22701","high","The Barony of Ponte Alto welcomes you to Victory on the Vine with a day of fighting and fun for all at Mountain Run Winery. This year we have access to the site all weekend with the winery welcome camping Friday, Saturday, and evening Sunday nights. (if you want to make it a long weekend) Come Saturday for the day or Tent Camp over the weekend for $10 for adults and kids camp free. Expect a fun filled day of M elee, Melee and more Melee with the chance to authorize in any weapons form on the fighting fields. Bardics : Friday evening: There will be a Bardic in the Tavern Saturday evening: There will be a Bardic around a Fire pit EVENT SCHEDULE Friday 4 pm - Campers, Merchants, and Equestrian welcome to arrive on site 6 pm - Day Shade Placement pop-ups setup 7pm - Late - Bardic in the Tavern Saturday 7am - 10am - More Day shade placement 9 am - Troll Opens 9am - 10am - Authorizations 10:30 am - 3 pm - Armored and Rapier Fighting 10 am- 3 pm A & S Entry drop off at 10 am. Pickup at 3 pm 12:15 pm - Youth Combat 4 pm - Court After court begin taking down shades and loading trailers 7 pm - 10 pm Bardic around fire pit 10 pm - Dragon Song performance in the Tavern Sunday Leisurely exit site welcome the enjoy the day at the winery. In addition the great spaces for fighting, archery, bardic, A&S , and merchants etc... the site has a pub with indoor seating to enjoy wine, beer, mead, food, games, and AC. This year we are stepping it up to make VotV an annual Father's weekend event.","https://atlantia.sca.org/event/?event_id=69fcd400","","Kingdom of Atlantia","kingdom","False","38.4639152","-78.0560503","ok"
"Viking Raids: Cajun Style","2026-10-02 22:00:00","2026-10-04 15:00:00","","","empty","","https://gleannabhann.net/event/viking-raids-cajun-style/","","Kingdom of Gleann Abhann","kingdom","False","","","skipped"
"Vikings Come Home","2026-09-11 00:00:00","2026-09-13 00:00:00","Lake Louise Cristian, 11037 Thumb Lake Rd, Boyne Falls, MI 49713","11037 Thumb Lake Rd, Boyne Falls, MI 49713","high","","","","Kingdom of the Middle","kingdom","False","45.168065","-84.916157","ok_retry"
"Village Faire 2026","2026-09-18 08:00:00","2026-09-20 17:00:00","Camp Kiwanis, 19300 SE 3rd St, Silver Springs, FL, 34488, United States","19300 SE 3rd St, Silver Springs, FL, 34488, United States","high","","https://trimaris.org/event/village-faire-2026/","","Kingdom of Trimaris","kingdom","False","29.2049847","-81.9244477","ok_retry"
"Vindheim Summer Coronet","2026-07-11 13:00:00","2026-07-12 00:00:00","First Baptist Church of Holliday 403 S. College, Holliday, TX 76336","First Baptist Church of Holliday 403 S. College, Holliday, TX 76336","low","Event Website: PayPal PreRegistration: Facebook Event: Steward: HL Thomas Westleigh","https://ansteorra.org/brad-leah/events/","https://www.facebook.com/events/780761004871280?active_tab=about","Kingdom of Ansteorra","kingdom","False","33.8147008","-98.694194","ok_retry"
"Vindheim Summer War Maneuvers","2026-07-25 13:00:00","2026-07-26 00:00:00","The Grind Training Center 8001 NW 50th, Oklahoma City, OK 73132","The Grind Training Center 8001 NW 50th, Oklahoma City, OK 73132","low","Event Website:","https://ansteorra.org/vindheim/summer-war-maneuvers/","","Kingdom of Ansteorra","kingdom","False","35.4729886","-97.5170536","ok_retry"
"Vindheim Winter Coronet","2027-01-09 13:00:00","2027-01-10 01:00:00","","","empty","","","","Kingdom of Ansteorra","kingdom","False","","","skipped"
"War College Fighter’s Collegium/Warden’s Challenge 2026","2026-06-20 00:00:00","2026-06-20 00:00:00","","Cookeville","low","Hosted by Shire of Easaraigh","","","Kingdom of Meridies","kingdom","False","36.1623886","-85.4997057","ok"
"War Practice Weekend at the Roost IV","2026-06-05","2026-06-08","S68W26950 National Ave Mukwonago, WI 53149","S68W26950 National Ave Mukwonago, WI 53149","low","","","","Kingdom of Northshield","kingdom","False","42.8793421","-88.3458015","ok_retry"
"War of the Diamonds","2026-10-16 22:00:00","2026-10-18 15:00:00","","","empty","","https://gleannabhann.net/event/war-of-the-diamonds/","","Kingdom of Gleann Abhann","kingdom","False","","","skipped"
"War of the Three Ravens - Arrow's Flight","2027-07-24","2027-07-25","","","empty","","","","Kingdom of Artemisia","kingdom","False","","","skipped"
"War of the Trillium - Folklore and Fairy Tales","2026-06-30","2026-07-06","1504 Cameron Line Hastings, Ontario K0L 1Y0","1504 Cameron Line Hastings, Ontario K0L 1Y0","low","War of the Trillium – Folklore and Fairy Tales A celebration of the lore of the Middle Ages From the Knights of the Round Table to the Sagas of the Norse and Legends of Asian Mythology, history is rich with tales of magical creatures and themes of bravery, extraordinary events, love, and human nature. This year the War of the Trillium will explore an array of these fascinating stories for your enjoyment! June 30th to July 5 th , 2026 Fees: Camping $55 members, $65 non-members Day Tripping $25 members, $35 non-members 1504 Cameron Line Hastings, Ontario K0L 1Y0 Event Website: https:// trilliumwar2026.weebly.com/ Brought to you by the Cantons of Ard Chreag and Petrea Thule","https://trilliumwar2026.weebly.com/","","Kingdom of Ealdormere","kingdom","False","44.29289096978942","-78.07818806361877","ok_photon"
"War of the Wings 2026: The Anarchy: Stephen vs Matilda (Atlantia)","2026-10-13","2026-10-18","Van Hoys Farms Family Campground, 738 Jericho Road, Harmony, NC, 28634","738 Jericho Road, Harmony, NC, 28634","high","Upcoming event in Atlantia Event Flyer:","https://atlantia.sca.org/event/?event_id=6a15e232","","Kingdom of Atlantia","kingdom","False","36.0019148","-80.831124","ok"
"Warders of the Western Gate [Tentative]","2026-09-04 14:00:00","2026-09-07 23:00:00","New Mexico","New Mexico","low","","https://www.outlands.org/event/2025-warders-of-the-western-gate/","","Kingdom of the Outlands","kingdom","False","34.5802074","-105.996047","ok"
"Wargy ( Southern Shores )","2027-02-13 00:00:00","2027-02-13 23:59:59","","San Jose, California","low","Save the Date","https://westkingdom.org/event/wargy-southern-shores/","","Kingdom of the West","kingdom","False","37.3361663","-121.890591","ok"
"Warlord Reincarnation (Allyshia)","2026-08-28 15:00:00","2026-08-30 11:00:00","12832 Avenue of the Giants Meyers Flat, CA","12832 Avenue of the Giants Meyers Flat, CA","low","FACEBOOK EVENT PAGE Event Steward SCA Name: Katelinen Van Walravershyde Event Steward contacts: Event Name: Warlord Reincarnation (Allyshia) Event Site Open: Aug 28, 3pm Event Site Close: Aug 30, 11am Further Event Information: After years of silence, the Warlord rises once more. Come forth and prove your valor in daring deeds upon the field, swords will clash, courage will be tested, and glory will be won. As night falls and the fires are lit, gather close. Voices will rise in tale and triumph, each story a thread in the tapestry of the day. From these legends, one will be chosen, one whose deeds outshine all others. A hero will be forged and a Warlord will be named! The Baroness, in her wisdom and delight, also seeks a Bard for the Barony. She calls upon all who would dare: take up thy favorite dirty tune and transform them! Cleanse them of scandal and shape them anew, that they may be sung before all, young and old. Site Name: Williams Grove Group Campground, Humboldt Redwoods State Park Site Address: 12832 Avenue of the Giants, Myers Flat, CA 95554 Written Directions to Site: From the North: Start by heading south on US-101. Take exit 656 toward Myers Flat. At the end of the exit, turn right onto CA-254 (Avenue of the Giants) and continue for about 1 mile. Turn left into Humboldt Redwoods State Park. After a very short distance, arrive at Williams Grove Day Use Area. From the South: Take US-101 North. Take exit 656 toward Myers Flat. At the end of the exit, turn right onto CA-254 (Avenue of the Giants) and continue for about 1miles. Turn left into Humboldt Redwoods State Park. After a very short distance, arrive at Williams Grove Day Use Area. Adult “Non-Member” Registration: $30 Adult “Member” Registration: $20 Children/Miner Registration (Age and $): 17 & younger free Family Cap ($): no Can I PrePay: PayPal Site Accessibility: Close / Handicap Parking Other (Please specify in the “Additional Comments” section at the bottom of this form) Terrain Description: Camping area is generally flat old-growth redwood grove with paved roads and parking. Uneven ground possible. The site has poison oak. Bodies of Water on/near Site: The Eel River is accessible from the campsite. There is no lifeguard on duty, and river conditions (including currents, depth, temperature, and debris) can change quickly and without warning. All individuals who choose to access the river do so at their own risk. Children must be directly supervised by a responsible adult at all times. We strongly recommend the use of life jackets for anyone entering or near the water. The Eel river can also contain blue-green algae, which is odorous, and is poisonous when ingested to both people and pets. Humboldt Redwoods State Park recommends avoiding swimming in water that smells bad. Insects or wild animals to be aware of on/ near site: In Humboldt Redwoods State Park, has a variety of potential wild life including black bear, roosevelt elk, and mountain lions, especially near forested trails and river bars. Smaller wildlife like raccoons and skunks frequent campsites, while ticks are common in grassy areas. Site has poison oak. Amenities on Site: Stone Privies, Potable Water, Communal Fire Pit(s): Such as those that are available/provided on site, Picnic Areas/ Tables, RV Parking, Pet Friendly, Bodies of Water: Rivers, Lakes, Ponds, Creeks, Other (Please specify in the “Additional Comments” section at the bottom of this form) Additional Comments: No Wheelchair accessible camping sites are designated, but there are ADA accessible day use areas with accessible picnic tables, barbeque grills, and restrooms. No showers, but campers are welcome to use hot pay showers located at nearby Burlington or Hidden Springs campgrounds. Leashed pets are allow in the campground, However (except for service animals), dogs not allowed on trails. RV parking in limited to RVs under 20′. The town of Miranda CA has a small grocery store, gas station and drive through coffee, located 13 mins south of site. Web Link Facebook link","https://sites.google.com/westkingdom.org/epay/home","https://www.facebook.com/events/1324985806220215/","Kingdom of the West","kingdom","False","40.2789558","-123.8627856","ok_photon"
"Warrior's Games (Tear-Sea's Shore)","2026-07-11","2026-07-12","Harleyville Community Center, 163 S. Railroad Ave, Harleyville, SC, 29448","163 S. Railroad Ave, Harleyville, SC, 29448","high","The Canton of Tear- Sea’s Shore invites you to an indoor/outdoor social full of games, competitions, food, fun and PRIZES!! There may even be the famous crushed ice by Mistress Adendra!! There are GAMES, GAMES and did I mention GAMES! Toss the Sheep, Foot Race, Caber Toss, Weight Throws/Carries, and many more to strengthen the body of the warrior. Hnefetafl, Chess, Nine Man Morris, Five Lines and many more strategy games to strengthen the mind of the warrior. A&S – Open display","https://atlantia.sca.org/event/?event_id=696d4224","","Kingdom of Atlantia","kingdom","False","33.2100417","-80.4494957","ok"
"Warriors and Warlords XXXI","2026-07-09 00:00:00","2026-07-12 00:00:00","","","empty","","","","Kingdom of the Middle","kingdom","False","","","skipped"
"Warriors and Warlords XXXI","2026-07-09","2026-07-13","Monroe County Fair, 1625 Butts Ave, Tomah, WI 54660, USA","1625 Butts Ave, Tomah, WI 54660, USA","high","","","","Kingdom of Northshield","kingdom","False","43.9785986","-90.5148356","ok"
"Wassail","2026-12-05","2026-12-06","","","empty","Wassail Bryniau Tywynnog Shakespeare Optimist hall 3976 Galt St Shakespeare, ON N0B 2P0 ( map ) Bryniau Seneschal","https://maps.google.com/maps?hl=en-GB&q=3976%20Galt%20St%20Shakespeare%2C%20ON%20N0B%202P0","","Kingdom of Ealdormere","kingdom","False","","","skipped"
"Weekly Fighter Pratice (RECURRING)","2026-06-02 22:30:00","2026-06-03 01:30:00","Ashland Moose Lodge 2099, 11299 Washington Hwy, Ashland, VA 23005, USA","11299 Washington Hwy, Ashland, VA 23005, USA","high"," [RECURRING — also on: 2 Jun 2026, 9 Jun 2026, 16 Jun 2026, 23 Jun 2026, 30 Jun 2026, 7 Jul 2026, 14 Jul 2026, 21 Jul 2026]","","","Barony of Caer Mear","baronial","False","37.7854321","-77.4659114","ok"
"Weekly Shire Night (RECURRING)","2026-06-03 22:00:00","2026-06-04 00:30:00","2710 Kingston Rd, East York, PA 17402, USA","2710 Kingston Rd, East York, PA 17402, USA","high","Owlsherst meets weekly for rattan & rapier combat practice as well as Arts & Sciences. This is open to the public. A donation of $1 is suggested to help us cover the cost of renting the facilities. Outside food and drink is permitted. Alcohol is prohibited. Although the SCA complies with all applicable laws to ensure the health and safety of our event participants, we cannot eliminate the risk of exposure to infectious diseases during in-person events. By participating in the in-person events of the SCA, you acknowledge and accept the potential risks. You agree to take any additional steps to protect your own health and safety and those under your control as you believe to be necessary [RECURRING — also on: 3 Jun 2026, 10 Jun 2026, 17 Jun 2026, 24 Jun 2026, 1 Jul 2026, 8 Jul 2026, 15 Jul 2026, 22 Jul 2026]","","","Shire of Owlsherst","baronial","False","39.9692531","-76.6704347","ok"
"West Kingdom Arts Day (Mouseio)","2027-02-06 00:00:00","2027-02-06 23:59:59","","","empty","Save the Date","https://westkingdom.org/event/west-kingdom-arts-day-mouseio/","","Kingdom of the West","kingdom","False","","","skipped"
"West Kingdom College of Heralds Meeting","2026-07-12 11:00:00","2026-07-12 14:00:00","","","empty","Event Name: West Kingdom College of Heralds Meeting Remaining Dates for 2026: Sunday, July12 / 11am /Online, Register: Sunday, Sept 13 / 11am /Online Sunday, Nov 22 / 11am /Online Event Time: 11:00am – 2:00pm Pacific We are using the Google G Suite’s Google Meet software for our meetings. For now all you need to do is to sign up for the meeting using the form for this purpose: For more information: Join with Google Meet: Or dial: (US) +1 PIN: 733376428# More phone numbers: Learn more about Meet at:","https://heralds.westkingdom.org/MtgConfSignUp.php","","Kingdom of the West","kingdom","True","","","skipped"
"West Kingdom College of Heralds Meeting","2026-09-13 11:00:00","2026-09-13 14:00:00","","","empty","Event Name: West Kingdom College of Heralds Meeting Remaining Dates for 2026: Sunday, Sept 13 / 11am /Online, Register: Sunday, Nov 22 / 11am /Online Event Time: 11:00am – 2:00pm Pacific We are using the Google G Suite’s Google Meet software for our meetings. For now all you need to do is to sign up for the meeting using the form for this purpose: For more information: Join with Google Meet: Or dial: (US) +1 PIN: 252559392# More phone numbers: Learn more about Meet at:","https://heralds.westkingdom.org/MtgConfSignUp.php","","Kingdom of the West","kingdom","True","","","skipped"
"West Kingdom College of Heralds Meeting","2026-11-22 11:00:00","2026-11-22 14:00:00","","","empty","Event Name: West Kingdom College of Heralds Meeting Remaining Dates for 2026: Sunday, Nov 22 / 11am /Online, Register: Event Time: 11:00am – 2:00pm Pacific We are using the Google G Suite’s Google Meet software for our meetings. For now all you need to do is to sign up for the meeting using the form for this purpose: For more information: Join with Google Meet: Or dial: (US) +1 PIN: 718480106# More phone numbers: Learn more about Meet at:","https://heralds.westkingdom.org/MtgConfSignUp.php","","Kingdom of the West","kingdom","True","","","skipped"
"Westermark Madness (Westermark)","2026-10-04 00:00:00","2026-10-04 23:59:59","","Fremont, California","low","Save the date","https://westkingdom.org/event/westermark-madness-westermark-2/","","Kingdom of the West","kingdom","False","37.5482697","-121.988571","ok"
"Western Raids (Aneala)","2026-05-29","2026-06-02","Wandi Progress Association 302 De Haer Rd, Wandi, WA 6167","302 De Haer Rd, Wandi, WA 6167","high","Greetings, noble travellers, Embark on a journey to the far western reaches of Lochac for an unforgettable weekend of medieval immersion at Western Raids! Join like-minded friends in a realm of adventure where the echoes of the past come alive. Discover the Silk Road Markets: Step into a vibrant marketplace filled with treasures and delights inspired by the Silk Road. Browse through a myriad of wares, savour exotic treats, and immerse yourself in the rich tapestry of medieval craftsmanship. Feats of Prowess and Competitions: Witness and partake in epic tournaments and displays of skill that will transport you back to an age of chivalry and honour. Engage in friendly competition, showcase your prowess, and claim glory on the battlefield. Entertainment Beyond Imagining: Delight in the merriment of singing, dancing, and a myriad of medieval activities that will captivate your senses. Attend classes to hone your skills or learn ancient arts, ensuring that every moment is filled with enchantment. Bardic Tales by the Fire: As the sun sets, gather around the flickering flames to share your best Bardic tales, songs, or performances. Warm your spirit with the camaraderie of fellow travellers and let the tales of old weave a spellbinding atmosphere. Bookings Officer Assistance: For our esteemed travellers, our diligent bookings officer awaits your arrival to assist with any arrangements. Ensure a seamless experience by checking in and letting us cater to your needs with the utmost care and hospitality. Join us for a weekend where medieval history takes over, forge memories that will last a lifetime. Western Raids beckon, and the adventure awaits! May your journey be swift and your heart filled with the spirit of medieval revelry! More details will be available on the Western Raids website","https://westernraids.lochac.sca.org","","Kingdom of Lochac","kingdom","False","-32.1869813","115.8893028","ok"
"Whipping Winds - Windegate","2027-08-12","2027-08-16","","Shelby, MT","low","","","","Kingdom of Artemisia","kingdom","False","48.5054997","-111.856872","ok"
"Whipping Winds - Wyndegate","2026-08-13","2026-08-17","Williamson Park, 72 Williamson Park Rd, Shelby, MT 59474, USA","72 Williamson Park Rd, Shelby, MT 59474, USA","high","Whipping Winds.pdf","https://drive.google.com/file/d/1n8ORWyB4-x4-Bpzh4nAgULNt5cYGQFeT/view?usp=sharing","","Kingdom of Artemisia","kingdom","False","48.4270364","-111.8832832","ok"
"White Mountain Fighter Practice – 5/31","2026-05-31 15:00:00","2026-05-31 17:00:00","Washington Park, 100 Washington Ave., Alamogordo, NM, 88310, United States","100 Washington Ave., Alamogordo, NM, 88310, United States","high","","","","Shire of White Mountain","baronial","False","32.890477","-105.944005","ok"
"White Mountain Fighter Practice – 6/14","2026-06-14 15:00:00","2026-06-14 17:00:00","Washington Park, 100 Washington Ave., Alamogordo, NM, 88310, United States","100 Washington Ave., Alamogordo, NM, 88310, United States","high","","","","Shire of White Mountain","baronial","False","32.890477","-105.944005","ok"
"White Mountain Fighter Practice – 6/21","2026-06-21 15:00:00","2026-06-21 17:00:00","Washington Park, 100 Washington Ave., Alamogordo, NM, 88310, United States","100 Washington Ave., Alamogordo, NM, 88310, United States","high","","","","Shire of White Mountain","baronial","False","32.890477","-105.944005","ok"
"White Mountain Fighter Practice – 6/28","2026-06-28 15:00:00","2026-06-28 17:00:00","Washington Park, 100 Washington Ave., Alamogordo, NM, 88310, United States","100 Washington Ave., Alamogordo, NM, 88310, United States","high","","","","Shire of White Mountain","baronial","False","32.890477","-105.944005","ok"
"White Mountain June Populace and Practice","2026-06-06 15:00:00","2026-06-06 18:00:00","Washington Park, 100 Washington Ave., Alamogordo, NM, 88310, United States","100 Washington Ave., Alamogordo, NM, 88310, United States","high","","","","Shire of White Mountain","baronial","False","32.890477","-105.944005","ok"
"White Shield Tournament (Darkwood)","2027-03-05 00:00:00","2027-03-07 23:59:59","","Santa Cruz, California","low","Save the Date","https://westkingdom.org/event/white-shield-tournament-darkwood/","","Kingdom of the West","kingdom","False","37.050096","-121.99059","ok"
"Wiesenfeuer Baronial","2027-04-16 22:00:00","2027-04-18 17:00:00","","Oklahoma City, Oklahoma","low","","","","Kingdom of Ansteorra","kingdom","False","35.4729886","-97.5170536","ok"
"Wiesenfeuer Yule Revel","2026-12-05 13:00:00","2026-12-06 02:00:00","","Oklahoma City, Oklahoma","low","","","","Kingdom of Ansteorra","kingdom","False","35.4729886","-97.5170536","ok"
"Winter 2026 Ildhafn Barony Anniversary (Ildhafn)","2026-07-24","2026-07-27","Schlaepher Park, 41C Ostrich Farm Road, Pukekohe.","Schlaepher Park, 41C Ostrich Farm Road, Pukekohe.","low","Weekend event, camping and cabins both available and tourney in Heavy and Fencing, Archery, and hopefully Combat Archery. A & S, singing and games. With a Roman styled feast Saturday evening","https://ildhafn.lochac.sca.org/2026/04/07/winter-event/","","Kingdom of Lochac","kingdom","False","-37.167007","174.870753","ok_retry"
"Winter Art-Sci 2027","2027-01-23 08:00:00","2027-01-23 17:00:00","","","empty","","https://trimaris.org/event/winter-art-sci-2027/","","Kingdom of Trimaris","kingdom","False","","","skipped"
"Winter Arts (Calafia)","2026-12-05","2026-12-06","","San Diego, California","low","","","","Kingdom of Caid","kingdom","False","32.7174202","-117.162772","ok"
"Winter Coronation 2027","2027-02-13 00:00:00","2027-02-13 00:00:00","Lighthouse Community Church, 7705 Indianola Ave, Des Moines, IA, 50320","7705 Indianola Ave, Des Moines, IA, 50320","high","Hosted by: Coeur d'Ennui | Website:","https://cde.calontir.org","","Kingdom of Calontir","kingdom","False","41.5141112","-93.5774539","ok"
"Winter Crown Tournament","2026-12-12 06:00:00","2026-12-13 04:59:00","","","empty","","","","Kingdom of Ansteorra","kingdom","False","","","skipped"
"Winter Market 2026","2026-12-12 00:00:00","2026-12-12 00:00:00","TBD","Greater Nashville area","low","Hosted by Barony of Glaedenfeld","","","Kingdom of Meridies","kingdom","False","36.0799346","-86.9281931","ok_photon"
"Winter Round Table","2027-01-16 13:00:00","2027-01-16 23:00:00","","","empty","","","","Kingdom of Ansteorra","kingdom","False","","","skipped"
"Winter War Maneuvers","2027-02-20 00:00:00","2027-02-20 00:00:00","Farha Sports Center, 3405 S Meridian Ave, Wichita, KS, 67217","3405 S Meridian Ave, Wichita, KS, 67217","high","Hosted by: Vatavia | Website:","https://vatavia.calontir.org","","Kingdom of Calontir","kingdom","False","37.6308936","-97.3769558","ok"
"Winter Weekend (Calafia)","2027-01-14","2027-01-19","","San Diego, California","low","","","","Kingdom of Caid","kingdom","False","32.7174202","-117.162772","ok"
"Winter Wonders 40","2027-01-15 23:00:00","2027-01-17 15:30:00","","","empty","","https://gleannabhann.net/event/winter-wonders-40/","","Kingdom of Gleann Abhann","kingdom","False","","","skipped"
"WinterSouth (Ynys Fawr)","2026-08-01","2026-08-03","Snug Community Hall, Pybus St, Snug TAS 7054","Snug Community Hall, Pybus St, Snug TAS 7054","low","Hail M’Lords and M’Ladies As we lay in midwintres i ask thee to assemble together here in lower reaches of our fair Barony at Snug. Snug is but a short distance from our tun. There is plenty of inns and hus to keep thee warm during your stay. WinterSouth shall test thy strength, thy prowess thy craeft and thy wit. We will present to thee our best fighters and our best artisans and we will challenge your intellect. Welcome to WinterSouth Caravan Park accommodation available Snug Caravan Park, Address: 35 Beach Road, Snug TAS 7054 Phone: 0447 572 131, Email: .au Costs: Unpowered site/ Tent site $40 Powered sites $50 Cabins $115 (1 bedroom double bed per night) They have larger Cabins with bunk beds which you could share with others Cabins prices from $115 to $170 Bookings for the caravan park are your responsibility. Quote ""SCA"" to the park owners when making the booking","https://ynysfawr.lochac.sca.org/wintersouth-ynys-fawr-1-2-august-2026-variety-festival/","","Kingdom of Lochac","kingdom","False","-43.0623508","147.2605084","ok_retry"
"Winterfylleth III -Return of the Kith","2026-10-09 00:00:00","2026-10-12 00:00:00","Kelsey Short Youth Camp, 17980 Collins Rd, Smithville, MO, 64089","17980 Collins Rd, Smithville, MO, 64089","high","Hosted by: Vatavia | Website:","https://vatavia.calontir.org","","Kingdom of Calontir","kingdom","False","39.3868396","-94.5815937","ok_retry"
"Wintermist Anniversary","2027-05-15","2027-05-16","","Bakersfield, California","low","","","","Kingdom of Caid","kingdom","False","35.3738712","-119.019463","ok"
"Wintermist Art Revival","2026-07-25 15:00:00","2026-07-26 00:00:00","2525 Belle Ter, Bakersfield, CA 93304, USA","2525 Belle Ter, Bakersfield, CA 93304, USA","low","Once again the Barony of Wintermist presents... W.A.R.!!! Aka Wintermist Art Revival. Mark your calendars for a day of art appreciation and sharing. Come bring your projects, questions, problems, and knowledge to share with other artisans. There is a kitchen so if anyone wants to demonstrate cooking techniques or brewing, have at it! If you are interested in teaching or demonstrating an artform, let the event steward know so she can schedule the kitchen or certain spaces to provide equal time. Let’s appreciate art together! This event will help fund Wintermist's A&S office site rental, activity, and prizes. SCHEDULE: 8am: Set-up 9am: Site opens 9:30am: Opening court (at Excellencies’ leisure) 10am-3:00pm: Art demos and sharing time! Take lunch at your leisure. 3pm: Closing court 4pm: Event ends, cleanup. Off site by 5pm EVENT REGISTRATION: Adult Event Registration: $25.00. Adult Member Discount Event Registration: $15.00. Youth aged 17 and under are guests of the Barony. Cash or checks will be accepted at gate. Checks can be made payable to “SCA, Inc./Barony of Wintermist”. ACTIVITIES: This event is molded by the attendees, so let’s enjoy the act of making art and inspiring one another! TOURNAMENTS: None! Nor contests nor competitions. This is a stress-free event to get together and share and learn art","","","Kingdom of Caid","kingdom","False","35.346693","-119.0197071","ok"
"Wintermist Yule","2026-12-12","2026-12-13","","Bakersfield, California","low","","","","Kingdom of Caid","kingdom","False","35.3738712","-119.019463","ok"
"Wintersgate Meeting (Virtual)","2026-06-25 20:00:00","2026-06-25 22:00:00","","","empty","Event Time is 7-9 PM Alaska Time/8-10 PM Pacific West Kingdom Zoom is inviting you to a scheduled Zoom meeting. Topic: Winter’s Gate Business Meeting Time: This is a recurring meeting Meet anytime Join Zoom Meeting","https://us06web.zoom.us/j/87593365157?pwd=cXV3VmlXOTNSMlBjbFZNSUx0N21zZz09","","Kingdom of the West","kingdom","True","","","skipped"
"Wintersgate Meeting (Virtual)","2026-07-23 20:00:00","2026-07-23 22:00:00","","","empty","Event Time is 7-9 PM Alaska Time/8-10 PM Pacific West Kingdom Zoom is inviting you to a scheduled Zoom meeting. Topic: Winter’s Gate Business Meeting Time: This is a recurring meeting Meet anytime Join Zoom Meeting","https://us06web.zoom.us/j/87593365157?pwd=cXV3VmlXOTNSMlBjbFZNSUx0N21zZz09","","Kingdom of the West","kingdom","True","","","skipped"
"Wintersgate Meeting (Virtual)","2026-08-27 20:00:00","2026-08-27 22:00:00","","","empty","Event Time is 7-9 PM Alaska Time/8-10 PM Pacific West Kingdom Zoom is inviting you to a scheduled Zoom meeting. Topic: Winter’s Gate Business Meeting Time: This is a recurring meeting Meet anytime Join Zoom Meeting","https://us06web.zoom.us/j/87593365157?pwd=cXV3VmlXOTNSMlBjbFZNSUx0N21zZz09","","Kingdom of the West","kingdom","True","","","skipped"
"Wintersgate Meeting (Virtual)","2026-09-24 20:00:00","2026-09-24 22:00:00","","","empty","Event Time is 7-9 PM Alaska Time/8-10 PM Pacific West Kingdom Zoom is inviting you to a scheduled Zoom meeting. Topic: Winter’s Gate Business Meeting Time: This is a recurring meeting Meet anytime Join Zoom Meeting","https://us06web.zoom.us/j/87593365157?pwd=cXV3VmlXOTNSMlBjbFZNSUx0N21zZz09","","Kingdom of the West","kingdom","True","","","skipped"
"Wintersgate Meeting (Virtual)","2026-10-22 20:00:00","2026-10-22 22:00:00","","","empty","Event Time is 7-9 PM Alaska Time/8-10 PM Pacific West Kingdom Zoom is inviting you to a scheduled Zoom meeting. Topic: Winter’s Gate Business Meeting Time: This is a recurring meeting Meet anytime Join Zoom Meeting","https://us06web.zoom.us/j/87593365157?pwd=cXV3VmlXOTNSMlBjbFZNSUx0N21zZz09","","Kingdom of the West","kingdom","True","","","skipped"
"Wintersgate Meeting (Virtual)","2026-11-26 20:00:00","2026-11-26 22:00:00","","","empty","Event Time is 7-9 PM Alaska Time/8-10 PM Pacific West Kingdom Zoom is inviting you to a scheduled Zoom meeting. Topic: Winter’s Gate Business Meeting Time: This is a recurring meeting Meet anytime Join Zoom Meeting","https://us06web.zoom.us/j/87593365157?pwd=cXV3VmlXOTNSMlBjbFZNSUx0N21zZz09","","Kingdom of the West","kingdom","True","","","skipped"
"Wintersgate Meeting (Virtual)","2026-12-24 20:00:00","2026-12-24 22:00:00","","","empty","Event Time is 7-9 PM Alaska Time/8-10 PM Pacific West Kingdom Zoom is inviting you to a scheduled Zoom meeting. Topic: Winter’s Gate Business Meeting Time: This is a recurring meeting Meet anytime Join Zoom Meeting","https://us06web.zoom.us/j/87593365157?pwd=cXV3VmlXOTNSMlBjbFZNSUx0N21zZz09","","Kingdom of the West","kingdom","True","","","skipped"
"Wintersgate Meeting (Virtual)","2027-01-28 20:00:00","2027-01-28 22:00:00","","","empty","Event Time is 7-9 PM Alaska Time/8-10 PM Pacific West Kingdom Zoom is inviting you to a scheduled Zoom meeting. Topic: Winter’s Gate Business Meeting Time: This is a recurring meeting Meet anytime Join Zoom Meeting","https://us06web.zoom.us/j/87593365157?pwd=cXV3VmlXOTNSMlBjbFZNSUx0N21zZz09","","Kingdom of the West","kingdom","True","","","skipped"
"Wintersgate Meeting (Virtual)","2027-02-25 20:00:00","2027-02-25 22:00:00","","","empty","Event Time is 7-9 PM Alaska Time/8-10 PM Pacific West Kingdom Zoom is inviting you to a scheduled Zoom meeting. Topic: Winter’s Gate Business Meeting Time: This is a recurring meeting Meet anytime Join Zoom Meeting","https://us06web.zoom.us/j/87593365157?pwd=cXV3VmlXOTNSMlBjbFZNSUx0N21zZz09","","Kingdom of the West","kingdom","True","","","skipped"
"Wintersgate Meeting (Virtual)","2027-03-25 20:00:00","2027-03-25 22:00:00","","","empty","Event Time is 7-9 PM Alaska Time/8-10 PM Pacific West Kingdom Zoom is inviting you to a scheduled Zoom meeting. Topic: Winter’s Gate Business Meeting Time: This is a recurring meeting Meet anytime Join Zoom Meeting","https://us06web.zoom.us/j/87593365157?pwd=cXV3VmlXOTNSMlBjbFZNSUx0N21zZz09","","Kingdom of the West","kingdom","True","","","skipped"
"Wintersgate Meeting (Virtual)","2027-04-22 20:00:00","2027-04-22 22:00:00","","","empty","Event Time is 7-9 PM Alaska Time/8-10 PM Pacific West Kingdom Zoom is inviting you to a scheduled Zoom meeting. Topic: Winter’s Gate Business Meeting Time: This is a recurring meeting Meet anytime Join Zoom Meeting","https://us06web.zoom.us/j/87593365157?pwd=cXV3VmlXOTNSMlBjbFZNSUx0N21zZz09","","Kingdom of the West","kingdom","True","","","skipped"
"Wintersgate Meeting (Virtual)","2027-05-27 20:00:00","2027-05-27 22:00:00","","","empty","Event Time is 7-9 PM Alaska Time/8-10 PM Pacific West Kingdom Zoom is inviting you to a scheduled Zoom meeting. Topic: Winter’s Gate Business Meeting Time: This is a recurring meeting Meet anytime Join Zoom Meeting","https://us06web.zoom.us/j/87593365157?pwd=cXV3VmlXOTNSMlBjbFZNSUx0N21zZz09","","Kingdom of the West","kingdom","True","","","skipped"
"Wintersgate Meeting (Virtual)","2027-06-24 20:00:00","2027-06-24 22:00:00","","","empty","Event Time is 7-9 PM Alaska Time/8-10 PM Pacific West Kingdom Zoom is inviting you to a scheduled Zoom meeting. Topic: Winter’s Gate Business Meeting Time: This is a recurring meeting Meet anytime Join Zoom Meeting","https://us06web.zoom.us/j/87593365157?pwd=cXV3VmlXOTNSMlBjbFZNSUx0N21zZz09","","Kingdom of the West","kingdom","True","","","skipped"
"Wintersgate Meeting (Virtual)","2027-07-22 20:00:00","2027-07-22 22:00:00","","","empty","Event Time is 7-9 PM Alaska Time/8-10 PM Pacific West Kingdom Zoom is inviting you to a scheduled Zoom meeting. Topic: Winter’s Gate Business Meeting Time: This is a recurring meeting Meet anytime Join Zoom Meeting","https://us06web.zoom.us/j/87593365157?pwd=cXV3VmlXOTNSMlBjbFZNSUx0N21zZz09","","Kingdom of the West","kingdom","True","","","skipped"
"Wintersgate Meeting (Virtual)","2027-08-26 20:00:00","2027-08-26 22:00:00","","","empty","Event Time is 7-9 PM Alaska Time/8-10 PM Pacific West Kingdom Zoom is inviting you to a scheduled Zoom meeting. Topic: Winter’s Gate Business Meeting Time: This is a recurring meeting Meet anytime Join Zoom Meeting","https://us06web.zoom.us/j/87593365157?pwd=cXV3VmlXOTNSMlBjbFZNSUx0N21zZz09","","Kingdom of the West","kingdom","True","","","skipped"
"Wintersgate Meeting (Virtual)","2027-09-23 20:00:00","2027-09-23 22:00:00","","","empty","Event Time is 7-9 PM Alaska Time/8-10 PM Pacific West Kingdom Zoom is inviting you to a scheduled Zoom meeting. Topic: Winter’s Gate Business Meeting Time: This is a recurring meeting Meet anytime Join Zoom Meeting","https://us06web.zoom.us/j/87593365157?pwd=cXV3VmlXOTNSMlBjbFZNSUx0N21zZz09","","Kingdom of the West","kingdom","True","","","skipped"
"Wintersgate Meeting (Virtual)","2027-10-28 20:00:00","2027-10-28 22:00:00","","","empty","Event Time is 7-9 PM Alaska Time/8-10 PM Pacific West Kingdom Zoom is inviting you to a scheduled Zoom meeting. Topic: Winter’s Gate Business Meeting Time: This is a recurring meeting Meet anytime Join Zoom Meeting","https://us06web.zoom.us/j/87593365157?pwd=cXV3VmlXOTNSMlBjbFZNSUx0N21zZz09","","Kingdom of the West","kingdom","True","","","skipped"
"Wintersgate Meeting (Virtual)","2027-11-25 20:00:00","2027-11-25 22:00:00","","","empty","Event Time is 7-9 PM Alaska Time/8-10 PM Pacific West Kingdom Zoom is inviting you to a scheduled Zoom meeting. Topic: Winter’s Gate Business Meeting Time: This is a recurring meeting Meet anytime Join Zoom Meeting","https://us06web.zoom.us/j/87593365157?pwd=cXV3VmlXOTNSMlBjbFZNSUx0N21zZz09","","Kingdom of the West","kingdom","True","","","skipped"
"Wintersgate Meeting (Virtual)","2027-12-23 20:00:00","2027-12-23 22:00:00","","","empty","Event Time is 7-9 PM Alaska Time/8-10 PM Pacific West Kingdom Zoom is inviting you to a scheduled Zoom meeting. Topic: Winter’s Gate Business Meeting Time: This is a recurring meeting Meet anytime Join Zoom Meeting","https://us06web.zoom.us/j/87593365157?pwd=cXV3VmlXOTNSMlBjbFZNSUx0N21zZz09","","Kingdom of the West","kingdom","True","","","skipped"
"Wintersgate Meeting (Virtual)","2028-01-27 20:00:00","2028-01-27 22:00:00","","","empty","Event Time is 7-9 PM Alaska Time/8-10 PM Pacific West Kingdom Zoom is inviting you to a scheduled Zoom meeting. Topic: Winter’s Gate Business Meeting Time: This is a recurring meeting Meet anytime Join Zoom Meeting","https://us06web.zoom.us/j/87593365157?pwd=cXV3VmlXOTNSMlBjbFZNSUx0N21zZz09","","Kingdom of the West","kingdom","True","","","skipped"
"Wintersgate Meeting (Virtual)","2028-02-24 20:00:00","2028-02-24 22:00:00","","","empty","Event Time is 7-9 PM Alaska Time/8-10 PM Pacific West Kingdom Zoom is inviting you to a scheduled Zoom meeting. Topic: Winter’s Gate Business Meeting Time: This is a recurring meeting Meet anytime Join Zoom Meeting","https://us06web.zoom.us/j/87593365157?pwd=cXV3VmlXOTNSMlBjbFZNSUx0N21zZz09","","Kingdom of the West","kingdom","True","","","skipped"
"Wintersgate Meeting (Virtual)","2028-03-23 20:00:00","2028-03-23 22:00:00","","","empty","Event Time is 7-9 PM Alaska Time/8-10 PM Pacific West Kingdom Zoom is inviting you to a scheduled Zoom meeting. Topic: Winter’s Gate Business Meeting Time: This is a recurring meeting Meet anytime Join Zoom Meeting","https://us06web.zoom.us/j/87593365157?pwd=cXV3VmlXOTNSMlBjbFZNSUx0N21zZz09","","Kingdom of the West","kingdom","True","","","skipped"
"Wintersgate Meeting (Virtual)","2028-04-27 20:00:00","2028-04-27 22:00:00","","","empty","Event Time is 7-9 PM Alaska Time/8-10 PM Pacific West Kingdom Zoom is inviting you to a scheduled Zoom meeting. Topic: Winter’s Gate Business Meeting Time: This is a recurring meeting Meet anytime Join Zoom Meeting","https://us06web.zoom.us/j/87593365157?pwd=cXV3VmlXOTNSMlBjbFZNSUx0N21zZz09","","Kingdom of the West","kingdom","True","","","skipped"
"Wintersgate Meeting (Virtual)","2028-05-25 20:00:00","2028-05-25 22:00:00","","","empty","Event Time is 7-9 PM Alaska Time/8-10 PM Pacific West Kingdom Zoom is inviting you to a scheduled Zoom meeting. Topic: Winter’s Gate Business Meeting Time: This is a recurring meeting Meet anytime Join Zoom Meeting","https://us06web.zoom.us/j/87593365157?pwd=cXV3VmlXOTNSMlBjbFZNSUx0N21zZz09","","Kingdom of the West","kingdom","True","","","skipped"
"Winter’s Gate Business Meeting (Virtual – Fairbanks, AK Area)","2026-06-25 20:00:00","2026-06-25 22:00:00","","","empty","West Kingdom Zoom is inviting you to a scheduled Zoom meeting. Topic: Winter’s Gate Business Meeting Time: This is a recurring meeting Meet anytime Join Zoom Meeting Meeting ID: 875 9336 5157 Passcode: 1066","https://us06web.zoom.us/j/87593365157?pwd=cXV3VmlXOTNSMlBjbFZNSUx0N21zZz09","","Kingdom of the West","kingdom","True","","","skipped"
"Winter’s Gate Business Meeting (Virtual – Fairbanks, AK Area)","2026-07-23 20:00:00","2026-07-23 22:00:00","","","empty","West Kingdom Zoom is inviting you to a scheduled Zoom meeting. Topic: Winter’s Gate Business Meeting Time: This is a recurring meeting Meet anytime Join Zoom Meeting Meeting ID: 875 9336 5157 Passcode: 1066","https://us06web.zoom.us/j/87593365157?pwd=cXV3VmlXOTNSMlBjbFZNSUx0N21zZz09","","Kingdom of the West","kingdom","True","","","skipped"
"Winter’s Gate Business Meeting (Virtual – Fairbanks, AK Area)","2026-08-27 20:00:00","2026-08-27 22:00:00","","","empty","West Kingdom Zoom is inviting you to a scheduled Zoom meeting. Topic: Winter’s Gate Business Meeting Time: This is a recurring meeting Meet anytime Join Zoom Meeting Meeting ID: 875 9336 5157 Passcode: 1066","https://us06web.zoom.us/j/87593365157?pwd=cXV3VmlXOTNSMlBjbFZNSUx0N21zZz09","","Kingdom of the West","kingdom","True","","","skipped"
"Winter’s Gate Business Meeting (Virtual – Fairbanks, AK Area)","2026-09-24 20:00:00","2026-09-24 22:00:00","","","empty","West Kingdom Zoom is inviting you to a scheduled Zoom meeting. Topic: Winter’s Gate Business Meeting Time: This is a recurring meeting Meet anytime Join Zoom Meeting Meeting ID: 875 9336 5157 Passcode: 1066","https://us06web.zoom.us/j/87593365157?pwd=cXV3VmlXOTNSMlBjbFZNSUx0N21zZz09","","Kingdom of the West","kingdom","True","","","skipped"
"Winter’s Gate Business Meeting (Virtual – Fairbanks, AK Area)","2026-10-22 20:00:00","2026-10-22 22:00:00","","","empty","West Kingdom Zoom is inviting you to a scheduled Zoom meeting. Topic: Winter’s Gate Business Meeting Time: This is a recurring meeting Meet anytime Join Zoom Meeting Meeting ID: 875 9336 5157 Passcode: 1066","https://us06web.zoom.us/j/87593365157?pwd=cXV3VmlXOTNSMlBjbFZNSUx0N21zZz09","","Kingdom of the West","kingdom","True","","","skipped"
"Winter’s Gate Business Meeting (Virtual – Fairbanks, AK Area)","2026-11-26 20:00:00","2026-11-26 22:00:00","","","empty","West Kingdom Zoom is inviting you to a scheduled Zoom meeting. Topic: Winter’s Gate Business Meeting Time: This is a recurring meeting Meet anytime Join Zoom Meeting Meeting ID: 875 9336 5157 Passcode: 1066","https://us06web.zoom.us/j/87593365157?pwd=cXV3VmlXOTNSMlBjbFZNSUx0N21zZz09","","Kingdom of the West","kingdom","True","","","skipped"
"Winter’s Gate Business Meeting (Virtual – Fairbanks, AK Area)","2026-12-24 20:00:00","2026-12-24 22:00:00","","","empty","West Kingdom Zoom is inviting you to a scheduled Zoom meeting. Topic: Winter’s Gate Business Meeting Time: This is a recurring meeting Meet anytime Join Zoom Meeting Meeting ID: 875 9336 5157 Passcode: 1066","https://us06web.zoom.us/j/87593365157?pwd=cXV3VmlXOTNSMlBjbFZNSUx0N21zZz09","","Kingdom of the West","kingdom","True","","","skipped"
"Winter’s Gate Business Meeting (Virtual – Fairbanks, AK Area)","2027-01-28 20:00:00","2027-01-28 22:00:00","","","empty","West Kingdom Zoom is inviting you to a scheduled Zoom meeting. Topic: Winter’s Gate Business Meeting Time: This is a recurring meeting Meet anytime Join Zoom Meeting Meeting ID: 875 9336 5157 Passcode: 1066","https://us06web.zoom.us/j/87593365157?pwd=cXV3VmlXOTNSMlBjbFZNSUx0N21zZz09","","Kingdom of the West","kingdom","True","","","skipped"
"Winter’s Gate Business Meeting (Virtual – Fairbanks, AK Area)","2027-02-25 20:00:00","2027-02-25 22:00:00","","","empty","West Kingdom Zoom is inviting you to a scheduled Zoom meeting. Topic: Winter’s Gate Business Meeting Time: This is a recurring meeting Meet anytime Join Zoom Meeting Meeting ID: 875 9336 5157 Passcode: 1066","https://us06web.zoom.us/j/87593365157?pwd=cXV3VmlXOTNSMlBjbFZNSUx0N21zZz09","","Kingdom of the West","kingdom","True","","","skipped"
"Winter’s Gate Business Meeting (Virtual – Fairbanks, AK Area)","2027-03-25 20:00:00","2027-03-25 22:00:00","","","empty","West Kingdom Zoom is inviting you to a scheduled Zoom meeting. Topic: Winter’s Gate Business Meeting Time: This is a recurring meeting Meet anytime Join Zoom Meeting Meeting ID: 875 9336 5157 Passcode: 1066","https://us06web.zoom.us/j/87593365157?pwd=cXV3VmlXOTNSMlBjbFZNSUx0N21zZz09","","Kingdom of the West","kingdom","True","","","skipped"
"Winter’s Gate Business Meeting (Virtual – Fairbanks, AK Area)","2027-04-22 20:00:00","2027-04-22 22:00:00","","","empty","West Kingdom Zoom is inviting you to a scheduled Zoom meeting. Topic: Winter’s Gate Business Meeting Time: This is a recurring meeting Meet anytime Join Zoom Meeting Meeting ID: 875 9336 5157 Passcode: 1066","https://us06web.zoom.us/j/87593365157?pwd=cXV3VmlXOTNSMlBjbFZNSUx0N21zZz09","","Kingdom of the West","kingdom","True","","","skipped"
"Winter’s Gate Business Meeting (Virtual – Fairbanks, AK Area)","2027-05-27 20:00:00","2027-05-27 22:00:00","","","empty","West Kingdom Zoom is inviting you to a scheduled Zoom meeting. Topic: Winter’s Gate Business Meeting Time: This is a recurring meeting Meet anytime Join Zoom Meeting Meeting ID: 875 9336 5157 Passcode: 1066","https://us06web.zoom.us/j/87593365157?pwd=cXV3VmlXOTNSMlBjbFZNSUx0N21zZz09","","Kingdom of the West","kingdom","True","","","skipped"
"Winter’s Gate Business Meeting (Virtual – Fairbanks, AK Area)","2027-06-24 20:00:00","2027-06-24 22:00:00","","","empty","West Kingdom Zoom is inviting you to a scheduled Zoom meeting. Topic: Winter’s Gate Business Meeting Time: This is a recurring meeting Meet anytime Join Zoom Meeting Meeting ID: 875 9336 5157 Passcode: 1066","https://us06web.zoom.us/j/87593365157?pwd=cXV3VmlXOTNSMlBjbFZNSUx0N21zZz09","","Kingdom of the West","kingdom","True","","","skipped"
"Winter’s Gate Business Meeting (Virtual – Fairbanks, AK Area)","2027-07-22 20:00:00","2027-07-22 22:00:00","","","empty","West Kingdom Zoom is inviting you to a scheduled Zoom meeting. Topic: Winter’s Gate Business Meeting Time: This is a recurring meeting Meet anytime Join Zoom Meeting Meeting ID: 875 9336 5157 Passcode: 1066","https://us06web.zoom.us/j/87593365157?pwd=cXV3VmlXOTNSMlBjbFZNSUx0N21zZz09","","Kingdom of the West","kingdom","True","","","skipped"
"Winter’s Gate Business Meeting (Virtual – Fairbanks, AK Area)","2027-08-26 20:00:00","2027-08-26 22:00:00","","","empty","West Kingdom Zoom is inviting you to a scheduled Zoom meeting. Topic: Winter’s Gate Business Meeting Time: This is a recurring meeting Meet anytime Join Zoom Meeting Meeting ID: 875 9336 5157 Passcode: 1066","https://us06web.zoom.us/j/87593365157?pwd=cXV3VmlXOTNSMlBjbFZNSUx0N21zZz09","","Kingdom of the West","kingdom","True","","","skipped"
"Winter’s Gate Business Meeting (Virtual – Fairbanks, AK Area)","2027-09-23 20:00:00","2027-09-23 22:00:00","","","empty","West Kingdom Zoom is inviting you to a scheduled Zoom meeting. Topic: Winter’s Gate Business Meeting Time: This is a recurring meeting Meet anytime Join Zoom Meeting Meeting ID: 875 9336 5157 Passcode: 1066","https://us06web.zoom.us/j/87593365157?pwd=cXV3VmlXOTNSMlBjbFZNSUx0N21zZz09","","Kingdom of the West","kingdom","True","","","skipped"
"Winter’s Gate Business Meeting (Virtual – Fairbanks, AK Area)","2027-10-28 20:00:00","2027-10-28 22:00:00","","","empty","West Kingdom Zoom is inviting you to a scheduled Zoom meeting. Topic: Winter’s Gate Business Meeting Time: This is a recurring meeting Meet anytime Join Zoom Meeting Meeting ID: 875 9336 5157 Passcode: 1066","https://us06web.zoom.us/j/87593365157?pwd=cXV3VmlXOTNSMlBjbFZNSUx0N21zZz09","","Kingdom of the West","kingdom","True","","","skipped"
"Winter’s Gate Business Meeting (Virtual – Fairbanks, AK Area)","2027-11-25 20:00:00","2027-11-25 22:00:00","","","empty","West Kingdom Zoom is inviting you to a scheduled Zoom meeting. Topic: Winter’s Gate Business Meeting Time: This is a recurring meeting Meet anytime Join Zoom Meeting Meeting ID: 875 9336 5157 Passcode: 1066","https://us06web.zoom.us/j/87593365157?pwd=cXV3VmlXOTNSMlBjbFZNSUx0N21zZz09","","Kingdom of the West","kingdom","True","","","skipped"
"Winter’s Gate Business Meeting (Virtual – Fairbanks, AK Area)","2027-12-23 20:00:00","2027-12-23 22:00:00","","","empty","West Kingdom Zoom is inviting you to a scheduled Zoom meeting. Topic: Winter’s Gate Business Meeting Time: This is a recurring meeting Meet anytime Join Zoom Meeting Meeting ID: 875 9336 5157 Passcode: 1066","https://us06web.zoom.us/j/87593365157?pwd=cXV3VmlXOTNSMlBjbFZNSUx0N21zZz09","","Kingdom of the West","kingdom","True","","","skipped"
"Winter’s Gate Business Meeting (Virtual – Fairbanks, AK Area)","2028-01-27 20:00:00","2028-01-27 22:00:00","","","empty","West Kingdom Zoom is inviting you to a scheduled Zoom meeting. Topic: Winter’s Gate Business Meeting Time: This is a recurring meeting Meet anytime Join Zoom Meeting Meeting ID: 875 9336 5157 Passcode: 1066","https://us06web.zoom.us/j/87593365157?pwd=cXV3VmlXOTNSMlBjbFZNSUx0N21zZz09","","Kingdom of the West","kingdom","True","","","skipped"
"Winter’s Gate Business Meeting (Virtual – Fairbanks, AK Area)","2028-02-24 20:00:00","2028-02-24 22:00:00","","","empty","West Kingdom Zoom is inviting you to a scheduled Zoom meeting. Topic: Winter’s Gate Business Meeting Time: This is a recurring meeting Meet anytime Join Zoom Meeting Meeting ID: 875 9336 5157 Passcode: 1066","https://us06web.zoom.us/j/87593365157?pwd=cXV3VmlXOTNSMlBjbFZNSUx0N21zZz09","","Kingdom of the West","kingdom","True","","","skipped"
"Winter’s Gate Business Meeting (Virtual – Fairbanks, AK Area)","2028-03-23 20:00:00","2028-03-23 22:00:00","","","empty","West Kingdom Zoom is inviting you to a scheduled Zoom meeting. Topic: Winter’s Gate Business Meeting Time: This is a recurring meeting Meet anytime Join Zoom Meeting Meeting ID: 875 9336 5157 Passcode: 1066","https://us06web.zoom.us/j/87593365157?pwd=cXV3VmlXOTNSMlBjbFZNSUx0N21zZz09","","Kingdom of the West","kingdom","True","","","skipped"
"Winter’s Gate Business Meeting (Virtual – Fairbanks, AK Area)","2028-04-27 20:00:00","2028-04-27 22:00:00","","","empty","West Kingdom Zoom is inviting you to a scheduled Zoom meeting. Topic: Winter’s Gate Business Meeting Time: This is a recurring meeting Meet anytime Join Zoom Meeting Meeting ID: 875 9336 5157 Passcode: 1066","https://us06web.zoom.us/j/87593365157?pwd=cXV3VmlXOTNSMlBjbFZNSUx0N21zZz09","","Kingdom of the West","kingdom","True","","","skipped"
"Winter’s Gate Business Meeting (Virtual – Fairbanks, AK Area)","2028-05-25 20:00:00","2028-05-25 22:00:00","","","empty","West Kingdom Zoom is inviting you to a scheduled Zoom meeting. Topic: Winter’s Gate Business Meeting Time: This is a recurring meeting Meet anytime Join Zoom Meeting Meeting ID: 875 9336 5157 Passcode: 1066","https://us06web.zoom.us/j/87593365157?pwd=cXV3VmlXOTNSMlBjbFZNSUx0N21zZz09","","Kingdom of the West","kingdom","True","","","skipped"
"Worthies and Unworthies (Canale)","2027-02-20 00:00:00","2027-02-20 23:59:59","","Modesto, California","low","Save the Date","https://westkingdom.org/event/worthies-and-unworthies-canale/","","Kingdom of the West","kingdom","False","37.6393419","-120.9968892","ok"
"WotP 2027","2027-02-09","2027-02-16","","","empty","","https://www.atenveldt.org/event/wotp-2027/","","Kingdom of Atenveldt","kingdom","False","","","skipped"
"Yellow Rose Tourney III (Dismal Fogs)","2026-06-28","2026-06-29","“Dragon Hill” 29L Gidgee Road Dubbo NSW 2830 (private property of Steward and family).","“Dragon Hill” 29L Gidgee Road Dubbo NSW 2830 (private property of Steward and family).","low","Sadly Yellow Rose Tourney III had to be cancelled in May 2026 so we are holding the tourney during our scheduled monthly gathering. Heavy Tournament and Archery Competition with Pot Luck lunch. Bring your own drinks and snacks and a plate of food to share at lunch - some great ideas here on what to bring (including a link to Baron Hrolf's cookbook) - Please contact the Bookings Officer if you have any questions. Please note: Yellow Rose Tourney is a private function rather than a public entertainment, hosted by the Hamlet of Radburne. Guests are most welcome so long as they observe our customs and wear medieval costume while attending","https://radburne.lochac.sca.org/","","Kingdom of Lochac","kingdom","False","","","failed"
"Ynys Fawr Baronial Investiture (Ynys Fawr)","2026-06-27","2026-06-29","Cambridge Community Hall, 989 Cambridge Rd, Cambridge, TAS 7170, Australia.","989 Cambridge Rd, Cambridge, TAS 7170, Australia.","high","As dawn turns to dusk and ink runneth dry, the time hath come for Ynys Fawr to honour those who have held these lands in strength, and to turn the page unto a new chapter. Join us for a weekend of royal celebration, as we bid Baron David and Baroness Arabella a worthy and honourable farewell. And by candlelight, in the company of friends held dear, we shall raise our voices in glad acclaim to welcome our new Baron and Baroness: Lord Tosti Vicherovich Bogolyubskiy and Lady Sybil de Speresholt. All are welcome to come forth, share in the merriment, and bear witness to this turning of the age within the Barony we hold","","","Kingdom of Lochac","kingdom","False","-42.8367827","147.443034","ok"
"Youth Heavy Practice (RECURRING)","2026-06-07 19:30:00","2026-06-07 20:30:00","Camelot Common House, 69 Village Ct, Berlin, MA 01503, USA","69 Village Ct, Berlin, MA 01503, USA","high","Meet in the common house dojo. Loaner gear will be very limited at first. If you have your own equipment, please bring it. New families are warmly encouraged to come by, observe, hang out, and ask questions! Please note: Parents must remain on site with their children during practice [RECURRING — also on: 7 Jun 2026, 21 Jun 2026, 5 Jul 2026, 19 Jul 2026]","","","Shire of Quintavia","baronial","False","42.3737385","-71.6263268","ok"
"Yule (Fettburg)","2026-12-05 00:00:00","2026-12-05 23:59:59","","Stockton, California","low","Save the Date","https://westkingdom.org/event/yule-fettburg-2/","","Kingdom of the West","kingdom","False","37.9577016","-121.290779","ok"
"Yule (Hrafnafjordr)","2026-12-05 00:00:00","2026-12-05 23:59:59","","Kenai, Alaska","low","Save the Date","https://westkingdom.org/event/yule-hrafnafjordr/","","Kingdom of the West","kingdom","False","60.5544444","-151.258333","ok"
"Yule (Rivenoak)","2026-12-12 00:00:00","2026-12-12 23:59:59","","Chico, California","low","save the date","https://westkingdom.org/event/yule-rivenoak/","","Kingdom of the West","kingdom","False","39.7284945","-121.8374777","ok"
"Yule (Selviergard/Eskalya)","2026-12-12 00:00:00","2026-12-12 23:59:59","","","empty","Save the Date","https://westkingdom.org/event/yule-selviergard-eskalya-2/","","Kingdom of the West","kingdom","False","","","skipped"
"Yule (Winter’s Gate)","2026-12-05 00:00:00","2026-12-05 23:59:59","","Fairbanks, Alaska","low","Save the Date","https://westkingdom.org/event/yule-winters-gate/","","Kingdom of the West","kingdom","False","64.837845","-147.716675","ok"
"Yule 2026","2026-12-11 08:00:00","2026-12-11 17:00:00","Hunter’s Glade, 13159 Old Settlement Rd, FL, 32309, United States","13159 Old Settlement Rd, FL, 32309, United States","high","","https://trimaris.org/event/yule-2026/","","Kingdom of Trimaris","kingdom","False","30.554483","-84.0498534","ok"
"Yule at the Fort","2026-12-19 00:00:00","2026-12-21 00:00:00","Camp Dubois, 198 North Main Street, Wood River, IL 62095-1455","198 North Main Street, Wood River, IL 62095-1455","high","","","","Kingdom of the Middle","kingdom","False","38.861587","-90.105703","ok"
"al-Sahid Anniversary (al-Sahid)","2027-03-27","2027-03-28","","Victorville, California","low","","","","Kingdom of Caid","kingdom","False","34.5361067","-117.2911565","ok"
"Østgarðr Investiture & Østgarðr Fencing & Archery Championships","2026-08-29","2026-08-30","Østgarðr Investiture & Østgarðr Fencing & Archery Championships 94 Grove St Campbell Hall, NY 10916 US","94 Grove St Campbell Hall, NY 10916 US","high","","http://www.eastkingdom.org/EventDetails.php?eid=4588","","Kingdom of the East","kingdom","False","41.4506548","-74.2659071","ok_photon"
"👑🌹 Raptor War - Arn Hold","2026-09-04","2026-09-07","","","empty","","","","Kingdom of Artemisia","kingdom","False","","","skipped"
"👑🌹 🤴👸Kings Road - Everyone","2026-06-17","2026-06-22","Swift River Ranch, 4313 Duck Creek Rd, Billings, MT 59101","4313 Duck Creek Rd, Billings, MT 59101","high","Kings Road.pdf","https://drive.google.com/file/d/1EG0PpJNjbqexsPoItkH1TqWn9xTAMSLR/view?usp=sharing","","Kingdom of Artemisia","kingdom","False","45.7874957","-108.49607","ok_retry"
"👑🌹12th Night - Bronzehelm","2027-01-02","2027-01-03","","Billings, MT","low","","","","Kingdom of Artemisia","kingdom","False","45.7874957","-108.49607","ok"
"👑🌹Birthday - One Thousand Eyes","2026-11-14","2026-11-15","","","empty","","","","Kingdom of Artemisia","kingdom","False","","","skipped"
"👑🌹Defender's - Loch Salann","2027-03-06","2027-03-07","","","empty","","","","Kingdom of Artemisia","kingdom","False","","","skipped"
"👑🌹Fall Crown - Stonegate","2026-10-17","2026-10-18","","Pocatello, ID","low","","","","Kingdom of Artemisia","kingdom","False","42.8620287","-112.450627","ok"
"👑🌹Ghoul Days - River Serpent","2026-10-03","2026-10-04","","","empty","","","","Kingdom of Artemisia","kingdom","False","","","skipped"
"👑🌹Gulf Wars (Gleann Abhann)","2027-03-13","2027-03-22","","","empty","","","","Kingdom of Artemisia","kingdom","False","","","skipped"
"👑🌹Masked Ball - Arn Hold","2027-01-16","2027-01-17","","","empty","","","","Kingdom of Artemisia","kingdom","False","","","skipped"
"👑🌹Mystery Event - Arrow's Flight","2027-01-30","2027-01-31","","","empty","","","","Kingdom of Artemisia","kingdom","False","","","skipped"
"👑🌹Queen's Prize - Gryphon's Lair","2026-11-21","2026-11-22","","","empty","","","","Kingdom of Artemisia","kingdom","False","","","skipped"
"👑🌹Solstice Court - Loch Salann","2026-12-12","2026-12-13","","","empty","","","","Kingdom of Artemisia","kingdom","False","","","skipped"
"👑🌹Spring Coronation","2027-03-27","2027-03-28","","","empty","","","","Kingdom of Artemisia","kingdom","False","","","skipped"
"👑🌹Toys for Tots - Arrow's Flight","2026-11-07","2026-11-08","","","empty","","","","Kingdom of Artemisia","kingdom","False","","","skipped"
"👑🌹War of the Phoenix (Atenveldt)","2027-02-10","2027-02-15","","Phoenix, Arizona","low","","","","Kingdom of Artemisia","kingdom","False","33.4484367","-112.074141","ok"
"👑🌹🤴👸 Fall Coronation - Bronzehelm","2026-09-19","2026-09-20","","Billings, MT","low","","","","Kingdom of Artemisia","kingdom","False","45.7874957","-108.49607","ok"
"👑🤴👸 Uprising - One Thousand Eyes","2026-07-23","2026-07-27","5260 E 7N Rnch Rd, Ririe, ID 83443, USA","5260 E 7N Rnch Rd, Ririe, ID 83443, USA","high","Uprising.pdf","https://drive.google.com/file/d/1spWk5r-o6Eb0m-O4tWmx56LYzE1iOh5z/view?usp=sharing","","Kingdom of Artemisia","kingdom","False","43.63131","-111.773593","ok_retry"
"🤴👸Artemisia Games - Dragonmarch","2026-08-07","2026-08-10","Iron Springs Group Campground, 4 Service Rd No 20, Vernal, UT 84078, USA","4 Service Rd No 20, Vernal, UT 84078, USA","high","Artemisian Games XXV.pdf","https://drive.google.com/file/d/17RL63rCbMcW_NTiwS45eYepIN0Iw_wtS/view?usp=sharing","","Kingdom of Artemisia","kingdom","False","40.4556825","-109.528474","ok_retry"
"🤴👸Cut Purse Tourney - Dragonmarch","2026-07-18","2026-07-19","355 N 900 W, Vernal, UT 84078, USA","355 N 900 W, Vernal, UT 84078, USA","low","Cut Purse.pdf","https://drive.google.com/file/d/1LeG24RWQCvTzpxQj-P74Hu1se8iLyHIt/view?usp=sharing","","Kingdom of Artemisia","kingdom","False","40.4609882","-109.5453188","ok"
"🤴👸Harvest War - Côte du Ciel","2026-09-10","2026-09-14","","","empty","","","","Kingdom of Artemisia","kingdom","False","","","skipped"
"🤴👸Melee Madness - Loch Salann","2026-06-13","2026-06-14","1300 E Center St, Provo, UT 84606, USA","1300 E Center St, Provo, UT 84606, USA","high","Melee Madness.pdf","https://drive.google.com/file/d/1CLHDRVqS0jsYjTFDsCJeZ9mBSTDZOdbN/view?usp=sharing","","Kingdom of Artemisia","kingdom","False","40.2336906","-111.6410834","ok"
