{"type":"Topology","objects":{"data":{"geometries":[{"properties":{"kingdom":"Kingdom of Avacal","name":"Alberta","admin1":"CA-AB"},"type":"Polygon","arcs":[[0,-2,-48,-179]],"id":"feature_00"},{"properties":{"kingdom":"Principality of Tir Righ","name":"British Columbia","admin1":"CA-BC"},"type":"MultiPolygon","arcs":[[[1,2,-183,-49]],[[3]],[[4]],[[5]],[[6]],[[7]],[[8]],[[9]],[[10]],[[11]],[[12]],[[13]],[[14]],[[15]],[[16]],[[17]],[[18]],[[19]],[[20]],[[21]],[[22]],[[23]],[[24]]],"id":"feature_01"},{"properties":{"kingdom":"Kingdom of Northshield","name":"Manitoba","admin1":"CA-MB"},"type":"Polygon","arcs":[[-161,25,-181,-62,26]],"id":"feature_02"},{"properties":{"kingdom":"Principality of Tir Mara","name":"New Brunswick","admin1":"CA-NB"},"type":"MultiPolygon","arcs":[[[-42,27,-166,28]],[[29]],[[30]],[[31]]],"id":"feature_03"},{"properties":{"kingdom":"Principality of Tir Mara","name":"Newfoundland and Labrador","admin1":"CA-NL"},"type":"MultiPolygon","arcs":[[[-168,32]],[[33]],[[34]],[[35]],[[36]],[[37]],[[38]],[[39]],[[40]]],"id":"feature_04"},{"properties":{"kingdom":"Principality of Tir Mara","name":"Nova Scotia","admin1":"CA-NS"},"type":"MultiPolygon","arcs":[[[41,42]],[[43]],[[44]],[[45]],[[46]]],"id":"feature_05"},{"properties":{"kingdom":"Principality of Tir Righ","name":"Northwest Territories","admin1":"CA-NT"},"type":"MultiPolygon","arcs":[[[47,48,-185,49,-63,-180]],[[-65,50]],[[-67,51]],[[52]],[[53]],[[54]],[[-69,55]],[[-71,56]],[[57]],[[58]],[[59]],[[-73,60]]],"id":"feature_06"},{"properties":{"kingdom":"Principality of Tir Righ","name":"Nunavut","admin1":"CA-NU"},"type":"MultiPolygon","arcs":[[[61,62,63]],[[64,65]],[[66,67]],[[68,69,70,71]],[[72,73]],[[74]],[[75]],[[76]],[[77]],[[78]],[[79]],[[80]],[[81]],[[82]],[[83]],[[84]],[[85]],[[86]],[[87]],[[88]],[[89]],[[90]],[[91]],[[92]],[[93]],[[94]],[[95]],[[96]],[[97]],[[98]],[[99]],[[100]],[[101]],[[102]],[[103]],[[104]],[[105]],[[106]],[[107]],[[108]],[[109]],[[110]],[[111]],[[112]],[[113]],[[114]],[[115]],[[116]],[[117]],[[118]],[[119]],[[120]],[[121]],[[122]],[[123]],[[124]],[[125]],[[126]],[[127]],[[128]],[[129]],[[130]],[[131]],[[132]],[[133]],[[134]],[[135]],[[136]],[[137]],[[138]],[[139]],[[140]],[[141]],[[142]],[[143]],[[144]],[[145]],[[146]],[[147]],[[148]],[[149]],[[150]],[[151]],[[152]],[[153]],[[154]],[[155]],[[156]],[[157]],[[158]],[[159]]],"id":"feature_07"},{"properties":{"kingdom":"Kingdom of Ealdormere","name":"Ontario","admin1":"CA-ON"},"type":"MultiPolygon","arcs":[[[160,161,-170,162]],[[163,-172]]],"id":"feature_08"},{"properties":{"kingdom":"Principality of Tir Mara","name":"Prince Edward Island","admin1":"CA-PE"},"type":"Polygon","arcs":[[164]],"id":"feature_09"},{"properties":{"kingdom":"Kingdom of Ealdormere","name":"Qu\u00e9bec","admin1":"CA-QC"},"type":"MultiPolygon","arcs":[[[165,166]],[[167,168,169,170,171,172]],[[173]],[[174]],[[175]],[[176]],[[177]]],"id":"feature_10"},{"properties":{"kingdom":"Kingdom of Avacal","name":"Saskatchewan","admin1":"CA-SK"},"type":"Polygon","arcs":[[178,179,180,181]],"id":"feature_11"},{"properties":{"kingdom":"Principality of Tir Righ","name":"Yukon","admin1":"CA-YT"},"type":"MultiPolygon","arcs":[[[182,183,184]],[[185]]],"id":"feature_12"},{"properties":{"kingdom":"Kingdom of Drachenwald","name":"Norway","iso_a2":"-99"},"type":"MultiPolygon","arcs":[[[186]],[[-268,-195,187]],[[188]],[[189]]],"id":"feature_13"},{"properties":{"kingdom":"Kingdom of Drachenwald","name":"France","iso_a2":"-99"},"type":"MultiPolygon","arcs":[[[190]],[[-215,-227,-250,191,-241,192,-233,-230]],[[193]]],"id":"feature_14"},{"properties":{"kingdom":"Kingdom of Drachenwald","name":"Sweden","iso_a2":"SE"},"type":"Polygon","arcs":[[194,-267,195]],"id":"feature_15"},{"properties":{"kingdom":"Kingdom of Drachenwald","name":"Poland","iso_a2":"PL"},"type":"Polygon","arcs":[[196,-272,-273,-213,197,-206]],"id":"feature_16"},{"properties":{"kingdom":"Kingdom of Drachenwald","name":"Austria","iso_a2":"AT"},"type":"Polygon","arcs":[[-201,-261,-248,-226,-214,-275,-271]],"id":"feature_17"},{"properties":{"kingdom":"Kingdom of Drachenwald","name":"Hungary","iso_a2":"HU"},"type":"Polygon","arcs":[[198,-203,199,-224,-262,200,-270]],"id":"feature_18"},{"properties":{"kingdom":"Kingdom of Drachenwald","name":"Romania","iso_a2":"RO"},"type":"Polygon","arcs":[[-218,201,202,203]],"id":"feature_19"},{"properties":{"kingdom":"Kingdom of Drachenwald","name":"Lithuania","iso_a2":"LT"},"type":"Polygon","arcs":[[204,205,206,-209]],"id":"feature_20"},{"properties":{"kingdom":"Kingdom of Drachenwald","name":"Latvia","iso_a2":"LV"},"type":"Polygon","arcs":[[207,208,209,-211]],"id":"feature_21"},{"properties":{"kingdom":"Kingdom of Drachenwald","name":"Estonia","iso_a2":"EE"},"type":"Polygon","arcs":[[210,211]],"id":"feature_22"},{"properties":{"kingdom":"Kingdom of Drachenwald","name":"Germany","iso_a2":"DE"},"type":"Polygon","arcs":[[212,-276,213,-228,214,-229,-231,-235,215,-254,216]],"id":"feature_23"},{"properties":{"kingdom":"Kingdom of Drachenwald","name":"Bulgaria","iso_a2":"BG"},"type":"Polygon","arcs":[[217,218,-222,219]],"id":"feature_24"},{"properties":{"kingdom":"Kingdom of Drachenwald","name":"Greece","iso_a2":"GR"},"type":"MultiPolygon","arcs":[[[220]],[[221,222]]],"id":"feature_25"},{"properties":{"kingdom":"Kingdom of Drachenwald","name":"Croatia","iso_a2":"HR"},"type":"Polygon","arcs":[[223,224,-263]],"id":"feature_26"},{"properties":{"kingdom":"Kingdom of Drachenwald","name":"Switzerland","iso_a2":"CH"},"type":"Polygon","arcs":[[225,-251,226,227]],"id":"feature_27"},{"properties":{"kingdom":"Kingdom of Drachenwald","name":"Luxembourg","iso_a2":"LU"},"type":"Polygon","arcs":[[228,229,-232]],"id":"feature_28"},{"properties":{"kingdom":"Kingdom of Drachenwald","name":"Belgium","iso_a2":"BE"},"type":"Polygon","arcs":[[230,231,232,233,-236]],"id":"feature_29"},{"properties":{"kingdom":"Kingdom of Drachenwald","name":"Netherlands","iso_a2":"NL"},"type":"Polygon","arcs":[[234,235,236]],"id":"feature_30"},{"properties":{"kingdom":"Kingdom of Drachenwald","name":"Portugal","iso_a2":"PT"},"type":"Polygon","arcs":[[-239,237]],"id":"feature_31"},{"properties":{"kingdom":"Kingdom of Drachenwald","name":"Spain","iso_a2":"ES"},"type":"Polygon","arcs":[[238,239,240,241]],"id":"feature_32"},{"properties":{"kingdom":"Kingdom of Drachenwald","name":"Ireland","iso_a2":"IE"},"type":"Polygon","arcs":[[242,-257]],"id":"feature_33"},{"properties":{"kingdom":"Kingdom of Lochac","name":"New Zealand","iso_a2":"NZ"},"type":"MultiPolygon","arcs":[[[243]],[[244]]],"id":"feature_34"},{"properties":{"kingdom":"Kingdom of Lochac","name":"Australia","iso_a2":"AU"},"type":"MultiPolygon","arcs":[[[245]],[[246]]],"id":"feature_35"},{"properties":{"kingdom":"Kingdom of Drachenwald","name":"Italy","iso_a2":"IT"},"type":"MultiPolygon","arcs":[[[247,-265,248,249,250]],[[251]],[[252]]],"id":"feature_36"},{"properties":{"kingdom":"Kingdom of Drachenwald","name":"Denmark","iso_a2":"DK"},"type":"MultiPolygon","arcs":[[[253,254]],[[255]]],"id":"feature_37"},{"properties":{"kingdom":"Kingdom of Drachenwald","name":"United Kingdom","iso_a2":"GB"},"type":"MultiPolygon","arcs":[[[256,257]],[[258]]],"id":"feature_38"},{"properties":{"kingdom":"Kingdom of Drachenwald","name":"Iceland","iso_a2":"IS"},"type":"Polygon","arcs":[[259]],"id":"feature_39"},{"properties":{"kingdom":"Kingdom of Drachenwald","name":"Slovenia","iso_a2":"SI"},"type":"Polygon","arcs":[[260,261,262,263,264]],"id":"feature_40"},{"properties":{"kingdom":"Kingdom of Drachenwald","name":"Finland","iso_a2":"FI"},"type":"Polygon","arcs":[[265,266,267]],"id":"feature_41"},{"properties":{"kingdom":"Kingdom of Drachenwald","name":"Slovakia","iso_a2":"SK"},"type":"Polygon","arcs":[[268,269,270,-274,271]],"id":"feature_42"},{"properties":{"kingdom":"Kingdom of Drachenwald","name":"Czechia","iso_a2":"CZ"},"type":"Polygon","arcs":[[272,273,274,275]],"id":"feature_43"}],"type":"GeometryCollection"}},"bbox":[-141.002137,-46.641235,178.517094,83.116114],"transform":{"scale":[0.003195224262242622,0.0012975864658646588],"translate":[-141.002137,-46.641235]},"arcs":[[[9703,73702],[-1272,0]],[[6573,82185],[0,-4745],[9,-36],[17,-21],[4,-36],[6,-12],[23,-7],[24,-50],[-3,-14],[-45,-1],[-9,-2],[-1,-7],[7,-28],[1,-39],[12,-5],[11,-14],[31,-70],[13,-23],[10,-6],[18,8],[49,-9],[11,-7],[28,-85],[15,-25],[68,-51],[7,-3],[2,50],[7,24],[25,-18],[34,-45],[10,-25],[2,-43],[11,-6],[17,-24],[3,-42],[12,-48],[7,-11],[33,-5],[8,-8],[15,-33],[5,-40],[17,-32],[9,-26],[3,-26],[-10,-40],[20,-47],[7,-34],[12,-27],[-6,-32],[1,-25],[7,-17],[9,-2],[41,22],[5,11],[5,30],[8,15],[38,-42],[39,-28],[8,-9],[-1,-23],[-27,-62],[10,-31],[12,-19],[51,-51],[63,2],[12,12],[9,-3],[23,-84],[53,-93],[12,-31],[31,-116],[8,-17],[26,2],[5,5],[2,23],[5,14],[11,14],[12,9],[14,-7],[12,-25],[21,-83],[21,-28],[14,-32],[14,-23],[11,-35],[21,-39],[10,-77],[9,-19],[23,-20],[13,-23],[25,-23],[4,-5],[2,-10],[7,-52],[5,-16],[17,-21],[46,-24],[55,-84],[7,-20],[3,-21],[-16,-30],[1,-11],[63,-76],[11,-20],[4,-3],[3,0],[5,1],[4,0],[4,-7],[7,-17],[4,-18],[-2,-14],[-2,-10],[2,-6],[12,-31],[14,-25],[5,-7],[6,3],[19,21],[11,0],[14,-6],[17,-24],[64,-144],[23,-177],[15,-52],[5,-32],[0,-27],[-8,-23],[-3,-16],[15,-106],[-1,-51],[-14,-67],[-16,-31],[1,-12],[5,-15],[12,-10],[25,-4],[7,-5],[0,-19],[-4,-52],[1,-24],[7,-20],[27,-47],[16,-46],[13,-17],[2,-15],[8,-17],[51,-32],[9,-17],[9,-40],[24,-44],[2,-18],[-4,-16]],[[8431,73702],[-2731,0],[-12,27],[-30,36],[-12,0],[-13,-11],[-7,-17],[-7,-35],[-12,0],[-10,48],[3,22],[10,26],[-1,10],[-22,-8],[-10,7],[-4,14],[1,55],[-12,32],[15,13],[36,11],[37,1],[11,23],[11,58],[-27,-53],[-16,-6],[-49,20],[-33,-3],[-4,12],[1,12],[7,12],[6,40],[7,114],[10,42],[4,22],[-3,5],[-43,-79],[-3,-25],[4,-22],[-4,-44],[-20,-13],[-12,7],[-22,-38],[-7,-4],[-103,66],[-10,9],[-18,31],[-25,53],[-8,45],[10,38],[9,19],[11,0],[11,-14],[24,-62],[9,-39],[25,5],[39,50],[10,18],[-40,-19],[-17,2],[-17,20],[-18,40],[-9,45],[0,143],[6,28],[19,20],[13,35],[-1,14],[-12,29],[-17,22],[-17,12],[-4,-4],[26,-62],[-1,-24],[-29,-61],[-4,-18],[0,-60],[-4,-12],[-23,-17],[-26,-47],[-44,-16],[-41,5],[-22,23],[-69,115],[-25,48],[0,41],[-47,143],[0,30],[-16,45],[-19,6],[-4,42],[38,92],[23,77],[3,24],[-1,38],[-6,83],[5,36],[-23,-48],[-5,-35],[6,-36],[-4,-40],[-13,-57],[-23,-60],[-48,-29],[-83,16],[-10,8],[-5,20],[-5,89],[-5,-11],[-9,-47],[-8,-68],[-10,-15],[-17,-1],[-14,11],[-10,22],[-21,2],[-39,-18],[-18,7],[-22,1],[-45,20],[-52,5],[-15,15],[1,30],[10,14],[55,13],[54,32],[53,15],[-2,16],[-24,5],[-122,-34],[-38,4],[-7,5],[-1,35],[14,33],[24,31],[7,23],[-14,10],[-22,-7],[-10,19],[12,73],[-11,74],[-14,-70],[-22,-39],[-102,-17],[-17,-20],[-14,0],[-66,38],[-28,22],[-26,34],[-47,76],[-36,49],[-2,90],[8,58],[17,65],[67,139],[23,26],[20,9],[98,13],[73,17],[14,8],[-107,11],[-96,-7],[-32,-22],[-42,-90],[-11,-38],[-11,-27],[-7,-1],[-14,10],[-5,12],[-6,29],[-22,47],[-10,53],[-6,79],[2,35],[10,45],[32,88],[-41,-2],[5,74],[15,80],[38,48],[39,34],[35,45],[61,30],[21,-61],[53,-19],[15,-28],[19,-51],[23,-49],[27,-46],[8,-3],[-12,40],[-45,87],[-2,30],[-11,34],[-60,48],[-10,18],[-11,49],[-4,31],[7,30],[60,93],[13,49],[0,23],[-4,26],[-13,44],[-4,0],[4,-67],[-2,-27],[-7,-30],[-10,-22],[-12,-15],[-129,-211],[-13,-12],[-48,-20],[-25,-22],[-13,-30],[-21,-77],[-29,-154],[-34,-125],[-28,162],[-52,123],[101,123],[2,19],[-10,66],[3,19],[10,29],[25,42],[-1,4],[-30,-15],[-45,-95],[-18,-30],[-10,-4],[-1,56],[25,144],[20,141],[7,40],[18,41],[-17,-3],[-81,-63],[-27,40],[-23,203],[-40,80],[-68,65],[-66,30],[-15,58],[-13,70],[17,83],[30,39],[26,18],[26,-8],[1,-31],[-17,-81],[23,-8],[91,-99],[19,-8],[38,38],[21,-1],[50,-31],[16,-38],[48,-73],[-7,43],[-52,89],[-29,29],[-50,6],[-32,-15],[-13,4],[-28,23],[-23,37],[-24,82],[-5,38],[1,28],[6,26],[10,23],[19,17],[29,10],[9,10],[-37,47],[-17,0],[-58,-69],[-12,-5],[-5,13],[-5,1],[-17,-34],[-13,-15],[-48,-105],[-7,-50],[-3,-75],[-5,-47],[-9,-19],[-55,-36],[-32,-74],[-39,64],[-42,61],[-28,107],[-51,18],[-59,61],[-23,54],[32,110],[46,84],[7,100],[7,21],[79,25],[51,50],[-53,4],[-32,-7],[-58,-35],[-65,69],[-33,62],[-10,54],[11,45],[2,46],[6,62],[6,27],[13,35],[28,23],[24,71],[10,50],[50,149],[19,65],[34,89],[69,140],[-22,-7],[-11,-12],[-11,1],[-11,15],[-9,31],[-10,47],[-5,-21],[-1,-88],[-7,-76],[-12,-53],[-34,-107],[-20,-42],[-13,39],[10,67],[20,53],[3,74],[-18,87],[-12,70],[-4,53],[0,48],[3,44],[7,48],[13,52],[-2,6],[4,48],[-3,49],[-10,39],[-13,34],[-37,-21],[-62,31],[-20,83],[-54,26],[-29,59],[-59,29],[-48,21],[-36,34],[-43,40],[-42,43],[-33,32],[-24,-2],[-54,-5],[-2,73],[-17,45],[6,39],[-30,20],[-44,29],[13,74],[10,57],[-40,16],[-56,25],[18,50],[15,41],[-22,60],[-44,101],[-34,72],[-44,111],[-39,99],[-32,80],[-26,56],[-37,99],[-49,112],[-46,88],[7,57],[-46,71],[-40,72],[-45,83],[-46,41],[-32,29],[-47,42],[-25,37],[-10,32],[-10,23],[-10,31],[-5,36],[-10,22],[-56,54],[-18,34],[-39,39],[-32,17],[-12,13],[-40,118],[7,42],[4,42],[-4,22],[-66,89],[-34,37],[-33,39],[-71,-50],[-73,-51],[-51,-18],[-70,-26],[23,-56],[-9,-40],[-22,-19],[-37,2],[-1,-138],[-35,-98],[-73,-2],[-39,-34],[-59,-50],[-47,-40],[-51,-66],[-25,9],[11,59],[-19,99],[-15,82],[-32,42],[-55,72],[-41,53],[-58,76],[-41,54],[-42,55],[-56,73],[-23,95],[-51,34],[-55,37],[-4,7]],[[3376,78351],[-1,26],[15,60],[42,124],[-1,35],[-6,53],[-19,86],[-7,47],[-2,53],[3,50],[8,47],[12,43],[15,41],[-20,-79],[-10,-73],[4,-85],[13,-76],[10,-51],[4,-35],[3,-30],[-1,-36],[-15,-46],[-47,-154]],[[3376,78351],[3,-61],[-45,-102],[-58,-51],[-13,16],[26,50],[56,86],[31,62]],[[3153,77930],[-7,-1],[-3,16],[2,33],[10,56],[5,13],[40,-10],[6,-4],[2,-10],[-4,-18],[-13,-26],[-38,-49]],[[2612,77659],[29,-46],[69,29],[12,-5],[13,-18],[15,-37],[15,-56],[4,-62],[-6,-22],[-13,-24],[-109,-98],[-3,-10],[2,-9],[10,-9],[22,1],[87,24],[5,17],[6,78],[12,41],[1,30],[-8,74],[0,30],[61,6],[38,27],[39,51],[8,-2],[-5,-91],[-6,-28],[-37,-112],[-21,-98],[-10,-97],[-2,-161],[-9,-54],[-17,-34],[-105,-59],[-55,4],[-48,54],[-23,36],[18,44],[11,2],[34,-8],[27,-17],[11,-1],[-2,11],[-74,83],[-55,38],[-17,42],[0,33],[-4,19],[-44,114],[-8,46],[-6,64],[0,66],[10,106],[5,12],[18,-1],[31,-13],[74,-10]],[[3369,77528],[-9,-27],[-22,-44],[-15,-17],[-7,9],[-20,5],[-21,43],[-16,17],[-11,1],[-6,-15],[-1,-21],[3,-27],[-2,-11],[-6,2],[-7,12],[-6,22],[-1,23],[4,23],[15,31],[48,63],[14,12],[16,-3],[25,-29],[6,-9],[19,-60]],[[3491,76919],[-7,-3],[-20,10],[-68,130],[-48,48],[-33,64],[-34,41],[21,67],[18,-8],[62,-55],[50,-53],[29,-34],[59,-148],[-4,-21],[-25,-38]],[[3704,76881],[-2,-6],[-32,0],[-9,8],[-6,16],[-2,25],[5,29],[19,57],[1,24],[4,10],[13,-28],[6,-27],[3,-108]],[[3896,76743],[15,-246],[-1,-78],[-21,-52],[-15,-86],[-17,-39],[-17,52],[-1,85],[-4,69],[-6,32],[7,127],[-8,-9],[-19,-56],[-21,-4],[-39,64],[-19,51],[-3,53],[-26,57],[-2,19],[2,21],[21,57],[8,37],[7,78],[9,30],[20,-4],[35,-35],[37,-38],[33,-52],[25,-133]],[[2894,76940],[32,-71],[10,-64],[-4,-75],[-51,-29],[-26,23],[-11,-4],[-18,-23],[21,-10],[30,-37],[26,-48],[36,-9],[49,-33],[-37,-61],[-5,-34],[45,-97],[5,-24],[14,-5],[35,8],[4,-7],[0,-20],[-21,-56],[2,-11],[19,-9],[37,-1],[8,-55],[-33,-51],[-63,65],[-28,65],[-16,60],[-19,34],[-58,75],[-88,163],[-23,24],[-23,64],[-7,31],[1,21],[9,11],[26,7],[0,32],[-101,56],[-12,12],[-13,39],[7,5],[56,-6],[60,18],[37,15],[15,17],[30,23],[12,-1],[31,-27]],[[3658,76784],[-5,-7],[-13,11],[-12,20],[-21,57],[-7,24],[-5,39],[4,7],[10,-4],[6,-7],[34,-94],[9,-46]],[[3776,76412],[-10,-35],[-42,85],[-15,24],[-31,90],[-6,38],[2,22],[5,8],[10,-5],[9,-10],[60,-100],[17,-47],[1,-70]],[[3954,76328],[-24,-10],[8,41],[2,24],[-4,23],[-3,45],[-1,105],[23,66],[37,1],[-1,-33],[-15,-148],[-8,-69],[-6,-26],[-8,-19]],[[3121,75989],[-5,-1],[-11,16],[-7,26],[-4,67],[3,27],[3,11],[27,-43],[-6,-103]],[[4093,75614],[-5,-13],[-13,0],[-20,13],[-14,28],[-18,89],[2,16],[6,15],[28,32],[11,-3],[3,-24],[17,-52],[5,-15],[0,-62],[-2,-24]],[[4320,74971],[156,-96],[155,-48],[115,-56],[70,-17],[25,-12],[16,-20],[20,-48],[33,-114],[25,-73],[52,-126],[42,-90],[9,-36],[-9,-11],[1,-21],[31,-87],[59,-79],[46,-37],[97,-61],[59,-59],[19,-41],[26,-40],[10,-28],[22,-102],[39,-98],[41,-186],[7,16],[5,55],[4,12],[9,6],[8,-21],[7,-49],[26,-117],[-8,-34],[-8,-3],[-34,16],[-13,-21],[-16,-43],[-11,-17],[-7,8],[-101,41],[-62,39],[-82,60],[-98,64],[-56,43],[-46,45],[-33,38],[-6,32],[2,15],[63,103],[26,56],[10,42],[6,45],[-4,55],[-3,-4],[-5,-53],[-10,-46],[-11,-37],[-7,-13],[-76,-18],[-60,6],[-31,-44],[-9,-6],[-17,15],[-37,58],[-52,49],[5,12],[34,24],[19,36],[-4,6],[-12,-2],[-11,7],[-21,47],[-12,12],[-26,-21],[-11,-1],[-10,31],[15,71],[0,16],[-26,-25],[-9,8],[-8,23],[-8,10],[-22,-5],[-23,21],[-8,-8],[-3,-31],[-8,-8],[-36,52],[-8,2],[-17,-40],[-6,-2],[-10,17],[-4,96],[2,27],[5,9],[31,22],[89,24],[7,17],[-67,-9],[-17,13],[-19,33],[-19,0],[-11,10],[-10,24],[-29,86],[-19,22],[-33,14],[-17,17],[-7,-8],[-7,-24],[-9,-16],[-22,-8],[-21,6],[-16,24],[-9,29],[-4,34],[9,44],[0,18],[-4,21],[-7,16],[-11,13],[-6,-7],[-1,-26],[-6,-19],[-18,-14],[-15,25],[-10,36],[-12,25],[-65,0],[-30,-33],[-14,-3],[-15,8],[-3,17],[14,48],[-3,63],[-4,15],[-30,10],[-5,15],[18,77],[10,14],[13,6],[59,6],[20,-11],[29,-46],[-1,17],[-11,53],[-1,31],[19,36],[-18,11],[-71,8],[1,-23],[5,-32],[-41,-29],[-31,-5],[-30,5],[-24,17],[-41,68],[-26,68],[1,36],[14,39],[19,26],[44,23],[57,2],[64,-31],[161,-139]],[[4951,74553],[-4,-41],[-20,66],[-31,140],[4,32],[14,47],[12,3],[21,-22],[17,-39],[5,-15],[11,-40],[5,-36],[-12,-44],[-22,-51]],[[5015,74501],[-7,-7],[-8,87],[9,32],[3,16],[-1,16],[17,-39],[6,-27],[3,-37],[0,-9],[-22,-32]],[[4494,74174],[-12,-4],[-19,10],[-23,22],[-39,59],[-4,13],[4,11],[11,10],[2,15],[-9,43],[32,26],[27,-22],[13,-27],[15,-48],[7,-55],[0,-37],[-5,-16]],[[5273,74116],[4,-16],[-69,60],[-30,36],[-11,25],[-8,15],[-35,38],[-6,17],[8,13],[24,-7],[39,-29],[35,-47],[49,-105]],[[4666,73980],[9,-70],[-38,11],[-14,14],[0,33],[7,32],[29,-12],[7,-8]],[[5518,73619],[-4,-8],[-49,54],[-33,72],[-14,43],[65,-108],[33,-36],[2,-17]],[[5498,73518],[-13,-20],[-7,3],[-6,13],[-20,136],[8,-3],[28,-42],[-7,-17],[21,-40],[5,-29],[-9,-1]],[[14349,73992],[-1,-128],[-2,-163],[-73,1],[-1869,0]],[[14469,82186],[-5,-38],[3,-366],[-4,-162],[-9,-90],[-16,-49],[-27,-14],[34,-15],[22,-23],[10,-34],[10,-56],[12,-25],[16,4],[14,-6],[12,-15],[38,-79],[41,-23],[2,-44],[-16,-247],[0,-32],[19,62],[20,192],[27,85],[21,18],[86,9],[92,-21],[35,-3],[30,12],[31,-24],[8,-24],[8,-100],[9,-58],[55,-204],[26,-115],[32,-178],[11,-51],[67,-239],[12,-64],[6,-50],[-3,-35],[-12,-53],[-22,-73],[-20,-56],[-19,-38],[-20,-28],[-20,-19],[1,-5],[23,9],[23,19],[44,50],[17,11],[48,7],[2,-18],[-23,-37],[5,-3],[33,29],[72,42],[284,137],[67,12],[96,-25],[77,-58],[84,-75],[89,-54],[141,-51],[41,-24],[82,-25]],[[24001,71268],[-28,-6],[-25,-16],[-17,46],[-30,62],[-3,-26],[15,-77],[-58,-135],[-37,-9],[-50,-63],[-70,-55],[-82,-105],[-107,-88],[-22,0],[-48,72],[13,33],[13,45],[-12,-13],[-8,-19],[-29,-31],[24,-61],[-12,-22],[-34,-30],[-31,-43],[-27,-29],[-23,37],[-61,-46],[-52,-13],[-11,24],[-3,37],[-18,9],[-34,-11],[-13,20],[-14,10],[-14,8],[-11,6],[-6,-11],[-7,-14],[-7,-11],[-17,15],[-10,28],[-16,29],[-7,22],[4,25],[7,25],[3,29],[-8,33],[-7,19],[-5,22],[2,21],[10,9],[9,13],[4,27],[-6,29],[-17,12],[-14,-5],[-20,7],[-20,18],[-13,21],[-9,11],[-8,0],[-9,12],[-6,20],[1,33],[2,19],[6,18],[0,19],[-2,13],[-1,11],[2,14],[3,27],[-5,20],[-1,69],[-1,128],[-1,99],[-1,124],[0,90],[-1,127],[-1,120],[-1,114],[-40,65],[-51,83],[-43,54],[-24,7],[-15,-8],[-6,-22],[-32,-23],[-59,-25],[-50,-39],[-18,0],[-16,7],[-21,19],[-14,29],[-1,16]],[[23253,72954],[23,-9],[63,43],[22,-5],[46,-55],[113,-60],[30,-40],[28,-126],[18,-20],[39,13],[44,63],[36,33],[71,27],[-14,-41],[54,3],[53,-56],[-20,-39],[-27,-80],[-18,-155],[-55,-104],[-73,-102],[19,-25],[21,-15],[47,30],[31,-2],[35,-19],[-11,-80],[-12,-54],[7,-50],[21,-96],[28,-21],[11,-122],[15,-67],[-2,-54],[29,-34],[5,-55],[103,-15],[21,-21],[71,-21],[14,-15],[13,-30],[-71,-67],[8,-6]],[[23950,72905],[-36,-40],[16,60],[7,15],[6,7],[6,-5],[1,-37]],[[23940,72849],[-8,-56],[-27,-48],[-14,-3],[-6,4],[7,31],[0,54],[22,7],[8,-5],[18,16]],[[23235,70379],[-43,-41],[17,104],[13,32],[18,-10],[-3,-63],[-2,-22]],[[23907,82420],[36,-29],[20,-31],[5,-44],[-34,-59],[-58,-44],[-17,-19],[11,-12],[54,36],[48,16],[38,0],[32,-71],[4,-97],[-18,-81],[24,40],[30,23],[24,-53],[3,-44],[12,-40],[28,-55],[28,-47],[-31,-50],[-38,-30],[8,-22],[52,-24],[7,-24],[-6,-32],[8,0],[36,50],[30,-7],[39,-107],[-28,-61],[-44,-28],[-35,-11],[-48,1],[-19,-9],[10,-20],[46,-1],[70,16],[53,25],[23,2],[24,-11],[8,-8],[-25,-18],[-2,-6],[10,-18],[19,-58],[-1,-13],[-19,-34],[30,-7],[42,16],[13,-18],[26,-69],[17,-72],[-72,-97],[-36,-21],[-54,-51],[-15,-42],[-31,-53],[20,1],[55,85],[27,20],[21,-5],[8,-15],[-4,-23],[17,3],[75,49],[31,10],[41,4],[4,-18],[-25,-119],[-43,-92],[-79,-56],[-27,-33],[-35,-54],[13,-9],[75,70],[51,28],[72,22],[32,-3],[56,-140],[33,-14],[26,7],[50,-40],[19,-39],[-5,-28],[-17,-17],[-8,-26],[20,-77],[-12,-44],[-36,-39],[-26,-19],[-27,-6],[-27,-34],[-12,-5],[-37,8],[13,-21],[18,-10],[29,-6],[34,11],[34,-2],[52,-24],[22,-31],[0,-8],[-11,-18],[-17,-56],[-12,-21],[10,-15],[27,-23],[19,-9],[26,8],[27,-11],[93,-133],[-4,-68],[-14,-53],[5,-59],[1,-74],[-50,-20],[-166,34],[-96,53],[-4,16],[26,34],[-23,3],[-28,-14],[-12,-13],[32,-55],[88,-48],[39,-59],[42,-5],[13,-11],[24,-34],[-7,-12],[-43,-4],[-35,-40],[22,-23],[77,-20],[56,-6],[28,-22],[-23,-26],[-65,-30],[-2,-44],[48,-18],[43,11],[18,-5],[13,-108],[7,-22],[-46,-19],[-1,-21],[31,-17],[51,-14],[17,-19],[4,-32],[10,-17],[29,-3],[33,40],[19,33],[27,-12],[2,-42],[34,-48],[12,-8],[9,-68],[27,60],[20,-12],[22,-3],[-7,-59],[-14,-45],[18,-29],[14,-43],[36,-58],[-10,-29],[-43,-60],[-23,-95],[-5,-33],[-22,-55],[-30,-53],[19,6],[67,97],[40,33],[89,18],[21,27],[32,12],[20,-32],[2,-56],[26,-17],[28,18],[25,-16],[-15,-36],[-80,-144],[-24,-58],[-6,-41],[27,56],[101,130],[11,19],[22,56],[20,36],[54,-13],[28,-26],[13,-73],[22,-79],[33,-88],[87,-42],[32,-7],[55,30],[9,41],[43,12],[30,-5],[10,-79],[32,-42],[32,-34],[31,-18],[45,-8],[24,-38],[0,-16],[-25,-41],[-24,-59],[-43,-42],[-59,-2],[-82,-26],[-4,-23],[-18,-26],[-43,-25],[-24,-20],[-39,-96],[-23,-41],[-27,-8],[-38,4],[-25,-9],[-18,-18],[-11,-26],[-8,-10],[-51,-26],[-92,-73],[-49,-3],[-31,9],[-23,-6],[-15,-21],[-44,-35],[-14,-22],[-7,-25],[-6,-52],[-6,-18],[-8,-11],[-37,11],[-42,33],[8,-35],[66,-60],[19,-33],[-18,-29],[-42,-45],[-5,-24],[17,-13],[-6,-20],[-23,-22],[2,-9],[3,-8],[57,31],[50,66],[33,68],[17,18],[65,25],[38,30],[55,53],[60,77],[66,101],[84,79],[102,57],[74,29],[48,2],[2,9],[-42,18],[-36,4],[-43,-13],[-14,30],[1,14],[15,23],[37,20],[180,-28],[63,-22],[68,-184],[15,-59],[5,-43],[-7,-27],[-27,-32],[-77,-63],[-11,-17],[-1,-9],[33,-13],[11,-17],[17,-71],[35,46],[65,111],[54,52],[45,14],[54,6],[18,-1],[7,-36],[28,-72],[26,-19],[50,-10],[45,-89],[18,-62],[16,-36],[-1,-25],[2,-20],[12,-31],[6,-26],[-3,-60],[-26,-103],[19,-94],[-9,-42],[-4,-68],[17,-45],[5,-26],[-15,-16],[-99,-37],[-40,-1],[-10,-22],[30,-7],[55,1],[67,-23],[29,-25],[13,-36],[-3,-28],[-19,-21],[-38,4],[-36,19],[2,-19],[54,-46],[16,-23],[29,-30],[5,-39],[-7,-41],[-101,-160],[-83,-102],[-83,-90],[-134,-172],[-13,-8],[-24,-4],[-1,1]],[[24805,80300],[27,-23],[7,-84],[-50,5],[-56,56],[-11,41],[1,7],[7,7],[15,-10],[14,15],[14,5],[32,-19]],[[25040,79132],[3,-19],[-48,14],[-17,12],[-1,12],[2,19],[10,23],[22,17],[12,-9],[26,-23],[3,-14],[-12,-32]],[[26803,75934],[-15,-1],[-3,9],[6,30],[16,34],[23,9],[-6,-50],[-21,-31]],[[26772,75662],[-23,-77],[-16,-37],[-15,-12],[-31,-11],[-66,-12],[-28,-12],[-4,-51],[4,-27],[10,-21],[12,-6],[27,13],[11,-3],[8,-10],[6,-20],[3,-26],[0,-35],[-5,-41],[-22,-97],[-28,-54],[-37,-43],[-8,-17],[-5,-20],[-5,-64],[-18,-51],[-59,-129],[-22,-28],[0,-23],[-10,-62],[-17,-49],[-48,-113],[-12,-40],[-6,-32],[1,-45],[-2,-20],[-11,-37],[-16,-36],[-3,-17],[6,-32],[7,-10],[0,-29],[-4,-46],[20,29],[46,105],[34,63],[23,22],[16,28],[17,61],[24,59],[21,19],[9,-11],[9,-29],[-2,-37],[-12,-44],[1,-13],[27,32],[47,27],[17,-3],[34,-41],[28,5],[45,23],[8,-10],[-7,-36],[-18,-34],[-42,-49],[-101,-96],[-31,-66],[6,2],[22,28],[23,16],[24,2],[10,-9],[-4,-18],[-3,-51],[-61,-99],[14,4],[71,45],[43,-62],[59,21],[35,21],[-1,-13],[8,-27],[0,-43],[3,-7],[17,15],[3,16],[-1,78],[5,8],[12,-12],[7,-21],[2,-56],[-8,-57],[-10,-52],[-26,-76],[3,-33],[-7,-36],[6,-1],[26,33],[1,14],[-2,31],[3,16],[22,34],[35,41],[12,6],[5,-9],[-2,-25],[10,6],[23,37],[21,22],[19,8],[20,25],[21,44],[23,35],[24,28],[10,2],[-4,-46],[5,-53],[1,-46],[5,-9],[18,48],[10,18],[13,7],[14,-4],[98,18],[30,-12],[33,-32],[43,-49],[16,-44],[2,-56],[-4,-39],[-30,-49],[-27,-33],[-17,-32],[-4,-32],[-7,-20],[-18,-28],[-81,-79],[20,-2],[46,17],[31,4],[1,-12],[-12,-22],[-23,-22],[-3,-11],[1,-14],[25,-17],[32,8],[27,-12],[-2,-18],[-22,-61],[-6,-39],[-28,-32],[-57,-51],[-15,-19],[3,-4],[53,37],[26,9],[17,1],[19,35],[29,12],[29,-22],[44,62],[16,8],[27,-7],[17,11],[29,42],[22,20],[4,-2],[5,-16],[2,-49],[-5,-43],[-7,-27],[-24,-61],[-14,-21],[-14,-8],[-23,3],[-11,-9],[-22,-48],[-39,-48],[-25,-19],[15,-26],[6,-50],[-8,-16],[-43,-15],[-1,-9],[-16,-11],[-34,-17],[23,-8],[44,12],[5,-8],[-6,-36],[-12,-36],[-52,-94],[-1,-10],[9,-46],[10,-35],[12,-24],[29,-2],[22,11],[31,63],[69,196],[62,54],[51,61],[12,-13],[6,-14],[-2,-14],[-26,-50],[-14,-41],[-35,-127],[-13,-59],[-7,-63],[2,-109],[3,-18],[11,-26],[21,22],[35,54],[22,51],[18,84],[11,32],[12,-1],[10,-18],[3,-40],[9,-55],[6,-56],[-4,-61],[-5,-34],[-72,-249],[8,-44],[2,-27],[-3,-28],[-22,-119],[-22,-75],[-12,-32],[-14,-20],[-16,-7],[-15,11],[-13,29],[-11,15],[-10,1],[-19,-6],[-48,-61],[-10,-3],[-7,8],[-8,32],[7,161],[4,53],[-10,41],[10,68],[1,26],[-6,10],[-12,-6],[-19,-35],[-25,-62],[-26,-56],[-47,-77],[-21,-15],[-8,4],[-10,10],[-13,33],[1,28],[5,39],[20,91],[38,136],[32,96],[6,41],[-9,18],[-7,35],[-12,105],[-16,85],[-18,39],[-45,41],[-9,-10],[-4,-58],[-54,-166],[-9,-72],[-7,-27],[-10,-18],[-23,-22],[6,38],[25,86],[-4,8],[-31,-69],[-24,-38],[-29,-10],[-18,3],[-17,-11],[-73,-162],[-3,-54],[-13,-45],[-36,-80],[-19,-28],[-27,-5],[-24,14],[-16,-3],[-38,-25],[-43,-11],[-18,5],[-11,11],[-21,31],[-3,22],[1,13],[11,34],[25,42],[21,16],[51,21],[37,31],[28,47],[13,29],[53,147],[67,51],[34,43],[23,53],[3,19],[-33,-27],[-17,-7],[-28,10],[-12,18],[-39,-5],[-53,8],[-7,-14],[-7,-71],[-7,-38],[-8,-13],[-12,-7],[-24,-8],[-63,26],[-11,14],[-16,10],[-69,-23],[-14,2],[14,17],[67,52],[8,151],[-5,24],[-19,-21],[-31,-22],[-22,7],[-10,13],[-9,-11],[-22,-80],[-13,-10],[-20,-3],[-42,-29],[-82,-19],[-16,-21],[-56,7],[-163,44],[-59,-4],[-70,26],[-13,12],[-98,-5],[-29,6],[2,33],[-3,9],[-29,-37],[-25,-23],[-33,-21],[-103,-35],[-55,-7],[-32,24],[-12,24],[-19,80],[-13,99],[0,18],[6,34],[22,48],[97,126],[79,128],[33,66],[32,24],[52,55],[2,7],[-51,-7],[-36,15],[-36,6],[-69,-15],[-70,0],[-1,29],[33,53],[69,92],[8,0],[-22,-43],[-6,-32],[9,-21],[11,-13],[40,-6],[9,19],[14,98],[30,114],[16,81],[29,63],[14,9],[12,-11],[42,-15],[42,-58],[14,-4],[5,5],[-16,17],[-13,26],[-5,26],[16,79],[18,22],[3,16],[-36,0],[-30,22],[-9,36],[2,63],[10,38],[23,49],[29,33],[17,-8],[33,-45],[20,13],[-2,14],[-31,71],[-10,52],[1,25],[67,250],[33,134],[44,204],[11,32],[22,61],[9,16],[30,0],[18,8],[-27,26],[-9,19],[-1,19],[7,21],[10,15],[35,32],[24,54],[15,64],[-2,21],[-8,22],[1,12],[18,13],[48,75],[6,15],[17,100],[21,45],[20,23],[32,28],[97,69],[57,61],[39,-3],[11,-43],[55,-28],[9,30],[-12,37],[10,16],[46,13],[7,-5],[14,-21],[-2,-20]],[[26748,75032],[-10,-8],[-10,0],[-9,9],[-2,15],[10,31],[24,16],[18,-4],[-1,-15],[-10,-26],[-10,-18]],[[27199,74281],[24,-50],[12,-14],[-81,-54],[-9,-4],[-6,7],[-1,50],[4,39],[6,6],[18,-23],[20,48],[13,-5]],[[27055,74161],[-48,-45],[-11,-18],[-13,-9],[-10,14],[-14,48],[2,16],[13,2],[8,-6],[2,-15],[6,-8],[9,0],[36,46],[19,8],[7,-9],[-6,-24]],[[27158,72506],[-16,-27],[-15,1],[2,24],[19,45],[10,33],[0,20],[4,15],[14,17],[13,30],[-6,-57],[-25,-101]],[[24001,71268],[13,11],[17,40],[18,49],[34,10],[6,27]],[[24089,71405],[49,-41],[54,-78],[42,15],[19,-3],[47,-48],[13,-25],[7,-21],[24,5],[34,18],[62,-4],[66,-28],[-6,-42],[-10,-29],[52,10],[32,-30],[11,14],[8,19],[64,51],[82,105],[10,-13],[4,-40],[10,-65],[32,-45],[37,-11],[52,35],[20,-30],[24,-58],[23,-75],[-1,-27],[-30,-23],[-26,-34],[111,-14],[11,-14],[12,-30],[-11,-30],[-11,-15],[-20,18],[-37,-16],[-32,-39],[-35,-22],[-22,-2],[-25,-18],[-22,-28],[-23,-8],[-73,-69],[-75,-45],[-78,-71],[-79,-45],[-83,-54],[-18,-5],[-21,2],[-47,-53],[-23,7],[-24,-9],[-27,12],[-19,21],[14,-56],[5,-51],[-8,-23],[-13,-26],[-47,5],[-19,18],[-22,28],[-10,44],[-24,32],[-14,-44],[0,-33],[-17,-45],[-21,77],[-37,-28],[-17,-81],[8,-24],[12,-62],[-19,-32],[-13,9],[-29,-92],[-34,-33],[-35,-93],[-42,-71],[-12,-47],[-70,-109],[-27,4],[-19,-4],[-30,-45],[-5,-91],[-13,12],[-13,-3],[-7,-29],[-10,-5],[-25,27],[-31,-14],[-24,20],[-30,134],[-16,47],[-29,15],[-7,-28],[-12,-28],[-27,55],[-21,205],[0,50],[29,172],[73,155],[-24,5],[-64,-107],[7,26],[11,27],[21,44],[33,41],[44,24],[30,3],[20,23],[30,40],[6,22],[-27,-25],[-44,-24],[12,32],[11,17],[236,277],[47,46],[95,59],[13,38],[-13,24],[37,-21],[-3,-32],[-6,-23],[-2,-39],[3,-38],[38,-19],[31,-70],[-15,96],[28,54],[108,72],[90,8],[29,33],[-77,23],[-92,-12],[-56,25],[-78,-16],[-83,15],[-25,-20],[-21,-46],[-26,20],[-13,4],[-13,15],[27,78],[84,115],[51,101],[14,21],[12,40]],[[25005,71352],[11,-5],[42,37],[22,-2],[-1,-27],[-36,-29],[-17,-22],[21,-20],[0,-14],[-25,-33],[-13,-36],[11,-35],[40,35],[16,0],[23,-8],[21,10],[12,17],[71,134],[4,17],[-77,-28],[-8,19],[50,80],[-4,43],[25,67],[23,40],[17,22],[25,21],[17,-32],[5,-57],[42,8],[41,-12],[30,-24],[5,-14],[0,-22],[-10,-39],[-16,-33],[33,-42],[-5,-18],[-54,-47],[-31,-48],[-28,-58],[-57,-68],[-90,-49],[-28,0],[-34,15],[-33,-3],[-33,-19],[-32,2],[-16,-9],[-15,1],[-12,19],[-27,54],[-13,36],[-14,174],[5,91],[22,85],[33,57],[20,45],[81,268],[15,61],[20,52],[34,51],[45,87],[14,18],[26,8],[25,-5],[-7,-31],[2,-31],[29,-119],[0,-24],[-16,-95],[-31,-154],[-8,-85],[4,-26],[-12,-43],[-14,-32],[-52,-62],[-27,-14],[-25,-23],[-61,-77]],[[25050,71002],[-13,-6],[-3,11],[-20,31],[-2,16],[18,15],[35,-7],[-12,-40],[-3,-20]],[[23388,70079],[-16,-27],[4,26],[19,68],[12,10],[-19,-77]],[[25417,69807],[-42,-27],[-36,2],[-24,25],[-1,11],[57,-11],[22,6],[43,43],[-19,-49]],[[9703,82185],[-3130,0]],[[6573,82185],[-1195,0]],[[1427,89039],[100,-10],[80,-38],[158,-105],[32,-9],[9,8],[-55,103],[-9,10],[-63,39],[-75,19],[-6,8],[-13,36],[4,15],[16,6],[56,0],[33,6],[4,14],[-23,3],[-29,14],[-33,25],[-19,23],[68,154],[24,-15],[36,35],[65,-22],[12,12],[8,78],[9,19],[18,14],[91,14],[112,-14],[11,7],[-10,53],[-2,20],[7,47],[7,25],[13,13],[53,-10],[16,-23],[17,-40],[18,-23],[56,-23],[6,-15],[-21,-61],[-22,-31],[-46,-84],[-3,-21],[71,37],[79,52],[68,29],[58,5],[40,17],[25,28],[18,29],[35,93],[23,17],[99,-6],[23,3],[15,9],[-3,12],[-21,14],[-28,4],[0,7],[10,15],[15,9],[49,11],[32,-34],[21,-2],[72,37],[110,99],[44,28],[39,4],[32,-18],[25,5],[32,56],[13,30],[20,26],[82,58],[52,12],[32,-10],[38,-25],[32,-9],[41,7],[31,-3],[14,12],[53,66],[17,1],[16,-20],[27,-48],[0,-24],[-35,-59],[-253,-168],[-78,-72],[-39,-27],[-40,-15],[-78,-12],[-31,-15],[-52,-13],[-122,-23],[-23,-12],[-16,-13],[-44,-89],[-21,-29],[-42,-43],[-47,-27],[-65,-10],[-40,-42],[-48,-81],[-38,-56],[-43,-47],[-47,-62],[-13,-33],[15,-43],[7,-14],[48,-23],[18,5],[-17,23],[-40,33],[-5,12],[10,10],[187,-25],[41,25],[14,21],[-3,11],[-51,5],[-11,20],[-8,39],[-2,31],[5,22],[11,29],[55,48],[58,20],[45,27],[25,25],[68,43],[27,35],[14,27],[2,14],[-12,10],[10,23],[49,21],[21,2],[69,-20],[13,-16],[-7,-41],[9,2],[27,52],[15,18],[15,3],[15,-6],[16,-17],[9,-51],[1,-85],[4,-34],[17,59],[12,27],[68,124],[45,68],[51,67],[73,49],[171,82],[96,22],[49,21],[24,18],[15,22],[27,25],[5,-2],[-11,-53],[-7,-15],[-62,-33],[-6,-25],[7,-39],[10,-25],[15,-12],[26,8],[37,30],[46,46],[100,115],[9,21],[25,93],[57,41],[104,47],[25,30],[-91,25],[-18,17],[-3,10],[17,27],[-42,26],[-15,16],[1,48],[12,34],[28,32],[15,6],[41,-19],[34,-25],[117,-114],[47,-56],[28,-44],[66,-137],[29,-79],[24,-81],[23,-59],[23,-36],[113,-143],[58,-60],[49,-37],[56,-30],[64,-22],[43,-2],[67,61],[2,40],[-30,67],[-30,46],[4,28],[39,54],[-2,18],[8,56],[27,-11],[11,3],[15,20],[20,39],[25,31],[30,26],[8,16],[-30,12],[-18,0],[-13,6],[-9,10],[12,12],[65,30],[12,28],[21,19],[26,7],[17,-7],[18,-24],[1,-37],[-8,-62],[-2,-49],[21,-116],[18,-26],[70,-34],[-4,-28],[-82,-123],[-17,-30],[-9,-23],[3,-19],[15,-16],[27,-12],[71,-4],[20,11],[137,3],[26,9],[21,24],[31,59],[35,18],[11,17],[22,70],[11,81],[10,34],[16,21],[22,7],[53,-8],[25,7],[100,-7],[99,6],[103,-14],[66,-17],[61,-26],[117,-63],[46,-33],[42,-39]],[[9702,96304],[-6,1],[-85,-19],[-39,-2],[-106,12],[-26,9],[-59,35],[-44,14],[-19,-8],[-22,-30],[-42,-38],[-26,-10],[-76,6],[-116,64],[-134,-19],[-138,-37],[-54,-7],[-16,11],[-22,28],[4,14],[41,43],[92,45],[67,25],[134,37],[158,21],[59,22],[37,32],[103,49],[61,21],[81,17],[66,-1],[84,-40],[42,-14]],[[9702,96001],[-62,-18],[-172,-37],[-36,-18],[3,-10],[14,-13],[29,-17],[133,4],[32,-8],[12,-10],[7,-16],[4,-21],[0,-70],[-7,-41],[-18,-36],[-55,-26],[-97,-35],[-66,-15],[-52,5],[-52,-3],[-227,-65],[-71,-1],[-61,16],[-85,61],[-88,25],[-38,27],[-37,15],[-10,22],[-4,17],[7,15],[16,13],[5,12],[-15,34],[-7,32],[-25,46],[-4,27],[0,18],[4,18],[17,34],[9,7],[52,5],[68,17],[156,50],[344,63],[104,-6],[46,13],[84,5],[143,-11]],[[8503,95867],[-85,-26],[-57,1],[-101,36],[-116,113],[-15,40],[43,7],[32,13],[19,17],[38,19],[86,29],[11,-11],[-2,-24],[7,-21],[31,-5],[29,-16],[60,-48],[40,-9],[15,-11],[8,-16],[24,-28],[0,-15],[-33,-29],[-34,-16]],[[7965,95566],[24,-31],[2,-12],[-12,-12],[-36,-21],[-185,-67],[-36,-32],[13,-27],[67,-55],[68,-47],[14,-23],[-32,-24],[-62,8],[-23,-3],[-21,-10],[6,-21],[68,-70],[22,-37],[0,-19],[-12,-19],[-29,-25],[-45,-33],[-78,-26],[-166,-35],[-5,-28],[1,-21],[-4,-50],[-6,-24],[-20,-39],[-14,-18],[-25,-13],[-36,-7],[-45,0],[-75,34],[-34,22],[-48,47],[-8,31],[4,39],[13,59],[20,61],[29,62],[9,39],[-12,16],[-20,0],[-61,-25],[-40,-9],[-30,-18],[-22,-28],[-12,-30],[-7,-57],[-12,-31],[-33,-17],[-49,0],[-19,-10],[-9,-21],[7,-17],[48,-35],[6,-40],[-5,-24],[-53,-45],[-12,-14],[-33,-70],[-12,-17],[-27,-16],[-28,1],[-25,26],[-37,48],[-25,41],[-13,35],[-11,15],[-18,-10],[-21,-36],[-1,-28],[5,-42],[-1,-25],[-32,-30],[5,-14],[55,-37],[7,-17],[0,-25],[-3,-12],[-22,2],[-19,-30],[-21,-23],[-56,-44],[-77,-5],[-64,-21],[-14,1],[-15,34],[-18,68],[-15,38],[-23,20],[-29,77],[-13,25],[-14,10],[-11,3],[-16,-15],[-37,-110],[-61,-29],[-33,-5],[-34,3],[-83,31],[-67,11],[-47,-13],[-77,-45],[-30,-12],[-42,5],[-18,17],[-15,28],[-2,17],[12,6],[19,32],[-1,13],[-18,18],[-1,15],[7,10],[-1,7],[-10,4],[-19,-4],[-69,-21],[8,23],[33,48],[79,97],[31,28],[18,9],[235,31],[16,9],[112,130],[32,30],[33,24],[160,78],[15,18],[25,54],[15,14],[34,21],[116,109],[105,80],[54,49],[73,50],[84,21],[255,37],[184,-49],[44,-3],[21,14],[19,23],[28,-10],[68,-7],[15,6],[29,25],[-20,14],[-82,26],[-5,14],[1,12],[29,30],[35,19],[102,15],[46,-4],[48,-21],[63,-42],[143,-75]],[[8588,95088],[-47,-26],[-325,38],[-18,11],[-9,16],[59,44],[71,18],[166,16],[57,-17],[39,-20],[21,-17],[9,-32],[-23,-31]],[[9702,93629],[-54,-8],[-66,-20],[-49,-26],[-26,-21],[-39,-50],[-60,-38],[-108,-41],[-138,-65],[-248,-65],[-156,-12],[-155,22],[-49,18],[-52,27],[-106,66],[-29,23],[-34,52],[20,34],[56,39],[85,36],[168,48],[153,77],[54,15],[147,12],[75,-7],[53,4],[36,10],[52,28],[77,56],[56,52],[14,24],[-19,23],[-27,3],[-92,-53],[-46,-18],[-50,-2],[-68,-18],[-67,-7],[-13,0],[-70,51],[-37,9],[-17,-5],[-16,-14],[-31,-37],[-17,-14],[-30,-10],[-122,-11],[-116,-19],[-26,12],[-16,22],[-3,13],[-2,45],[-8,18],[11,37],[13,29],[16,19],[80,58],[12,15],[-39,-3],[-90,-28],[-12,9],[-21,33],[-10,3],[-12,-13],[-7,-19],[-15,-78],[-14,-40],[-36,8],[-45,24],[-17,3],[-10,-7],[3,-14],[46,-67],[0,-23],[-30,-41],[-127,-68],[-50,-18],[-18,7],[-16,19],[-15,30],[-33,40],[-19,10],[-22,1],[-21,-9],[-18,-18],[-12,-19],[-11,-35],[-23,-28],[-14,-4],[-130,56],[-104,101],[-114,-16],[-52,4],[-155,36],[-20,23],[-11,30],[1,16],[7,16],[19,33],[40,50],[16,16],[24,13],[33,11],[82,6],[212,1],[43,8],[232,97],[26,15],[34,31],[8,13],[-1,8],[-286,-76],[-122,-17],[-188,13],[-35,12],[-8,21],[39,57],[20,21],[54,20],[129,28],[173,25],[113,1],[94,19],[57,23],[-191,-1],[-230,-11],[-33,8],[-66,29],[-3,22],[26,26],[10,20],[-19,44],[6,17],[43,36],[76,40],[47,5],[91,-13],[260,-14],[50,5],[-32,17],[-45,13],[-200,22],[-42,10],[-8,13],[-2,20],[1,26],[15,27],[62,56],[182,46],[73,7],[72,-3],[74,-21],[33,-18],[17,-22],[8,-21],[0,-36],[4,-14],[13,-23],[43,-56],[31,-17],[144,32],[60,8],[60,-11],[88,-33],[114,-100],[147,-102],[-1,-22],[-56,-34],[-11,-15],[8,-10],[56,-7],[53,5],[50,-7],[11,-9],[18,-37],[26,-66],[30,-50],[36,-32],[34,-17],[51,-1],[52,9],[83,-3],[143,-12]],[[9702,94703],[-62,35],[-15,13],[-12,20],[-9,29],[2,21],[12,15],[84,49]],[[7096,94191],[-89,-50],[-64,6],[-84,36],[-69,12],[-24,12],[-4,13],[24,35],[29,28],[70,54],[118,106],[77,39],[76,29],[78,62],[42,29],[38,2],[37,-12],[5,-18],[-40,-85],[-28,-35],[-55,-89],[-105,-150],[-32,-24]],[[6236,94319],[-24,-4],[-27,9],[6,19],[61,54],[3,16],[-1,12],[-7,15],[15,19],[25,8],[8,-8],[3,-16],[-6,-48],[-7,-23],[-11,-20],[-16,-18],[-22,-15]],[[6656,93060],[2,-3],[81,72],[48,4],[34,-7],[11,-9],[7,-14],[4,-31],[2,-77],[4,-9],[11,4],[18,18],[88,114],[37,31],[26,9],[107,17],[74,0],[80,-11],[61,-16],[99,-47],[77,-53],[72,-58],[239,-215],[101,-63],[39,-36],[17,-27],[15,-32],[5,-31],[-6,-29],[-11,-20],[-24,-17],[-147,-72],[-77,-22],[-76,-32],[-183,-112],[-124,-54],[-163,-104],[-306,-169],[-36,-33],[-17,-25],[-87,-191],[-33,-45],[-79,-45],[-101,-11],[-28,-13],[-5,-66],[-36,-110],[-18,-74],[-24,-198],[-5,-20],[-19,-37],[-31,-40],[-97,-46],[-72,-24],[-98,-20],[-23,14],[-24,32],[-24,2],[-16,-5],[-127,-137],[-123,-56],[-53,-51],[-38,-23],[-30,-8],[-50,5],[-36,23],[-32,35],[-25,38],[-63,158],[-27,54],[-23,27],[-62,95],[-17,20],[-236,121],[-114,68],[-28,24],[-26,14],[-147,-9],[-19,4],[-5,10],[17,36],[7,22],[2,22],[-2,36],[1,6],[56,35],[-9,8],[-6,13],[-4,21],[6,14],[16,8],[20,32],[23,58],[17,32],[24,21],[43,55],[31,22],[26,28],[1,13],[-11,10],[-3,21],[5,67],[-1,34],[5,29],[10,23],[12,15],[109,49],[5,14],[2,16],[-3,18],[-6,13],[-17,11],[-29,2],[-26,28],[-6,14],[10,38],[50,60],[16,30],[53,136],[97,83],[27,90],[73,96],[-1,13],[-23,33],[-67,22],[-33,35],[-21,40],[-99,227],[-17,17],[-5,26],[-20,18],[4,16],[385,68],[264,21],[274,59],[76,4],[59,-12],[59,-31],[77,-53],[102,-52],[192,-77],[119,-16],[-48,-61],[-7,-18],[1,-14]],[[7557,89621],[-43,54],[-35,65],[-5,17],[-9,48],[-11,79],[-3,49],[10,29],[8,6],[183,58],[320,63],[293,43],[134,-4],[78,-20],[78,-9],[143,-5],[179,-30],[36,3],[80,20],[24,16],[127,-2],[25,10],[23,18],[-29,33],[-122,73],[-323,131],[-79,28],[-112,29],[-66,4],[-83,-16],[-31,0],[-82,-25],[-77,-16],[-148,-16],[-212,-11],[-30,3],[-44,20],[-32,6],[-208,-16],[-186,20],[-212,200],[-35,61],[8,25],[26,26],[105,77],[37,19],[157,41],[156,50],[123,47],[60,16],[59,2],[47,16],[-10,15],[-38,17],[0,24],[20,11],[77,12],[82,-14],[41,5],[12,16],[-11,13],[-78,28],[-373,-79],[-175,-7],[-121,-34],[-66,1],[-79,34],[-11,10],[-1,14],[24,45],[85,27],[43,76],[-46,1],[-151,-16],[-67,7],[-89,29],[-26,35],[-11,25],[-2,29],[3,85],[8,46],[4,10],[111,140],[70,30],[48,44],[2,18],[-12,19],[-45,45],[-18,23],[-11,22],[8,34],[26,48],[75,76],[182,153],[93,64],[89,35],[124,73],[320,122],[286,123],[105,-32],[30,-26],[13,-21],[12,-30],[10,-39],[14,-84],[1,-44],[-2,-43],[-7,-40],[-10,-35],[-22,-43],[-32,-51],[-68,-87],[-7,-26],[19,-10],[37,9],[52,25],[68,21],[83,17],[22,-20],[14,4],[24,32],[5,22],[-3,24],[1,53],[13,32],[49,66],[27,24],[42,11],[100,-7],[94,-38],[127,-37],[185,-95],[58,-40],[6,-35],[-33,-74],[-80,-105],[-64,-38],[-24,-23],[41,-16],[27,-27],[42,39],[30,43],[42,37],[15,3],[3,-8],[-7,-18],[-3,-19],[1,-17],[5,-11],[26,-6],[14,7],[57,51],[55,79],[84,50],[23,26],[73,22],[0,15],[3,60],[-26,26],[-86,53],[-42,64],[9,49],[47,-7],[130,-5],[27,-7],[2,-1]],[[14469,82186],[-151,-1],[-2112,0]],[[12206,82185],[0,742],[-1,185],[0,2039],[6,178],[-4,114],[-137,27],[-136,26],[-137,27],[-136,26],[-136,27],[-137,26],[-136,27],[-137,26],[-136,27],[-136,26],[-137,27],[-136,26],[-137,27],[-136,26],[-137,27],[-136,26],[-76,27],[-94,69],[-90,114],[-90,115],[-91,114],[-90,115],[-143,1],[-144,1],[-143,1],[-144,1],[-240,180],[-80,61],[-320,240],[-79,61],[-240,180],[-80,61],[-320,240],[-80,61],[-240,180],[-80,61],[-320,240],[-79,61],[-240,180],[-80,61],[-80,60],[0,317],[-1,158],[0,730]],[[6360,89557],[121,-113],[48,-30],[90,-30],[308,-66],[39,-17],[81,-69],[56,-40],[66,-39],[83,-33],[162,-50],[27,-16],[30,-5],[33,6],[149,-28],[39,1],[28,-5],[35,-21],[51,-7],[-2,14],[-58,79],[3,12],[24,1],[72,-13],[16,22],[24,0],[55,-11],[59,-24],[64,-38],[77,-32],[117,-80],[64,-67],[62,-83],[33,-58],[6,-32],[13,-16],[19,0],[8,-12],[-18,-71],[-10,-18],[-13,-13],[-56,-14],[-154,17],[-27,-58],[-86,-49],[-15,-21],[-4,-16],[7,-50],[-11,-16],[-71,-57],[-2,-17],[46,-23],[48,-41],[38,-10],[49,6],[60,-14],[73,-34],[51,-16],[29,3],[39,-6],[49,-15],[66,-6],[146,2],[44,-12],[61,-5],[118,1],[22,3],[37,26],[25,9],[42,1],[122,20],[43,-1],[39,15],[50,30],[31,6],[11,-19],[21,-8],[31,2],[58,32],[135,94],[49,0],[36,30],[9,0],[9,-12],[34,-69],[10,-11],[22,-6],[23,-35],[23,-53],[17,-14],[127,-3],[45,-14],[14,-15],[13,-42],[9,-81],[5,-29],[19,-43],[12,-13],[11,12],[32,112],[11,18],[21,-6],[6,-6],[32,-83],[45,-61],[112,-113],[18,-42],[7,-31],[-6,-27],[-20,-25],[-30,-19],[-42,-15],[-38,5],[-36,26],[-12,1],[13,-23],[74,-93],[19,-38],[18,-25],[16,-12],[15,-20],[14,-29],[61,-75],[18,-36],[70,-112],[34,-44],[25,-25],[10,-3],[-5,21],[-90,149],[-46,94],[-6,22],[-3,34],[-2,114],[7,18],[31,14],[39,-51],[15,-8],[10,4],[6,13],[23,-12],[40,-39],[14,0],[-31,73],[-22,35],[-7,25],[20,38],[-11,18],[-51,55],[-27,57],[-24,86],[-2,34],[4,35],[-4,29],[-32,58],[-35,41],[-28,46],[-6,25],[5,67],[21,29],[40,39],[11,40],[-19,41],[-3,19],[11,-4],[79,21],[20,-7],[30,9],[39,25],[31,11],[42,-1],[22,6],[27,11],[14,12],[25,48],[13,7],[42,-5],[24,-11],[11,4],[-2,68],[8,24],[42,49],[43,5],[29,14],[33,27],[24,25],[24,39],[10,51],[-8,15],[-49,19],[-30,-10],[-66,-36],[-69,-46],[-27,-43],[-7,-56],[-13,-24],[-54,23],[-23,0],[-28,-10],[-31,-21],[-32,-33],[-48,-6],[-63,21],[-37,6],[-39,-35],[3,-26],[17,-38],[-17,-23],[-92,-8],[-24,5],[-49,-15],[-19,3],[-15,18],[-99,77],[-10,16],[24,62],[92,169],[10,10],[172,30],[103,30],[190,93],[36,8],[122,62],[50,16],[47,-11],[68,-32],[35,-28],[25,-35],[21,-50],[25,-108],[9,-92],[16,-34],[57,-65],[30,-25],[18,-8],[15,16],[11,2],[7,-6],[8,-40],[10,-4],[35,5],[36,-17],[5,-13],[-7,-50],[10,-21],[44,-45],[43,-17],[49,-7],[91,7],[77,22],[57,35],[47,-39],[95,-95],[56,-68],[47,-32],[95,-38],[21,-20],[35,-2],[47,15],[55,-6],[61,-28],[42,-12],[143,53],[22,3],[54,26],[34,7],[40,0],[31,8],[20,16],[76,-1],[137,-18],[94,-24],[56,-30],[46,-16],[36,-4],[35,5],[34,15],[36,27],[77,14],[12,7],[-1,15],[-16,22],[-44,43],[-30,42],[-6,27],[1,32],[9,19],[19,4],[28,-19],[39,-45],[111,-169],[26,-24],[15,-21],[101,-62],[48,-11],[56,38],[25,24],[13,23],[-1,22],[5,32],[-5,19],[-15,26],[-41,36],[-66,45],[-60,14],[-55,-19],[-61,-39],[-26,15],[-77,109],[-19,41],[0,12],[35,-14],[2,14],[-21,52],[-13,18],[-45,83],[-5,25],[27,5],[13,10],[17,-1],[78,-50],[40,22],[93,32],[-37,48],[-9,47],[5,10],[30,7],[59,-39],[29,-5],[21,15],[22,1],[23,-13],[22,-20],[41,-58],[20,-35],[22,-52],[8,-8],[109,-4],[61,47],[-1,-16],[-14,-36],[-77,-140],[1,-18],[41,8],[19,11],[12,17],[10,39],[7,12],[114,66],[32,10],[-20,-71],[-42,-251],[-9,-88],[-9,-30],[-45,-96],[1,-34],[49,-81],[8,-23],[5,-66],[9,-14],[40,0],[42,21],[50,14],[8,-14],[-28,-81],[2,-7],[47,21],[22,3],[9,-5],[35,-41],[4,-31],[-1,-46],[-4,-33],[-12,-18],[-14,-8],[-18,-5],[-16,2],[-49,-7],[-30,9],[-28,25],[-21,6],[-24,-19],[-37,3],[-42,56],[-17,-5],[-6,-9],[1,-12],[19,-36],[148,-191],[23,-40],[5,-57],[3,1],[14,56],[-9,28],[-77,111],[-9,41],[3,11],[20,11],[109,-28],[42,6],[28,20],[14,24],[11,132],[19,85],[-11,76],[-30,121],[-23,71],[-53,72],[-5,26],[59,219],[11,18],[13,8],[47,4],[34,18],[53,-26],[30,-6],[36,22],[81,92],[32,29],[40,53],[49,79],[54,58],[86,53],[53,43],[11,16],[-50,3],[-11,8],[-11,40],[6,76],[-1,42],[-6,37],[-11,34],[-16,30],[-14,18],[-13,6],[-9,-3],[-4,-11],[-14,-72],[-16,-53],[-23,-28],[-48,-18],[-82,-14],[-34,25],[-4,22],[12,83],[27,36],[75,71],[48,56],[1,10],[-44,0],[-11,12],[-9,69],[3,26],[6,30],[31,22],[95,26],[73,32],[2,-11],[-59,-94],[-6,-22],[23,-20],[56,54],[37,45],[6,15],[-33,6],[-2,18],[7,35],[-3,23],[-37,29],[-46,-16],[-37,-31],[-32,-8],[-46,-1],[-34,7],[-21,15],[-25,33],[-30,51],[-37,51],[-14,5],[-11,-5],[-24,-50],[-10,-5],[-147,69],[-63,38],[-30,30],[-37,17],[-45,5],[-36,14],[-27,22],[-21,31],[-17,41],[-30,52],[-70,102],[-18,66],[-3,25],[4,65],[66,110],[12,32],[22,23],[33,15],[23,5],[53,-14],[-32,34],[-2,18],[32,60],[-7,3],[-87,-46],[-23,3],[-31,28],[-60,100],[0,63],[18,86],[7,52],[-17,44],[6,13],[19,12],[8,14],[-9,48],[13,26],[42,51],[41,44],[25,14],[21,-3],[22,-14],[23,-24],[39,-26],[29,-7],[22,14],[36,95],[13,24],[-12,11],[-72,-1],[-31,8],[-18,9],[-13,36],[11,20],[69,67],[33,70],[97,98],[99,46],[47,15],[39,3],[17,-6],[20,-49],[4,-51],[54,-65],[43,-5],[26,10],[87,-4],[20,-18],[-2,-20],[-10,-33],[6,-28],[59,-53],[53,-37],[47,-46],[70,-97],[16,-27],[10,-29],[18,-108],[3,-41],[-7,-118],[-5,-22],[-19,-27],[6,-11],[56,-31],[44,-61],[23,-20],[56,-33],[11,-12],[12,-21],[32,-88],[52,-80],[3,-17],[-11,-37],[8,-12],[20,-14],[18,7],[16,28],[17,8],[19,-12],[14,-20],[19,-52],[28,-42],[-2,-13],[-14,-10],[-76,-12],[-42,8],[-40,21],[-27,21],[-26,33],[-9,-4],[-14,-26],[-28,-39],[-18,-36],[21,-16],[99,1],[22,-10],[25,-25],[-29,-42],[-67,-71],[-146,-138],[-43,-35],[11,-10],[16,-3],[50,6],[47,19],[57,-8],[25,-15],[-9,-15],[16,-24],[93,-55],[58,11],[60,53],[47,27],[57,-4],[16,-6],[-6,-13],[-42,-30],[-39,-33],[-4,-10],[48,14],[106,-21],[51,-6],[37,6],[35,-9],[33,-22],[11,-15],[-31,-9],[-29,0],[-24,-13],[-20,-27],[-15,-36],[-8,-43],[-22,-18],[-36,8],[-13,12],[7,17],[-10,3],[-28,-13],[-22,0],[-6,-13],[154,-138],[49,-123],[34,-50],[3,-14],[-22,-34],[-1,-26],[10,-75],[-4,-59],[-16,-106],[15,-32],[33,-29],[19,-37],[14,-13],[10,-30],[11,-18],[14,-8],[9,10],[6,27],[13,26],[34,45],[34,72],[6,24],[-6,56],[4,24],[32,85],[10,59],[10,92],[16,64],[36,54],[63,109],[22,22],[26,11],[44,-3],[33,-35],[43,-65],[55,-59],[101,-81],[29,-30],[57,-80],[24,-79],[17,-111],[14,-67],[12,-23],[5,-34],[-1,-45],[-4,-35],[-8,-26],[-12,-14],[-31,-5],[-38,7],[-11,12],[-20,53],[-8,3],[-35,-39],[-4,-22],[13,-73],[-2,-136],[4,-30],[37,-142],[62,-108],[156,-208],[9,-24],[16,-85],[8,-18],[10,-10],[13,-4],[17,9],[57,64],[50,68],[34,36],[20,3],[21,12],[23,22],[15,24],[8,27],[10,102],[9,50],[24,67],[9,19],[121,170],[10,20],[51,197],[18,91],[3,54],[-7,48],[3,40],[14,32],[15,22],[25,22],[14,32],[8,3],[21,0],[27,-21],[20,-4],[127,25],[0,13],[-75,41],[1,21],[7,28],[23,32],[29,10],[7,20],[0,25],[10,41],[-9,15],[-70,56],[-40,-2],[-10,7],[-35,46],[-13,67],[-1,27],[5,44],[4,12],[-2,20],[-9,27],[-1,25],[8,21],[-5,26],[-16,29],[-6,25],[17,75],[0,23],[-16,31],[-12,13],[9,8],[29,3],[34,-10],[40,-24],[50,-1],[58,24],[59,11],[102,-5],[24,-6],[102,-69],[79,-35],[35,3],[175,-14],[77,7],[40,-3],[77,-38],[-5,-32],[-33,-53],[-43,-10],[-39,-19],[36,-27],[104,-38],[24,-59],[8,-28],[-13,-25],[7,-12],[24,0],[62,21],[69,-14],[100,-46],[10,-10],[18,-36],[-2,-14],[-89,-90],[-46,-36],[-60,-37],[-2,-19],[85,-4],[66,-10],[29,-12],[16,-17],[21,-37],[4,-29],[-2,-39],[-7,-27],[-77,-78],[-35,-24],[-61,-29],[-26,-22],[-28,3],[-32,28],[-32,6],[-59,-22],[-31,0],[-16,-7],[-1,-17],[27,-50],[16,-19],[7,-15],[-12,-24],[2,-8],[10,-9],[53,-107],[11,-9],[11,4],[23,31],[14,13],[7,-2],[0,-16],[-25,-94],[-3,-25],[0,-22],[12,-48],[27,-51],[34,-46],[50,-61],[67,-66],[26,-32],[37,-76],[7,-29],[-10,-79],[-26,-130],[-18,-74],[-8,-17],[-51,-53],[-28,-12],[-48,2],[-16,-11],[-25,-41],[-34,-74],[-26,-46],[-20,-20],[-36,-23],[-56,-68],[-27,-26],[-96,-28],[-78,-92],[-32,-31],[-33,-16],[-37,-2],[-21,15],[-12,56],[-7,19],[-28,38],[-56,112],[-25,38],[-16,8],[-33,-6],[-16,4],[-37,35],[-13,22],[2,9],[27,13],[-11,18],[-49,50],[-20,26],[-3,9],[-48,34],[-48,9],[-61,-56],[-23,-38],[1,-12],[29,-15],[13,7],[24,35],[13,11],[38,-5],[31,-24],[11,-21],[4,-15],[85,-111],[30,-23],[12,-26],[10,-45],[18,-49],[41,-82],[43,-100],[9,-40],[-22,-19],[-12,-2],[-33,15],[-88,47],[-10,-1],[-23,-24],[-19,-56],[-6,-6],[-47,22],[-88,49],[-58,42],[-30,34],[-36,55],[-43,74],[-50,24],[-59,-27],[-85,-10],[-178,9],[-24,-7],[-9,-9],[15,-41],[-3,-12],[-12,-7],[-3,-12],[19,-44],[32,-30],[89,-40],[58,-34],[36,-30],[11,-25],[2,-27],[-17,-54],[-10,-20],[-206,-272],[-78,-109],[-40,-68],[-36,-44],[-30,-22],[-51,-12],[-70,-3],[-92,11],[-47,35],[-86,93],[-60,55],[-27,19],[-22,52],[-20,10],[-43,8],[-45,28],[-104,94],[-54,37],[-49,21],[-44,4],[-16,-6],[30,-47],[-13,-3],[-36,11],[-36,0],[-62,34],[-62,-5],[-44,7],[-53,19],[-58,9],[-93,-1],[-33,-4],[-5,-9],[45,-41],[76,-50],[-10,43],[3,11],[25,15],[121,-26],[137,-56],[35,-6],[39,-19],[42,-34],[59,-68],[112,-155],[36,-40],[48,-36],[243,-53],[84,1],[168,-16],[89,-27],[25,-21],[8,-69],[-8,-34],[-48,-106],[-31,-77],[-189,-328],[-25,-76],[-10,-45],[-34,-47],[-86,-72],[-85,-62],[-52,-13],[-46,15],[-30,17],[-44,62],[-3,-7],[32,-96],[-7,-9],[-26,12],[-59,43],[-19,-8],[-12,-12],[-16,0],[-20,13],[-36,35],[-10,18],[-9,53],[-6,9],[-72,-30],[-12,-11],[30,-21],[10,-15],[29,-78],[1,-17],[-21,-11],[-68,30],[-9,-2],[34,-78],[13,-38],[2,-19],[-44,-88],[-29,-37],[-38,-13],[-25,9],[-27,22],[-20,-3],[-12,-29],[-22,-21],[-33,-12],[-42,5],[-51,23],[-135,83],[-42,13],[-79,12],[-9,11],[1,12],[10,10],[-3,9],[-16,8],[-18,-7],[-18,-22],[-31,-7],[-45,9],[-66,33],[-132,83],[-143,70],[-84,91],[31,-82],[-2,-28],[-16,-24],[-3,-24],[33,-59],[45,-21],[46,2],[1,10],[-19,15],[-17,21],[-8,32],[9,5],[40,-16],[26,-20],[199,-108],[60,-20],[45,-21],[12,-13],[-15,-27],[-80,-67],[-1,-11],[54,6],[67,60],[38,27],[36,17],[48,-29],[62,-75],[50,-43],[71,-24],[41,-25],[70,-71],[11,-36],[7,-150],[-3,-36],[-9,-35],[-15,-36],[-30,-19],[-42,-5],[-34,-14],[-73,-79],[-31,-12],[-132,24],[-52,22],[-23,-1],[-14,-18],[-13,-8],[-52,-7],[-8,-14],[3,-22],[10,-30],[13,-17],[19,-22],[29,-14],[61,-15],[6,-41],[-3,-13],[-19,-27],[-23,3],[-40,32],[-19,1],[-17,-17],[-24,-6],[-31,6],[-17,-14],[-3,-34],[-10,-25],[-35,-40],[-19,-30],[0,-23],[21,-16],[23,-38],[26,-59],[5,-27],[-16,7],[-22,24],[-27,40],[-41,36],[-90,46],[-16,-1],[8,-12],[60,-49],[23,-32],[3,-23],[-51,-50],[-1,-17],[13,-15],[4,-12],[-18,-25],[-29,-20],[-57,-3],[-6,-12],[22,-26],[8,-15],[-19,-22],[-12,-3],[-66,10],[17,-54],[10,-19],[21,-27],[36,-25],[0,-10],[-12,-21],[-22,-26],[-90,-80],[-64,-93],[-8,-29],[16,-61],[0,-16],[-17,-28],[-37,8],[-7,-11],[9,-29],[1,-42],[-5,-56],[-27,-87],[-48,-119],[-38,-109],[-25,-97],[-19,-48],[-34,-3],[-26,-31],[17,-16],[11,-18],[8,-29],[-8,-89],[-22,-149],[-9,-81]],[[9702,96304],[-1,281]],[[9701,96585],[20,-6],[39,-22],[55,-44],[19,0],[24,-8],[11,-12],[33,-57],[7,-28],[1,-37],[-5,-31],[-12,-24],[-29,-16],[-70,-10],[-92,14]],[[9702,96001],[0,124]],[[9702,96125],[108,-8],[11,-3],[1,-14],[-19,-44],[-29,-33],[-72,-22]],[[9702,93629],[0,531]],[[9702,94160],[287,-25],[25,6],[18,21],[11,35],[4,28],[-6,39],[-8,19],[-267,126],[-23,51],[130,71],[10,17],[2,22],[-4,29],[-18,27],[-70,53],[-62,7],[-29,17]],[[9702,94703],[0,182]],[[9702,94885],[6,3],[37,29],[113,131],[52,53],[37,24],[38,16],[83,7],[87,-49],[19,-3],[8,-13],[-3,-22],[-11,-22],[-31,-39],[-7,-16],[2,-17],[21,-39],[7,-25],[5,-43],[3,-7],[52,-36],[48,-48],[22,-74],[-17,-26],[-40,-35],[-24,-30],[-8,-24],[7,-14],[29,-7],[40,-2],[46,8],[52,-6],[23,-17],[17,-31],[1,-16],[-3,-14],[-8,-12],[-67,-78],[-16,-27],[22,-6],[10,4],[68,59],[50,18],[39,4],[63,-12],[25,-10],[17,-12],[10,-13],[25,-56],[18,-72],[3,7],[0,41],[3,31],[63,21],[1,7],[-22,18],[-19,24],[-13,44],[5,17],[13,17],[40,38],[46,23],[41,5],[154,-39],[61,-33],[24,-16],[9,-12],[13,-38],[26,-104],[0,-34],[-12,-53],[-50,-101],[-7,-69],[-50,-170],[-35,-46],[-37,-33],[-156,-57],[-116,-58],[-30,-9],[-30,-1],[-97,19],[-112,37],[-64,-10],[-63,-27],[-40,-7],[-38,4],[-37,9],[-50,25],[26,11],[11,13],[-10,13],[-52,19],[-53,-42],[-157,-98],[-156,-25]],[[7557,89621],[64,0],[-13,35],[-80,100],[-40,49],[7,88],[143,0],[166,-1],[997,0],[1,-69],[1,-61],[35,1],[35,0],[47,60],[0,69],[783,0],[0,418],[-1,419],[0,1460]],[[9702,92189],[123,-82],[44,-52],[35,-25],[73,-38],[25,-30],[18,-13],[6,-13],[-6,-13],[-3,-31],[14,-11],[48,-11],[13,-13],[18,-40],[22,-67],[19,-73],[31,-138],[60,-184],[21,-115],[7,-21],[13,-14],[39,-21],[30,-30],[35,-10],[9,3],[8,26],[22,40],[107,80],[5,12],[-12,19],[-4,12],[2,8],[22,7],[-74,101],[-48,95],[-31,118],[-5,35],[-4,73],[-10,20],[-17,17],[-7,23],[2,28],[-3,24],[-20,50],[-75,349],[0,34],[11,26],[27,15],[43,3],[14,8],[-16,13],[-29,37],[-3,17],[18,35],[97,-16],[70,-31],[120,-74],[12,4],[13,37],[26,24],[38,-8],[109,-54],[125,-96],[84,-47],[59,-64],[40,-60],[26,-47],[1,-18],[-6,-19],[6,-25],[18,-30],[9,-27],[8,-57],[16,-74],[4,-38],[112,-335],[21,-59],[13,-28],[78,-130],[42,-94],[4,-63],[5,-18],[2,-29],[-2,-40],[-9,-34],[-16,-29],[-16,-40],[-24,-89],[-2,-22],[17,-31],[109,-106],[67,-126],[31,-23],[84,-79],[91,-45],[31,-19],[29,-29],[8,-1],[18,5],[5,8],[1,12],[-25,60],[-2,24],[12,4],[94,-103],[50,-41],[69,-43],[119,-98],[16,-8],[64,9],[18,-7],[11,-9],[4,-14],[3,-58],[17,-29],[102,12],[28,-2],[18,-10],[15,-19],[22,-62],[20,-124],[1,-44],[-9,-74],[-15,-28],[-19,-8],[-54,8],[-38,24],[-20,30],[-18,65],[-8,12],[-8,-13],[-18,-59],[-11,-27],[-14,-17],[-27,4],[-40,26],[-74,67],[-27,16],[-16,-3],[-36,-22],[-54,-42],[-23,-31],[9,-20],[7,-25],[3,-30],[-2,-22],[-7,-15],[-18,-17],[-38,-3],[-55,13],[-44,24],[-76,61],[-18,8],[-24,-13],[-9,-18],[15,-26],[38,-33],[48,-55],[13,-10],[12,1],[4,-10],[5,-30],[-2,-50],[-23,-102],[-2,-24],[9,6],[65,99],[33,28],[72,44],[32,32],[92,9],[33,-18],[21,-30],[1,-14],[-24,-36],[-5,-18],[-1,-23],[2,-20],[6,-18],[17,-17],[29,7],[8,-4],[16,-17],[10,-28],[1,-38],[-22,-83],[-39,-28],[-118,-50],[-40,-26],[-79,-19],[-30,-24],[-19,-8],[-83,4],[-96,-15],[-110,30],[-78,14],[-89,48],[-34,-12],[-34,-31],[-168,37],[-19,27],[6,17],[40,58],[2,12],[-2,10],[-76,10],[-84,30],[-85,15],[-64,-4],[-42,11],[-40,25],[-22,23],[-4,21],[-1,23],[4,45],[-6,32],[-18,25],[-37,23],[-38,-3],[-31,-25],[-30,-46],[-56,-128],[-28,-22],[-72,-93],[-27,-23],[-133,-37],[-157,-15],[-58,-29],[-56,-54],[-67,-52],[-165,-64],[-152,-36],[-160,-15],[-119,-25],[-34,13],[-53,-5],[-58,-36],[-64,-7],[-247,-13],[-113,-23],[-62,-7],[-48,4],[-34,9],[-33,32],[-33,49],[-68,130],[-19,55],[7,93],[-5,55],[-22,116],[-4,11],[-119,43],[-78,14],[-118,2],[-144,-6],[-144,14],[-76,16],[-75,26],[-129,67],[-7,7],[-10,23],[-13,38],[-32,49],[-45,57]],[[17027,88146],[-13,-1],[-21,12],[-49,47],[-9,20],[-5,23],[0,27],[4,28],[15,56],[-29,44],[-7,25],[4,14],[16,34],[4,21],[16,31],[41,58],[41,-14],[37,-48],[10,-32],[-3,-34],[3,-50],[10,-66],[2,-47],[-4,-30],[-16,-55],[-13,-26],[-18,-24],[-16,-13]],[[9914,88343],[-11,-3],[-43,46],[9,39],[40,-40],[5,-25],[0,-17]],[[21088,88183],[-153,-1],[-83,5],[-33,12],[-29,19],[-33,59],[-21,61],[-1,26],[6,23],[7,14],[103,21],[84,-26],[72,-29],[93,-6],[28,-11],[11,-8],[7,-16],[11,-70],[1,-37],[-3,-29],[-67,-7]],[[9964,88336],[35,-8],[26,6],[19,-31],[7,-32],[-2,-10],[-8,-5],[-56,35],[-20,21],[-7,18],[6,6]],[[10360,87889],[-16,-65],[-6,6],[-11,31],[-21,15],[-25,34],[0,73],[10,34],[-2,46],[24,28],[18,-33],[5,-56],[-4,-27],[18,-29],[8,-7],[5,-23],[-3,-27]],[[24512,87622],[-39,-21],[-21,26],[15,8],[21,31],[29,27],[12,22],[49,10],[17,-1],[6,-8],[-28,-34],[-61,-60]],[[10300,87583],[39,-6],[50,1],[-8,-60],[-20,-38],[-15,-11],[-6,21],[-30,48],[-10,45]],[[18114,87026],[31,-9],[24,1],[5,-11],[-25,-38],[-15,-7],[-28,27],[-20,33],[-6,20],[-2,22],[5,4],[31,-42]],[[17926,86652],[40,-31],[40,-17],[64,-9],[10,-6],[0,-15],[-10,-22],[-21,-28],[-16,-1],[-35,20],[-13,10],[-15,23],[-7,2],[-9,-7],[-3,-10],[4,-13],[-6,-3],[-43,8],[-7,7],[4,25],[30,35],[-26,11],[-9,14],[-39,-23],[-22,-5],[-34,15],[-4,82],[-4,30],[-16,20],[-9,21],[-15,16],[-31,16],[-25,41],[-5,18],[3,14],[15,19],[90,-41],[53,-39],[51,-47],[27,-35],[3,-23],[-7,-23],[-16,-23],[13,-26]],[[17629,86481],[-17,-9],[-17,5],[-15,22],[-12,40],[-20,30],[-44,37],[-7,14],[-13,50],[-2,50],[-10,45],[0,22],[8,33],[37,8],[29,-13],[6,-9],[9,-19],[7,-24],[35,-63],[20,-51],[28,-105],[0,-20],[-7,-21],[-15,-22]],[[17552,86239],[11,-10],[13,6],[22,38],[50,109],[14,11],[21,-2],[73,-70],[27,-40],[15,-54],[15,-22],[58,-28],[56,-9],[72,-29],[26,-21],[58,-105],[7,-6],[66,-43],[101,-96],[25,-14],[99,-31],[35,-24],[34,-36],[38,-65],[44,-103],[35,-164],[3,-33],[-4,-19],[-13,-20],[-57,-68],[5,-11],[54,4],[119,41],[72,-29],[25,-5],[6,2],[26,51],[29,-8],[42,-50],[28,-41],[12,-31],[-4,-17],[-27,-6],[68,-30],[59,-47],[-13,-30],[-63,-68],[-65,-60],[-76,-90],[-19,-13],[-10,-1],[-42,17],[-60,42],[-185,97],[-57,21],[-73,12],[-10,23],[-17,147],[-33,26],[-112,30],[-33,18],[-1,29],[7,51],[-16,25],[-37,-2],[-37,-10],[-60,-35],[-28,-31],[-10,-35],[-7,-73],[-7,-35],[-21,-46],[-92,-118],[-38,-36],[-37,-10],[-14,-11],[-25,-44],[-38,-107],[-15,-31],[-24,-31],[-51,-48],[-52,-39],[-87,-44],[-48,-15],[-32,14],[-22,102],[-47,298],[-7,21],[-10,12],[-11,5],[-156,-39],[-85,5],[-85,-67],[-22,-5],[-43,2],[-31,11],[-8,7],[-5,29],[2,30],[11,33],[38,89],[31,55],[15,17],[145,99],[35,32],[18,33],[0,35],[-7,43],[-25,107],[-6,98],[0,48],[9,74],[37,181],[12,88],[23,313],[13,90],[18,82],[17,49],[46,99],[36,39],[45,28],[10,-4],[9,-11],[16,-42],[63,-38],[21,-38],[14,-41],[8,-54],[-8,-24],[-30,-36],[-5,-15],[1,-12],[57,-56],[43,-136]],[[19830,85261],[-23,-36],[-67,13],[-9,10],[-3,14],[11,16],[69,16],[29,2],[15,-6],[2,-6],[-24,-23]],[[20131,84800],[-33,-8],[-43,17],[-42,34],[-97,107],[73,72],[116,-84],[34,-54],[-8,-84]],[[19756,84859],[27,-33],[27,2],[16,-27],[36,-84],[4,-13],[-2,-28],[-19,-34],[-20,-19],[-42,-27],[-47,-12],[-26,19],[-73,78],[-66,91],[-21,51],[9,21],[28,14],[57,16],[94,-9],[18,-6]],[[18466,84461],[12,-22],[4,-32],[-5,-44],[-8,-39],[-11,-36],[-28,-60],[-86,-102],[-32,-56],[-24,-34],[-140,-149],[-18,-7],[-18,3],[-38,22],[-39,4],[-101,-60],[-5,10],[-4,65],[-10,36],[-45,76],[-3,18],[1,22],[3,17],[50,71],[114,259],[27,13],[56,-29],[27,-9],[18,1],[82,55],[77,-7],[70,32],[33,0],[26,-5],[15,-13]],[[22116,84149],[-22,-3],[-42,5],[-46,16],[-24,19],[-23,39],[-4,43],[-42,65],[-47,21],[-27,45],[27,3],[38,-10],[56,-19],[50,-25],[73,-57],[24,-52],[23,-39],[7,-29],[-6,-13],[-15,-9]],[[20969,84202],[-16,-7],[-63,10],[-77,36],[-40,34],[2,10],[18,6],[20,-5],[33,-24],[89,-12],[29,-14],[9,-20],[-4,-14]],[[23841,84156],[60,-8],[37,3],[16,-12],[14,-38],[-19,-53],[-21,-21],[-35,-6],[-56,18],[-20,11],[-17,29],[8,20],[28,7],[4,9],[-7,16],[0,13],[8,12]],[[19234,84043],[25,-21],[40,-70],[16,-36],[5,-47],[-11,-64],[-6,-59],[-15,-45],[-28,-57],[-25,-66],[-22,-76],[-18,-50],[-14,-25],[-15,-13],[-17,-1],[-25,28],[-34,55],[-27,35],[-35,23],[-19,32],[-4,31],[-1,101],[2,50],[4,42],[8,33],[18,47],[49,100],[30,38],[18,9],[49,-7],[19,3],[17,11],[16,-1]],[[23777,83632],[7,-6],[8,8],[7,-7],[4,-22],[7,-15],[18,-20],[7,-14],[-1,-14],[-15,-22],[-10,-1],[-75,51],[-20,51],[-1,26],[7,23],[12,12],[15,-1],[18,-12],[12,-37]],[[15009,83605],[-12,-1],[-29,39],[-6,20],[37,13],[26,-35],[-2,-17],[-14,-19]],[[23839,83237],[-8,-9],[-7,2],[-24,41],[-31,17],[-11,16],[-95,85],[-10,37],[-2,30],[31,14],[64,13],[54,0],[52,-18],[10,-19],[28,-34],[-7,-41],[-2,-53],[-11,-25],[-17,-20],[-14,-36]],[[19551,82746],[-43,-9],[0,11],[18,31],[67,28],[49,8],[-12,-27],[-29,-21],[-50,-21]],[[22774,82370],[-28,-6],[-13,16],[-1,47],[9,35],[33,73],[29,82],[17,20],[34,-13],[20,-24],[21,-39],[9,-30],[-8,-45],[-24,-40],[-29,-27],[-69,-49]],[[23972,82467],[-11,-53],[-37,19],[-56,41],[-22,27],[-8,29],[-1,40],[17,7],[43,4],[35,-57],[11,-8],[29,-49]],[[19072,82008],[-33,-6],[14,46],[12,22],[14,14],[26,5],[18,-18],[-16,-33],[-35,-30]],[[19002,81895],[-10,-3],[-2,10],[8,31],[13,4],[15,35],[13,-12],[-5,-20],[-18,-29],[-14,-16]],[[22484,81445],[-19,-56],[-25,7],[-9,-12],[-7,-1],[11,53],[2,35],[-6,36],[8,18],[34,1],[1,-41],[4,-15],[8,-7],[-2,-18]],[[19180,80270],[-5,-7],[-13,6],[-5,-51],[-5,-5],[-10,32],[7,26],[-1,19],[3,13],[13,31],[8,7],[5,-3],[4,-38],[-1,-30]],[[19133,79699],[-8,-14],[-16,15],[0,39],[15,29],[11,-1],[11,-16],[-3,-20],[-10,-32]],[[19242,79608],[-11,-10],[-7,1],[8,68],[-9,24],[-1,13],[4,11],[6,2],[13,-21],[6,-22],[3,-22],[-1,-21],[-4,-15],[-7,-8]],[[19425,79307],[-26,-78],[-21,-75],[-28,-141],[-17,-5],[-14,34],[41,165],[2,18],[-2,16],[-12,24],[-13,-28],[-58,-186],[-15,-29],[-12,-17],[-10,-3],[-25,4],[-50,-53],[84,220],[1,17],[-16,11],[-6,-6],[-68,-139],[-38,-54],[-26,17],[-7,14],[2,16],[66,141],[61,100],[25,63],[11,60],[4,43],[0,48],[3,14],[4,-3],[3,-18],[1,-51],[-13,-103],[-12,-51],[-13,-42],[6,-10],[24,24],[21,51],[16,77],[11,67],[10,105],[4,-3],[5,-21],[11,-15],[17,-9],[10,-14],[7,-35],[7,-16],[26,-13],[10,-11],[7,-39],[0,-21],[3,-13],[8,-5],[-9,-42]],[[19099,79261],[-16,-6],[-19,11],[10,57],[16,24],[41,23],[7,15],[13,7],[19,0],[21,21],[24,42],[8,6],[-16,-61],[-18,-46],[-90,-93]],[[19459,79214],[-16,-11],[-11,1],[2,26],[15,51],[9,44],[2,38],[7,34],[12,29],[12,14],[17,0],[4,-94],[-5,-44],[-12,-36],[-16,-30],[-20,-22]],[[19111,77024],[0,-23],[-21,5],[-11,13],[-9,20],[-2,16],[8,16],[24,-10],[11,-37]],[[18863,76595],[-22,-10],[-65,20],[-28,15],[-80,56],[-152,81],[-52,41],[-11,30],[28,64],[16,25],[17,16],[160,29],[62,-14],[74,-130],[42,-87],[17,-71],[1,-34],[-7,-31]],[[19284,75982],[-13,-5],[-29,6],[-24,19],[-15,25],[97,68],[20,-9],[0,-12],[-14,-37],[-4,-24],[-7,-18],[-11,-13]],[[22381,99922],[256,-13],[82,5],[95,-34],[57,-4],[94,6],[68,-8],[255,-8],[53,-13],[-1,-16],[-55,-34],[-74,-34],[-476,-109],[-35,-18],[93,-5],[137,5],[106,12],[125,37],[41,2],[80,18],[154,50],[123,27],[55,-12],[47,-19],[32,-2],[16,15],[26,39],[16,15],[40,10],[25,-1],[40,-19],[44,-44],[41,-31],[23,-1],[93,35],[47,5],[107,-13],[45,-15],[8,-17],[-28,-17],[-18,-15],[-7,-13],[16,-14],[64,-32],[94,-68],[0,-25],[-51,-50],[1,-13],[241,53],[244,-24],[69,-16],[26,-20],[28,-32],[30,-45],[-21,-47],[-107,-74],[-110,-57],[-65,-52],[-100,-28],[-343,-124],[-168,-40],[-96,-40],[-44,-6],[-204,7],[-54,-21],[-30,-37],[-64,-17],[-95,-13],[-195,-10],[-43,-41],[-11,-28],[-19,-21],[-17,-11],[-555,-148],[-10,-24],[55,-11],[71,11],[808,179],[155,12],[144,-13],[-16,-42],[-204,-118],[-260,-107],[-129,-81],[-328,-140],[-268,-139],[-103,-71],[-138,-127],[-47,-30],[-57,-13],[-68,6],[-61,18],[-81,47],[-74,53],[-23,9],[14,-26],[143,-175],[-17,-34],[-261,-36],[-116,-32],[-59,-8],[-43,6],[-41,-3],[-40,-13],[-2,-13],[35,-15],[105,-12],[231,40],[37,-3],[59,-19],[3,-18],[-62,-56],[-187,-67],[24,-4],[54,-23],[-1,-22],[-59,-50],[-28,-16],[-181,-47],[-78,-11],[-69,6],[-317,102],[-112,15],[-106,26],[-78,-5],[-83,-29],[37,-16],[153,-28],[128,-6],[54,-11],[20,-19],[56,-68],[8,-36],[-12,-34],[-16,-24],[-22,-14],[-32,-7],[-126,5],[-46,-8],[-55,-20],[-68,-9],[-122,4],[-145,-29],[-76,-5],[-85,13],[-91,33],[-97,16],[-164,14],[14,-19],[58,-8],[117,-49],[56,-68],[53,-11],[108,-56],[78,-8],[81,-19],[115,24],[77,-4],[-16,-136],[-34,-14],[-185,0],[-89,20],[-38,20],[-86,24],[-77,-14],[-70,3],[-47,-13],[-75,0],[-196,-23],[-104,0],[-76,15],[-89,4],[-101,-5],[7,-16],[43,-5],[62,-25],[58,-40],[48,-17],[58,10],[59,18],[214,31],[94,5],[84,-14],[56,-17],[39,-20],[50,-53],[123,-7],[95,-17],[150,-78],[41,-6],[17,-20],[-32,-50],[-4,-30],[-104,-58],[-162,-17],[-178,6],[-127,-7],[-14,-8],[88,-15],[203,-68],[78,-37],[14,-21],[-112,-82],[-99,-163],[-32,-13],[-34,-5],[-87,3],[-110,-41],[-83,-8],[-151,15],[-174,0],[-14,-27],[-9,-50],[1,-77],[11,-101],[-9,-74],[-29,-47],[-36,-35],[-66,-34],[-67,-21],[-51,-7],[-83,-1],[-241,-25],[-118,2],[-91,10],[-94,34],[-157,95],[-45,21],[-44,12],[2,-20],[47,-53],[39,-35],[32,-15],[-8,-16],[-69,-26],[-76,-11],[-91,0],[-3,-10],[31,-27],[40,-26],[26,-8],[69,8],[81,33],[50,9],[100,-7],[39,-12],[125,-72],[17,-4],[93,37],[133,2],[49,-29],[19,-57],[2,-46],[-14,-35],[31,-34],[75,-33],[59,-7],[41,19],[64,45],[27,11],[25,-2],[39,-34],[52,-64],[5,-74],[-43,-86],[-51,-56],[-204,-92],[-61,-37],[-49,-38],[-70,-34],[-139,-45],[-73,-9],[-157,-49],[-35,-2],[-51,8],[-10,24],[13,42],[17,40],[20,36],[1,31],[-44,47],[-32,22],[-30,11],[-60,-6],[-35,-13],[-37,-3],[-39,8],[-33,20],[-66,84],[-25,11],[-32,-3],[-30,12],[-25,27],[-43,25],[11,-19],[43,-48],[30,-47],[17,-47],[-8,-37],[-362,-21],[-155,11],[-32,32],[-74,139],[-16,-245],[-271,-40],[-64,6],[-105,28],[-136,66],[-57,44],[-22,44],[-16,24],[-11,4],[-34,-53],[-37,-108],[-93,28],[-118,27],[-42,106],[-3,-153],[-190,20],[-91,-6],[-27,135],[-4,148],[-37,-94],[16,-79],[5,-98],[-81,28],[-177,14],[-62,13],[8,129],[14,129],[228,128],[67,61],[49,25],[79,15],[100,10],[68,-8],[78,8],[93,22],[66,7],[13,8],[-20,12],[-71,83],[-25,19],[-26,8],[-52,4],[-49,36],[-29,32],[-31,43],[-50,83],[-49,92],[25,50],[81,40],[81,28],[82,15],[68,0],[83,-22],[115,-42],[67,-48],[83,-102],[55,-81],[45,-37],[199,-66],[67,-11],[78,5],[161,18],[79,18],[35,21],[19,31],[22,24],[71,55],[109,114],[60,90],[15,31],[12,36],[9,43],[-33,-23],[-188,-222],[-39,-41],[-110,-68],[-47,-11],[-75,3],[-99,31],[-118,-49],[-71,13],[-63,33],[-1,158],[-80,126],[89,64],[73,40],[130,103],[29,1],[94,-16],[-52,23],[-50,35],[-113,-9],[40,222],[-76,-166],[-77,-87],[-46,-44],[-53,-25],[-197,-22],[48,81],[45,120],[-47,-44],[-112,-68],[-83,-35],[-69,-19],[-133,4],[-67,34],[19,83],[0,103],[41,47],[61,61],[67,82],[45,85],[177,38],[173,15],[144,45],[71,8],[67,-21],[276,-35],[113,-27],[49,-19],[37,-7],[39,29],[49,28],[171,-3],[48,5],[43,13],[54,27],[62,40],[10,19],[-44,0],[-43,-11],[-66,-29],[-63,-15],[-64,3],[-130,24],[-225,5],[-115,11],[-53,12],[-30,16],[-26,25],[-23,33],[12,23],[46,13],[39,3],[64,-18],[72,-31],[78,-4],[-27,28],[-99,57],[-69,47],[-57,59],[-45,58],[-98,91],[-79,91],[-56,40],[-59,20],[-180,24],[-36,16],[-86,79],[-23,134],[-37,81],[36,104],[60,47],[359,-37],[151,5],[194,-13],[104,-25],[119,-63],[106,-71],[103,-48],[94,-65],[102,-97],[61,-46],[52,-29],[71,-24],[133,-31],[116,-10],[60,4],[64,22],[46,27],[-51,7],[-134,-3],[-92,14],[-53,31],[-57,42],[-89,79],[-68,52],[-147,84],[-109,83],[-88,80],[-8,34],[63,24],[78,17],[487,54],[291,64],[118,74],[14,18],[389,105],[275,39],[106,6],[95,17],[4,10],[-84,14],[-84,7],[-193,0],[-171,13],[-52,23],[11,38],[17,33],[51,54],[56,41],[235,119],[158,49],[46,35],[-341,-77],[-119,-55],[-119,-83],[-62,-25],[-44,7],[-39,-8],[-35,-22],[-29,-40],[-24,-59],[-21,-40],[-19,-21],[-49,-31],[-116,-60],[-274,-84],[-92,-21],[-78,-4],[-256,-47],[-76,-2],[-85,15],[36,41],[135,75],[36,34],[-86,-8],[-88,-20],[-195,-17],[-77,-31],[-74,-56],[-60,-35],[-45,-14],[-62,-9],[-228,-4],[-50,4],[-131,42],[-117,-14],[-47,3],[-89,30],[-26,19],[4,26],[51,50],[59,47],[192,104],[123,49],[177,42],[416,47],[19,34],[-421,-38],[-359,-49],[-58,-18],[-83,-47],[-265,-173],[-78,-43],[-120,-11],[-91,15],[-72,22],[-123,51],[-92,27],[-44,19],[-26,18],[-21,22],[-16,25],[30,21],[236,45],[320,-9],[144,10],[142,27],[208,67],[228,95],[44,31],[-83,6],[-61,-7],[-148,-34],[-234,-91],[-204,-33],[-505,-17],[-160,-25],[-70,5],[-53,25],[-59,46],[10,37],[121,42],[94,9],[17,9],[-134,40],[-12,20],[77,46],[168,67],[84,21],[155,13],[160,-7],[6,12],[-158,26],[-118,4],[-156,-18],[-415,-108],[-35,4],[-61,18],[18,27],[221,114],[8,17],[-160,-2],[-46,5],[-46,14],[-65,-12],[-84,-38],[-59,-16],[-35,6],[-88,44],[11,37],[70,47],[64,33],[87,31],[142,38],[102,13],[166,1],[79,17],[70,29],[88,49],[97,33],[157,27],[133,-9],[73,-23],[59,-42],[62,-32],[6,26],[52,32],[65,13],[78,-4],[68,-15],[89,-39],[72,-17],[33,1],[43,21],[112,1],[-3,9],[-36,22],[-44,16],[-398,110],[-11,24],[134,23],[84,27],[39,7],[98,57],[64,30],[119,34],[48,-9],[60,-30],[58,-19],[170,-18],[73,-19],[130,-107],[52,-35],[73,-36],[44,-14],[87,-8],[9,20],[-103,51],[-28,29],[12,25],[22,13],[32,1],[81,-22],[217,-75],[324,-90],[124,-20],[76,-32],[70,-39],[69,-27],[13,3],[-64,60],[-157,74],[-419,126],[-166,66],[-80,45],[-60,45],[-2,25],[58,29],[76,23],[96,9],[12,10],[-87,34],[-52,30],[2,20],[104,16],[64,-5],[123,-37],[102,-18],[16,12],[-105,99],[-10,23],[16,13],[37,13],[110,-7],[182,-49],[326,-24],[89,3],[-13,12],[-130,30],[-136,40],[-60,24],[-44,33],[-53,27],[-4,13],[84,21],[221,-4],[205,-32],[174,11],[110,-8],[43,-10],[80,-35],[252,-128],[27,-21],[28,-31],[31,-41],[43,-12],[83,29],[55,28],[-24,27],[-139,62],[-31,26],[-70,45],[-156,79],[-41,38],[-27,31],[432,30],[417,-26],[68,-19],[44,-26],[44,-39],[66,-41],[135,-62],[192,-38],[-36,26],[-144,68],[-65,47],[1,32],[11,24],[23,17],[162,63],[233,19],[27,-3],[180,-98],[86,-40],[60,-16],[2,7],[-83,45],[-64,25],[-6,15],[106,47],[67,12],[282,14],[32,-5],[27,-13],[66,-52],[25,-7]],[[15372,98471],[41,-65],[151,-153],[68,-56],[116,-69],[15,-25],[1,-11],[-3,-37],[33,-14],[100,-21],[111,-38],[20,2],[39,23],[47,6],[61,-6],[29,-16],[22,-24],[9,-17],[1,-13],[-22,-26],[2,-10],[14,-12],[2,-14],[-22,-55],[6,-20],[56,-50],[51,-24],[100,-27],[65,2],[40,-18],[1,11],[-18,32],[-39,45],[-73,23],[-10,27],[-6,45],[6,30],[38,24],[31,7],[94,2],[51,-11],[90,-34],[9,-18],[5,-36],[3,-73],[-2,-15],[-76,-41],[-17,-28],[20,-8],[65,-6],[101,-26],[40,-2],[39,-59],[31,-56],[-23,-68],[-29,-110],[-24,-26],[-23,-38],[16,-7],[99,15],[20,6],[67,37],[97,-9],[33,-9],[16,-14],[30,-41],[25,-56],[18,5],[45,67],[17,17],[22,16],[10,-3],[46,-62],[102,-111],[35,-45],[7,-34],[-44,-39],[-34,-20],[-251,-83],[-112,-47],[-56,-37],[-29,-12],[-60,6],[-14,-6],[-18,-59],[-20,-25],[-52,-41],[-73,-73],[-43,-33],[-77,24],[-19,34],[-10,77],[-2,33],[3,16],[9,28],[33,66],[-4,7],[-15,-6],[-51,-33],[-20,-17],[-18,-30],[-9,-51],[8,-94],[-7,-38],[-21,-19],[9,-15],[59,-20],[11,-8],[7,-16],[2,-24],[-3,-21],[-18,-33],[-33,-13],[-43,15],[-93,81],[-40,-4],[-10,-10],[8,-29],[29,-65],[5,-54],[-13,-45],[-26,-71],[-19,-37],[-9,-6],[-47,-1],[-39,19],[-117,125],[-58,52],[-85,104],[-22,21],[-13,5],[-12,-45],[24,-41],[76,-96],[46,-71],[32,-58],[6,-24],[-12,-10],[-16,6],[-23,20],[-69,34],[-29,19],[-19,23],[-35,16],[-50,12],[-51,2],[-51,-7],[-9,-11],[57,-30],[20,-17],[15,-21],[10,-26],[-19,-17],[-71,-10],[-95,6],[-154,23],[-153,38],[-142,58],[-102,59],[-41,31],[-12,24],[38,20],[134,27],[135,16],[-22,15],[-244,33],[-80,7],[-43,-9],[-49,5],[-39,27],[-51,50],[-25,33],[3,13],[19,7],[111,-6],[15,5],[-55,25],[-177,49],[-67,44],[-12,17],[-5,17],[2,16],[67,34],[205,78],[71,13],[71,0],[49,23],[43,75],[213,27],[163,33],[14,9],[-123,-6],[-174,7],[-74,50],[-50,9],[-55,0],[-65,-16],[-110,-47],[-53,-11],[-120,-49],[-33,3],[-17,6],[-5,10],[22,32],[31,22],[-6,8],[-47,4],[-55,-1],[-38,-7],[-138,-43],[-62,-32],[-18,-3],[-67,50],[-106,28],[-24,21],[22,84],[31,18],[82,14],[244,76],[14,15],[23,38],[-56,-8],[-122,-37],[-102,-19],[-80,0],[-58,6],[-37,10],[-45,24],[-145,110],[-39,53],[-6,47],[-10,36],[-42,86],[310,-53],[122,-10],[234,-4],[11,5],[3,14],[-4,23],[2,17],[8,13],[87,30],[13,11],[-103,5],[-188,-52],[-67,1],[-75,74],[-81,-13],[-38,5],[-59,19],[-29,16],[-19,20],[-8,17],[3,14],[16,15],[69,22],[31,2],[83,-14],[62,1],[-20,23],[-90,57],[-78,64],[6,106],[64,23],[67,4],[65,-27],[87,-4],[63,-30],[42,-58],[49,1],[78,-11],[175,0],[-32,21],[-54,18],[-123,24],[-61,85],[-127,44],[-100,23],[2,20],[75,106],[90,37],[145,-14],[94,20],[123,38],[119,-18],[31,2],[18,11],[16,22],[0,21],[-15,18],[-38,23],[-153,4],[-67,9],[-27,12],[-7,18],[-4,19],[-1,20],[4,12],[13,7],[37,7],[143,1],[85,11],[93,-14],[195,-52],[63,-27],[67,-45],[35,-40]],[[13211,97583],[7,-100],[-7,-51],[-16,-37],[-14,-9],[-19,-1],[-85,29],[-26,17],[-2,15],[-8,28],[-57,37],[-107,-6],[-45,3],[-17,11],[-12,16],[-10,64],[2,22],[13,39],[8,9],[78,37],[22,3],[96,-14],[85,-2],[43,-10],[38,-22],[23,-35],[10,-43]],[[11760,97070],[73,-16],[87,-49],[82,-105],[4,-13],[1,-18],[-3,-21],[-11,-28],[-15,-17],[42,-20],[5,-10],[-4,-22],[5,-17],[26,16],[21,25],[6,16],[4,44],[64,21],[68,32],[31,7],[53,-7],[127,-75],[48,-7],[18,-9],[16,-17],[1,-19],[-26,-43],[-10,-27],[6,-17],[66,-14],[151,28],[132,-70],[73,-84],[54,-28],[8,-16],[-15,-14],[-16,-39],[-43,-30],[-9,-13],[23,-35],[2,-22],[-3,-30],[8,-17],[59,-18],[135,-125],[25,-35],[15,-43],[1,-15],[-19,-24],[-21,-68],[-12,-16],[-55,-13],[-99,-12],[-93,-24],[-100,30],[-97,46],[-30,30],[-24,36],[-6,14],[-10,58],[-5,13],[-41,33],[-37,49],[-70,4],[-166,50],[-71,12],[-72,-4],[-101,-20],[-19,5],[-17,15],[-15,25],[-4,18],[17,31],[-297,-40],[-84,-45],[-118,7],[-59,19],[-79,44],[-36,38],[-33,52],[-3,39],[27,26],[28,16],[29,5],[160,-31],[141,-15],[61,15],[27,42],[-33,22],[-135,10],[29,21],[114,23],[60,34],[-11,11],[-35,14],[-153,-4],[-55,13],[-3,11],[12,14],[87,69],[-3,12],[-38,23],[-33,29],[-12,3],[-76,-26],[-107,-100],[-25,-15],[-25,1],[-23,16],[0,21],[24,26],[49,78],[-3,28],[-49,18],[-127,-14],[-71,0],[-11,22],[-3,41],[3,38],[17,61],[25,46],[15,16],[169,-9],[277,28],[80,3],[88,-28]],[[14020,96466],[74,-21],[128,9],[46,-14],[119,-52],[37,-31],[8,-23],[0,-12],[-39,-25],[-80,-38],[-19,-29],[71,-37],[36,-32],[16,-23],[1,-23],[-48,-64],[-35,-19],[-54,2],[-25,-6],[-69,-30],[-106,-29],[-146,-11],[-40,-18],[-72,-29],[-49,-4],[-15,16],[-8,25],[4,16],[10,21],[-23,20],[-104,38],[-61,52],[-9,16],[-3,15],[135,10],[58,10],[26,17],[5,10],[-26,5],[-93,35],[-155,21],[-8,24],[-64,49],[-6,47],[-15,13],[-44,20],[-6,7],[-13,30],[-2,16],[2,15],[80,32],[-11,21],[-60,82],[-16,45],[2,17],[38,24],[53,1],[140,-7],[67,-10],[66,-20],[73,-29],[109,-25],[35,-17],[66,-54],[7,-17],[-4,-17],[16,-15]],[[11892,96169],[-36,-15],[-42,9],[-5,9],[-1,12],[4,14],[47,48],[43,16],[25,3],[21,-16],[12,-25],[-68,-55]],[[12302,95822],[-43,-7],[-78,4],[-93,28],[-25,32],[-5,51],[1,29],[7,5],[58,7],[108,8],[87,-6],[100,-29],[40,-19],[20,-13],[26,-27],[8,-12],[6,-21],[-124,-5],[-59,-8],[-34,-17]],[[14246,95896],[78,-30],[86,16],[91,2],[204,-13],[136,9],[35,-5],[53,-19],[28,-23],[26,-39],[-66,-23],[-57,-120],[-7,-6],[-62,-1],[-30,-10],[-179,17],[-494,8],[-21,15],[-65,70],[-4,27],[11,33],[14,21],[16,11],[144,52],[63,8]],[[11406,95395],[-48,-14],[-95,31],[-63,14],[-51,55],[-56,76],[-43,84],[-16,49],[-32,30],[-11,48],[-57,77],[9,11],[54,11],[86,-14],[42,-27],[52,-46],[67,-72],[21,-32],[4,-44],[12,-24],[58,-4],[72,-58],[13,-23],[14,-45],[-1,-22],[-11,-45],[-20,-16]],[[16014,95492],[-82,-44],[-41,1],[-240,90],[-48,45],[-9,30],[-3,43],[1,58],[10,39],[13,14],[28,14],[55,8],[53,-5],[79,-15],[78,-26],[104,-80],[38,-38],[8,-49],[0,-30],[-6,-22],[-11,-14],[-27,-19]],[[14618,95218],[58,-7],[50,11],[43,-3],[64,-31],[58,-47],[46,-22],[14,-11],[6,-11],[7,-36],[0,-17],[-4,-13],[-19,-33],[-17,-41],[-34,-36],[-19,-27],[-15,-34],[35,20],[134,113],[87,-13],[131,10],[159,46],[75,7],[77,-3],[56,-15],[121,-62],[42,-30],[15,-21],[4,-15],[-25,-24],[-75,15],[-125,12],[-23,8],[-20,0],[-14,-9],[9,-33],[26,-7],[149,-7],[492,-105],[20,-33],[-5,-15],[-17,-16],[-36,-22],[-284,-24],[-161,21],[-135,34],[-46,-8],[40,-46],[81,-14],[68,-27],[28,-23],[144,-18],[24,-18],[45,-46],[37,-3],[38,-32],[30,-55],[15,-7],[43,10],[73,-48],[23,-26],[0,-19],[-16,-29],[-33,-41],[-83,-48],[-6,-14],[96,5],[18,-6],[114,-85],[15,-1],[9,8],[11,30],[-5,28],[-13,39],[3,28],[22,17],[21,9],[22,0],[24,-11],[115,-102],[148,49],[26,-22],[23,-41],[10,-7],[55,82],[33,20],[139,-97],[84,-22],[34,-21],[63,-23],[89,-8],[15,36],[-52,46],[30,21],[123,39],[65,-5],[121,55],[74,8],[45,-1],[150,84],[35,13],[26,30],[59,-4],[159,-48],[45,4],[169,48],[62,11],[63,-1],[158,-28],[119,-30],[36,-16],[-13,-39],[6,-12],[16,-9],[38,-11],[149,-1],[64,-10],[51,-37],[12,-15],[-2,-15],[-50,-40],[8,-8],[50,-10],[114,-4],[24,-9],[23,-50],[25,-69],[-1,-28],[-39,-46],[-107,-62],[-119,-52],[-8,-13],[38,-25],[39,-11],[31,2],[95,24],[22,-1],[43,-24],[21,-24],[18,-31],[-33,-29],[-137,-36],[-81,47],[-27,11],[-18,-5],[10,-20],[39,-38],[13,-24],[-13,-12],[-7,-24],[1,-35],[-3,-36],[-14,-56],[-4,-2],[-297,-12],[-36,-10],[-83,-39],[-63,-20],[-42,-3],[-40,7],[-108,41],[-72,-8],[-29,4],[-61,27],[-14,14],[-25,36],[-19,49],[2,30],[7,43],[-4,22],[-18,0],[-19,9],[-59,43],[-36,13],[-6,-7],[10,-34],[7,-11],[39,-24],[7,-29],[-16,-73],[-6,-12],[-38,-53],[-28,-15],[-77,-1],[-118,-38],[-56,-6],[-76,9],[-47,17],[-31,20],[-30,28],[-15,2],[-8,-61],[-15,-8],[-25,1],[-39,19],[-33,44],[-10,0],[-4,-25],[-7,-17],[-10,-8],[-83,-28],[-46,0],[-49,32],[-31,-4],[-41,-17],[-98,33],[-24,1],[20,-53],[-32,-8],[-70,2],[-116,17],[-72,-25],[-129,15],[-130,3],[-25,12],[-17,25],[-1,22],[7,30],[19,45],[32,59],[11,31],[-29,15],[-18,19],[-14,3],[-47,-23],[-30,-67],[-22,-20],[-11,17],[-7,40],[-10,20],[-13,-1],[-12,-11],[-12,-21],[-18,-7],[-24,6],[-9,-10],[7,-26],[3,-25],[-2,-22],[-21,-22],[-59,-32],[-34,-10],[-89,-5],[-54,10],[-108,38],[-60,2],[-72,64],[-58,15],[3,23],[25,43],[0,13],[-79,-63],[-10,-20],[9,-47],[-10,-3],[-54,17],[-53,-13],[-13,4],[-36,33],[-65,35],[-28,38],[-44,119],[-22,80],[2,16],[33,22],[-5,17],[-41,45],[-44,37],[-13,26],[-6,26],[-6,38],[0,28],[5,18],[26,57],[68,101],[10,18],[3,18],[-9,54],[-13,53],[-14,39],[-38,53],[-52,54],[-74,99],[-54,77],[-66,108],[-31,9],[-36,-5],[-79,-37],[-27,-18],[-6,-12],[-59,-2],[-166,9],[-63,12],[-47,-3],[-82,-27],[-87,5],[-54,76],[-123,41],[-37,23],[-25,31],[8,20],[70,19],[29,20],[14,16],[-69,-14],[-31,3],[-209,103],[-64,18],[-11,9],[-6,12],[0,15],[6,23],[63,-29],[27,-2],[44,8],[16,18],[-10,11],[-72,34],[-34,26],[-13,19],[13,27],[4,18],[23,10],[42,2],[54,13],[99,35],[66,13],[66,-2],[161,-36],[159,-46],[101,-35]],[[16048,94906],[-15,-11],[-47,6],[-16,-10],[-25,5],[-35,22],[-40,43],[-46,65],[-36,55],[-2,15],[12,26],[36,17],[85,21],[59,-1],[55,-41],[15,-15],[9,-17],[1,-16],[-5,-15],[-25,-32],[-10,-22],[0,-22],[5,-32],[10,-21],[15,-10],[0,-10]],[[12449,94961],[-82,-3],[-37,9],[-3,14],[33,18],[108,29],[63,53],[24,6],[83,8],[48,-2],[62,-12],[-149,-66],[-150,-54]],[[13552,94874],[3,-34],[-3,-27],[-11,-18],[-1,-22],[10,-24],[42,-61],[13,-33],[2,-33],[-2,-23],[-26,-44],[-11,-56],[-1,-30],[15,-47],[1,-22],[-29,-37],[-61,-33],[8,-17],[133,-41],[10,-9],[-1,-93],[23,-102],[-9,-2],[-31,32],[-59,38],[-71,-71],[8,-120],[47,-54],[14,-30],[-5,-19],[-39,-8],[-14,4],[-40,24],[-23,37],[-7,-1],[-7,-18],[4,-18],[27,-32],[12,-39],[-12,-11],[-41,-11],[-54,0],[-86,-18],[-42,-2],[-41,9],[-55,2],[-45,-4],[-28,8],[-26,18],[-29,-4],[-65,-46],[-100,14],[-90,4],[-18,16],[-20,30],[-40,93],[8,24],[96,13],[2,8],[-69,33],[-78,25],[-37,19],[9,37],[-2,9],[135,42],[98,83],[61,34],[5,16],[51,17],[120,10],[4,23],[-225,-13],[-309,-47],[-95,-23],[-80,14],[-338,-73],[-14,0],[-36,23],[-30,43],[22,30],[99,58],[49,50],[-5,27],[39,48],[63,6],[108,-39],[56,-39],[50,-18],[44,3],[46,28],[-12,3],[-78,-15],[-9,4],[-40,44],[-17,28],[-11,28],[-1,19],[24,38],[-89,12],[-33,26],[-16,32],[4,14],[28,38],[76,51],[-9,15],[-110,-1],[-25,6],[-47,32],[11,36],[44,52],[33,31],[22,10],[34,-1],[82,-20],[24,-11],[63,-50],[16,-29],[-2,-28],[12,-20],[49,-30],[209,-153],[39,-37],[27,-16],[48,-12],[29,3],[23,11],[4,14],[-91,54],[-23,28],[-19,39],[8,13],[27,4],[66,-5],[78,11],[-86,16],[-57,22],[-58,1],[-72,35],[0,11],[17,11],[99,15],[19,7],[1,10],[-32,23],[-29,13],[-149,28],[-53,32],[-17,15],[-5,14],[19,38],[80,46],[58,23],[100,16],[80,-2],[45,-6],[106,-79],[50,-52],[88,9],[-26,54],[-16,60],[26,23],[72,39],[57,-21],[75,-53],[16,-18],[84,-32],[50,-11],[26,-18],[8,-23]],[[11573,94964],[16,-4],[47,15],[31,3],[35,-29],[8,-19],[124,-47],[43,-21],[6,-15],[-16,-20],[-36,-26],[-35,-18],[-50,-15],[-250,-2],[-27,7],[-16,23],[-31,88],[-22,47],[-8,33],[5,18],[27,19],[92,27],[41,0],[26,-7],[10,-14],[-3,-19],[-17,-24]],[[12135,94526],[66,-47],[3,-11],[-12,-9],[-85,-25],[-33,-20],[-28,-47],[-21,-21],[-114,-13],[-116,0],[22,45],[63,74],[-50,31],[-177,-51],[-68,31],[58,80],[-58,8],[-80,0],[-52,47],[18,57],[106,32],[138,27],[148,41],[116,-4],[45,-19],[15,-66],[14,-78],[20,-7],[62,-55]],[[19385,94458],[3,-46],[-22,2],[-73,-29],[-59,-4],[-29,13],[-19,31],[46,58],[53,40],[64,63],[53,41],[26,-8],[25,-22],[-32,-63],[-34,-31],[-2,-45]],[[14545,94322],[-30,-1],[-40,16],[-11,17],[-9,23],[-6,29],[-8,24],[-11,17],[-2,15],[6,11],[13,7],[30,2],[65,30],[12,-3],[9,-16],[8,-42],[10,-25],[25,-45],[11,-29],[-2,-9],[-8,-9],[-62,-12]],[[14060,94137],[-25,-25],[-25,-2],[-34,24],[-36,-9],[-50,-48],[-18,-29],[-14,-10],[-42,-9],[-18,8],[-17,25],[-16,43],[12,32],[39,22],[105,35],[29,18],[4,18],[6,13],[9,6],[70,-32],[33,-21],[25,-25],[-3,-9],[-34,-25]],[[14853,93766],[20,-59],[4,-23],[1,-50],[-9,-66],[-5,-11],[-9,-6],[-4,-17],[1,-28],[-8,-17],[-17,-6],[-112,-13],[-69,2],[-103,-8],[-51,4],[-33,14],[-49,31],[-102,73],[-52,2],[-130,26],[-71,78],[-28,14],[-27,-23],[-8,5],[-8,16],[-7,26],[-14,14],[-54,-7],[-10,9],[-2,23],[0,20],[10,31],[57,87],[29,6],[35,16],[19,47],[-2,44],[53,66],[32,20],[57,46],[195,71],[53,7],[72,-6],[69,-22],[54,-38],[109,-94],[49,-57],[26,-58],[24,-33],[29,-72],[-10,-28],[-7,-38],[3,-18]],[[11543,93772],[-59,-4],[-102,23],[-61,45],[-18,22],[2,10],[10,10],[15,29],[34,84],[13,23],[55,49],[40,13],[85,-5],[49,-25],[21,-16],[15,-19],[14,-44],[4,-28],[25,-32],[7,-19],[0,-18],[-6,-19],[-15,-18],[-32,-27],[-96,-34]],[[14301,93363],[-14,-4],[-28,5],[-105,34],[-18,14],[-5,10],[24,13],[9,13],[26,16],[47,0],[50,-39],[23,-36],[1,-15],[-10,-11]],[[13660,93379],[-94,-47],[-21,19],[-9,16],[74,71],[31,18],[31,-22],[8,-16],[-4,-13],[-16,-26]],[[14970,93098],[123,-37],[59,-24],[30,-16],[56,-53],[28,-16],[109,31],[77,12],[169,-14],[145,-45],[53,-33],[32,-31],[-8,-34],[-27,-54],[-31,-52],[-62,-82],[-53,-40],[-13,-20],[-9,-27],[-20,-40],[-57,-86],[-15,-15],[-80,-37],[27,-17],[13,-15],[-11,-38],[-50,-92],[-53,-85],[-36,-51],[-67,-74],[-36,-21],[-50,-6],[-297,64],[-74,-1],[-198,-33],[19,-17],[72,-25],[47,-27],[62,-84],[8,-21],[4,-25],[-2,-48],[-5,-12],[-98,-130],[-32,-95],[-21,-78],[-33,-21],[-110,33],[-36,-1],[-124,-23],[-58,11],[8,118],[-8,127],[-18,121],[-93,216],[-10,38],[-7,41],[-4,44],[1,44],[6,90],[1,45],[-5,118],[-12,178],[-2,62],[1,25],[4,19],[20,25],[38,18],[19,3],[122,-54],[56,-18],[38,1],[2,6],[-33,12],[-32,23],[-50,68],[-24,59],[-4,19],[-2,21],[3,21],[7,19],[26,30],[20,13],[77,35],[77,21],[170,14],[49,-10],[73,37],[44,9],[75,-13]],[[13374,92872],[-90,-16],[-42,7],[-22,-21],[-17,-9],[-50,-4],[-101,38],[-27,14],[-10,12],[4,12],[18,11],[78,18],[29,13],[12,17],[19,15],[27,11],[73,10],[164,54],[82,8],[32,-5],[9,-14],[3,-14],[-5,-15],[-25,-36],[-33,-29],[-90,-61],[-38,-16]],[[12832,92932],[264,-165],[37,13],[80,9],[83,24],[115,20],[70,37],[30,11],[51,6],[27,0],[80,-20],[32,-14],[17,-14],[18,-27],[32,-65],[4,-24],[-1,-6],[-29,-40],[-20,-18],[-40,-16],[-34,-5],[-30,-29],[-34,7],[-9,-26],[4,-16],[9,-8],[17,2],[19,11],[38,-5],[19,-18],[18,-28],[-13,-27],[-66,-37],[-98,-41],[-119,-131],[-62,-55],[-13,-17],[-7,-17],[2,-32],[3,-14],[18,-5],[58,46],[37,21],[38,11],[67,1],[28,-7],[50,-27],[46,-42],[11,-15],[-5,-16],[-19,-15],[-2,-10],[44,-21],[48,-58],[3,-35],[-21,-34],[-6,-23],[10,-12],[24,7],[57,39],[62,20],[25,-2],[16,-9],[16,-53],[14,-60],[1,-50],[-10,-41],[-15,-32],[-37,-39],[-33,-15],[-18,0],[2,-7],[40,-33],[17,-26],[7,-25],[-3,-25],[-5,-20],[-47,-77],[3,-11],[13,-5],[29,-45],[3,-103],[-104,-32],[-24,-24],[-29,-39],[-33,-28],[-75,-31],[-38,-3],[-188,25],[-18,15],[-14,26],[-7,38],[-2,29],[4,22],[-1,13],[-6,3],[-21,-21],[-21,-40],[12,-43],[59,-122],[11,-52],[2,-22],[-3,-17],[-67,-71],[-38,-24],[-40,-12],[-38,9],[-36,30],[-27,13],[-57,-1],[-18,15],[-16,29],[-40,102],[-56,73],[-48,81],[-122,119],[-63,71],[-84,115],[-35,26],[-29,10],[-58,8],[-13,14],[-21,39],[-36,30],[-13,3],[-21,-7],[-57,-27],[-70,29],[-16,20],[-9,34],[-9,19],[-24,16],[-20,43],[-134,84],[-80,96],[-16,34],[-2,15],[8,46],[19,52],[24,52],[15,21],[52,45],[42,10],[57,-5],[31,-10],[27,-30],[12,-35],[13,-23],[43,-26],[23,-20],[34,-48],[27,-58],[24,-19],[58,-6],[60,10],[129,36],[5,4],[8,22],[14,131],[9,1],[44,-61],[12,-7],[19,13],[11,29],[-1,14],[-27,72],[-17,30],[-14,20],[-16,6],[-35,-6],[-27,13],[-6,20],[4,26],[15,28],[16,16],[31,8],[36,-8],[49,-33],[32,-8],[44,10],[-57,19],[-78,78],[-34,15],[-42,-34],[-27,-12],[-53,-16],[-42,-3],[-176,120],[-10,11],[-12,32],[1,14],[17,22],[44,30],[65,18],[44,3],[38,-22],[56,-59],[48,-35],[4,13],[-9,34],[-22,50],[-16,14],[-39,15],[-36,35],[-17,26],[-9,27],[-1,30],[7,20],[15,11],[135,29],[94,-33],[60,-4],[25,40],[-9,7],[-31,-10],[-36,0],[-22,22],[-1,13],[28,31],[43,13]],[[17029,90670],[13,-17],[71,22],[61,24],[95,59],[56,21],[172,0],[29,-11],[-13,-36],[-7,-10],[6,-15],[18,-21],[37,-23],[15,21],[11,49],[25,205],[11,62],[5,58],[-1,55],[-12,35],[-44,21],[-60,-3],[-31,5],[-38,11],[-27,17],[-18,23],[-36,69],[-27,38],[-68,70],[-30,23],[15,27],[62,32],[37,29],[44,88],[26,14],[95,-12],[128,-68],[81,-59],[21,-6],[0,10],[-20,28],[-92,73],[-43,54],[-20,38],[10,16],[52,17],[7,19],[-71,23],[-36,0],[-29,-17],[-31,-1],[-58,30],[-16,17],[-33,52],[-17,44],[-20,28],[-7,22],[-4,69],[2,40],[8,35],[14,28],[37,53],[22,16],[39,6],[85,-26],[229,-95],[-5,31],[-257,128],[-90,33],[-22,46],[136,177],[126,42],[63,52],[102,2],[96,-33],[2,9],[-44,62],[4,15],[54,37],[100,43],[122,34],[25,18],[31,12],[57,11],[143,5],[81,-5],[106,-26],[63,-47],[19,-28],[33,-92],[27,-127],[40,-53],[63,-29],[44,-32],[25,-35],[6,-43],[-11,-52],[8,-54],[29,-55],[22,-31],[48,-35],[1,-19],[-15,-22],[-32,-30],[-79,-92],[-101,-102],[-72,-89],[-4,-26],[151,139],[46,-5],[2,-20],[-30,-67],[-37,-60],[-38,-39],[7,-14],[71,-68],[-13,-11],[-34,5],[-14,-6],[-11,-12],[-6,-19],[0,-26],[5,-33],[0,-25],[-7,-17],[7,-7],[21,3],[18,14],[30,45],[100,124],[64,46],[20,4],[59,-30],[14,2],[-65,95],[-5,24],[13,36],[8,12],[36,26],[29,14],[17,-6],[27,-48],[12,-34],[22,-13],[49,17],[32,41],[41,-27],[61,-64],[-6,-65],[0,-64],[3,-48],[73,-86],[50,-38],[9,-1],[-1,13],[-10,29],[-28,29],[-25,45],[-22,54],[13,127],[38,66],[36,-17],[48,-38],[38,-4],[60,4],[122,-77],[66,-2],[-6,32],[-50,15],[-72,43],[-113,51],[-52,58],[-10,27],[2,29],[6,26],[11,23],[23,22],[109,67],[78,29],[58,9],[98,-1],[113,-11],[61,-20],[70,-48],[89,-47],[32,-8],[37,1],[43,11],[40,-4],[128,-70],[34,-36],[21,-44],[15,-42],[10,-41],[-4,-33],[-107,-144],[-46,-25],[-31,-54],[-46,-104],[-39,-55],[-3,-11],[8,-2],[23,24],[40,72],[30,61],[53,51],[88,61],[77,29],[65,-3],[55,-9],[44,-14],[27,-13],[8,-10],[18,-45],[-1,-31],[-11,-35],[-21,-39],[-96,-43],[-52,-35],[-33,-12],[-98,-13],[5,-13],[72,-19],[81,6],[-2,-22],[-38,-58],[-12,-51],[10,-42],[-2,-34],[-28,-71],[-33,-65],[13,-9],[74,92],[20,101],[30,89],[35,49],[26,19],[83,7],[46,52],[39,17],[17,0],[33,-19],[-2,-21],[-48,-93],[-103,-150],[42,17],[28,36],[38,36],[43,52],[29,-47],[44,-36],[26,-82],[42,-39],[26,-30],[-4,51],[-37,104],[10,41],[29,21],[89,87],[62,-29],[39,-26],[19,7],[48,-4],[78,-14],[75,-24],[74,-35],[56,-40],[40,-47],[24,-32],[9,-17],[13,-47],[-10,-30],[-56,-71],[-31,-32],[-30,-15],[-83,14],[-25,-8],[-27,-22],[-86,-98],[-47,-42],[-47,-27],[-11,-14],[101,1],[27,30],[23,54],[45,56],[83,26],[116,-56],[58,3],[44,55],[49,38],[20,7],[10,-4],[38,-39],[11,-35],[-1,-81],[-5,-24],[-33,-61],[-81,-91],[-54,-34],[-59,-18],[-64,-31],[-23,-25],[-22,-35],[-22,-24],[-28,-20],[37,-28],[14,1],[13,17],[38,68],[27,29],[16,6],[16,-2],[16,-14],[15,-24],[-1,-57],[-47,-230],[8,1],[28,62],[84,239],[21,48],[40,48],[91,73],[70,38],[79,32],[42,12],[48,-8],[32,-37],[42,-7],[52,9],[33,-4],[38,-15],[32,-28],[54,-32],[124,-59],[15,-12],[15,-23],[13,-32],[-2,-32],[-16,-32],[-21,-19],[-24,-7],[-26,-18],[-47,-45],[-16,-8],[-74,-19],[-68,-10],[-43,-18],[-82,-49],[-114,-91],[1,-22],[46,-11],[36,14],[51,63],[47,24],[74,20],[103,16],[44,-2],[8,-4],[5,-14],[4,-27],[-17,-34],[-19,-16],[-53,-78],[35,-21],[47,-8],[28,21],[24,47],[28,27],[31,5],[27,12],[23,19],[6,13],[-33,25],[-3,15],[14,37],[25,41],[26,25],[19,2],[64,-27],[43,-48],[110,-143],[15,-27],[38,-106],[7,-48],[-6,-32],[-9,-21],[-12,-7],[-24,0],[-147,43],[-67,-5],[-29,-12],[-24,-19],[-18,-23],[-13,-27],[-26,-16],[-93,-1],[-53,-15],[-90,-38],[-32,-21],[-7,-27],[55,5],[91,35],[85,10],[142,-78],[47,-12],[26,11],[31,4],[114,-6],[39,-9],[58,-30],[88,-65],[17,-19],[10,-21],[3,-21],[-1,-51],[-9,-18],[-30,-12],[-127,14],[-39,11],[-47,-14],[-39,5],[-49,21],[-54,36],[-82,-35],[-65,23],[-66,-20],[-132,-83],[14,-15],[181,72],[35,-4],[57,-27],[91,-51],[25,-21],[0,-81],[-14,-54],[-27,-61],[-42,8],[-96,38],[-40,5],[-29,-6],[-38,-24],[-19,-1],[-154,48],[-35,3],[-4,-5],[7,-10],[141,-75],[103,-8],[65,-13],[38,-23],[19,-17],[1,-50],[34,-50],[32,-20],[19,-1],[35,18],[34,3],[28,-13],[35,-28],[42,-7],[37,-17],[28,-4],[81,8],[35,-11],[9,-9],[-15,-16],[-74,-39],[-11,-37],[41,-48],[22,-37],[-1,-28],[-22,-63],[-6,-25],[8,-2],[53,51],[8,-7],[6,-70],[7,4],[18,58],[-8,78],[31,31],[100,23],[-17,-122],[-3,-63],[-43,-105],[-37,-34],[1,-7],[26,-13],[16,-2],[16,17],[37,81],[75,84],[13,2],[0,-30],[-10,-57],[35,-27],[33,27],[18,22],[41,-3],[19,-11],[5,-25],[-19,-105],[4,-26],[44,-70],[4,4],[-8,34],[-9,83],[8,37],[36,46],[74,67],[27,13],[17,-9],[28,-32],[-9,-19],[-29,-20],[-22,-37],[-14,-52],[16,-28],[59,-3],[61,43],[34,-21],[41,-56],[75,-90],[43,25],[53,-69],[-71,-54],[22,-114],[-93,4],[-52,-9],[-35,11],[-37,-4],[35,-27],[66,-11],[7,-35],[52,1],[39,7],[71,-2],[4,40],[46,23],[27,25],[22,-15],[64,-17],[87,-78],[-38,-47],[-11,-44],[-13,-37],[-7,-34],[-15,-23],[-123,-133],[20,-1],[52,32],[102,48],[57,19],[40,-13],[21,0],[18,17],[33,-20],[70,-18],[80,109],[49,-21],[45,-68],[97,-118],[50,-69],[17,-31],[-2,-31],[-46,-32],[-23,-7],[-62,62],[-56,31],[-34,-3],[-35,-24],[11,-13],[137,-95],[24,-70],[1,-30],[-91,-47],[-29,-2],[-64,22],[-37,41],[-30,15],[-42,5],[-14,-8],[46,-70],[-4,-21],[-24,-14],[-12,-34],[91,-61],[69,-62],[10,-25],[-46,-18],[-33,-4],[-70,9],[-39,13],[-10,-14],[39,-33],[16,-22],[12,-30],[7,-29],[2,-27],[-33,-22],[-39,-63],[-15,-64],[-35,-6],[-15,12],[-47,-20],[-63,27],[-22,30],[-68,121],[-2,-14],[17,-61],[-4,-36],[-72,-27],[0,-10],[45,-19],[53,-15],[-8,-57],[0,-241],[-12,-86],[-26,-75],[-38,-72],[-41,47],[-16,48],[-14,25],[-19,20],[-25,9],[-27,1],[-28,-43],[-31,37],[-30,44],[11,118],[13,58],[-5,0],[-17,-28],[-41,-86],[-27,-105],[-34,41],[-31,50],[-26,50],[-41,59],[-41,68],[-21,80],[-10,17],[-23,67],[-9,19],[-8,7],[-21,41],[8,45],[31,53],[29,38],[48,37],[56,22],[25,48],[32,88],[34,61],[37,35],[-19,6],[-47,-30],[-33,-43],[-40,-72],[-36,-46],[-94,-53],[-35,-11],[-40,-6],[-88,8],[-21,18],[11,51],[63,91],[-10,6],[-22,-32],[-31,-22],[-26,-12],[-39,5],[-45,56],[-22,18],[-44,19],[-18,20],[-74,139],[-15,37],[-8,37],[-24,30],[-38,25],[-9,-4],[13,-31],[1,-27],[-34,-17],[-35,6],[-37,28],[-3,-38],[39,-67],[1,-86],[-11,-9],[-27,-5],[-18,11],[-60,64],[-57,44],[-40,25],[-4,-18],[26,-77],[30,-76],[49,-62],[78,-75],[36,-43],[-28,-61],[-24,-20],[-16,-6],[-47,0],[-87,33],[-41,38],[-59,89],[-98,92],[-21,0],[-69,-38],[11,-6],[44,-2],[33,-12],[78,-73],[6,-31],[-19,-34],[1,-43],[22,-52],[22,-33],[46,-24],[23,-3],[9,-15],[-27,-116],[-3,-32],[8,-13],[10,-1],[59,48],[25,11],[21,3],[25,-14],[28,-29],[17,-30],[5,-31],[8,-20],[58,-33],[-5,-15],[-60,-50],[-3,-7],[12,-4],[38,-29],[34,-46],[22,-55],[4,-27],[0,-26],[5,-15],[18,-3],[7,10],[9,-2],[9,-13],[10,-42],[21,-123],[11,-35],[6,-1],[4,123],[9,21],[37,-22],[54,-48],[38,-43],[5,-20],[-29,-39],[6,-17],[21,-25],[19,9],[15,44],[24,42],[28,31],[54,-25],[44,-64],[7,-22],[29,-28],[25,16],[49,-73],[-23,-34],[-51,-48],[-5,-16],[12,4],[97,0],[27,-20],[6,-37],[-43,-102],[-40,9],[-53,2],[-27,-5],[5,-14],[72,-47],[21,-39],[28,-40],[13,-33],[0,-15],[-11,-23],[5,-7],[50,-15],[31,13],[39,5],[34,-3],[3,-15],[-6,-37],[-35,-35],[10,-8],[41,10],[19,-16],[24,-83],[28,-64],[-23,-15],[-25,-6],[4,-82],[16,-85],[0,-81],[-5,-72],[-23,-16],[-24,1],[-10,18],[-59,216],[-15,39],[-18,34],[-63,93],[3,-15],[15,-43],[14,-64],[18,-128],[9,-82],[-4,-31],[-13,-8],[-3,-15],[6,-22],[48,-84],[23,-50],[17,-53],[15,-35],[15,-19],[-4,-15],[-21,-12],[-37,-5],[-17,7],[-65,49],[-10,-16],[37,-178],[-2,-42],[-18,-16],[-22,18],[-27,51],[-41,56],[-55,62],[-53,49],[-12,-1],[-8,-15],[-9,-2],[-9,9],[-18,37],[-18,25],[-77,82],[-8,1],[7,-25],[8,-54],[-8,-12],[-20,5],[-39,23],[-25,54],[-33,94],[-17,35],[-1,-23],[9,-89],[-2,-30],[-19,-8],[-8,8],[-8,24],[-8,39],[-18,30],[-29,21],[-16,21],[-8,38],[-5,9],[-51,-9],[-25,28],[-74,108],[-67,118],[-42,62],[-15,15],[22,-76],[25,-113],[6,-51],[-11,-2],[-25,22],[-127,145],[-78,68],[-44,12],[-71,9],[-16,-38],[38,-83],[37,-63],[37,-42],[56,-82],[52,-106],[21,-33],[71,-45],[37,-12],[38,-4],[3,-16],[-18,-30],[-4,-18],[84,-48],[31,-26],[31,-43],[18,-11],[73,-110],[18,-18],[65,-35],[21,-23],[36,-71],[23,-36],[31,-86],[24,-38],[58,-43],[25,-13],[11,-16],[-7,-39],[-7,-17],[-33,-26],[5,-38],[19,-66],[-1,-42],[-21,-16],[-41,-19],[-21,2],[-32,15],[-39,27],[-79,67],[-118,47],[-45,25],[-14,22],[-23,13],[-293,65],[-49,16],[-31,19],[-28,29],[-112,67],[-14,14],[-75,114],[-56,133],[-19,18],[-61,18],[-51,-11],[-34,-15],[-52,5],[-33,22],[-71,59],[-72,32],[-63,53],[-33,18],[3,13],[47,78],[-14,-1],[-82,-59],[-29,18],[-49,47],[-36,47],[-74,129],[-43,47],[6,11],[48,4],[38,-4],[26,11],[50,52],[21,33],[2,20],[-41,4],[-9,10],[-8,21],[-19,28],[-31,33],[-35,15],[-120,-12],[-21,14],[0,23],[24,63],[12,25],[5,14],[-5,3],[-16,-2],[-70,-56],[-16,4],[-27,60],[-17,68],[-12,23],[-16,8],[-57,67],[-82,127],[-30,40],[-34,35],[-24,16],[4,18],[51,106],[3,17],[-45,-7],[-67,22],[-32,-26],[-20,-2],[-23,15],[-13,-6],[-13,-86],[-10,-22],[-14,-11],[-12,1],[-10,15],[0,20],[-10,106],[-24,16],[-66,4],[-14,9],[-16,19],[-14,37],[-11,53],[-13,29],[-15,5],[-12,-4],[-9,-14],[-20,-8],[-32,-4],[-1,-20],[30,-38],[29,-53],[28,-70],[-17,-46],[-62,-24],[-55,-7],[-46,10],[-35,16],[-50,39],[-71,-13],[-16,-102],[-16,-6],[-67,3],[-27,-9],[-91,-56],[-27,-8],[-21,6],[-21,-13],[-30,-33],[-41,-3],[-53,26],[-44,11],[-37,-4],[-38,15],[-38,34],[-32,15],[-41,-2],[-10,5],[-61,72],[-19,30],[-40,91],[-7,36],[-1,39],[3,28],[14,43],[16,102],[12,33],[19,31],[37,39],[135,68],[27,27],[-1,18],[-31,84],[0,21],[11,12],[22,49],[9,14],[24,7],[49,-24],[43,-10],[56,-3],[93,-34],[130,-65],[74,-45],[57,-67],[40,-65],[6,-33],[-19,-51],[-9,-15],[0,-18],[11,-19],[32,-29],[8,11],[-3,34],[7,29],[16,24],[2,30],[-13,38],[-15,32],[-18,28],[-84,94],[-8,31],[28,14],[122,-32],[47,7],[18,37],[20,25],[20,14],[41,5],[58,-17],[29,-2],[25,6],[32,20],[48,67],[31,15],[47,10],[35,1],[63,-26],[39,1],[-3,44],[-26,85],[-32,87],[-25,30],[-65,56],[-76,104],[-39,65],[-10,32],[5,22],[13,32],[138,115],[110,115],[48,59],[23,41],[24,29],[24,19],[53,22],[15,29],[3,49],[9,42],[50,114],[37,30],[58,22],[37,27],[46,93],[-5,23],[-21,18],[-16,26],[-70,245],[-47,117],[-56,103],[-49,125],[-83,123],[-1,33],[14,37],[-7,8],[-85,-54],[-20,-2],[-33,23],[-22,29],[-19,52],[2,26],[12,26],[17,62],[0,32],[-5,30],[-8,21],[-9,12],[-26,8],[-43,3],[-14,-11],[47,-94],[-7,-24],[-61,-10],[-27,5],[-25,11],[-23,19],[-70,98],[-15,37],[4,27],[-6,14],[-14,-9],[-20,-1],[-26,9],[-5,12],[49,53],[3,16],[-23,18],[-34,4],[-9,15],[11,17],[47,29],[16,19],[-28,15],[-15,1],[-31,-32],[-47,-65],[-34,-24],[-47,30],[-30,10],[-20,-6],[-31,-50],[-69,-37],[-123,-86],[-53,-28],[-57,5],[-10,18],[1,29],[4,25],[6,19],[3,23],[-4,99],[9,27],[20,16],[35,17],[92,-21],[42,4],[30,23],[30,33],[29,43],[7,41],[-32,67],[-12,15],[-81,52],[-45,19],[-39,8],[-29,15],[-18,22],[-17,36],[-2,25],[3,33],[17,22],[72,26],[-1,7],[-59,19],[-28,-3],[-24,-21],[-30,-50],[-18,-14],[-54,29],[-33,5],[-22,14],[-12,13],[8,14],[27,14],[47,44],[3,23],[-33,38],[-16,9],[-68,14],[-82,-14],[-31,7],[-13,42],[-9,50],[-4,59],[-14,100],[-17,52],[-21,6],[-98,-21],[-24,0],[-16,8],[-65,66],[-26,24],[-15,5],[-47,71],[-18,14],[-22,35],[-25,56],[-27,17],[-29,-22],[-30,-31],[-29,-41],[-16,-34],[-2,-28],[18,-22],[103,-36],[26,-25],[23,-40],[16,-48],[11,-58],[-1,-43],[-13,-29],[-22,-25],[-63,-41],[-66,-23],[-67,-6],[-31,6],[-171,78],[-31,0],[-39,11],[-89,32],[-49,4],[-85,26],[-144,16],[-29,-13],[38,-36],[34,-18],[29,0],[41,-32],[54,-64],[31,-38],[26,-46],[1,-15],[-26,-31],[-201,163],[-123,-57],[-57,-21],[-48,-4],[-61,23],[-137,78],[-52,28],[-18,4],[-119,-34],[-103,-2],[-208,33],[-76,22],[-20,23],[-25,11],[-45,0],[-118,26],[-109,-58],[-131,53],[-39,31],[-12,21],[-38,89],[-6,48],[11,43],[11,30],[11,16],[-72,-50],[-25,-8],[-32,-2],[-98,18],[-16,-9],[5,-17],[26,-25],[3,-16],[-55,-11],[-82,12],[-36,-5],[-17,-7],[-37,-40],[-15,-9],[-20,4],[-87,90],[-70,57],[-82,22],[-37,18],[-21,22],[-112,182],[-16,40],[-35,143],[-12,30],[-15,20],[29,4],[106,-17],[103,1],[56,-12],[65,-36],[85,-25],[60,-5],[98,9],[110,24],[13,19],[-71,31],[-64,42],[-59,55],[-35,23],[-59,15],[-166,10],[-153,36],[-106,50],[-86,55],[-35,30],[-13,23],[-13,72],[-14,121],[-14,81],[-13,42],[-2,36],[29,77],[84,84],[2,13],[-16,4],[-36,21],[-11,32],[-4,49],[-1,42],[4,35],[14,43],[36,77],[52,94],[56,88],[10,29],[5,78],[7,57],[8,40],[11,30],[35,57],[43,54],[68,47],[6,17],[0,23],[4,18],[7,12],[168,148],[76,60],[65,38],[77,28],[220,58],[114,16],[142,-4],[263,-32],[32,-23],[8,-12],[11,-32],[-8,-21],[-72,-70],[-91,-58],[-59,-51],[-99,-115],[-27,-41],[-124,-231],[-29,-38],[-17,-31],[-12,-83],[3,-30],[20,-48],[67,-105],[18,-50],[-1,-45],[-7,-108],[-1,-54],[3,-53],[14,-75],[24,-98],[58,-98],[89,-100],[67,-66],[65,-49],[78,-72],[17,-35],[-35,-39],[-84,-59],[-110,-25],[-59,-24],[-73,-52],[-92,-41],[-37,-24]],[[19236,92707],[54,-10],[338,19],[70,-14],[213,-86],[55,-28],[27,-38],[25,-60],[11,-13],[77,-35],[32,-43],[11,-22],[16,-51],[35,-29],[40,-17],[13,-15],[-6,-64],[17,-30],[37,-36],[14,-24],[-29,-29],[-68,-17],[-192,18],[-257,40],[-150,-11],[-75,-19],[-181,-66],[-58,-11],[-57,-1],[-100,54],[-37,29],[-12,22],[-23,65],[-20,78],[-10,64],[-12,49],[-34,16],[-102,20],[-34,26],[-15,22],[-15,36],[0,37],[8,33],[6,8],[13,1],[-28,40],[-10,44],[-1,61],[4,39],[8,17],[19,11],[44,7],[66,-1],[91,-45],[72,-4],[110,-37]],[[11177,92141],[-16,-4],[-29,18],[-44,40],[-71,80],[-85,79],[-13,48],[-21,35],[-108,84],[-70,35],[-54,17],[-9,23],[37,69],[43,54],[25,20],[79,18],[266,36],[61,1],[64,-17],[87,-75],[37,-9],[21,-17],[20,-28],[10,-28],[1,-58],[-10,-86],[-12,-33],[-53,-111],[-56,-61],[-10,-39],[-23,-31],[-39,-39],[-28,-21]],[[13839,92154],[-50,-8],[-47,55],[-1,50],[3,28],[6,24],[17,21],[47,24],[22,-18],[8,-21],[7,-9],[31,-19],[15,-21],[-2,-25],[-10,-38],[-11,-24],[-12,-11],[-23,-8]],[[12736,90273],[-4,-6],[-68,29],[-26,16],[-8,13],[-6,25],[-4,39],[13,19],[31,-2],[33,-15],[49,-42],[-14,-12],[-1,-28],[6,-26],[-1,-10]],[[16928,89978],[36,-6],[34,8],[24,-8],[16,-22],[10,-22],[5,-24],[-14,-17],[-55,-14],[-38,7],[-40,19],[-19,-8],[-46,14],[-23,20],[-18,28],[0,17],[48,19],[19,15],[61,-26]],[[13634,89616],[9,-10],[18,8],[15,25],[8,5],[13,-5],[44,-45],[34,-47],[35,-34],[57,-30],[123,-97],[37,-66],[38,-103],[34,-78],[31,-55],[32,-43],[52,-48],[46,35],[20,9],[17,-14],[16,-37],[-8,-16],[-20,-21],[-34,-24],[-46,-1],[-22,-7],[-37,-38],[-29,-46],[-40,-15],[-77,-77],[-41,-29],[-62,-7],[-128,60],[-80,-9],[-66,13],[-72,63],[-57,36],[-109,51],[-7,8],[-5,17],[-2,28],[-5,18],[-8,9],[-17,-1],[-18,-18],[-34,-15],[-51,3],[-22,11],[-17,17],[-10,20],[-1,22],[-5,18],[-8,12],[-18,1],[-30,-12],[-11,-15],[6,-17],[-5,-10],[-51,0],[-20,10],[-39,32],[-17,32],[-21,58],[2,15],[14,35],[18,24],[116,15],[54,13],[59,40],[69,69],[15,20],[1,15],[-5,16],[-21,40],[-8,27],[7,13],[28,1],[-15,15],[-12,22],[-4,13],[0,22],[22,5],[27,-11],[53,-62],[21,-12],[35,-10],[-38,43],[-39,90],[-5,31],[1,17],[10,49],[10,19],[11,13],[38,28],[60,20],[31,2],[31,-15],[27,-31],[60,-49],[9,-20],[0,-9],[-24,-14],[-3,-12],[10,-18]],[[19270,89727],[12,-44],[8,-14],[-11,-21],[-47,-42],[-103,-17],[-52,20],[24,-60],[5,-25],[-7,-11],[-22,3],[-36,17],[-20,21],[-6,23],[-7,6],[-10,-14],[-9,3],[-22,36],[-16,13],[-103,21],[-5,9],[5,17],[16,23],[23,8],[59,-11],[5,6],[3,29],[5,12],[40,-3],[26,6],[14,-15],[14,-35],[19,7],[29,-5],[31,13],[49,30],[38,12],[51,-18]],[[19708,89671],[17,-38],[2,-20],[-22,-24],[-84,-43],[-51,-38],[-25,-9],[-35,9],[-41,-18],[-17,2],[19,31],[66,90],[55,9],[18,18],[15,-6],[9,16],[1,23],[20,17],[17,0],[36,-19]],[[22874,89537],[-8,-5],[-82,36],[-6,28],[40,31],[33,16],[25,3],[25,-6],[23,-33],[-28,-31],[-22,-39]],[[14236,89562],[42,-51],[0,-25],[-6,-42],[-12,-32],[-18,-22],[-26,-11],[-33,0],[-14,9],[10,32],[8,10],[2,29],[-6,47],[-6,29],[-19,17],[-13,0],[-4,-15],[6,-32],[-4,-40],[-14,-50],[-11,-24],[-20,12],[-9,19],[2,32],[-5,28],[5,30],[13,45],[19,30],[24,15],[29,-1],[33,-17],[27,-22]],[[12466,89426],[-26,-6],[-5,1],[3,21],[-2,11],[-7,7],[22,17],[3,13],[-7,10],[-30,19],[-9,17],[1,15],[12,13],[22,-2],[46,-25],[21,-35],[9,-26],[-15,-4],[-12,-10],[-12,-22],[-14,-14]],[[20032,89231],[-40,-9],[-29,5],[-19,18],[-14,24],[-18,62],[7,29],[2,52],[3,20],[7,9],[41,18],[24,-2],[36,-19],[78,-6],[19,-19],[5,-11],[0,-13],[-6,-16],[-38,-47],[-19,-32],[-13,-39],[-26,-24]],[[15899,89443],[7,-48],[-28,-64],[-8,-12],[-11,-4],[-11,8],[-31,51],[-9,31],[12,16],[24,20],[17,10],[22,-9],[7,14],[9,-13]],[[19339,89001],[-22,-5],[-25,15],[-10,25],[-4,25],[4,13],[12,12],[15,28],[20,44],[30,30],[67,27],[10,10],[30,76],[10,14],[34,7],[4,10],[-12,19],[0,20],[12,20],[17,15],[43,14],[40,-2],[10,-6],[8,-13],[12,-36],[2,-8],[-18,-32],[-48,-49],[-29,-41],[-6,-14],[-3,-17],[-11,-21],[-34,-50],[-23,-49],[-23,-27],[-63,-25],[-49,-29]],[[15808,89291],[-26,-9],[-16,32],[-13,6],[-6,22],[-26,4],[1,33],[8,17],[25,13],[19,-5],[19,-34],[9,-26],[8,-34],[-2,-19]],[[12834,89131],[-7,-46],[-39,12],[-17,17],[-14,37],[-2,10],[3,14],[16,33],[10,12],[26,-14],[11,-19],[10,-30],[3,-26]],[[12764,88971],[-10,-24],[-12,-7],[-24,-29],[-10,-4],[-14,19],[-12,29],[-5,5],[-8,-1],[-16,-19],[-7,0],[-6,13],[-3,25],[0,38],[8,59],[0,21],[-4,17],[3,15],[11,13],[14,6],[34,-5],[26,-24],[13,-30],[26,-25],[8,-17],[-12,-75]],[[12255,88801],[-13,-1],[-18,14],[-101,47],[-13,14],[12,20],[36,25],[25,26],[19,40],[58,-21],[22,-18],[8,-17],[4,-22],[-4,-56],[-19,-12],[-16,-39]],[[20694,88618],[-25,-5],[-35,48],[-75,54],[-28,40],[-1,19],[3,29],[8,37],[26,40],[27,6],[39,-9],[29,-28],[31,-80],[20,-38],[7,-28],[-11,-14],[1,-13],[5,-8],[-2,-15],[-8,-21],[-11,-14]],[[11411,88662],[-17,-2],[-32,12],[-48,27],[-36,30],[-24,30],[-3,21],[18,12],[28,6],[64,-4],[31,-12],[41,-44],[8,-26],[2,-16],[-6,-14],[-26,-20]],[[19410,88498],[-25,-8],[-35,41],[0,22],[7,55],[62,14],[27,-33],[12,-33],[-48,-58]],[[20445,88598],[163,-68],[16,-25],[8,-22],[5,-25],[0,-50],[-3,-21],[-16,-49],[-1,-15],[12,-165],[-1,-90],[-11,-75],[-24,-60],[-35,-45],[-27,-26],[-119,-65],[-84,-16],[-89,-3],[-113,-17],[-51,3],[-27,8],[-19,13],[-22,40],[-26,69],[-21,77],[-25,136],[0,16],[24,111],[32,75],[57,111],[64,108],[16,18],[29,19],[72,30],[60,-7],[27,3],[33,15],[36,3],[60,-11]],[[14349,73992],[-2,333],[0,333],[1,332],[0,998],[1,332],[0,333],[240,356],[120,179],[120,178],[160,282],[79,142],[80,141],[96,161],[95,161],[192,322],[109,174],[109,173],[110,173],[109,173],[243,369],[80,121]],[[16291,79758],[38,-29],[46,-69],[73,-89],[55,-57],[61,-52],[62,-97],[99,-220],[25,-27],[61,-36],[115,-46],[170,-109],[74,-43],[49,-17],[48,-30],[48,-43],[37,-47],[25,-50],[22,-34],[39,-37],[21,-26],[1,-40],[-46,-155],[-1,-13],[47,112],[26,32],[22,15],[44,-2],[67,-18],[59,0],[50,18],[43,8],[36,-2],[26,6],[16,12],[19,0],[76,-38],[31,-2],[111,-37],[71,13],[12,-7],[25,-47],[21,-4],[36,8],[34,-13],[58,-63],[26,-53],[26,-110],[2,-33],[-47,-254],[-15,-98],[-2,-86],[9,-50],[41,-82],[8,-22],[24,-123],[6,-52],[-2,-60],[-13,-100],[3,-75],[11,-114],[-4,-78],[-19,-40],[-13,-40],[-10,-72],[0,-28],[10,-53],[18,-31],[30,-34],[27,-51],[51,-123],[36,-68],[45,-101],[9,-50],[-13,-33],[-15,-23],[-36,-32],[-16,-22],[4,-6],[52,17],[31,-2],[26,-24],[21,-48],[35,-41],[50,-34],[50,-56],[82,-134],[15,-31],[22,-70],[28,-110],[16,-72],[1,-33],[-16,-34],[-56,-62],[-56,-107],[18,5],[37,45],[62,90],[35,18],[32,-11],[50,-26],[45,-36],[39,-48],[58,-128],[41,-68]],[[20863,70790],[-6,-7],[-109,-156],[-17,-3],[-30,3],[-43,-26],[-58,-54],[-69,-98],[-122,-212],[-9,-23],[-18,-39],[-45,-42],[-41,-45],[-11,-48],[-19,-21],[-68,-121],[-38,-103],[-34,-107],[-39,-120],[-79,-2],[-61,1],[-103,0],[-89,1],[-105,1],[-76,1],[-82,-5],[-39,-32],[-49,-44],[-53,-46],[28,-105],[7,-41],[-2,-132],[6,-15],[6,-19],[0,-35],[5,-15],[10,-13],[11,-15],[7,-20],[2,-20],[-7,-35],[-31,-47],[-43,-42],[-85,-75],[-99,-86],[-86,-75],[-66,-59],[-85,-32],[-51,-19],[-108,-40],[-78,-29],[-72,-82],[-79,-90],[-67,-75],[-75,-85],[-71,-80],[-78,0],[-55,60],[-52,62],[-28,90],[-7,20],[-2,128],[12,84],[12,38],[22,24],[42,41],[39,84],[31,49],[31,52],[18,88],[22,214],[3,43],[32,147],[36,162],[17,75],[-19,194],[-14,149],[-12,136],[-15,153],[-13,140],[-24,264],[-12,130],[-10,93],[-11,110],[-65,77],[-50,55],[-81,88],[-69,74],[-61,68],[39,137],[-4,22],[-13,27],[-29,45],[-17,5],[-29,-11],[-47,-28],[-20,9],[-16,48],[-19,62],[-6,47],[-2,64],[-11,57],[7,30],[1,15],[0,18],[-8,12],[-13,6],[-46,-24],[-20,-3],[-12,-13],[-19,-28],[-19,-3],[-33,66],[-35,72],[-15,100],[-15,103],[-61,61],[-122,124],[-60,61],[-122,124],[-61,61],[-60,62],[-21,20],[-56,54],[-78,76],[-89,88],[-90,87],[-78,76],[-55,54],[-21,20],[-54,53],[-68,60],[-74,-30],[-89,-84],[-52,-47],[-38,-36],[-28,-21],[-57,-19],[-13,2],[-16,1],[-71,12],[-39,-15],[-29,15],[-15,49],[-16,30],[-71,-14],[-90,10],[-43,-6],[-17,20],[-13,54],[-24,7],[-40,-12],[-55,-69],[-52,-36],[-41,0],[-41,36],[-66,72],[-46,80],[-52,28],[-39,-7],[-16,-40],[-21,0],[-14,68],[-13,54],[-25,23],[-47,51],[-33,28],[-50,34],[-17,6],[-32,4],[-33,3],[-37,-9],[-27,-43],[-32,-19],[-44,-9],[-30,18],[-15,45],[-64,40],[-112,35],[-65,30],[-17,24],[-10,26],[-2,42],[0,1],[-28,107],[-13,90],[-5,107],[2,36],[-7,11],[-20,23],[-67,16]],[[19242,75222],[-36,64],[-25,53],[-5,25],[-2,28],[4,50],[11,73],[14,52],[18,30],[12,32],[6,34],[2,5]],[[24158,71756],[9,-11],[14,20],[18,63],[46,-16],[24,-29],[14,7],[14,-3],[26,-37],[49,-30],[51,5],[79,17],[10,7],[81,15],[81,6],[28,-16],[10,-15],[6,-19],[-47,-51],[-46,-59],[-65,-59],[-8,-28],[4,-52],[-1,-54],[13,-4],[7,-18],[-16,-17],[-67,-8],[-19,4],[-23,22],[-8,52],[-28,-8],[-9,6],[40,44],[-18,55],[-20,-4],[-13,27],[2,35],[18,17],[5,19],[-25,-16],[-19,-33],[-24,-13],[-24,-28],[37,-9],[-19,-22],[-19,-5],[-92,43],[-23,17],[-28,45],[-21,60],[11,2],[4,11],[-2,10],[-32,9],[-50,-3],[-29,16],[2,105],[-9,29],[-32,25],[-47,7],[-5,39],[15,60],[24,51],[17,51],[21,41],[51,82],[-1,-61],[5,-53],[-33,-106],[57,-105],[8,-24],[5,-28],[-4,-26],[-9,-23],[22,-11],[7,-20]],[[23253,72954],[-44,-19],[-25,-27],[-9,-49],[-33,15],[-40,-19],[-38,-6],[-18,-25],[-67,66],[-10,22],[-1,23],[-156,0],[0,-53],[-83,0],[0,-262],[-5,-20],[-11,-27],[-21,-37],[-41,-46],[-133,-97]],[[22518,72393],[-4,33],[5,68],[-30,14],[-31,15],[-18,-48],[-18,-39],[-35,-86],[-50,-122],[-27,-66],[-49,-117],[-42,-104],[-10,-106],[-9,-100],[-35,-77],[-21,-70],[-10,-77],[-8,-72],[-1,-60],[6,-31],[-2,-25],[-12,-30],[-23,-51],[-4,-49],[-15,-24],[-40,-48],[-33,-72],[-2,-40],[5,-34],[0,-21],[-6,-14],[-13,1],[-15,-5],[-12,-29],[0,-43],[-8,-31],[-11,-6],[-9,21],[-10,33],[-13,3],[-18,-21],[-24,-36],[-21,-2],[-39,23],[-29,-69],[-31,-149],[-130,0],[-130,-1],[-314,0],[-77,-1],[-260,0],[-73,-1],[-14,0],[44,29],[93,113],[69,41],[89,119],[65,23],[12,26],[11,99],[6,35],[30,96],[36,82],[29,113],[54,72],[80,60],[74,132],[41,40],[39,29],[17,53],[24,31],[65,62],[72,17],[73,52],[56,27],[34,48],[49,26],[149,139],[41,65],[53,133],[47,68],[16,72],[67,117],[69,154],[35,111],[51,62],[100,175],[54,70],[22,8],[61,63],[37,65],[61,65],[109,81],[103,96],[138,83],[163,125],[131,67],[93,10],[112,31],[40,-3],[175,-54],[84,-67],[96,-141],[14,-37],[3,-52],[-51,25],[-45,2],[31,-29],[53,-87],[-2,-108],[-30,-98],[-89,-49],[-23,-38],[-18,-64],[-18,-24],[-43,-28],[-24,-42],[-70,-65],[-32,-8],[-36,16],[-87,61],[-54,60],[-27,-33],[-22,-33],[-52,11],[-23,-15],[-39,17],[-80,-75]],[[23907,82420],[-63,-30],[-10,-12],[0,-10],[18,-33],[45,-26],[7,-16],[-8,-24],[-19,-15],[-23,-21],[-30,-10],[-3,-11],[6,-21],[11,-18],[48,-33],[5,-8],[1,-8],[-1,-12],[-30,-32],[-9,-38],[-9,-212],[13,-40],[19,-17],[85,48],[19,-11],[2,-30],[-15,-15],[-24,-44],[-5,-33],[0,-100],[4,-46],[9,-39],[11,-19],[34,-37],[3,-18],[-11,-14],[-11,-3],[-118,39],[-10,-6],[-10,-16],[-5,-28],[1,-26],[12,-16],[60,-14],[101,-35],[18,-61],[14,-14],[12,2],[51,31],[83,39],[19,-6],[23,-19],[18,-23],[9,-22],[3,-13],[-3,-8],[-15,-9],[-128,-37],[-22,-14],[-12,-18],[-4,-16],[-1,-17],[8,-34],[7,-8],[49,8],[13,-39],[1,-17],[-3,-18],[-55,-47],[-23,-30],[-86,-147],[-7,-19],[-2,-17],[4,-18],[50,-62],[29,-110],[17,-49],[11,-21],[19,14],[7,-1],[13,-14],[15,-40],[10,-14],[15,-6],[24,-7],[31,23],[5,-2],[1,-24],[-5,-18],[-41,-68],[-4,-22],[-1,-30],[6,-91],[-18,-59],[2,-31],[10,-29],[1,-10],[-11,-76],[-13,-36],[-13,-46],[-9,-103],[-14,-20],[-17,-33],[-8,-26],[-22,-38],[-5,-23],[1,-13],[49,-126],[9,-40],[-9,-28],[-30,-7],[-26,-27],[5,-47],[-1,-27],[2,-8],[10,-10],[53,-36],[5,-13],[-29,-52],[-4,-36],[11,-2],[26,-5],[15,-20],[81,-29],[6,-25],[-8,-13],[-24,-22],[-11,-18],[-4,-31],[3,-18],[55,-119],[34,-85],[16,-24],[19,-17],[47,-22],[1,-23],[-3,-34],[3,-27],[12,-50],[-15,-25],[-84,-75],[-26,-33],[-7,-21],[-5,-42],[22,-76],[1,-19],[-5,-34],[-24,-109],[-28,-102],[-13,-23],[-16,-2],[-50,17],[-135,71],[-148,6],[-96,-11],[-173,19],[-21,19],[-17,28],[-23,72],[-4,6],[-63,27],[-23,20],[-26,31],[-118,191],[-36,49],[-13,7],[-8,-13],[1,-14],[22,-62],[2,-16],[-9,-48],[17,-102],[-5,-38],[17,-78],[2,-37],[-24,-39],[-44,25],[-94,121],[-42,97],[-12,8],[-22,-2],[-5,-10],[-4,-17],[7,-41],[14,-51],[25,-70],[27,-98],[2,-13],[16,-22],[-1,-28],[-27,-24],[-15,-52],[-9,-1],[-70,43],[-13,-6],[-7,-10],[-6,-35],[3,-43],[9,-46],[21,-85],[2,-22],[-1,-13],[-53,-73],[-16,-32],[-9,-30],[1,-21],[71,-149],[19,-34],[5,-50],[-7,-74],[1,-17],[5,-9],[92,-45],[11,-31],[16,-66],[16,-18],[14,-7],[12,-23],[2,-20],[-9,-112],[-1,-85],[-19,-71],[-8,-47],[-5,-67],[1,-60],[12,-27],[25,-17],[16,-3],[13,3],[13,-9],[40,31],[5,17],[13,125],[5,16],[29,21],[10,36],[7,10],[12,-6],[12,-15],[20,-44],[8,-29],[-3,-27],[-10,-17],[-4,-26],[-3,-50],[-16,-40],[-3,-22],[10,-187],[-3,-15],[-19,-44],[1,-36],[7,-50],[10,-35],[9,-15],[10,-8],[6,26],[10,82],[5,5],[41,-55],[16,-16],[19,-77],[18,-22],[30,-20],[17,-2],[7,9],[8,31],[28,-8],[19,-16],[13,1],[12,15],[24,79],[7,5],[17,0],[40,-13],[41,-24],[32,-32],[32,-45],[53,-115],[33,-44],[10,-18],[-4,-26],[-17,-22],[-3,-13],[2,-19],[31,-93],[29,7],[67,92],[1,31],[-12,33],[-3,23],[5,68],[15,118],[4,13],[31,37],[9,30],[9,148],[-25,135],[-1,55],[2,146],[13,30],[41,19],[10,13],[18,131],[4,9],[33,21],[24,4],[16,-7],[20,-50],[17,-55],[1,-19],[-5,-88],[1,-22],[4,-17],[44,-66],[-4,-15],[-31,-16],[-91,-29],[-27,-17],[-18,-18],[-19,-31],[-13,-31],[-3,-15],[2,-6],[34,-23],[3,-8],[2,-28],[16,-28],[37,-37],[26,-123],[5,-33],[1,-27],[-12,-9],[-26,2],[-2,-5],[3,-18],[8,-8],[47,-7],[2036,0],[0,-224],[1,-206]],[[26259,75590],[-63,27],[-51,-7],[-96,-33],[-26,-21],[-53,-59],[-21,-9],[-57,-12],[-53,8],[-22,-8],[-26,-29],[-6,-16],[-8,-50],[-130,-226],[-35,-76],[-66,-81],[-74,-141],[-63,-57],[-22,-78],[-61,-48],[-112,-12],[-53,-14],[-63,22],[-46,-34],[-71,-11],[-34,8],[-136,-75],[-34,71],[-27,28],[-77,5],[-61,29],[-56,6],[-55,13],[-36,0],[-37,-8],[-58,2],[-33,-39],[-109,12],[-45,35],[-38,8],[-51,-8],[-48,-27],[-106,31],[-112,-26],[-98,17],[-28,17],[-154,-47],[-61,27],[-53,-71],[-37,14],[-39,-10],[-13,14],[-27,-10],[-17,-39],[-22,-5],[-38,-69],[-62,-55],[-92,-302],[-9,-116],[-34,-79],[-31,-11],[-25,-2],[-158,-58],[-71,-46],[19,-37],[-23,-27],[-37,-11],[-41,-34],[-26,-37],[-13,-53],[-81,-85],[-95,-197],[-45,-144],[-55,-104],[-39,-40],[-27,-6],[-28,12],[-47,49],[-34,6],[-86,68],[-198,68],[30,-25],[26,-43],[52,-10],[54,0],[111,-85],[54,-29],[33,-26],[29,-57],[-21,-112],[-20,-93],[-28,-71],[-96,-183],[-46,-61],[-81,-219],[-83,-102],[-45,-63],[-47,-100],[-112,-75],[-42,-19],[-38,10],[-47,-61],[-55,-37],[-16,-57],[-132,-153],[-51,-19],[-44,-40],[-12,-69],[-39,-42],[-11,-32],[-32,-96],[-61,-125],[-73,-21],[-27,-43],[-31,-70],[-44,-48],[-87,23],[21,-30],[78,-46],[8,-68],[-39,-16],[-76,-84]],[[20863,70790],[-23,42],[-20,37],[8,59],[12,89],[5,45],[-56,50],[-44,14],[-46,-7],[-95,-51],[-143,-96],[-87,-24],[-31,49],[-38,16],[-46,-16],[-45,10],[-44,35],[-35,78],[-27,119],[-22,63],[-15,6],[-6,2],[-7,-11],[-4,-43],[-5,-14],[-11,-3],[-17,8],[-22,19],[-41,55],[-11,20],[-5,25],[-3,11],[-25,66],[0,1],[-97,95],[-244,93],[-100,66],[-38,72],[-35,92],[-47,171],[-63,150],[-21,86],[-3,72],[-11,70],[-21,69],[-4,58],[14,52],[0,596],[-1,186],[0,1118],[-1,187],[0,509]],[[19242,75186],[20,-34],[34,-87],[-11,56],[-22,64],[-21,37]],[[19242,75222],[0,200],[-1,246]],[[19241,75668],[8,20],[50,44],[13,-4],[10,-54],[12,-12],[23,-8],[19,-19],[16,-29],[11,-30],[7,-30],[14,-98],[11,-45],[2,55],[12,86],[10,36],[30,52],[-2,22],[-12,30],[-63,130],[-2,31],[17,19],[12,36],[6,52],[13,38],[40,54],[34,83],[17,56],[15,30],[13,7],[-20,23],[-4,15],[-1,69],[-9,71],[-13,33],[-39,72],[-6,21],[-7,81],[4,40],[10,34],[-6,33],[-36,59],[-14,52],[-15,126],[-14,157],[-16,116],[-18,74],[-4,46],[10,20],[13,58],[12,14],[18,-3],[0,6],[-27,32],[-14,39],[1,15],[24,39],[-4,17],[-18,21],[-55,37],[20,13],[12,31],[-2,10],[-22,12],[-25,24],[-19,36],[-23,57],[-14,45],[-14,74],[-25,85],[-10,21],[-12,14],[-14,6],[1,13],[14,20],[237,142],[20,20],[116,79],[54,45],[54,64],[75,65],[36,42],[23,41],[118,163],[50,83],[29,72],[42,85],[55,100],[35,85],[14,71],[19,123],[5,109],[3,159],[-2,143],[-15,223],[-9,70],[-17,84],[-41,168],[-7,45],[-25,78],[-84,201],[-104,135],[-19,35],[-42,40],[-62,45],[-41,38],[-105,139],[-35,17],[-14,36],[-3,26],[4,67],[7,46],[7,34],[9,22],[58,103],[33,82],[22,45],[25,35],[46,46],[25,58],[-5,23],[-21,25],[-4,25],[34,64],[5,17],[-4,60],[6,14],[43,3],[60,-86],[15,8],[-19,23],[-23,58],[3,24],[45,63],[1,28],[-13,39],[-1,32],[26,74],[-7,16],[-74,14],[-12,21],[4,10],[35,25],[3,10],[-61,167],[-11,49],[26,62],[30,28],[-4,15],[-39,3],[-23,9],[-24,47],[9,31],[9,13],[23,72],[22,14],[-4,13],[-84,-30],[-40,25],[-39,-7],[-18,8],[7,25],[70,116],[33,63],[20,56],[11,38],[1,19],[-7,125],[4,34],[27,32],[43,60],[-58,54],[-36,52],[-24,27],[-18,25],[-23,54],[-18,71],[-18,141],[-3,78],[4,57],[8,28],[12,29],[53,54],[93,81],[72,32],[52,-18],[102,-18],[83,-46],[250,-116],[44,-51],[-42,-43],[6,-11],[95,82],[24,16],[22,4],[71,-32],[28,-5],[36,-26],[86,-88],[7,7],[-24,45],[13,21],[68,47],[70,38],[50,38],[53,49],[35,27],[19,3],[23,-14],[63,-66],[41,-34],[32,-35],[46,-63],[18,-13],[34,-43],[46,5],[15,-5],[5,-9],[8,-28],[4,-19],[1,-19],[-11,-56],[-33,-88],[14,-2],[21,19],[27,34],[21,12],[46,-27],[42,-43],[15,-23],[16,-38],[14,-19],[13,-37],[-1,-12],[-12,-18],[-52,-30],[10,-11],[60,19],[19,18],[13,32],[17,9],[72,-55],[10,-20],[-4,-15],[-12,-16],[-31,-19],[-27,-47],[-4,-20],[19,-14],[46,-7],[0,-11],[-27,-20],[-3,-27],[60,-96],[40,-42],[23,-7],[55,-2],[43,-16],[98,-55],[57,-9],[49,16],[33,4],[29,-22],[9,-15],[4,-31],[0,-45],[16,-32],[32,-19],[26,3],[34,36],[29,6],[9,27],[9,50],[8,27],[21,8],[17,-15],[10,-23],[18,-68],[5,-30],[-2,-28],[-9,-25],[-18,-27],[-26,-28],[-21,-41],[-25,-94],[-10,-62],[-2,-36],[1,-40],[5,-44],[10,-35],[23,-51],[2,-17],[1,-41],[-2,-18],[-14,-35],[-38,-36],[-52,-9],[-171,-2],[-46,9],[11,-33],[48,-10],[44,0],[163,-20],[23,-21],[19,-36],[13,-38],[13,-77],[3,-36],[-7,-40],[-17,-45],[-11,-59],[-6,-74],[9,-39],[88,-3],[18,-27],[-2,-20],[-32,-75],[-3,-21],[15,-50],[-2,-15],[-9,-14],[-8,-38],[-8,-62],[-10,-39],[-24,-31],[-13,-6],[-9,8],[-23,83],[-10,13],[-9,-8],[-5,-13],[0,-18],[-4,-19],[-8,-19],[-35,-31],[-57,-21],[2,-22],[38,-12],[48,-37],[28,-6],[44,30],[84,95],[34,25],[31,10],[34,1],[39,-7],[76,12],[19,-9],[23,-21],[28,-32],[19,-32],[10,-30],[17,-114],[23,-30],[6,-22],[1,-34],[-1,-65],[-25,-133],[-13,-49],[-35,-67],[-41,-31],[-71,-28],[-38,-24],[-28,-33],[-1,-18],[81,56],[89,28],[26,31],[19,30],[20,67],[35,173],[21,55],[28,9],[12,-19],[29,-101],[0,-26],[-7,-22],[-48,-99],[17,10],[48,93],[11,29],[5,43],[16,30],[6,-15],[14,-109],[1,-80],[2,-26],[-5,-75],[6,-14],[14,66],[5,49],[7,35],[8,22],[59,66],[68,54],[45,49],[37,23],[56,21],[36,45],[16,68],[13,46],[11,26],[37,47],[20,2],[19,-17],[22,-35],[24,-52],[14,-41],[5,-30],[4,-105],[4,0],[23,80],[2,29],[-1,30],[-7,30],[-22,65],[-9,41],[2,25],[24,15],[35,5],[6,11],[-26,27],[-1,15],[25,48],[14,3],[29,-8],[-6,25],[1,16],[8,6],[47,-15],[5,19],[41,1],[4,17],[-35,24],[-35,15],[-10,13],[-8,19],[-11,47],[3,12],[9,1],[17,-13],[9,24],[10,58],[11,24],[31,-28],[2,12],[-26,91],[4,17],[40,7],[23,-12],[63,-66],[11,8],[-9,18],[-32,39],[-29,25],[-26,12],[-19,22],[-22,60],[-3,25],[2,32],[15,66],[8,14],[15,11],[22,7],[24,-6],[49,-44],[8,14],[-26,23],[-15,22],[-7,29],[3,31],[21,66],[10,53],[45,146],[13,27],[14,17],[8,17],[35,4],[29,-23]],[[24787,73779],[-131,-11],[-104,48],[-77,23],[-76,41],[-164,135],[-19,46],[-16,58],[-31,52],[-34,43],[-174,131],[-14,46],[35,30],[41,14],[35,-2],[116,-51],[147,-45],[63,-34],[72,-52],[71,-63],[156,-167],[29,-14],[70,-81],[26,-62],[12,-50],[-15,-25],[-18,-10]],[[24752,72385],[11,-15],[20,2],[13,-6],[-19,-29],[-37,-3],[-18,12],[27,147],[30,34],[63,96],[25,30],[23,11],[24,-7],[-25,-57],[-33,-3],[-32,-47],[-21,-52],[-25,-30],[-17,-37],[-9,-46]],[[21900,72068],[-28,-6],[7,26],[38,48],[29,27],[17,-1],[-28,-58],[-35,-36]],[[21105,70986],[-24,-16],[-41,15],[-46,-20],[-12,0],[33,57],[52,35],[52,108],[14,3],[-19,-123],[-4,-43],[-5,-16]],[[21065,71076],[-38,-16],[-13,6],[42,76],[47,18],[-38,-84]],[[9703,73702],[0,8483]],[[9703,82185],[2503,0]],[[12206,82185],[0,-3224],[12,-329],[13,-328],[12,-329],[13,-329],[12,-328],[13,-329],[12,-329],[13,-328],[12,-329],[13,-329],[12,-328],[12,-329],[13,-329],[12,-328],[13,-329],[11,-329]],[[12404,73702],[-2701,0]],[[5378,82185],[-4468,0],[-301,1]],[[609,82186],[-40,63],[15,68],[18,83],[0,49],[-49,-3],[-73,-5],[-65,-4],[-48,-58],[-45,-54],[-150,90],[-23,-62],[-74,31],[-75,32],[0,7206],[44,-12],[143,-25],[134,14],[249,-81],[154,-154],[124,-75],[51,-52],[81,-45],[191,-99],[59,-11],[111,-47],[68,6],[18,-2]],[[1427,89039],[-1,-212],[0,-673],[4,-34],[10,-28],[43,-38],[9,-12],[8,-18],[13,-49],[-3,-49],[0,-21],[6,-23],[5,-14],[4,-16],[8,-39],[-1,-12],[-13,-48],[-22,-34],[-1,-14],[-1,-22],[1,-36],[9,-40],[8,-16],[13,-8],[180,0],[89,-1],[379,0],[1,-24],[7,-22],[33,-32],[24,-32],[17,-33],[3,-25],[-4,-26],[-3,-15],[2,-17],[9,-20],[1,-12],[1,-14],[12,-15],[23,-35],[6,-16],[-5,-22],[-3,-21],[2,-29],[0,-15],[-7,-5],[-10,-1],[-10,-4],[-6,-18],[-10,-52],[-3,-18],[3,-16],[10,-1],[34,-2],[12,-4],[9,-8],[4,-28],[1,-31],[-1,-25],[-7,-20],[-21,-30],[-6,-12],[1,-17],[9,-19],[7,-30],[1,-27],[10,-10],[28,-5],[27,0],[58,39],[58,17],[33,0],[6,-8],[1,-12],[-8,-20],[-9,-33],[7,-13],[14,-2],[25,11],[18,33],[16,21],[31,24],[12,-4],[29,-27],[35,3],[9,-11],[1,-18],[-62,-54],[-5,-22],[7,-18],[13,-11],[35,-41],[26,-38],[31,-69],[0,-23],[-22,-46],[-25,-73],[-61,-79],[-8,-31],[-9,-15],[-52,-43],[-4,-17],[2,-14],[5,-9],[14,-5],[30,11],[10,3],[12,-11],[1,-47],[7,-12],[42,-15],[9,-13],[0,-15],[-9,-13],[-31,-39],[-5,-10],[0,-35],[-3,-22],[-24,-32],[-6,-13],[1,-13],[3,-11],[11,-11],[48,-2],[25,-11],[67,-47],[17,-14],[50,-82],[44,-25],[7,-9],[4,-14],[-4,-20],[-19,-49],[-4,-15],[2,-14],[10,-6],[56,0],[23,10],[20,18],[15,27],[13,5],[29,-9],[50,-35],[27,-59],[-2,-20],[5,-20],[9,-10],[16,-31],[5,-21],[1,-19],[-9,-21],[3,-11],[18,-35],[8,-24],[17,-15],[11,-28],[31,-33],[46,-24],[47,-53],[25,-22],[45,-11],[6,-11],[-1,-16],[-7,-9],[-36,-18],[-12,-13],[-1,-13],[5,-14],[13,-6],[32,15],[10,-2],[4,-12],[5,-23],[6,-11],[27,-15],[9,-23],[18,-24],[11,-26],[3,-27],[-19,-62],[-14,-23],[-48,-44],[-11,-20],[1,-13],[24,-11],[25,-35],[23,-22],[11,-24],[13,-50],[29,-17],[33,-1],[6,-7],[-2,-17],[-30,-82],[0,-28],[-5,-23],[3,-25],[19,-43],[5,-15],[2,-22],[5,-12],[24,-19],[6,-11],[9,-42],[2,-16],[13,-14],[74,-52],[7,-18],[-3,-15],[-28,-22],[-2,-13],[0,-10],[14,-18],[3,-12],[-16,-39],[-1,-22],[16,-44],[3,-13],[-2,-14],[-7,-14],[-2,-13],[5,-11],[14,-13],[23,-8],[38,5],[33,-10],[9,-6],[12,-29],[9,-7],[12,4],[30,33],[20,8],[17,-4],[50,-64],[11,-33],[33,-49],[9,-34],[8,-14],[35,-19],[15,-21],[8,-26],[8,-53],[59,-71],[29,-24],[18,-28],[15,-14],[44,-18],[53,2],[21,-14],[20,-23],[16,-47],[14,-26],[16,-103],[2,-30],[-4,-55],[-17,-25],[-5,-9],[1,-9],[12,-15],[29,10],[6,-9],[11,-78],[-3,-51],[2,-19],[7,-21],[0,-29],[9,-20],[9,-4],[20,9],[32,-10],[45,29],[53,-15],[17,3],[13,7],[7,12],[0,26],[3,10],[20,8],[14,-2],[5,-27],[11,-10],[19,-5],[15,43],[8,14],[10,5],[11,0],[49,-38],[103,-38],[17,1],[29,26],[25,14],[85,12],[6,49],[7,19],[10,10],[59,-1],[11,-5],[24,-101],[0,-26],[-33,-67],[0,-15],[4,-15],[40,-74],[21,-56],[48,-16],[8,-16],[6,-77],[6,-24],[26,-74],[33,-76],[2,-21],[-7,-30],[1,-11],[5,-4],[36,-1],[12,-15],[7,-15]],[[613,89565],[-26,-29],[-41,30],[-11,15],[48,40],[21,-2],[44,-23],[17,-21],[-52,-10]],[[48868,97347],[119,263],[460,27],[394,-269],[1031,-575],[-788,-303],[-174,-567],[-275,-146],[-149,-638],[-377,-30],[-673,470],[284,273],[-469,223],[-610,651],[-243,604],[853,276],[171,-270],[446,11]],[[47580,81303],[-210,473],[-618,-892],[-417,-180],[-433,392],[-112,829],[-99,1778],[289,496],[826,647],[618,796],[573,1074],[752,1488],[524,580],[860,966],[687,338],[515,-41],[476,638],[571,-34],[562,154],[979,-564],[-403,-207],[343,-484],[-533,-309],[-253,-71]],[[52707,97641],[-464,-415],[-908,-91],[-923,129],[-56,212],[-449,14],[-342,353],[966,216],[454,-186],[317,231],[791,-193],[614,-270]],[[51867,95944],[-699,-316],[-552,179],[216,199],[-190,246],[649,155],[124,-289],[452,-174]],[[27962,39148],[-185,-706],[-96,-567],[-120,-293],[-150,-55],[-43,217],[-70,32],[-97,-209],[-136,159],[79,324],[28,353],[55,331],[-123,457],[-25,527],[163,663],[106,-85],[231,-182],[331,-651],[52,-315]],[[46456,69618],[-284,-436],[-617,209],[-456,-250],[-35,-464]],[[43534,69409],[162,462],[59,1536],[-323,808],[-230,390],[-479,297],[-31,562],[406,167],[525,-198],[-99,872],[295,-330],[729,601],[94,631],[274,156]],[[46866,68796],[202,295],[53,-661],[-103,-595],[-142,156],[-73,519],[63,286]],[[47580,81303],[138,444],[261,528],[103,906],[-200,391],[-19,1023],[203,723],[311,-13],[108,305],[-113,263],[485,1085],[314,854],[206,548],[301,-2],[83,429],[589,-124],[46,507],[194,32]],[[51610,86814],[-538,-219],[-304,-537],[49,-472],[-498,-620],[-604,-663],[-228,-1085],[223,-543],[299,-428],[-287,-869],[-326,-180],[-119,-1294],[-178,-722],[-380,74],[-177,-611],[-362,-35],[-100,728],[-262,875],[-238,1090]],[[51479,77493],[13,-341],[87,-293],[-2,-307],[-187,-158],[96,-357],[6,-343],[158,-673],[-34,-216],[-155,-90],[-284,-641],[80,-346],[-68,45]],[[48548,77373],[214,226],[488,357],[394,261],[313,-131],[23,-188],[302,-9],[386,-88],[575,12]],[[51041,73262],[174,-210],[22,-206]],[[50457,71493],[-195,34],[-240,-202]],[[49200,72052],[104,496],[-61,167],[176,2],[24,315]],[[51220,70035],[-57,134],[72,130],[-77,96],[-98,-173],[-183,224],[-24,318],[-191,181],[-35,245],[-170,303]],[[50457,71493],[251,146],[189,522],[149,523],[191,162]],[[51237,72846],[135,165],[193,-86],[201,-3],[145,-188],[107,118],[231,74],[79,181],[132,-1],[95,-75],[97,-228],[100,-325],[180,-458],[10,-339],[-33,-329],[56,-351],[140,-142],[147,124],[142,-133],[7,-198],[-152,-166],[-95,72],[-87,-930]],[[52421,78805],[29,-345],[-256,-247],[-73,-435],[-340,-290],[-302,5]],[[51479,77493],[-75,237],[-161,83]],[[51243,77813],[-25,196],[33,211],[-138,123],[-328,135],[-66,648]],[[52669,80238],[151,-177],[27,-374],[100,-455],[-336,-297],[-190,-130]],[[52421,78805],[-301,374],[-167,49],[-43,161],[-308,-76],[-525,49],[-358,-236]],[[50719,79126],[11,580],[153,484],[295,263],[249,-576],[251,15],[60,592]],[[52669,80238],[-258,1],[-269,286],[-137,95],[-267,-136]],[[51738,80484],[36,454],[-115,-97],[-198,274],[-27,443],[395,215],[395,112],[339,-128],[323,23],[47,-135],[-222,-444],[92,-718],[-134,-245]],[[48548,77373],[73,-392],[-87,-206],[114,-274],[77,-413],[-24,-265],[128,-492]],[[48384,73612],[-110,-355],[-113,-98],[45,-502],[-29,-131],[-98,158],[-150,24],[-224,-139],[-276,33],[-44,-203],[-159,214],[-94,-43]],[[46466,72644],[40,549],[158,528],[-451,142],[-148,201]],[[46290,77161],[61,163],[262,42],[58,-170],[212,380],[-71,289],[-15,437]],[[47234,78318],[6,-298],[316,-179],[-3,-274],[318,145],[176,211],[353,-304],[148,-246]],[[51220,70035],[90,-317],[121,56],[241,-120],[459,-40],[156,196],[368,179],[228,-280],[184,-81]],[[53067,69628],[-163,-319],[-114,-551],[101,-440],[-269,103],[-319,-242]],[[51312,67802],[-22,510],[-157,247],[52,109],[-34,92],[53,245],[119,241],[-152,332],[-28,282],[77,175]],[[52357,63149],[-39,-227],[-451,-66],[3,127],[-382,151],[58,327],[171,-260],[244,44],[233,-54],[-8,-135],[171,93]],[[51312,67802],[232,-22],[250,212],[221,-270],[284,73],[4,384]],[[52303,68179],[152,-204],[-97,-482],[-74,-87],[-191,22],[-163,73],[-379,-200],[217,-434],[-159,-125],[-174,-1],[-166,397],[-59,-169],[70,-460],[157,-362],[-118,-169],[174,-355],[155,-224],[5,-435],[-290,204],[93,-393],[-199,-81],[119,-680],[-208,-10],[-257,336],[-117,616],[-55,513],[-122,354],[-160,440],[-22,219],[146,374],[19,250],[101,112],[7,203],[204,68],[120,168],[169,-15],[52,135],[59,25]],[[49313,71783],[100,-95],[234,-330],[258,-148],[117,115]],[[50022,71325],[76,-299],[100,-219],[-121,-290],[-141,170],[-217,-10],[-269,128],[-146,-18],[-68,-159],[-112,177],[-66,-320],[154,-361],[67,-239],[144,-287],[120,-171],[118,-322],[277,-292],[-35,-131],[-294,285],[-181,278],[-287,229],[-263,567],[63,58],[-142,324],[-6,260],[-201,122],[-96,-333],[-93,258],[7,267],[11,13]],[[47132,72570],[12,-136],[-48,-189],[142,-140],[159,-21]],[[46271,71388],[-108,338],[-149,-121],[5,349],[228,433],[-10,196],[143,-71],[86,132]],[[46466,72644],[266,-5],[64,167],[336,-236]],[[46020,74576],[63,-174],[-18,-338]],[[46065,74064],[-90,-16],[-70,67]],[[46056,75097],[-36,-521]],[[46020,74576],[-81,-29],[-34,-432]],[[45905,74115],[-274,351],[-161,-60],[-218,364],[-145,309],[-146,13],[-45,271]],[[44916,75363],[251,152]],[[46290,77161],[59,-260],[-78,-706],[-80,-290],[-188,0],[53,-808]],[[46056,75097],[-172,180],[-198,337],[-290,-160],[-229,61]],[[45167,75515],[161,212],[274,1133],[428,323],[260,-22]],[[41796,64534],[-126,-200],[-165,109],[-161,-85],[48,603],[-30,474],[-140,71],[-74,292],[24,505],[125,279],[22,312],[66,463],[-7,327],[-63,277],[-14,259]],[[41796,64534],[-26,256],[116,289],[43,209],[-108,229],[87,507],[-126,462],[135,63],[13,364],[51,113],[4,601],[144,209],[-87,387],[-182,26],[-54,-97],[-185,-1],[-78,378],[-128,-113],[-114,-196]],[[41301,68220],[16,549],[-128,335],[443,556],[383,-139],[420,5],[333,-132],[260,40],[506,-25]],[[43534,69409],[125,-300],[576,-350],[114,167],[352,-349],[363,100]],[[45064,68677],[16,-448],[-296,-513],[-401,-163],[-28,-259],[-193,-427],[-120,-628],[122,-440],[-181,-344],[-68,-501],[-236,-153],[-222,-593],[-397,-12],[-298,15],[-196,-272],[-120,-292],[-153,64],[-116,261],[-89,443],[-292,119]],[[42189,77458],[52,-550],[-237,-689],[-554,-455],[-443,117],[253,804],[-163,784],[426,603],[236,360]],[[99488,5067],[-118,-415],[-155,-528],[-242,-307],[-53,202],[-131,111],[181,634],[-103,424],[-337,309],[9,279],[226,269],[53,593],[-15,498],[-126,517],[8,136],[-149,318],[-247,682],[-131,545],[117,61],[170,-428],[243,-200],[89,-687],[227,-811],[6,526],[141,-210],[47,-583],[252,-251],[212,-62],[178,294],[159,-89],[-76,-684],[-95,-449],[-239,15],[-84,-234],[30,-331],[-47,-144]],[[97229,2378],[269,404],[188,400],[139,574],[118,195],[47,430],[219,356],[70,-327],[71,-318],[222,312],[91,-326],[0,-324],[-116,-357],[-205,-568],[-160,-310],[115,-370],[-241,-10],[-268,-290],[-84,-505],[-178,-780],[-245,-344],[-157,-220],[-288,16],[-202,255],[-341,54],[-52,283],[168,571],[394,761],[202,145],[224,293]],[[90351,4495],[188,-52],[22,-914],[-107,-266],[-33,-620],[-109,211],[-217,-537],[-65,42],[-193,23],[-193,660],[-42,509],[-181,671],[8,354],[205,-69],[302,-266],[171,106],[244,148]],[[83609,11117],[-331,-395],[-272,-178],[-60,-404],[-116,-313],[-265,-19],[-197,-69],[-276,141],[-225,-84],[-215,-35],[-186,-411],[-92,34],[-157,-217],[-150,-245],[-228,30],[-210,0],[-332,492],[-168,147],[6,441],[156,105],[53,176],[-11,277],[38,535],[-35,457],[-165,779],[-52,440],[14,439],[-125,502],[-8,226],[-138,307],[-39,604],[-179,610],[-44,329],[138,-334],[-106,715],[156,-223],[92,-299],[-5,395],[-155,607],[-30,243],[-73,230],[34,446],[65,190],[42,385],[-33,451],[129,554],[24,-587],[132,530],[254,258],[153,329],[239,283],[142,60],[86,-95],[247,287],[190,85],[47,169],[83,71],[173,-19],[329,226],[170,342],[80,412],[184,391],[14,308],[8,419],[219,655],[132,-666],[133,154],[-112,364],[99,374],[138,-167],[38,587],[171,379],[75,304],[158,131],[5,216],[137,-90],[6,193],[137,111],[151,104],[232,-354],[173,-456],[196,-6],[199,-72],[-66,423],[150,618],[141,202],[-49,192],[136,440],[190,272],[160,-91],[263,145],[-6,394],[-229,253],[166,112],[208,-191],[166,-316],[264,-197],[89,78],[194,-237],[183,221],[117,-67],[74,148],[143,-382],[-83,-412],[-119,-311],[-107,-26],[36,-308],[-92,-385],[-111,-379],[22,-218],[249,-425],[241,-247],[161,-266],[226,-456],[89,0],[163,-197],[48,-238],[299,-261],[206,263],[62,414],[63,341],[39,423],[95,613],[-43,373],[22,224],[-36,441],[41,581],[60,156],[-49,258],[76,408],[59,424],[8,219],[117,289],[88,-377],[22,-483],[78,-94],[13,-323],[114,-392],[23,-437],[-11,-280],[113,-604],[201,290],[103,-326],[151,-301],[-33,-341],[67,-661],[48,-385],[78,-94],[85,-659],[-30,-399],[101,-523],[340,-402],[221,-367],[210,-335],[-41,-187],[179,-483],[121,-834],[125,169],[127,-334],[77,119],[54,-817],[222,-473],[145,-294],[245,-624],[88,-619],[8,-440],[-22,-477],[149,-655],[-18,-682],[-54,-357],[-84,-687],[6,-442],[-62,-552],[-138,-701],[-232,-379],[-114,-597],[-105,-381],[-92,-665],[-121,-384],[-79,-577],[-41,-531],[16,-244],[-179,-267],[-351,-28],[-288,-316],[-144,-299],[-189,-331],[-260,341],[-191,136],[48,401],[-171,-145],[-274,-558],[-270,209],[-178,122],[-179,55],[-303,223],[-202,475],[-58,585],[-73,389],[-154,313],[-301,93],[103,373],[-76,573],[-152,-534],[-279,-141],[164,426],[47,445],[121,377],[-25,571],[-254,-657],[-196,-264],[-120,-613],[-244,317],[9,409],[-195,559],[-165,289],[58,178],[-401,467],[-220,22],[-301,375],[-561,-73],[-405,-276],[-356,-257],[-299,51]],[[47397,72084],[190,-110],[36,147],[310,134],[69,-268],[448,-199]],[[48491,71080],[-249,112],[-255,-273],[18,-383],[-39,-220],[103,-392],[294,-388],[157,-637],[348,-621],[245,5],[77,-171],[-88,-153],[280,-279],[230,-233],[268,-402],[33,-144],[-59,-276],[-173,360],[-272,127],[-132,-499],[226,-285],[-37,-402],[-131,-46],[-167,-661],[-130,-60],[1,236],[64,413],[68,165],[-123,447],[-95,388],[-130,96],[-92,333],[-201,140],[-136,310],[-231,50],[-245,348],[-286,501],[-213,444],[-98,762],[-155,90],[-255,254],[-144,-104],[-181,-358],[-130,-56]],[[46456,69618],[36,334],[-170,98],[-80,596],[108,235],[-92,289],[13,218]],[[46271,71388],[135,-165],[150,37],[176,261],[54,-122],[149,25],[68,310],[232,-96],[137,130],[25,316]],[[48749,65341],[237,67],[-112,-607],[47,-238],[-66,-397],[-240,290],[-159,84],[-436,391],[43,396],[367,-70],[319,84]],[[46855,67465],[156,239],[188,-548],[-44,-1019],[-142,49],[-128,-258],[-118,205],[-13,930],[-71,440],[172,-38]],[[47234,78318],[-200,-117],[-237,101]],[[46797,78302],[-127,428],[-9,788],[52,208],[90,231],[276,48],[109,213],[252,217],[-10,-396],[-93,-251],[37,-216],[170,-117],[-76,-291],[-94,84],[-225,-555],[85,-375]],[[48001,79188],[100,-387],[-188,-624],[-328,435],[-43,320],[459,256]],[[42189,77458],[-236,159],[-194,-10],[65,413],[-65,412]],[[41759,78432],[263,32],[335,-476],[-168,-530]],[[43161,77101],[46,448],[-209,474],[-5,11],[-380,136],[-75,208],[114,345],[-103,212],[-168,-364],[-19,743],[-158,393],[114,796],[243,626],[250,-62],[378,65],[-335,-833],[319,105],[343,-4],[-82,-628],[-281,-691],[323,-49],[25,-81],[279,-909],[214,-124],[193,-878],[89,-304],[379,-147],[-38,-493],[-159,-226],[125,-399],[-282,-403],[-418,7],[-533,-212],[-146,152],[-207,-361],[-290,87],[-219,-294],[-167,154],[459,809],[280,167],[-2,0],[-489,129],[-88,306],[327,239],[-172,415],[60,505],[465,-70]],[[39588,87160],[-72,-499],[354,-526],[-407,-587],[-903,-529],[-270,-140],[-412,113],[-873,244],[308,341],[-681,377],[554,149],[-13,226],[-657,180],[211,502],[475,114],[487,-523],[476,419],[394,-217],[510,410],[519,-54]],[[48450,71788],[259,-60],[157,175],[274,19],[60,130]],[[49200,72052],[52,-9],[61,-260]],[[49313,71783],[-249,-204],[-30,-312],[-109,-79],[1,-215],[-123,15],[-106,126],[-58,-130],[-218,26]],[[48421,71010],[70,70]],[[48491,71080],[-75,328],[34,380]],[[53077,89170],[-45,-539],[479,-514],[-289,-581],[364,-877],[-211,-661],[282,-573],[-128,-503],[464,-528],[-118,-393],[-291,-445],[-670,-984],[-568,-61],[-550,-283],[-510,-162],[-181,420],[-303,253],[70,760],[-152,695],[149,449],[284,484],[716,835],[209,161],[-33,326],[-435,365]],[[51610,86814],[-106,299],[-8,1187],[-488,525],[-418,377]],[[50590,89202],[188,204],[348,-408],[408,38],[336,-186],[299,341],[153,565],[486,261],[402,-306],[-133,-541]],[[51189,73773],[-87,-201],[-61,-310]],[[51041,73262],[-67,-79],[-335,234],[-102,-47],[-74,-181],[-147,-96],[-34,49],[-152,-120],[-124,-23],[-26,-154],[-262,-95],[-116,84],[-159,198]],[[49443,73032],[-31,267],[25,97]],[[50029,74089],[18,-46],[129,105],[158,-274],[185,166],[147,-80],[226,109],[297,-296]],[[48829,75331],[148,-249],[234,-67],[-19,-212],[170,-159],[46,199],[215,-86],[30,-242],[232,-46],[144,-380]],[[50029,74089],[-93,0],[-48,-139],[-72,-34],[-21,-175],[-60,-37],[-8,-71],[-107,-80],[-139,13],[-44,-170]],[[49437,73396],[-144,146],[-147,-40],[-243,235],[-110,-57],[-176,-316],[-233,248]],[[48384,73612],[-177,332],[-159,185],[-33,325],[-55,229],[227,168],[116,192],[225,149],[79,147],[82,-89],[140,81]]]}